timestamp,view_count,like_count,comment_count,title
2026-02-14 08:00:00,0,0,0,"최대 큰손 국민연금, 본격 코스닥 투자 임박? | 김성주 국민연금공단 이사장 [더 피플]"
2026-02-14 09:20:00,2324,150,22,"최대 큰손 국민연금, 본격 코스닥 투자 임박? | 김성주 국민연금공단 이사장 [더 피플]"
2026-02-14 12:20:13,9617,653,48,"최대 큰손 국민연금, 본격 코스닥 투자 임박? | 김성주 국민연금공단 이사장 [더 피플]"
2026-02-14 12:24:45,10025,660,48,"최대 큰손 국민연금, 본격 코스닥 투자 임박? | 김성주 국민연금공단 이사장 [더 피플]"
2026-02-14 12:24:50,10025,660,48,"최대 큰손 국민연금, 본격 코스닥 투자 임박? | 김성주 국민연금공단 이사장 [더 피플]"
2026-02-14 12:27:51,10218,662,48,"최대 큰손 국민연금, 본격 코스닥 투자 임박? | 김성주 국민연금공단 이사장 [더 피플]"
2026-02-14 12:29:33,10228,664,48,"최대 큰손 국민연금, 본격 코스닥 투자 임박? | 김성주 국민연금공단 이사장 [더 피플]"
2026-02-14 12:29:35,10228,664,48,"최대 큰손 국민연금, 본격 코스닥 투자 임박? | 김성주 국민연금공단 이사장 [더 피플]"
2026-02-14 12:29:44,10228,664,48,"최대 큰손 국민연금, 본격 코스닥 투자 임박? | 김성주 국민연금공단 이사장 [더 피플]"
2026-02-14 12:29:48,10228,664,48,"최대 큰손 국민연금, 본격 코스닥 투자 임박? | 김성주 국민연금공단 이사장 [더 피플]"
2026-02-14 12:29:50,10228,664,48,"최대 큰손 국민연금, 본격 코스닥 투자 임박? | 김성주 국민연금공단 이사장 [더 피플]"
2026-02-14 12:33:04,10243,675,48,"최대 큰손 국민연금, 본격 코스닥 투자 임박? | 김성주 국민연금공단 이사장 [더 피플]"
2026-02-14 12:33:08,10243,675,48,"최대 큰손 국민연금, 본격 코스닥 투자 임박? | 김성주 국민연금공단 이사장 [더 피플]"
2026-02-14 12:33:09,10243,675,48,"최대 큰손 국민연금, 본격 코스닥 투자 임박? | 김성주 국민연금공단 이사장 [더 피플]"
2026-02-14 12:35:20,10433,677,48,"최대 큰손 국민연금, 본격 코스닥 투자 임박? | 김성주 국민연금공단 이사장 [더 피플]"
2026-02-14 12:35:34,10433,677,48,"최대 큰손 국민연금, 본격 코스닥 투자 임박? | 김성주 국민연금공단 이사장 [더 피플]"
2026-02-14 12:35:49,10435,677,48,"최대 큰손 국민연금, 본격 코스닥 투자 임박? | 김성주 국민연금공단 이사장 [더 피플]"
2026-02-14 12:35:51,10435,677,48,"최대 큰손 국민연금, 본격 코스닥 투자 임박? | 김성주 국민연금공단 이사장 [더 피플]"
2026-02-14 12:35:51,10435,677,48,"최대 큰손 국민연금, 본격 코스닥 투자 임박? | 김성주 국민연금공단 이사장 [더 피플]"
2026-02-14 12:40:26,10642,687,48,"최대 큰손 국민연금, 본격 코스닥 투자 임박? | 김성주 국민연금공단 이사장 [더 피플]"
2026-02-14 12:40:30,10642,687,48,"최대 큰손 국민연금, 본격 코스닥 투자 임박? | 김성주 국민연금공단 이사장 [더 피플]"
2026-02-14 12:41:38,10652,688,49,"최대 큰손 국민연금, 본격 코스닥 투자 임박? | 김성주 국민연금공단 이사장 [더 피플]"
2026-02-14 12:41:42,10652,688,49,"최대 큰손 국민연금, 본격 코스닥 투자 임박? | 김성주 국민연금공단 이사장 [더 피플]"
2026-02-14 12:48:54,11289,701,52,"최대 큰손 국민연금, 본격 코스닥 투자 임박? | 김성주 국민연금공단 이사장 [더 피플]"
2026-02-14 13:08:23,12217,737,56,"최대 큰손 국민연금, 본격 코스닥 투자 임박? | 김성주 국민연금공단 이사장 [더 피플]"
2026-02-14 13:49:18,14158,804,62,"최대 큰손 국민연금, 본격 코스닥 투자 임박? | 김성주 국민연금공단 이사장 [더 피플]"
2026-02-14 14:05:10,14922,829,65,"최대 큰손 국민연금, 본격 코스닥 투자 임박? | 김성주 국민연금공단 이사장 [더 피플]"
2026-02-14 14:10:51,15057,841,66,"최대 큰손 국민연금, 본격 코스닥 투자 임박? | 김성주 국민연금공단 이사장 [더 피플]"
2026-02-14 15:24:03,18782,928,74,"최대 큰손 국민연금, 본격 코스닥 투자 임박? | 김성주 국민연금공단 이사장 [더 피플]"
2026-02-14 15:24:53,18782,931,74,"최대 큰손 국민연금, 본격 코스닥 투자 임박? | 김성주 국민연금공단 이사장 [더 피플]"
2026-02-14 16:07:11,20445,974,76,"최대 큰손 국민연금, 본격 코스닥 투자 임박? | 김성주 국민연금공단 이사장 [더 피플]"
2026-02-14 16:44:39,22026,1009,84,"최대 큰손 국민연금, 본격 코스닥 투자 임박? | 김성주 국민연금공단 이사장 [더 피플]"
2026-02-14 17:00:12,22497,1021,87,"최대 큰손 국민연금, 본격 코스닥 투자 임박? | 김성주 국민연금공단 이사장 [더 피플]"
2026-02-14 17:36:43,23530,1051,90,"최대 큰손 국민연금, 본격 코스닥 투자 임박? | 김성주 국민연금공단 이사장 [더 피플]"
2026-02-14 18:01:50,24295,1070,95,"최대 큰손 국민연금, 본격 코스닥 투자 임박? | 김성주 국민연금공단 이사장 [더 피플]"
2026-02-14 18:38:04,25296,1099,99,"최대 큰손 국민연금, 본격 코스닥 투자 임박? | 김성주 국민연금공단 이사장 [더 피플]"
2026-02-14 18:57:09,25783,1109,99,"최대 큰손 국민연금, 본격 코스닥 투자 임박? | 김성주 국민연금공단 이사장 [더 피플]"
2026-02-14 19:20:59,26456,1120,102,"최대 큰손 국민연금, 본격 코스닥 투자 임박? | 김성주 국민연금공단 이사장 [더 피플]"
2026-02-14 19:49:25,27249,1132,104,"최대 큰손 국민연금, 본격 코스닥 투자 임박? | 김성주 국민연금공단 이사장 [더 피플]"
2026-02-14 20:03:00,27539,1142,105,"최대 큰손 국민연금, 본격 코스닥 투자 임박? | 김성주 국민연금공단 이사장 [더 피플]"
2026-02-14 20:30:57,27957,1153,104,"최대 큰손 국민연금, 본격 코스닥 투자 임박? | 김성주 국민연금공단 이사장 [더 피플]"
2026-02-14 20:47:46,28200,1158,105,"최대 큰손 국민연금, 본격 코스닥 투자 임박? | 김성주 국민연금공단 이사장 [더 피플]"
2026-02-14 20:57:58,28395,1159,105,"최대 큰손 국민연금, 본격 코스닥 투자 임박? | 김성주 국민연금공단 이사장 [더 피플]"
2026-02-14 21:40:44,28843,1175,111,"최대 큰손 국민연금, 본격 코스닥 투자 임박? | 김성주 국민연금공단 이사장 [더 피플]"
2026-02-14 22:30:45,29510,1202,117,"최대 큰손 국민연금, 본격 코스닥 투자 임박? | 김성주 국민연금공단 이사장 [더 피플]"
2026-02-14 22:46:31,29676,1209,118,"최대 큰손 국민연금, 본격 코스닥 투자 임박? | 김성주 국민연금공단 이사장 [더 피플]"
2026-02-14 22:47:30,29676,1209,118,"최대 큰손 국민연금, 본격 코스닥 투자 임박? | 김성주 국민연금공단 이사장 [더 피플]"
2026-02-14 22:56:25,29817,1213,119,"최대 큰손 국민연금, 본격 코스닥 투자 임박? | 김성주 국민연금공단 이사장 [더 피플]"
2026-02-14 23:08:33,30009,1217,123,"최대 큰손 국민연금, 본격 코스닥 투자 임박? | 김성주 국민연금공단 이사장 [더 피플]"
2026-02-14 23:18:25,30088,1220,123,"최대 큰손 국민연금, 본격 코스닥 투자 임박? | 김성주 국민연금공단 이사장 [더 피플]"
2026-02-14 23:26:58,30154,1225,123,"최대 큰손 국민연금, 본격 코스닥 투자 임박? | 김성주 국민연금공단 이사장 [더 피플]"
2026-02-14 23:31:59,30267,1228,123,"최대 큰손 국민연금, 본격 코스닥 투자 임박? | 김성주 국민연금공단 이사장 [더 피플]"
2026-02-14 23:54:46,30700,1237,124,"최대 큰손 국민연금, 본격 코스닥 투자 임박? | 김성주 국민연금공단 이사장 [더 피플]"
2026-02-15 00:15:01,31031,1244,124,"최대 큰손 국민연금, 본격 코스닥 투자 임박? | 김성주 국민연금공단 이사장 [더 피플]"
2026-02-15 00:42:33,31432,1257,127,"최대 큰손 국민연금, 본격 코스닥 투자 임박? | 김성주 국민연금공단 이사장 [더 피플]"
2026-02-15 00:57:19,31704,1261,127,"최대 큰손 국민연금, 본격 코스닥 투자 임박? | 김성주 국민연금공단 이사장 [더 피플]"
2026-02-15 01:22:10,32040,1264,127,"최대 큰손 국민연금, 본격 코스닥 투자 임박? | 김성주 국민연금공단 이사장 [더 피플]"
2026-02-15 01:52:16,32467,1270,127,"최대 큰손 국민연금, 본격 코스닥 투자 임박? | 김성주 국민연금공단 이사장 [더 피플]"
2026-02-15 02:15:04,32650,1277,127,"최대 큰손 국민연금, 본격 코스닥 투자 임박? | 김성주 국민연금공단 이사장 [더 피플]"
2026-02-15 02:43:21,33013,1281,127,"최대 큰손 국민연금, 본격 코스닥 투자 임박? | 김성주 국민연금공단 이사장 [더 피플]"
2026-02-15 02:57:24,33146,1280,127,"최대 큰손 국민연금, 본격 코스닥 투자 임박? | 김성주 국민연금공단 이사장 [더 피플]"
2026-02-15 03:26:40,33561,1289,127,"최대 큰손 국민연금, 본격 코스닥 투자 임박? | 김성주 국민연금공단 이사장 [더 피플]"
2026-02-15 03:58:48,33876,1294,129,"최대 큰손 국민연금, 본격 코스닥 투자 임박? | 김성주 국민연금공단 이사장 [더 피플]"
2026-02-15 04:22:37,34036,1299,129,"최대 큰손 국민연금, 본격 코스닥 투자 임박? | 김성주 국민연금공단 이사장 [더 피플]"
2026-02-15 04:41:50,34236,1303,129,"최대 큰손 국민연금, 본격 코스닥 투자 임박? | 김성주 국민연금공단 이사장 [더 피플]"
2026-02-15 04:53:52,34372,1306,129,"최대 큰손 국민연금, 본격 코스닥 투자 임박? | 김성주 국민연금공단 이사장 [더 피플]"
2026-02-15 05:00:07,34426,1309,129,"최대 큰손 국민연금, 본격 코스닥 투자 임박? | 김성주 국민연금공단 이사장 [더 피플]"
2026-02-15 05:29:14,34651,1313,130,"최대 큰손 국민연금, 본격 코스닥 투자 임박? | 김성주 국민연금공단 이사장 [더 피플]"
2026-02-15 05:51:23,34763,1319,130,"최대 큰손 국민연금, 본격 코스닥 투자 임박? | 김성주 국민연금공단 이사장 [더 피플]"
2026-02-15 06:02:58,34841,1323,130,"최대 큰손 국민연금, 본격 코스닥 투자 임박? | 김성주 국민연금공단 이사장 [더 피플]"
2026-02-15 06:34:10,35085,1334,130,"최대 큰손 국민연금, 본격 코스닥 투자 임박? | 김성주 국민연금공단 이사장 [더 피플]"
2026-02-15 06:51:25,35228,1342,130,"최대 큰손 국민연금, 본격 코스닥 투자 임박? | 김성주 국민연금공단 이사장 [더 피플]"
2026-02-15 07:00:13,35324,1347,130,"최대 큰손 국민연금, 본격 코스닥 투자 임박? | 김성주 국민연금공단 이사장 [더 피플]"
2026-02-15 07:26:53,35551,1373,130,"최대 큰손 국민연금, 본격 코스닥 투자 임박? | 김성주 국민연금공단 이사장 [더 피플]"
2026-02-15 07:49:04,35866,1378,130,"최대 큰손 국민연금, 본격 코스닥 투자 임박? | 김성주 국민연금공단 이사장 [더 피플]"
2026-02-15 08:01:29,35979,1382,132,"최대 큰손 국민연금, 본격 코스닥 투자 임박? | 김성주 국민연금공단 이사장 [더 피플]"
2026-02-15 08:32:01,36364,1403,133,"최대 큰손 국민연금, 본격 코스닥 투자 임박? | 김성주 국민연금공단 이사장 [더 피플]"
2026-02-15 08:50:23,36670,1417,136,"최대 큰손 국민연금, 본격 코스닥 투자 임박? | 김성주 국민연금공단 이사장 [더 피플]"
2026-02-15 09:00:19,36884,1421,136,"최대 큰손 국민연금, 본격 코스닥 투자 임박? | 김성주 국민연금공단 이사장 [더 피플]"
2026-02-15 11:34:43,39537,1482,136,"최대 큰손 국민연금, 본격 코스닥 투자 임박? | 김성주 국민연금공단 이사장 [더 피플]"
2026-02-15 13:35:55,40804,1519,141,"최대 큰손 국민연금, 본격 코스닥 투자 임박? | 김성주 국민연금공단 이사장 [더 피플]"
2026-02-15 14:42:38,41281,1539,143,"최대 큰손 국민연금, 본격 코스닥 투자 임박? | 김성주 국민연금공단 이사장 [더 피플]"
2026-02-15 15:31:40,41721,1550,143,"최대 큰손 국민연금, 본격 코스닥 투자 임박? | 김성주 국민연금공단 이사장 [더 피플]"
2026-02-15 16:22:56,42060,1574,146,"최대 큰손 국민연금, 본격 코스닥 투자 임박? | 김성주 국민연금공단 이사장 [더 피플]"
2026-02-15 16:53:08,42431,1587,147,"최대 큰손 국민연금, 본격 코스닥 투자 임박? | 김성주 국민연금공단 이사장 [더 피플]"
2026-02-15 17:17:18,42572,1597,147,"최대 큰손 국민연금, 본격 코스닥 투자 임박? | 김성주 국민연금공단 이사장 [더 피플]"
2026-02-15 17:52:19,42909,1610,147,"최대 큰손 국민연금, 본격 코스닥 투자 임박? | 김성주 국민연금공단 이사장 [더 피플]"
2026-02-15 18:17:43,43151,1618,147,"최대 큰손 국민연금, 본격 코스닥 투자 임박? | 김성주 국민연금공단 이사장 [더 피플]"
2026-02-15 18:48:59,43541,1622,147,"최대 큰손 국민연금, 본격 코스닥 투자 임박? | 김성주 국민연금공단 이사장 [더 피플]"
2026-02-15 19:01:11,43640,1624,147,"최대 큰손 국민연금, 본격 코스닥 투자 임박? | 김성주 국민연금공단 이사장 [더 피플]"
2026-02-15 19:33:08,43948,1627,147,"최대 큰손 국민연금, 본격 코스닥 투자 임박? | 김성주 국민연금공단 이사장 [더 피플]"
2026-02-15 19:56:28,44202,1630,147,"최대 큰손 국민연금, 본격 코스닥 투자 임박? | 김성주 국민연금공단 이사장 [더 피플]"
2026-02-15 20:17:21,44309,1634,148,"최대 큰손 국민연금, 본격 코스닥 투자 임박? | 김성주 국민연금공단 이사장 [더 피플]"
2026-02-15 20:39:39,44488,1640,148,"최대 큰손 국민연금, 본격 코스닥 투자 임박? | 김성주 국민연금공단 이사장 [더 피플]"
2026-02-15 20:53:01,44613,1641,148,"최대 큰손 국민연금, 본격 코스닥 투자 임박? | 김성주 국민연금공단 이사장 [더 피플]"
2026-02-15 21:00:15,44636,1640,148,"최대 큰손 국민연금, 본격 코스닥 투자 임박? | 김성주 국민연금공단 이사장 [더 피플]"
2026-02-15 21:57:42,44911,1650,148,"최대 큰손 국민연금, 본격 코스닥 투자 임박? | 김성주 국민연금공단 이사장 [더 피플]"
2026-02-15 22:42:23,45131,1660,148,"최대 큰손 국민연금, 본격 코스닥 투자 임박? | 김성주 국민연금공단 이사장 [더 피플]"
2026-02-15 23:05:11,45277,1665,148,"최대 큰손 국민연금, 본격 코스닥 투자 임박? | 김성주 국민연금공단 이사장 [더 피플]"
2026-02-15 23:39:17,45471,1669,148,"최대 큰손 국민연금, 본격 코스닥 투자 임박? | 김성주 국민연금공단 이사장 [더 피플]"
2026-02-15 23:58:51,45564,1671,149,"최대 큰손 국민연금, 본격 코스닥 투자 임박? | 김성주 국민연금공단 이사장 [더 피플]"
2026-02-16 00:25:26,45711,1677,150,"최대 큰손 국민연금, 본격 코스닥 투자 임박? | 김성주 국민연금공단 이사장 [더 피플]"
2026-02-16 00:46:04,45854,1679,150,"최대 큰손 국민연금, 본격 코스닥 투자 임박? | 김성주 국민연금공단 이사장 [더 피플]"
2026-02-16 00:59:18,45973,1680,150,"최대 큰손 국민연금, 본격 코스닥 투자 임박? | 김성주 국민연금공단 이사장 [더 피플]"
2026-02-16 01:31:39,46153,1681,151,"최대 큰손 국민연금, 본격 코스닥 투자 임박? | 김성주 국민연금공단 이사장 [더 피플]"
2026-02-16 01:58:25,46345,1681,151,"최대 큰손 국민연금, 본격 코스닥 투자 임박? | 김성주 국민연금공단 이사장 [더 피플]"
2026-02-16 02:24:33,46470,1683,152,"최대 큰손 국민연금, 본격 코스닥 투자 임박? | 김성주 국민연금공단 이사장 [더 피플]"
2026-02-16 02:47:46,46614,1684,152,"최대 큰손 국민연금, 본격 코스닥 투자 임박? | 김성주 국민연금공단 이사장 [더 피플]"
2026-02-16 03:00:41,46711,1684,152,"최대 큰손 국민연금, 본격 코스닥 투자 임박? | 김성주 국민연금공단 이사장 [더 피플]"
2026-02-16 03:42:02,46879,1687,152,"최대 큰손 국민연금, 본격 코스닥 투자 임박? | 김성주 국민연금공단 이사장 [더 피플]"
2026-02-16 04:05:46,46993,1689,154,"최대 큰손 국민연금, 본격 코스닥 투자 임박? | 김성주 국민연금공단 이사장 [더 피플]"
2026-02-16 04:35:35,47094,1694,154,"최대 큰손 국민연금, 본격 코스닥 투자 임박? | 김성주 국민연금공단 이사장 [더 피플]"
2026-02-16 04:50:43,47179,1695,154,"최대 큰손 국민연금, 본격 코스닥 투자 임박? | 김성주 국민연금공단 이사장 [더 피플]"
2026-02-16 04:59:12,47204,1696,154,"최대 큰손 국민연금, 본격 코스닥 투자 임박? | 김성주 국민연금공단 이사장 [더 피플]"
2026-02-16 05:27:39,47306,1699,155,"최대 큰손 국민연금, 본격 코스닥 투자 임박? | 김성주 국민연금공단 이사장 [더 피플]"
2026-02-16 05:50:23,47415,1706,156,"최대 큰손 국민연금, 본격 코스닥 투자 임박? | 김성주 국민연금공단 이사장 [더 피플]"
2026-02-16 06:03:01,47501,1709,156,"최대 큰손 국민연금, 본격 코스닥 투자 임박? | 김성주 국민연금공단 이사장 [더 피플]"
2026-02-16 06:33:56,47643,1714,156,"최대 큰손 국민연금, 본격 코스닥 투자 임박? | 김성주 국민연금공단 이사장 [더 피플]"
2026-02-16 06:51:22,47707,1716,156,"최대 큰손 국민연금, 본격 코스닥 투자 임박? | 김성주 국민연금공단 이사장 [더 피플]"
2026-02-16 07:00:14,47755,1719,156,"최대 큰손 국민연금, 본격 코스닥 투자 임박? | 김성주 국민연금공단 이사장 [더 피플]"
2026-02-16 07:29:34,47927,1729,156,"최대 큰손 국민연금, 본격 코스닥 투자 임박? | 김성주 국민연금공단 이사장 [더 피플]"
2026-02-16 07:51:43,48043,1735,158,"최대 큰손 국민연금, 본격 코스닥 투자 임박? | 김성주 국민연금공단 이사장 [더 피플]"
2026-02-16 08:13:30,48239,1741,160,"최대 큰손 국민연금, 본격 코스닥 투자 임박? | 김성주 국민연금공단 이사장 [더 피플]"
2026-02-16 08:42:10,48381,1752,161,"최대 큰손 국민연금, 본격 코스닥 투자 임박? | 김성주 국민연금공단 이사장 [더 피플]"
2026-02-16 08:58:31,48571,1755,161,"최대 큰손 국민연금, 본격 코스닥 투자 임박? | 김성주 국민연금공단 이사장 [더 피플]"
2026-02-16 10:30:30,49449,1774,164,"최대 큰손 국민연금, 본격 코스닥 투자 임박? | 김성주 국민연금공단 이사장 [더 피플]"
2026-02-16 11:01:39,49718,1787,164,"최대 큰손 국민연금, 본격 코스닥 투자 임박? | 김성주 국민연금공단 이사장 [더 피플]"
2026-02-16 13:31:01,50811,1812,166,"최대 큰손 국민연금, 본격 코스닥 투자 임박? | 김성주 국민연금공단 이사장 [더 피플]"
2026-02-16 14:51:12,51251,1817,166,"최대 큰손 국민연금, 본격 코스닥 투자 임박? | 김성주 국민연금공단 이사장 [더 피플]"
2026-02-16 15:46:41,51540,1821,166,"최대 큰손 국민연금, 본격 코스닥 투자 임박? | 김성주 국민연금공단 이사장 [더 피플]"
2026-02-16 16:42:17,51785,1827,166,"최대 큰손 국민연금, 본격 코스닥 투자 임박? | 김성주 국민연금공단 이사장 [더 피플]"
2026-02-16 17:27:18,51967,1835,166,"최대 큰손 국민연금, 본격 코스닥 투자 임박? | 김성주 국민연금공단 이사장 [더 피플]"
2026-02-16 18:11:47,52135,1839,166,"최대 큰손 국민연금, 본격 코스닥 투자 임박? | 김성주 국민연금공단 이사장 [더 피플]"
2026-02-16 19:10:14,52459,1848,166,"최대 큰손 국민연금, 본격 코스닥 투자 임박? | 김성주 국민연금공단 이사장 [더 피플]"
2026-02-16 20:05:35,52705,1855,166,"최대 큰손 국민연금, 본격 코스닥 투자 임박? | 김성주 국민연금공단 이사장 [더 피플]"
2026-02-16 20:49:43,52883,1855,167,"최대 큰손 국민연금, 본격 코스닥 투자 임박? | 김성주 국민연금공단 이사장 [더 피플]"
2026-02-16 21:28:41,52991,1860,169,"최대 큰손 국민연금, 본격 코스닥 투자 임박? | 김성주 국민연금공단 이사장 [더 피플]"
2026-02-16 22:44:58,53278,1874,170,"최대 큰손 국민연금, 본격 코스닥 투자 임박? | 김성주 국민연금공단 이사장 [더 피플]"
2026-02-16 23:29:51,53468,1877,170,"최대 큰손 국민연금, 본격 코스닥 투자 임박? | 김성주 국민연금공단 이사장 [더 피플]"
2026-02-17 00:09:16,53657,1878,170,"최대 큰손 국민연금, 본격 코스닥 투자 임박? | 김성주 국민연금공단 이사장 [더 피플]"
2026-02-17 00:55:10,53887,1880,170,"최대 큰손 국민연금, 본격 코스닥 투자 임박? | 김성주 국민연금공단 이사장 [더 피플]"
2026-02-17 01:30:52,54037,1881,170,"최대 큰손 국민연금, 본격 코스닥 투자 임박? | 김성주 국민연금공단 이사장 [더 피플]"
2026-02-17 02:11:53,54175,1883,170,"최대 큰손 국민연금, 본격 코스닥 투자 임박? | 김성주 국민연금공단 이사장 [더 피플]"
2026-02-17 02:54:42,54337,1885,170,"최대 큰손 국민연금, 본격 코스닥 투자 임박? | 김성주 국민연금공단 이사장 [더 피플]"
2026-02-17 03:27:29,54392,1886,170,"최대 큰손 국민연금, 본격 코스닥 투자 임박? | 김성주 국민연금공단 이사장 [더 피플]"
2026-02-17 04:08:20,54486,1887,170,"최대 큰손 국민연금, 본격 코스닥 투자 임박? | 김성주 국민연금공단 이사장 [더 피플]"
2026-02-17 04:42:24,54545,1890,170,"최대 큰손 국민연금, 본격 코스닥 투자 임박? | 김성주 국민연금공단 이사장 [더 피플]"
2026-02-17 04:58:37,54581,1892,170,"최대 큰손 국민연금, 본격 코스닥 투자 임박? | 김성주 국민연금공단 이사장 [더 피플]"
2026-02-17 05:29:36,54631,1894,170,"최대 큰손 국민연금, 본격 코스닥 투자 임박? | 김성주 국민연금공단 이사장 [더 피플]"
2026-02-17 05:56:38,54667,1896,170,"최대 큰손 국민연금, 본격 코스닥 투자 임박? | 김성주 국민연금공단 이사장 [더 피플]"
2026-02-17 06:22:53,54716,1902,170,"최대 큰손 국민연금, 본격 코스닥 투자 임박? | 김성주 국민연금공단 이사장 [더 피플]"
2026-02-17 06:49:13,54788,1905,170,"최대 큰손 국민연금, 본격 코스닥 투자 임박? | 김성주 국민연금공단 이사장 [더 피플]"
2026-02-17 07:01:45,54812,1907,170,"최대 큰손 국민연금, 본격 코스닥 투자 임박? | 김성주 국민연금공단 이사장 [더 피플]"
2026-02-17 07:37:07,54905,1914,170,"최대 큰손 국민연금, 본격 코스닥 투자 임박? | 김성주 국민연금공단 이사장 [더 피플]"
2026-02-17 08:00:41,54983,1921,170,"최대 큰손 국민연금, 본격 코스닥 투자 임박? | 김성주 국민연금공단 이사장 [더 피플]"
2026-02-17 08:34:12,55077,1924,170,"최대 큰손 국민연금, 본격 코스닥 투자 임박? | 김성주 국민연금공단 이사장 [더 피플]"
2026-02-17 08:56:28,55151,1931,173,"최대 큰손 국민연금, 본격 코스닥 투자 임박? | 김성주 국민연금공단 이사장 [더 피플]"
2026-02-17 10:22:11,55582,1943,174,"최대 큰손 국민연금, 본격 코스닥 투자 임박? | 김성주 국민연금공단 이사장 [더 피플]"
2026-02-17 12:46:03,56190,1961,178,"최대 큰손 국민연금, 본격 코스닥 투자 임박? | 김성주 국민연금공단 이사장 [더 피플]"
2026-02-17 14:13:15,56489,1966,178,"최대 큰손 국민연금, 본격 코스닥 투자 임박? | 김성주 국민연금공단 이사장 [더 피플]"
2026-02-17 15:10:43,56626,1974,178,"최대 큰손 국민연금, 본격 코스닥 투자 임박? | 김성주 국민연금공단 이사장 [더 피플]"
2026-02-17 16:14:57,56803,1979,178,"최대 큰손 국민연금, 본격 코스닥 투자 임박? | 김성주 국민연금공단 이사장 [더 피플]"
2026-02-17 16:59:07,56914,1980,178,"최대 큰손 국민연금, 본격 코스닥 투자 임박? | 김성주 국민연금공단 이사장 [더 피플]"
2026-02-17 17:46:39,57013,1982,178,"최대 큰손 국민연금, 본격 코스닥 투자 임박? | 김성주 국민연금공단 이사장 [더 피플]"
2026-02-17 18:33:56,57141,1985,178,"최대 큰손 국민연금, 본격 코스닥 투자 임박? | 김성주 국민연금공단 이사장 [더 피플]"
2026-02-17 19:28:01,57279,1989,178,"최대 큰손 국민연금, 본격 코스닥 투자 임박? | 김성주 국민연금공단 이사장 [더 피플]"
2026-02-17 20:12:05,57363,1991,178,"최대 큰손 국민연금, 본격 코스닥 투자 임박? | 김성주 국민연금공단 이사장 [더 피플]"
2026-02-17 20:53:41,57452,1997,178,"최대 큰손 국민연금, 본격 코스닥 투자 임박? | 김성주 국민연금공단 이사장 [더 피플]"
2026-02-17 21:30:27,57532,1999,178,"최대 큰손 국민연금, 본격 코스닥 투자 임박? | 김성주 국민연금공단 이사장 [더 피플]"
2026-02-17 22:46:11,57720,2011,179,"최대 큰손 국민연금, 본격 코스닥 투자 임박? | 김성주 국민연금공단 이사장 [더 피플]"
2026-02-17 23:34:50,57868,2014,179,"최대 큰손 국민연금, 본격 코스닥 투자 임박? | 김성주 국민연금공단 이사장 [더 피플]"
2026-02-18 00:29:13,57993,2021,179,"최대 큰손 국민연금, 본격 코스닥 투자 임박? | 김성주 국민연금공단 이사장 [더 피플]"
2026-02-18 01:29:48,58163,2024,179,"최대 큰손 국민연금, 본격 코스닥 투자 임박? | 김성주 국민연금공단 이사장 [더 피플]"
2026-02-18 02:33:06,58313,2026,180,"최대 큰손 국민연금, 본격 코스닥 투자 임박? | 김성주 국민연금공단 이사장 [더 피플]"
2026-02-18 03:30:20,58454,2029,180,"최대 큰손 국민연금, 본격 코스닥 투자 임박? | 김성주 국민연금공단 이사장 [더 피플]"
2026-02-18 04:29:18,58543,2031,180,"최대 큰손 국민연금, 본격 코스닥 투자 임박? | 김성주 국민연금공단 이사장 [더 피플]"
2026-02-18 04:59:13,58605,2035,180,"최대 큰손 국민연금, 본격 코스닥 투자 임박? | 김성주 국민연금공단 이사장 [더 피플]"
2026-02-18 05:38:27,58669,2038,180,"최대 큰손 국민연금, 본격 코스닥 투자 임박? | 김성주 국민연금공단 이사장 [더 피플]"
2026-02-18 06:07:17,58702,2039,180,"최대 큰손 국민연금, 본격 코스닥 투자 임박? | 김성주 국민연금공단 이사장 [더 피플]"
2026-02-18 06:47:09,58742,2048,180,"최대 큰손 국민연금, 본격 코스닥 투자 임박? | 김성주 국민연금공단 이사장 [더 피플]"
2026-02-18 07:03:31,58783,2048,180,"최대 큰손 국민연금, 본격 코스닥 투자 임박? | 김성주 국민연금공단 이사장 [더 피플]"
2026-02-18 07:43:58,58863,2051,180,"최대 큰손 국민연금, 본격 코스닥 투자 임박? | 김성주 국민연금공단 이사장 [더 피플]"
2026-02-18 08:03:09,58914,2053,181,"최대 큰손 국민연금, 본격 코스닥 투자 임박? | 김성주 국민연금공단 이사장 [더 피플]"
2026-02-18 08:38:49,58994,2057,181,"최대 큰손 국민연금, 본격 코스닥 투자 임박? | 김성주 국민연금공단 이사장 [더 피플]"
2026-02-18 08:58:47,59061,2062,181,"최대 큰손 국민연금, 본격 코스닥 투자 임박? | 김성주 국민연금공단 이사장 [더 피플]"
2026-02-18 11:06:41,59490,2073,183,"최대 큰손 국민연금, 본격 코스닥 투자 임박? | 김성주 국민연금공단 이사장 [더 피플]"
2026-02-18 13:28:24,59763,2082,183,"최대 큰손 국민연금, 본격 코스닥 투자 임박? | 김성주 국민연금공단 이사장 [더 피플]"
2026-02-18 14:43:45,59969,2089,183,"최대 큰손 국민연금, 본격 코스닥 투자 임박? | 김성주 국민연금공단 이사장 [더 피플]"
2026-02-18 15:42:23,60263,2093,183,"최대 큰손 국민연금, 본격 코스닥 투자 임박? | 김성주 국민연금공단 이사장 [더 피플]"
2026-02-18 16:38:21,60515,2098,184,"최대 큰손 국민연금, 본격 코스닥 투자 임박? | 김성주 국민연금공단 이사장 [더 피플]"
2026-02-18 17:07:45,60586,2101,184,"최대 큰손 국민연금, 본격 코스닥 투자 임박? | 김성주 국민연금공단 이사장 [더 피플]"
2026-02-18 18:00:50,60730,2106,184,"최대 큰손 국민연금, 본격 코스닥 투자 임박? | 김성주 국민연금공단 이사장 [더 피플]"
2026-02-18 18:55:36,60897,2109,184,"최대 큰손 국민연금, 본격 코스닥 투자 임박? | 김성주 국민연금공단 이사장 [더 피플]"
2026-02-18 19:34:11,61042,2111,184,"최대 큰손 국민연금, 본격 코스닥 투자 임박? | 김성주 국민연금공단 이사장 [더 피플]"
2026-02-18 20:24:30,61162,2113,184,"최대 큰손 국민연금, 본격 코스닥 투자 임박? | 김성주 국민연금공단 이사장 [더 피플]"
2026-02-18 20:57:43,61244,2115,184,"최대 큰손 국민연금, 본격 코스닥 투자 임박? | 김성주 국민연금공단 이사장 [더 피플]"
2026-02-18 21:56:38,61370,2117,184,"최대 큰손 국민연금, 본격 코스닥 투자 임박? | 김성주 국민연금공단 이사장 [더 피플]"
2026-02-18 23:03:38,61512,2124,184,"최대 큰손 국민연금, 본격 코스닥 투자 임박? | 김성주 국민연금공단 이사장 [더 피플]"
2026-02-18 23:56:44,61637,2127,184,"최대 큰손 국민연금, 본격 코스닥 투자 임박? | 김성주 국민연금공단 이사장 [더 피플]"
2026-02-19 00:44:07,61733,2132,184,"최대 큰손 국민연금, 본격 코스닥 투자 임박? | 김성주 국민연금공단 이사장 [더 피플]"
2026-02-19 01:44:33,61872,2135,184,"최대 큰손 국민연금, 본격 코스닥 투자 임박? | 김성주 국민연금공단 이사장 [더 피플]"
2026-02-19 02:41:13,62019,2136,184,"최대 큰손 국민연금, 본격 코스닥 투자 임박? | 김성주 국민연금공단 이사장 [더 피플]"
2026-02-19 03:29:25,62102,2136,184,"최대 큰손 국민연금, 본격 코스닥 투자 임박? | 김성주 국민연금공단 이사장 [더 피플]"
2026-02-19 04:28:55,62171,2139,185,"최대 큰손 국민연금, 본격 코스닥 투자 임박? | 김성주 국민연금공단 이사장 [더 피플]"
2026-02-19 05:02:49,62207,2142,185,"최대 큰손 국민연금, 본격 코스닥 투자 임박? | 김성주 국민연금공단 이사장 [더 피플]"
2026-02-19 05:51:43,62258,2143,185,"최대 큰손 국민연금, 본격 코스닥 투자 임박? | 김성주 국민연금공단 이사장 [더 피플]"
2026-02-19 06:24:16,62296,2147,185,"최대 큰손 국민연금, 본격 코스닥 투자 임박? | 김성주 국민연금공단 이사장 [더 피플]"
2026-02-19 06:53:05,62337,2151,185,"최대 큰손 국민연금, 본격 코스닥 투자 임박? | 김성주 국민연금공단 이사장 [더 피플]"
2026-02-19 07:19:34,62388,2151,185,"최대 큰손 국민연금, 본격 코스닥 투자 임박? | 김성주 국민연금공단 이사장 [더 피플]"
2026-02-19 07:55:35,62436,2154,185,"최대 큰손 국민연금, 본격 코스닥 투자 임박? | 김성주 국민연금공단 이사장 [더 피플]"
2026-02-19 08:20:02,62494,2156,185,"최대 큰손 국민연금, 본격 코스닥 투자 임박? | 김성주 국민연금공단 이사장 [더 피플]"
2026-02-19 08:48:09,62561,2158,185,"최대 큰손 국민연금, 본격 코스닥 투자 임박? | 김성주 국민연금공단 이사장 [더 피플]"
2026-02-19 09:03:08,62603,2159,185,"최대 큰손 국민연금, 본격 코스닥 투자 임박? | 김성주 국민연금공단 이사장 [더 피플]"
2026-02-19 11:54:18,62897,2169,185,"최대 큰손 국민연금, 본격 코스닥 투자 임박? | 김성주 국민연금공단 이사장 [더 피플]"
2026-02-19 13:45:30,63101,2184,185,"최대 큰손 국민연금, 본격 코스닥 투자 임박? | 김성주 국민연금공단 이사장 [더 피플]"
2026-02-19 14:47:04,63221,2190,185,"최대 큰손 국민연금, 본격 코스닥 투자 임박? | 김성주 국민연금공단 이사장 [더 피플]"
2026-02-19 15:42:22,63326,2192,187,"최대 큰손 국민연금, 본격 코스닥 투자 임박? | 김성주 국민연금공단 이사장 [더 피플]"
2026-02-19 16:37:27,63445,2194,187,"최대 큰손 국민연금, 본격 코스닥 투자 임박? | 김성주 국민연금공단 이사장 [더 피플]"
2026-02-19 17:06:58,63509,2201,187,"최대 큰손 국민연금, 본격 코스닥 투자 임박? | 김성주 국민연금공단 이사장 [더 피플]"
2026-02-19 18:00:23,63617,2207,187,"최대 큰손 국민연금, 본격 코스닥 투자 임박? | 김성주 국민연금공단 이사장 [더 피플]"
2026-02-19 18:52:30,63732,2212,187,"최대 큰손 국민연금, 본격 코스닥 투자 임박? | 김성주 국민연금공단 이사장 [더 피플]"
2026-02-19 19:30:18,63858,2213,187,"최대 큰손 국민연금, 본격 코스닥 투자 임박? | 김성주 국민연금공단 이사장 [더 피플]"
2026-02-19 20:13:41,63967,2215,187,"최대 큰손 국민연금, 본격 코스닥 투자 임박? | 김성주 국민연금공단 이사장 [더 피플]"
2026-02-19 20:54:39,64033,2216,187,"최대 큰손 국민연금, 본격 코스닥 투자 임박? | 김성주 국민연금공단 이사장 [더 피플]"
2026-02-19 21:33:53,64103,2218,187,"최대 큰손 국민연금, 본격 코스닥 투자 임박? | 김성주 국민연금공단 이사장 [더 피플]"
2026-02-19 22:51:25,64214,2219,188,"최대 큰손 국민연금, 본격 코스닥 투자 임박? | 김성주 국민연금공단 이사장 [더 피플]"
2026-02-19 23:38:52,64281,2224,188,"최대 큰손 국민연금, 본격 코스닥 투자 임박? | 김성주 국민연금공단 이사장 [더 피플]"
2026-02-20 00:28:20,64371,2223,188,"최대 큰손 국민연금, 본격 코스닥 투자 임박? | 김성주 국민연금공단 이사장 [더 피플]"
2026-02-20 01:12:11,64435,2223,188,"최대 큰손 국민연금, 본격 코스닥 투자 임박? | 김성주 국민연금공단 이사장 [더 피플]"
2026-02-20 02:12:47,64526,2224,188,"최대 큰손 국민연금, 본격 코스닥 투자 임박? | 김성주 국민연금공단 이사장 [더 피플]"
2026-02-20 03:04:20,64602,2224,188,"최대 큰손 국민연금, 본격 코스닥 투자 임박? | 김성주 국민연금공단 이사장 [더 피플]"
2026-02-20 04:03:59,64646,2225,188,"최대 큰손 국민연금, 본격 코스닥 투자 임박? | 김성주 국민연금공단 이사장 [더 피플]"
2026-02-20 04:43:20,64680,2229,188,"최대 큰손 국민연금, 본격 코스닥 투자 임박? | 김성주 국민연금공단 이사장 [더 피플]"
2026-02-20 05:04:00,64697,2232,188,"최대 큰손 국민연금, 본격 코스닥 투자 임박? | 김성주 국민연금공단 이사장 [더 피플]"
2026-02-20 05:43:28,64735,2232,188,"최대 큰손 국민연금, 본격 코스닥 투자 임박? | 김성주 국민연금공단 이사장 [더 피플]"
2026-02-20 06:04:50,64750,2233,188,"최대 큰손 국민연금, 본격 코스닥 투자 임박? | 김성주 국민연금공단 이사장 [더 피플]"
2026-02-20 06:44:27,64780,2234,188,"최대 큰손 국민연금, 본격 코스닥 투자 임박? | 김성주 국민연금공단 이사장 [더 피플]"
2026-02-20 07:03:00,64805,2235,188,"최대 큰손 국민연금, 본격 코스닥 투자 임박? | 김성주 국민연금공단 이사장 [더 피플]"
2026-02-20 07:42:02,64847,2236,188,"최대 큰손 국민연금, 본격 코스닥 투자 임박? | 김성주 국민연금공단 이사장 [더 피플]"
2026-02-20 08:04:12,64870,2237,188,"최대 큰손 국민연금, 본격 코스닥 투자 임박? | 김성주 국민연금공단 이사장 [더 피플]"
2026-02-20 08:39:58,64898,2237,188,"최대 큰손 국민연금, 본격 코스닥 투자 임박? | 김성주 국민연금공단 이사장 [더 피플]"
2026-02-20 08:58:49,64898,2237,188,"최대 큰손 국민연금, 본격 코스닥 투자 임박? | 김성주 국민연금공단 이사장 [더 피플]"
2026-02-20 11:00:30,65109,2243,188,"최대 큰손 국민연금, 본격 코스닥 투자 임박? | 김성주 국민연금공단 이사장 [더 피플]"
2026-02-20 13:18:41,65249,2247,189,"최대 큰손 국민연금, 본격 코스닥 투자 임박? | 김성주 국민연금공단 이사장 [더 피플]"
2026-02-20 14:33:27,65351,2253,189,"최대 큰손 국민연금, 본격 코스닥 투자 임박? | 김성주 국민연금공단 이사장 [더 피플]"
2026-02-20 15:31:40,65425,2258,189,"최대 큰손 국민연금, 본격 코스닥 투자 임박? | 김성주 국민연금공단 이사장 [더 피플]"
2026-02-20 16:31:35,65511,2260,189,"최대 큰손 국민연금, 본격 코스닥 투자 임박? | 김성주 국민연금공단 이사장 [더 피플]"
2026-02-20 17:03:41,65561,2262,189,"최대 큰손 국민연금, 본격 코스닥 투자 임박? | 김성주 국민연금공단 이사장 [더 피플]"
2026-02-20 17:54:12,65629,2264,189,"최대 큰손 국민연금, 본격 코스닥 투자 임박? | 김성주 국민연금공단 이사장 [더 피플]"
2026-02-20 18:28:38,65695,2268,189,"최대 큰손 국민연금, 본격 코스닥 투자 임박? | 김성주 국민연금공단 이사장 [더 피플]"
2026-02-20 19:04:49,65795,2270,189,"최대 큰손 국민연금, 본격 코스닥 투자 임박? | 김성주 국민연금공단 이사장 [더 피플]"
2026-02-20 19:52:11,65866,2272,189,"최대 큰손 국민연금, 본격 코스닥 투자 임박? | 김성주 국민연금공단 이사장 [더 피플]"
2026-02-20 20:21:02,65916,2274,189,"최대 큰손 국민연금, 본격 코스닥 투자 임박? | 김성주 국민연금공단 이사장 [더 피플]"
2026-02-20 20:48:59,65950,2275,189,"최대 큰손 국민연금, 본격 코스닥 투자 임박? | 김성주 국민연금공단 이사장 [더 피플]"
2026-02-20 21:03:51,65962,2276,189,"최대 큰손 국민연금, 본격 코스닥 투자 임박? | 김성주 국민연금공단 이사장 [더 피플]"
2026-02-20 22:19:45,66058,2278,190,"최대 큰손 국민연금, 본격 코스닥 투자 임박? | 김성주 국민연금공단 이사장 [더 피플]"
2026-02-20 23:07:51,66112,2279,190,"최대 큰손 국민연금, 본격 코스닥 투자 임박? | 김성주 국민연금공단 이사장 [더 피플]"
2026-02-20 23:56:17,66161,2276,190,"최대 큰손 국민연금, 본격 코스닥 투자 임박? | 김성주 국민연금공단 이사장 [더 피플]"
2026-02-21 00:31:31,66194,2276,190,"최대 큰손 국민연금, 본격 코스닥 투자 임박? | 김성주 국민연금공단 이사장 [더 피플]"
2026-02-21 01:03:42,66227,2276,190,"최대 큰손 국민연금, 본격 코스닥 투자 임박? | 김성주 국민연금공단 이사장 [더 피플]"
2026-02-21 01:53:30,66255,2276,190,"최대 큰손 국민연금, 본격 코스닥 투자 임박? | 김성주 국민연금공단 이사장 [더 피플]"
2026-02-21 02:27:17,66269,2276,190,"최대 큰손 국민연금, 본격 코스닥 투자 임박? | 김성주 국민연금공단 이사장 [더 피플]"
2026-02-21 03:01:12,66293,2278,190,"최대 큰손 국민연금, 본격 코스닥 투자 임박? | 김성주 국민연금공단 이사장 [더 피플]"
2026-02-21 03:57:10,66319,2279,190,"최대 큰손 국민연금, 본격 코스닥 투자 임박? | 김성주 국민연금공단 이사장 [더 피플]"
2026-02-21 04:33:52,66337,2279,190,"최대 큰손 국민연금, 본격 코스닥 투자 임박? | 김성주 국민연금공단 이사장 [더 피플]"
2026-02-21 04:56:25,66341,2279,190,"최대 큰손 국민연금, 본격 코스닥 투자 임박? | 김성주 국민연금공단 이사장 [더 피플]"
2026-02-21 05:22:21,66341,2279,190,"최대 큰손 국민연금, 본격 코스닥 투자 임박? | 김성주 국민연금공단 이사장 [더 피플]"
2026-02-21 05:50:57,66341,2279,190,"최대 큰손 국민연금, 본격 코스닥 투자 임박? | 김성주 국민연금공단 이사장 [더 피플]"
2026-02-21 06:02:59,66365,2279,190,"최대 큰손 국민연금, 본격 코스닥 투자 임박? | 김성주 국민연금공단 이사장 [더 피플]"
2026-02-21 06:34:46,66368,2279,190,"최대 큰손 국민연금, 본격 코스닥 투자 임박? | 김성주 국민연금공단 이사장 [더 피플]"
2026-02-21 06:52:58,66384,2281,190,"최대 큰손 국민연금, 본격 코스닥 투자 임박? | 김성주 국민연금공단 이사장 [더 피플]"
2026-02-21 07:01:21,66389,2281,190,"최대 큰손 국민연금, 본격 코스닥 투자 임박? | 김성주 국민연금공단 이사장 [더 피플]"
2026-02-21 07:34:12,66409,2284,190,"최대 큰손 국민연금, 본격 코스닥 투자 임박? | 김성주 국민연금공단 이사장 [더 피플]"
2026-02-21 07:58:30,66425,2286,190,"최대 큰손 국민연금, 본격 코스닥 투자 임박? | 김성주 국민연금공단 이사장 [더 피플]"
2026-02-21 08:27:22,66443,2285,190,"최대 큰손 국민연금, 본격 코스닥 투자 임박? | 김성주 국민연금공단 이사장 [더 피플]"
2026-02-21 08:50:45,66464,2285,190,"최대 큰손 국민연금, 본격 코스닥 투자 임박? | 김성주 국민연금공단 이사장 [더 피플]"
2026-02-21 09:02:32,66474,2286,190,"최대 큰손 국민연금, 본격 코스닥 투자 임박? | 김성주 국민연금공단 이사장 [더 피플]"
2026-02-21 09:25:54,66490,2288,190,"최대 큰손 국민연금, 본격 코스닥 투자 임박? | 김성주 국민연금공단 이사장 [더 피플]"
2026-02-21 09:29:43,66499,2288,190,"최대 큰손 국민연금, 본격 코스닥 투자 임박? | 김성주 국민연금공단 이사장 [더 피플]"
2026-04-22 10:26:25,76332,2538,211,"최대 큰손 국민연금, 본격 코스닥 투자 임박? | 김성주 국민연금공단 이사장 [더 피플]"
2026-04-22 11:04:35,76332,2538,211,"최대 큰손 국민연금, 본격 코스닥 투자 임박? | 김성주 국민연금공단 이사장 [더 피플]"
2026-04-22 13:24:20,76332,2538,211,"최대 큰손 국민연금, 본격 코스닥 투자 임박? | 김성주 국민연금공단 이사장 [더 피플]"
2026-04-22 15:15:51,76334,2538,211,"최대 큰손 국민연금, 본격 코스닥 투자 임박? | 김성주 국민연금공단 이사장 [더 피플]"
2026-04-22 17:06:43,76342,2538,211,"최대 큰손 국민연금, 본격 코스닥 투자 임박? | 김성주 국민연금공단 이사장 [더 피플]"
2026-04-22 18:47:12,76344,2538,211,"최대 큰손 국민연금, 본격 코스닥 투자 임박? | 김성주 국민연금공단 이사장 [더 피플]"
2026-04-22 19:51:20,76349,2538,211,"최대 큰손 국민연금, 본격 코스닥 투자 임박? | 김성주 국민연금공단 이사장 [더 피플]"
2026-04-22 20:46:04,76349,2538,211,"최대 큰손 국민연금, 본격 코스닥 투자 임박? | 김성주 국민연금공단 이사장 [더 피플]"
2026-04-22 21:46:50,76349,2538,211,"최대 큰손 국민연금, 본격 코스닥 투자 임박? | 김성주 국민연금공단 이사장 [더 피플]"
2026-04-22 23:23:08,76349,2538,211,"최대 큰손 국민연금, 본격 코스닥 투자 임박? | 김성주 국민연금공단 이사장 [더 피플]"
2026-04-23 00:45:47,76349,2538,211,"최대 큰손 국민연금, 본격 코스닥 투자 임박? | 김성주 국민연금공단 이사장 [더 피플]"
2026-04-23 01:43:25,76349,2538,211,"최대 큰손 국민연금, 본격 코스닥 투자 임박? | 김성주 국민연금공단 이사장 [더 피플]"
2026-04-23 02:40:44,76349,2538,211,"최대 큰손 국민연금, 본격 코스닥 투자 임박? | 김성주 국민연금공단 이사장 [더 피플]"
2026-04-23 03:44:07,76349,2538,211,"최대 큰손 국민연금, 본격 코스닥 투자 임박? | 김성주 국민연금공단 이사장 [더 피플]"
2026-04-23 04:50:48,76349,2538,211,"최대 큰손 국민연금, 본격 코스닥 투자 임박? | 김성주 국민연금공단 이사장 [더 피플]"
2026-04-23 05:39:26,76349,2538,211,"최대 큰손 국민연금, 본격 코스닥 투자 임박? | 김성주 국민연금공단 이사장 [더 피플]"
2026-04-23 06:33:10,76349,2538,211,"최대 큰손 국민연금, 본격 코스닥 투자 임박? | 김성주 국민연금공단 이사장 [더 피플]"
2026-04-23 07:24:54,76349,2538,211,"최대 큰손 국민연금, 본격 코스닥 투자 임박? | 김성주 국민연금공단 이사장 [더 피플]"
2026-04-23 08:10:00,76349,2538,211,"최대 큰손 국민연금, 본격 코스닥 투자 임박? | 김성주 국민연금공단 이사장 [더 피플]"
2026-04-23 08:58:27,76349,2538,211,"최대 큰손 국민연금, 본격 코스닥 투자 임박? | 김성주 국민연금공단 이사장 [더 피플]"
2026-04-23 11:29:30,76358,2538,211,"최대 큰손 국민연금, 본격 코스닥 투자 임박? | 김성주 국민연금공단 이사장 [더 피플]"
2026-04-23 14:15:30,76359,2538,211,"최대 큰손 국민연금, 본격 코스닥 투자 임박? | 김성주 국민연금공단 이사장 [더 피플]"
2026-04-23 16:09:13,76359,2538,211,"최대 큰손 국민연금, 본격 코스닥 투자 임박? | 김성주 국민연금공단 이사장 [더 피플]"
2026-04-23 18:00:56,76360,2538,211,"최대 큰손 국민연금, 본격 코스닥 투자 임박? | 김성주 국민연금공단 이사장 [더 피플]"
2026-04-23 19:24:07,76362,2538,211,"최대 큰손 국민연금, 본격 코스닥 투자 임박? | 김성주 국민연금공단 이사장 [더 피플]"
2026-04-23 20:34:47,76362,2538,211,"최대 큰손 국민연금, 본격 코스닥 투자 임박? | 김성주 국민연금공단 이사장 [더 피플]"
2026-04-23 21:42:37,76362,2538,211,"최대 큰손 국민연금, 본격 코스닥 투자 임박? | 김성주 국민연금공단 이사장 [더 피플]"
2026-04-23 23:22:44,76362,2538,211,"최대 큰손 국민연금, 본격 코스닥 투자 임박? | 김성주 국민연금공단 이사장 [더 피플]"
2026-04-24 02:44:15,76364,2538,211,"최대 큰손 국민연금, 본격 코스닥 투자 임박? | 김성주 국민연금공단 이사장 [더 피플]"
2026-04-24 03:44:56,76364,2538,211,"최대 큰손 국민연금, 본격 코스닥 투자 임박? | 김성주 국민연금공단 이사장 [더 피플]"
2026-04-24 04:54:25,76366,2538,211,"최대 큰손 국민연금, 본격 코스닥 투자 임박? | 김성주 국민연금공단 이사장 [더 피플]"
2026-04-24 05:41:10,76366,2538,211,"최대 큰손 국민연금, 본격 코스닥 투자 임박? | 김성주 국민연금공단 이사장 [더 피플]"
2026-04-24 06:27:52,76366,2538,211,"최대 큰손 국민연금, 본격 코스닥 투자 임박? | 김성주 국민연금공단 이사장 [더 피플]"
2026-04-24 07:06:36,76366,2538,211,"최대 큰손 국민연금, 본격 코스닥 투자 임박? | 김성주 국민연금공단 이사장 [더 피플]"
2026-04-24 08:01:07,76366,2538,211,"최대 큰손 국민연금, 본격 코스닥 투자 임박? | 김성주 국민연금공단 이사장 [더 피플]"
2026-04-24 08:53:14,76369,2539,211,"최대 큰손 국민연금, 본격 코스닥 투자 임박? | 김성주 국민연금공단 이사장 [더 피플]"
2026-04-24 10:14:55,76369,2539,211,"최대 큰손 국민연금, 본격 코스닥 투자 임박? | 김성주 국민연금공단 이사장 [더 피플]"
2026-04-24 13:26:59,76370,2539,211,"최대 큰손 국민연금, 본격 코스닥 투자 임박? | 김성주 국민연금공단 이사장 [더 피플]"
2026-04-24 15:23:49,76375,2539,211,"최대 큰손 국민연금, 본격 코스닥 투자 임박? | 김성주 국민연금공단 이사장 [더 피플]"
2026-04-24 17:26:46,76375,2539,211,"최대 큰손 국민연금, 본격 코스닥 투자 임박? | 김성주 국민연금공단 이사장 [더 피플]"
2026-04-24 19:00:27,76375,2539,211,"최대 큰손 국민연금, 본격 코스닥 투자 임박? | 김성주 국민연금공단 이사장 [더 피플]"
2026-04-25 10:37:18,76379,2539,211,"최대 큰손 국민연금, 본격 코스닥 투자 임박? | 김성주 국민연금공단 이사장 [더 피플]"
2026-04-25 10:42:23,76379,2539,211,"최대 큰손 국민연금, 본격 코스닥 투자 임박? | 김성주 국민연금공단 이사장 [더 피플]"
2026-04-25 10:46:16,76379,2539,211,"최대 큰손 국민연금, 본격 코스닥 투자 임박? | 김성주 국민연금공단 이사장 [더 피플]"
2026-04-25 10:49:43,76381,2539,211,"최대 큰손 국민연금, 본격 코스닥 투자 임박? | 김성주 국민연금공단 이사장 [더 피플]"
2026-04-25 10:56:44,76379,2539,211,"최대 큰손 국민연금, 본격 코스닥 투자 임박? | 김성주 국민연금공단 이사장 [더 피플]"
2026-04-25 10:57:30,76381,2539,211,"최대 큰손 국민연금, 본격 코스닥 투자 임박? | 김성주 국민연금공단 이사장 [더 피플]"
2026-04-25 11:03:20,76381,2539,211,"최대 큰손 국민연금, 본격 코스닥 투자 임박? | 김성주 국민연금공단 이사장 [더 피플]"
2026-04-25 11:08:27,76379,2539,211,"최대 큰손 국민연금, 본격 코스닥 투자 임박? | 김성주 국민연금공단 이사장 [더 피플]"
2026-04-25 11:14:27,76379,2539,211,"최대 큰손 국민연금, 본격 코스닥 투자 임박? | 김성주 국민연금공단 이사장 [더 피플]"
2026-04-25 11:47:05,76379,2539,211,"최대 큰손 국민연금, 본격 코스닥 투자 임박? | 김성주 국민연금공단 이사장 [더 피플]"
2026-04-25 14:02:51,76381,2539,211,"최대 큰손 국민연금, 본격 코스닥 투자 임박? | 김성주 국민연금공단 이사장 [더 피플]"
2026-04-25 14:51:43,76381,2539,211,"최대 큰손 국민연금, 본격 코스닥 투자 임박? | 김성주 국민연금공단 이사장 [더 피플]"
2026-04-25 15:10:39,76381,2539,211,"최대 큰손 국민연금, 본격 코스닥 투자 임박? | 김성주 국민연금공단 이사장 [더 피플]"
2026-04-25 15:23:11,76381,2539,211,"최대 큰손 국민연금, 본격 코스닥 투자 임박? | 김성주 국민연금공단 이사장 [더 피플]"
2026-04-25 15:23:35,76381,2539,211,"최대 큰손 국민연금, 본격 코스닥 투자 임박? | 김성주 국민연금공단 이사장 [더 피플]"
2026-04-25 15:44:45,76381,2539,211,"최대 큰손 국민연금, 본격 코스닥 투자 임박? | 김성주 국민연금공단 이사장 [더 피플]"
2026-04-25 16:49:11,76381,2539,211,"최대 큰손 국민연금, 본격 코스닥 투자 임박? | 김성주 국민연금공단 이사장 [더 피플]"
2026-04-25 17:37:04,76381,2539,211,"최대 큰손 국민연금, 본격 코스닥 투자 임박? | 김성주 국민연금공단 이사장 [더 피플]"
2026-04-25 18:32:38,76381,2539,211,"최대 큰손 국민연금, 본격 코스닥 투자 임박? | 김성주 국민연금공단 이사장 [더 피플]"
2026-04-25 19:23:50,76381,2539,211,"최대 큰손 국민연금, 본격 코스닥 투자 임박? | 김성주 국민연금공단 이사장 [더 피플]"
2026-04-25 20:08:11,76381,2539,211,"최대 큰손 국민연금, 본격 코스닥 투자 임박? | 김성주 국민연금공단 이사장 [더 피플]"
2026-04-25 20:51:03,76381,2539,211,"최대 큰손 국민연금, 본격 코스닥 투자 임박? | 김성주 국민연금공단 이사장 [더 피플]"
2026-04-25 21:31:22,76381,2539,211,"최대 큰손 국민연금, 본격 코스닥 투자 임박? | 김성주 국민연금공단 이사장 [더 피플]"
2026-04-25 22:45:37,76381,2539,211,"최대 큰손 국민연금, 본격 코스닥 투자 임박? | 김성주 국민연금공단 이사장 [더 피플]"
2026-04-25 23:29:10,76381,2539,211,"최대 큰손 국민연금, 본격 코스닥 투자 임박? | 김성주 국민연금공단 이사장 [더 피플]"
2026-04-26 00:08:37,76381,2539,211,"최대 큰손 국민연금, 본격 코스닥 투자 임박? | 김성주 국민연금공단 이사장 [더 피플]"
2026-04-26 00:53:52,76381,2539,211,"최대 큰손 국민연금, 본격 코스닥 투자 임박? | 김성주 국민연금공단 이사장 [더 피플]"
2026-04-26 01:25:57,76381,2539,211,"최대 큰손 국민연금, 본격 코스닥 투자 임박? | 김성주 국민연금공단 이사장 [더 피플]"
2026-04-26 02:06:15,76381,2539,211,"최대 큰손 국민연금, 본격 코스닥 투자 임박? | 김성주 국민연금공단 이사장 [더 피플]"
2026-04-26 02:52:48,76381,2539,211,"최대 큰손 국민연금, 본격 코스닥 투자 임박? | 김성주 국민연금공단 이사장 [더 피플]"
2026-04-26 03:30:37,76381,2539,211,"최대 큰손 국민연금, 본격 코스닥 투자 임박? | 김성주 국민연금공단 이사장 [더 피플]"
2026-04-26 04:26:56,76381,2539,211,"최대 큰손 국민연금, 본격 코스닥 투자 임박? | 김성주 국민연금공단 이사장 [더 피플]"
2026-04-26 04:59:57,76381,2539,211,"최대 큰손 국민연금, 본격 코스닥 투자 임박? | 김성주 국민연금공단 이사장 [더 피플]"
2026-04-26 05:41:01,76381,2539,211,"최대 큰손 국민연금, 본격 코스닥 투자 임박? | 김성주 국민연금공단 이사장 [더 피플]"
2026-04-26 06:20:14,76381,2539,211,"최대 큰손 국민연금, 본격 코스닥 투자 임박? | 김성주 국민연금공단 이사장 [더 피플]"
2026-04-26 06:54:48,76381,2539,211,"최대 큰손 국민연금, 본격 코스닥 투자 임박? | 김성주 국민연금공단 이사장 [더 피플]"
2026-04-26 07:23:15,76381,2539,211,"최대 큰손 국민연금, 본격 코스닥 투자 임박? | 김성주 국민연금공단 이사장 [더 피플]"
2026-04-26 08:00:21,76381,2539,211,"최대 큰손 국민연금, 본격 코스닥 투자 임박? | 김성주 국민연금공단 이사장 [더 피플]"
2026-04-26 08:41:23,76384,2539,211,"최대 큰손 국민연금, 본격 코스닥 투자 임박? | 김성주 국민연금공단 이사장 [더 피플]"
2026-04-26 10:12:50,76384,2539,211,"최대 큰손 국민연금, 본격 코스닥 투자 임박? | 김성주 국민연금공단 이사장 [더 피플]"
2026-04-26 13:31:09,76384,2539,211,"최대 큰손 국민연금, 본격 코스닥 투자 임박? | 김성주 국민연금공단 이사장 [더 피플]"
2026-04-26 14:14:52,76384,2539,211,"최대 큰손 국민연금, 본격 코스닥 투자 임박? | 김성주 국민연금공단 이사장 [더 피플]"
2026-04-26 15:24:08,76384,2539,211,"최대 큰손 국민연금, 본격 코스닥 투자 임박? | 김성주 국민연금공단 이사장 [더 피플]"
2026-04-26 16:57:02,76384,2539,211,"최대 큰손 국민연금, 본격 코스닥 투자 임박? | 김성주 국민연금공단 이사장 [더 피플]"
2026-04-26 17:53:12,76384,2539,211,"최대 큰손 국민연금, 본격 코스닥 투자 임박? | 김성주 국민연금공단 이사장 [더 피플]"
2026-04-26 18:40:15,76384,2539,211,"최대 큰손 국민연금, 본격 코스닥 투자 임박? | 김성주 국민연금공단 이사장 [더 피플]"
2026-04-26 19:28:21,76384,2539,211,"최대 큰손 국민연금, 본격 코스닥 투자 임박? | 김성주 국민연금공단 이사장 [더 피플]"
2026-04-26 20:10:32,76384,2539,211,"최대 큰손 국민연금, 본격 코스닥 투자 임박? | 김성주 국민연금공단 이사장 [더 피플]"
2026-04-26 20:53:26,76384,2539,211,"최대 큰손 국민연금, 본격 코스닥 투자 임박? | 김성주 국민연금공단 이사장 [더 피플]"
2026-04-26 21:33:46,76384,2539,211,"최대 큰손 국민연금, 본격 코스닥 투자 임박? | 김성주 국민연금공단 이사장 [더 피플]"
2026-04-26 22:48:58,76384,2539,211,"최대 큰손 국민연금, 본격 코스닥 투자 임박? | 김성주 국민연금공단 이사장 [더 피플]"
2026-04-26 23:32:10,76384,2539,211,"최대 큰손 국민연금, 본격 코스닥 투자 임박? | 김성주 국민연금공단 이사장 [더 피플]"
2026-04-27 00:11:40,76384,2539,211,"최대 큰손 국민연금, 본격 코스닥 투자 임박? | 김성주 국민연금공단 이사장 [더 피플]"
2026-04-27 00:56:24,76384,2539,211,"최대 큰손 국민연금, 본격 코스닥 투자 임박? | 김성주 국민연금공단 이사장 [더 피플]"
2026-04-27 01:33:13,76384,2539,211,"최대 큰손 국민연금, 본격 코스닥 투자 임박? | 김성주 국민연금공단 이사장 [더 피플]"
2026-04-27 02:11:51,76384,2539,211,"최대 큰손 국민연금, 본격 코스닥 투자 임박? | 김성주 국민연금공단 이사장 [더 피플]"
2026-04-27 02:57:26,76384,2539,211,"최대 큰손 국민연금, 본격 코스닥 투자 임박? | 김성주 국민연금공단 이사장 [더 피플]"
2026-04-27 03:43:26,76384,2539,211,"최대 큰손 국민연금, 본격 코스닥 투자 임박? | 김성주 국민연금공단 이사장 [더 피플]"
2026-04-27 04:34:47,76384,2539,211,"최대 큰손 국민연금, 본격 코스닥 투자 임박? | 김성주 국민연금공단 이사장 [더 피플]"
2026-04-27 05:05:27,76384,2539,211,"최대 큰손 국민연금, 본격 코스닥 투자 임박? | 김성주 국민연금공단 이사장 [더 피플]"
2026-04-27 05:54:02,76384,2539,211,"최대 큰손 국민연금, 본격 코스닥 투자 임박? | 김성주 국민연금공단 이사장 [더 피플]"
2026-04-27 06:25:03,76384,2539,211,"최대 큰손 국민연금, 본격 코스닥 투자 임박? | 김성주 국민연금공단 이사장 [더 피플]"
2026-04-27 06:58:40,76384,2539,211,"최대 큰손 국민연금, 본격 코스닥 투자 임박? | 김성주 국민연금공단 이사장 [더 피플]"
2026-04-27 07:36:28,76384,2539,211,"최대 큰손 국민연금, 본격 코스닥 투자 임박? | 김성주 국민연금공단 이사장 [더 피플]"
2026-04-27 07:44:38,76384,2539,211,"최대 큰손 국민연금, 본격 코스닥 투자 임박? | 김성주 국민연금공단 이사장 [더 피플]"
2026-04-27 08:21:38,76384,2539,211,"최대 큰손 국민연금, 본격 코스닥 투자 임박? | 김성주 국민연금공단 이사장 [더 피플]"
2026-04-27 08:58:51,76384,2539,211,"최대 큰손 국민연금, 본격 코스닥 투자 임박? | 김성주 국민연금공단 이사장 [더 피플]"
2026-04-27 10:44:46,76385,2539,211,"최대 큰손 국민연금, 본격 코스닥 투자 임박? | 김성주 국민연금공단 이사장 [더 피플]"
2026-04-27 11:41:00,76385,2539,211,"최대 큰손 국민연금, 본격 코스닥 투자 임박? | 김성주 국민연금공단 이사장 [더 피플]"
2026-04-27 14:40:43,76386,2539,211,"최대 큰손 국민연금, 본격 코스닥 투자 임박? | 김성주 국민연금공단 이사장 [더 피플]"
2026-04-27 16:55:22,76386,2539,211,"최대 큰손 국민연금, 본격 코스닥 투자 임박? | 김성주 국민연금공단 이사장 [더 피플]"
2026-04-27 19:04:46,76386,2539,211,"최대 큰손 국민연금, 본격 코스닥 투자 임박? | 김성주 국민연금공단 이사장 [더 피플]"
2026-04-27 20:55:08,76386,2539,211,"최대 큰손 국민연금, 본격 코스닥 투자 임박? | 김성주 국민연금공단 이사장 [더 피플]"
2026-04-27 22:13:44,76389,2539,211,"최대 큰손 국민연금, 본격 코스닥 투자 임박? | 김성주 국민연금공단 이사장 [더 피플]"
2026-04-28 00:19:16,76389,2539,211,"최대 큰손 국민연금, 본격 코스닥 투자 임박? | 김성주 국민연금공단 이사장 [더 피플]"
2026-04-28 01:58:20,76389,2539,211,"최대 큰손 국민연금, 본격 코스닥 투자 임박? | 김성주 국민연금공단 이사장 [더 피플]"
2026-04-28 03:03:09,76389,2539,211,"최대 큰손 국민연금, 본격 코스닥 투자 임박? | 김성주 국민연금공단 이사장 [더 피플]"
2026-04-28 04:44:17,76389,2539,211,"최대 큰손 국민연금, 본격 코스닥 투자 임박? | 김성주 국민연금공단 이사장 [더 피플]"
2026-04-28 05:42:45,76389,2539,211,"최대 큰손 국민연금, 본격 코스닥 투자 임박? | 김성주 국민연금공단 이사장 [더 피플]"
2026-04-28 06:41:28,76389,2539,211,"최대 큰손 국민연금, 본격 코스닥 투자 임박? | 김성주 국민연금공단 이사장 [더 피플]"
2026-04-28 07:32:06,76389,2539,211,"최대 큰손 국민연금, 본격 코스닥 투자 임박? | 김성주 국민연금공단 이사장 [더 피플]"
2026-04-28 08:29:25,76389,2539,211,"최대 큰손 국민연금, 본격 코스닥 투자 임박? | 김성주 국민연금공단 이사장 [더 피플]"
2026-04-28 09:12:15,76389,2539,211,"최대 큰손 국민연금, 본격 코스닥 투자 임박? | 김성주 국민연금공단 이사장 [더 피플]"
2026-04-28 13:04:26,76390,2539,211,"최대 큰손 국민연금, 본격 코스닥 투자 임박? | 김성주 국민연금공단 이사장 [더 피플]"
2026-04-28 15:39:02,76390,2540,211,"최대 큰손 국민연금, 본격 코스닥 투자 임박? | 김성주 국민연금공단 이사장 [더 피플]"
2026-04-28 18:06:13,76391,2540,211,"최대 큰손 국민연금, 본격 코스닥 투자 임박? | 김성주 국민연금공단 이사장 [더 피플]"
2026-04-28 20:10:15,76391,2540,211,"최대 큰손 국민연금, 본격 코스닥 투자 임박? | 김성주 국민연금공단 이사장 [더 피플]"
2026-04-28 21:56:44,76391,2540,211,"최대 큰손 국민연금, 본격 코스닥 투자 임박? | 김성주 국민연금공단 이사장 [더 피플]"
2026-04-29 00:21:57,76391,2540,211,"최대 큰손 국민연금, 본격 코스닥 투자 임박? | 김성주 국민연금공단 이사장 [더 피플]"
2026-04-29 02:05:50,76390,2540,211,"최대 큰손 국민연금, 본격 코스닥 투자 임박? | 김성주 국민연금공단 이사장 [더 피플]"
2026-04-29 03:45:39,76390,2540,211,"최대 큰손 국민연금, 본격 코스닥 투자 임박? | 김성주 국민연금공단 이사장 [더 피플]"
2026-04-29 05:06:06,76390,2540,211,"최대 큰손 국민연금, 본격 코스닥 투자 임박? | 김성주 국민연금공단 이사장 [더 피플]"
2026-04-29 06:16:02,76390,2540,211,"최대 큰손 국민연금, 본격 코스닥 투자 임박? | 김성주 국민연금공단 이사장 [더 피플]"
2026-04-29 07:12:24,76390,2540,211,"최대 큰손 국민연금, 본격 코스닥 투자 임박? | 김성주 국민연금공단 이사장 [더 피플]"
2026-04-29 08:09:19,76390,2540,211,"최대 큰손 국민연금, 본격 코스닥 투자 임박? | 김성주 국민연금공단 이사장 [더 피플]"
2026-04-29 09:04:51,76390,2540,211,"최대 큰손 국민연금, 본격 코스닥 투자 임박? | 김성주 국민연금공단 이사장 [더 피플]"
2026-04-29 12:56:26,76390,2540,211,"최대 큰손 국민연금, 본격 코스닥 투자 임박? | 김성주 국민연금공단 이사장 [더 피플]"
2026-04-29 15:18:21,76391,2540,211,"최대 큰손 국민연금, 본격 코스닥 투자 임박? | 김성주 국민연금공단 이사장 [더 피플]"
2026-04-29 17:34:56,76391,2540,211,"최대 큰손 국민연금, 본격 코스닥 투자 임박? | 김성주 국민연금공단 이사장 [더 피플]"
2026-04-29 19:28:14,76392,2540,211,"최대 큰손 국민연금, 본격 코스닥 투자 임박? | 김성주 국민연금공단 이사장 [더 피플]"
2026-04-29 20:58:51,76392,2540,211,"최대 큰손 국민연금, 본격 코스닥 투자 임박? | 김성주 국민연금공단 이사장 [더 피플]"
2026-04-29 22:53:11,76392,2540,211,"최대 큰손 국민연금, 본격 코스닥 투자 임박? | 김성주 국민연금공단 이사장 [더 피플]"
2026-04-30 00:49:01,76392,2540,211,"최대 큰손 국민연금, 본격 코스닥 투자 임박? | 김성주 국민연금공단 이사장 [더 피플]"
2026-04-30 02:10:57,76391,2540,211,"최대 큰손 국민연금, 본격 코스닥 투자 임박? | 김성주 국민연금공단 이사장 [더 피플]"
2026-04-30 03:45:42,76392,2540,211,"최대 큰손 국민연금, 본격 코스닥 투자 임박? | 김성주 국민연금공단 이사장 [더 피플]"
2026-04-30 05:04:01,76392,2540,211,"최대 큰손 국민연금, 본격 코스닥 투자 임박? | 김성주 국민연금공단 이사장 [더 피플]"
2026-04-30 06:15:27,76392,2540,211,"최대 큰손 국민연금, 본격 코스닥 투자 임박? | 김성주 국민연금공단 이사장 [더 피플]"
2026-04-30 07:12:20,76392,2540,211,"최대 큰손 국민연금, 본격 코스닥 투자 임박? | 김성주 국민연금공단 이사장 [더 피플]"
2026-04-30 08:09:35,76392,2540,211,"최대 큰손 국민연금, 본격 코스닥 투자 임박? | 김성주 국민연금공단 이사장 [더 피플]"
2026-04-30 09:05:20,76392,2540,211,"최대 큰손 국민연금, 본격 코스닥 투자 임박? | 김성주 국민연금공단 이사장 [더 피플]"
2026-04-30 12:58:06,76391,2540,211,"최대 큰손 국민연금, 본격 코스닥 투자 임박? | 김성주 국민연금공단 이사장 [더 피플]"
2026-04-30 15:25:09,76391,2540,211,"최대 큰손 국민연금, 본격 코스닥 투자 임박? | 김성주 국민연금공단 이사장 [더 피플]"
2026-04-30 17:38:04,76391,2540,211,"최대 큰손 국민연금, 본격 코스닥 투자 임박? | 김성주 국민연금공단 이사장 [더 피플]"
2026-04-30 19:28:01,76391,2540,211,"최대 큰손 국민연금, 본격 코스닥 투자 임박? | 김성주 국민연금공단 이사장 [더 피플]"
2026-04-30 20:58:06,76391,2540,211,"최대 큰손 국민연금, 본격 코스닥 투자 임박? | 김성주 국민연금공단 이사장 [더 피플]"
2026-04-30 22:47:13,76391,2540,211,"최대 큰손 국민연금, 본격 코스닥 투자 임박? | 김성주 국민연금공단 이사장 [더 피플]"
2026-05-01 00:29:26,76391,2540,211,"최대 큰손 국민연금, 본격 코스닥 투자 임박? | 김성주 국민연금공단 이사장 [더 피플]"
2026-05-01 01:56:59,76391,2540,211,"최대 큰손 국민연금, 본격 코스닥 투자 임박? | 김성주 국민연금공단 이사장 [더 피플]"
2026-05-01 03:06:14,76392,2540,211,"최대 큰손 국민연금, 본격 코스닥 투자 임박? | 김성주 국민연금공단 이사장 [더 피플]"
2026-05-01 04:46:30,76391,2540,211,"최대 큰손 국민연금, 본격 코스닥 투자 임박? | 김성주 국민연금공단 이사장 [더 피플]"
2026-05-01 05:44:25,76392,2540,211,"최대 큰손 국민연금, 본격 코스닥 투자 임박? | 김성주 국민연금공단 이사장 [더 피플]"
2026-05-01 06:40:15,76392,2540,211,"최대 큰손 국민연금, 본격 코스닥 투자 임박? | 김성주 국민연금공단 이사장 [더 피플]"
2026-05-01 07:33:43,76392,2540,211,"최대 큰손 국민연금, 본격 코스닥 투자 임박? | 김성주 국민연금공단 이사장 [더 피플]"
2026-05-01 08:29:14,76393,2540,211,"최대 큰손 국민연금, 본격 코스닥 투자 임박? | 김성주 국민연금공단 이사장 [더 피플]"
2026-05-01 09:13:05,76392,2540,211,"최대 큰손 국민연금, 본격 코스닥 투자 임박? | 김성주 국민연금공단 이사장 [더 피플]"
2026-05-01 13:16:18,76393,2540,211,"최대 큰손 국민연금, 본격 코스닥 투자 임박? | 김성주 국민연금공단 이사장 [더 피플]"
2026-05-01 15:45:43,76393,2540,211,"최대 큰손 국민연금, 본격 코스닥 투자 임박? | 김성주 국민연금공단 이사장 [더 피플]"
2026-05-01 17:33:43,76393,2540,211,"최대 큰손 국민연금, 본격 코스닥 투자 임박? | 김성주 국민연금공단 이사장 [더 피플]"
2026-05-01 19:08:22,76393,2540,211,"최대 큰손 국민연금, 본격 코스닥 투자 임박? | 김성주 국민연금공단 이사장 [더 피플]"
2026-05-01 20:20:31,76392,2540,211,"최대 큰손 국민연금, 본격 코스닥 투자 임박? | 김성주 국민연금공단 이사장 [더 피플]"
2026-05-01 21:09:18,76392,2540,211,"최대 큰손 국민연금, 본격 코스닥 투자 임박? | 김성주 국민연금공단 이사장 [더 피플]"
2026-05-01 22:51:28,76392,2540,211,"최대 큰손 국민연금, 본격 코스닥 투자 임박? | 김성주 국민연금공단 이사장 [더 피플]"
2026-05-01 23:42:26,76392,2540,211,"최대 큰손 국민연금, 본격 코스닥 투자 임박? | 김성주 국민연금공단 이사장 [더 피플]"
2026-05-02 00:38:48,76392,2540,211,"최대 큰손 국민연금, 본격 코스닥 투자 임박? | 김성주 국민연금공단 이사장 [더 피플]"
2026-05-02 01:35:28,76392,2540,211,"최대 큰손 국민연금, 본격 코스닥 투자 임박? | 김성주 국민연금공단 이사장 [더 피플]"
2026-05-02 02:35:32,76392,2540,211,"최대 큰손 국민연금, 본격 코스닥 투자 임박? | 김성주 국민연금공단 이사장 [더 피플]"
2026-05-02 03:42:31,76392,2540,211,"최대 큰손 국민연금, 본격 코스닥 투자 임박? | 김성주 국민연금공단 이사장 [더 피플]"
2026-05-02 04:50:26,76392,2540,211,"최대 큰손 국민연금, 본격 코스닥 투자 임박? | 김성주 국민연금공단 이사장 [더 피플]"
2026-05-02 05:37:23,76392,2540,211,"최대 큰손 국민연금, 본격 코스닥 투자 임박? | 김성주 국민연금공단 이사장 [더 피플]"
2026-05-02 06:31:16,76392,2540,211,"최대 큰손 국민연금, 본격 코스닥 투자 임박? | 김성주 국민연금공단 이사장 [더 피플]"
2026-05-02 07:25:42,76392,2540,211,"최대 큰손 국민연금, 본격 코스닥 투자 임박? | 김성주 국민연금공단 이사장 [더 피플]"
2026-05-02 08:12:03,76392,2540,211,"최대 큰손 국민연금, 본격 코스닥 투자 임박? | 김성주 국민연금공단 이사장 [더 피플]"
2026-05-02 09:04:19,76392,2540,211,"최대 큰손 국민연금, 본격 코스닥 투자 임박? | 김성주 국민연금공단 이사장 [더 피플]"
2026-05-02 12:41:13,76392,2540,211,"최대 큰손 국민연금, 본격 코스닥 투자 임박? | 김성주 국민연금공단 이사장 [더 피플]"
2026-05-02 14:54:50,76392,2540,211,"최대 큰손 국민연금, 본격 코스닥 투자 임박? | 김성주 국민연금공단 이사장 [더 피플]"
2026-05-02 16:16:21,76392,2540,211,"최대 큰손 국민연금, 본격 코스닥 투자 임박? | 김성주 국민연금공단 이사장 [더 피플]"
2026-05-02 17:44:31,76392,2540,211,"최대 큰손 국민연금, 본격 코스닥 투자 임박? | 김성주 국민연금공단 이사장 [더 피플]"
2026-05-02 18:46:13,76392,2540,211,"최대 큰손 국민연금, 본격 코스닥 투자 임박? | 김성주 국민연금공단 이사장 [더 피플]"
2026-05-02 19:35:26,76392,2540,211,"최대 큰손 국민연금, 본격 코스닥 투자 임박? | 김성주 국민연금공단 이사장 [더 피플]"
2026-05-02 20:26:36,76392,2540,211,"최대 큰손 국민연금, 본격 코스닥 투자 임박? | 김성주 국민연금공단 이사장 [더 피플]"
2026-05-02 21:04:24,76392,2540,211,"최대 큰손 국민연금, 본격 코스닥 투자 임박? | 김성주 국민연금공단 이사장 [더 피플]"
2026-05-02 22:41:11,76392,2540,211,"최대 큰손 국민연금, 본격 코스닥 투자 임박? | 김성주 국민연금공단 이사장 [더 피플]"
2026-05-02 23:32:29,76392,2540,211,"최대 큰손 국민연금, 본격 코스닥 투자 임박? | 김성주 국민연금공단 이사장 [더 피플]"
2026-05-03 00:24:38,76392,2540,211,"최대 큰손 국민연금, 본격 코스닥 투자 임박? | 김성주 국민연금공단 이사장 [더 피플]"
2026-05-03 01:04:44,76392,2540,211,"최대 큰손 국민연금, 본격 코스닥 투자 임박? | 김성주 국민연금공단 이사장 [더 피플]"
2026-05-03 02:01:22,76393,2540,211,"최대 큰손 국민연금, 본격 코스닥 투자 임박? | 김성주 국민연금공단 이사장 [더 피플]"
2026-05-03 02:51:12,76393,2540,211,"최대 큰손 국민연금, 본격 코스닥 투자 임박? | 김성주 국민연금공단 이사장 [더 피플]"
2026-05-03 03:37:00,76393,2540,211,"최대 큰손 국민연금, 본격 코스닥 투자 임박? | 김성주 국민연금공단 이사장 [더 피플]"
2026-05-03 04:38:22,76393,2540,211,"최대 큰손 국민연금, 본격 코스닥 투자 임박? | 김성주 국민연금공단 이사장 [더 피플]"
2026-05-03 05:07:52,76393,2540,211,"최대 큰손 국민연금, 본격 코스닥 투자 임박? | 김성주 국민연금공단 이사장 [더 피플]"
2026-05-03 05:57:27,76393,2540,211,"최대 큰손 국민연금, 본격 코스닥 투자 임박? | 김성주 국민연금공단 이사장 [더 피플]"
2026-05-03 06:35:04,76393,2540,211,"최대 큰손 국민연금, 본격 코스닥 투자 임박? | 김성주 국민연금공단 이사장 [더 피플]"
2026-05-03 07:09:24,76393,2540,211,"최대 큰손 국민연금, 본격 코스닥 투자 임박? | 김성주 국민연금공단 이사장 [더 피플]"
2026-05-03 08:01:05,76393,2540,211,"최대 큰손 국민연금, 본격 코스닥 투자 임박? | 김성주 국민연금공단 이사장 [더 피플]"
2026-05-03 08:51:22,76393,2540,211,"최대 큰손 국민연금, 본격 코스닥 투자 임박? | 김성주 국민연금공단 이사장 [더 피플]"
2026-05-03 10:22:28,76393,2540,211,"최대 큰손 국민연금, 본격 코스닥 투자 임박? | 김성주 국민연금공단 이사장 [더 피플]"
2026-05-03 13:51:04,76394,2540,211,"최대 큰손 국민연금, 본격 코스닥 투자 임박? | 김성주 국민연금공단 이사장 [더 피플]"
2026-05-03 16:10:32,76396,2540,211,"최대 큰손 국민연금, 본격 코스닥 투자 임박? | 김성주 국민연금공단 이사장 [더 피플]"
2026-05-03 17:55:46,76396,2540,211,"최대 큰손 국민연금, 본격 코스닥 투자 임박? | 김성주 국민연금공단 이사장 [더 피플]"
2026-05-03 18:58:51,76396,2540,211,"최대 큰손 국민연금, 본격 코스닥 투자 임박? | 김성주 국민연금공단 이사장 [더 피플]"
2026-05-03 19:54:11,76396,2540,211,"최대 큰손 국민연금, 본격 코스닥 투자 임박? | 김성주 국민연금공단 이사장 [더 피플]"
2026-05-03 20:32:40,76396,2540,211,"최대 큰손 국민연금, 본격 코스닥 투자 임박? | 김성주 국민연금공단 이사장 [더 피플]"
2026-05-03 21:08:18,76396,2540,211,"최대 큰손 국민연금, 본격 코스닥 투자 임박? | 김성주 국민연금공단 이사장 [더 피플]"
2026-05-03 22:45:05,76396,2540,211,"최대 큰손 국민연금, 본격 코스닥 투자 임박? | 김성주 국민연금공단 이사장 [더 피플]"
2026-05-03 23:34:16,76396,2540,211,"최대 큰손 국민연금, 본격 코스닥 투자 임박? | 김성주 국민연금공단 이사장 [더 피플]"
2026-05-04 00:24:40,76396,2540,211,"최대 큰손 국민연금, 본격 코스닥 투자 임박? | 김성주 국민연금공단 이사장 [더 피플]"
2026-05-04 01:04:37,76396,2540,211,"최대 큰손 국민연금, 본격 코스닥 투자 임박? | 김성주 국민연금공단 이사장 [더 피플]"
2026-05-04 02:02:49,76396,2540,211,"최대 큰손 국민연금, 본격 코스닥 투자 임박? | 김성주 국민연금공단 이사장 [더 피플]"
2026-05-04 02:53:14,76397,2540,211,"최대 큰손 국민연금, 본격 코스닥 투자 임박? | 김성주 국민연금공단 이사장 [더 피플]"
2026-05-04 03:38:06,76397,2540,211,"최대 큰손 국민연금, 본격 코스닥 투자 임박? | 김성주 국민연금공단 이사장 [더 피플]"
2026-05-04 04:38:25,76397,2540,211,"최대 큰손 국민연금, 본격 코스닥 투자 임박? | 김성주 국민연금공단 이사장 [더 피플]"
2026-05-04 05:22:26,76397,2540,211,"최대 큰손 국민연금, 본격 코스닥 투자 임박? | 김성주 국민연금공단 이사장 [더 피플]"
2026-05-04 06:05:55,76397,2540,211,"최대 큰손 국민연금, 본격 코스닥 투자 임박? | 김성주 국민연금공단 이사장 [더 피플]"
2026-05-04 06:55:40,76397,2540,211,"최대 큰손 국민연금, 본격 코스닥 투자 임박? | 김성주 국민연금공단 이사장 [더 피플]"
2026-05-04 07:30:22,76397,2540,211,"최대 큰손 국민연금, 본격 코스닥 투자 임박? | 김성주 국민연금공단 이사장 [더 피플]"
2026-05-04 08:11:24,76397,2540,211,"최대 큰손 국민연금, 본격 코스닥 투자 임박? | 김성주 국민연금공단 이사장 [더 피플]"
2026-05-04 09:01:54,76397,2540,211,"최대 큰손 국민연금, 본격 코스닥 투자 임박? | 김성주 국민연금공단 이사장 [더 피플]"
2026-05-04 12:53:27,76397,2540,211,"최대 큰손 국민연금, 본격 코스닥 투자 임박? | 김성주 국민연금공단 이사장 [더 피플]"
2026-05-04 15:31:30,76397,2540,211,"최대 큰손 국민연금, 본격 코스닥 투자 임박? | 김성주 국민연금공단 이사장 [더 피플]"
2026-05-04 18:04:00,76397,2540,211,"최대 큰손 국민연금, 본격 코스닥 투자 임박? | 김성주 국민연금공단 이사장 [더 피플]"
2026-05-04 20:11:03,76397,2540,211,"최대 큰손 국민연금, 본격 코스닥 투자 임박? | 김성주 국민연금공단 이사장 [더 피플]"
2026-05-04 21:54:39,76397,2540,211,"최대 큰손 국민연금, 본격 코스닥 투자 임박? | 김성주 국민연금공단 이사장 [더 피플]"
2026-05-04 23:59:39,76397,2540,211,"최대 큰손 국민연금, 본격 코스닥 투자 임박? | 김성주 국민연금공단 이사장 [더 피플]"
2026-05-05 01:46:12,76397,2540,211,"최대 큰손 국민연금, 본격 코스닥 투자 임박? | 김성주 국민연금공단 이사장 [더 피플]"
2026-05-05 03:06:07,76397,2540,211,"최대 큰손 국민연금, 본격 코스닥 투자 임박? | 김성주 국민연금공단 이사장 [더 피플]"
2026-05-05 04:52:42,76397,2540,211,"최대 큰손 국민연금, 본격 코스닥 투자 임박? | 김성주 국민연금공단 이사장 [더 피플]"
2026-05-05 05:54:13,76397,2540,211,"최대 큰손 국민연금, 본격 코스닥 투자 임박? | 김성주 국민연금공단 이사장 [더 피플]"
2026-05-05 06:49:02,76397,2540,211,"최대 큰손 국민연금, 본격 코스닥 투자 임박? | 김성주 국민연금공단 이사장 [더 피플]"
2026-05-05 07:42:57,76397,2540,211,"최대 큰손 국민연금, 본격 코스닥 투자 임박? | 김성주 국민연금공단 이사장 [더 피플]"
2026-05-05 08:34:51,76397,2540,211,"최대 큰손 국민연금, 본격 코스닥 투자 임박? | 김성주 국민연금공단 이사장 [더 피플]"
2026-05-05 10:13:43,76397,2540,211,"최대 큰손 국민연금, 본격 코스닥 투자 임박? | 김성주 국민연금공단 이사장 [더 피플]"
2026-05-05 13:26:52,76397,2540,211,"최대 큰손 국민연금, 본격 코스닥 투자 임박? | 김성주 국민연금공단 이사장 [더 피플]"
2026-05-05 15:33:10,76397,2540,211,"최대 큰손 국민연금, 본격 코스닥 투자 임박? | 김성주 국민연금공단 이사장 [더 피플]"
2026-05-05 17:35:14,76397,2540,211,"최대 큰손 국민연금, 본격 코스닥 투자 임박? | 김성주 국민연금공단 이사장 [더 피플]"
2026-05-05 19:22:21,76397,2540,211,"최대 큰손 국민연금, 본격 코스닥 투자 임박? | 김성주 국민연금공단 이사장 [더 피플]"
2026-05-05 20:43:48,76397,2540,211,"최대 큰손 국민연금, 본격 코스닥 투자 임박? | 김성주 국민연금공단 이사장 [더 피플]"
2026-05-05 21:55:02,76397,2540,211,"최대 큰손 국민연금, 본격 코스닥 투자 임박? | 김성주 국민연금공단 이사장 [더 피플]"
2026-05-06 01:24:11,76397,2540,211,"최대 큰손 국민연금, 본격 코스닥 투자 임박? | 김성주 국민연금공단 이사장 [더 피플]"
2026-05-06 02:56:43,76397,2540,211,"최대 큰손 국민연금, 본격 코스닥 투자 임박? | 김성주 국민연금공단 이사장 [더 피플]"
2026-05-06 04:08:09,76397,2540,211,"최대 큰손 국민연금, 본격 코스닥 투자 임박? | 김성주 국민연금공단 이사장 [더 피플]"
2026-05-06 05:18:25,76397,2540,211,"최대 큰손 국민연금, 본격 코스닥 투자 임박? | 김성주 국민연금공단 이사장 [더 피플]"
2026-05-06 06:16:36,76397,2540,211,"최대 큰손 국민연금, 본격 코스닥 투자 임박? | 김성주 국민연금공단 이사장 [더 피플]"
2026-05-06 07:13:27,76397,2540,211,"최대 큰손 국민연금, 본격 코스닥 투자 임박? | 김성주 국민연금공단 이사장 [더 피플]"
2026-05-06 08:10:58,76397,2540,211,"최대 큰손 국민연금, 본격 코스닥 투자 임박? | 김성주 국민연금공단 이사장 [더 피플]"
2026-05-06 09:00:59,76397,2540,211,"최대 큰손 국민연금, 본격 코스닥 투자 임박? | 김성주 국민연금공단 이사장 [더 피플]"
2026-05-06 12:36:17,76397,2540,211,"최대 큰손 국민연금, 본격 코스닥 투자 임박? | 김성주 국민연금공단 이사장 [더 피플]"
2026-05-06 15:18:58,76398,2540,211,"최대 큰손 국민연금, 본격 코스닥 투자 임박? | 김성주 국민연금공단 이사장 [더 피플]"
2026-05-06 19:36:29,76398,2540,211,"최대 큰손 국민연금, 본격 코스닥 투자 임박? | 김성주 국민연금공단 이사장 [더 피플]"
2026-05-06 21:17:00,76398,2540,211,"최대 큰손 국민연금, 본격 코스닥 투자 임박? | 김성주 국민연금공단 이사장 [더 피플]"
2026-05-06 23:48:57,76398,2540,211,"최대 큰손 국민연금, 본격 코스닥 투자 임박? | 김성주 국민연금공단 이사장 [더 피플]"
2026-05-07 01:20:37,76398,2540,211,"최대 큰손 국민연금, 본격 코스닥 투자 임박? | 김성주 국민연금공단 이사장 [더 피플]"
2026-05-07 02:54:44,76398,2540,211,"최대 큰손 국민연금, 본격 코스닥 투자 임박? | 김성주 국민연금공단 이사장 [더 피플]"
2026-05-07 04:15:31,76400,2540,211,"최대 큰손 국민연금, 본격 코스닥 투자 임박? | 김성주 국민연금공단 이사장 [더 피플]"
2026-05-07 05:47:25,76400,2540,211,"최대 큰손 국민연금, 본격 코스닥 투자 임박? | 김성주 국민연금공단 이사장 [더 피플]"
2026-05-07 06:46:28,76400,2540,211,"최대 큰손 국민연금, 본격 코스닥 투자 임박? | 김성주 국민연금공단 이사장 [더 피플]"
2026-05-07 07:33:21,76400,2540,211,"최대 큰손 국민연금, 본격 코스닥 투자 임박? | 김성주 국민연금공단 이사장 [더 피플]"
2026-05-07 08:30:02,76400,2540,211,"최대 큰손 국민연금, 본격 코스닥 투자 임박? | 김성주 국민연금공단 이사장 [더 피플]"
2026-05-07 09:12:26,76400,2540,211,"최대 큰손 국민연금, 본격 코스닥 투자 임박? | 김성주 국민연금공단 이사장 [더 피플]"
2026-05-07 13:03:46,76400,2540,211,"최대 큰손 국민연금, 본격 코스닥 투자 임박? | 김성주 국민연금공단 이사장 [더 피플]"
2026-05-07 15:46:39,76400,2540,211,"최대 큰손 국민연금, 본격 코스닥 투자 임박? | 김성주 국민연금공단 이사장 [더 피플]"
2026-05-07 18:16:48,76400,2540,211,"최대 큰손 국민연금, 본격 코스닥 투자 임박? | 김성주 국민연금공단 이사장 [더 피플]"
2026-05-07 20:20:34,76400,2540,211,"최대 큰손 국민연금, 본격 코스닥 투자 임박? | 김성주 국민연금공단 이사장 [더 피플]"
2026-05-07 22:10:29,76400,2540,211,"최대 큰손 국민연금, 본격 코스닥 투자 임박? | 김성주 국민연금공단 이사장 [더 피플]"
2026-05-08 00:33:27,76400,2540,211,"최대 큰손 국민연금, 본격 코스닥 투자 임박? | 김성주 국민연금공단 이사장 [더 피플]"
2026-05-08 02:19:30,76401,2540,211,"최대 큰손 국민연금, 본격 코스닥 투자 임박? | 김성주 국민연금공단 이사장 [더 피플]"
2026-05-08 04:03:10,76401,2540,211,"최대 큰손 국민연금, 본격 코스닥 투자 임박? | 김성주 국민연금공단 이사장 [더 피플]"
2026-05-08 05:21:21,76401,2540,211,"최대 큰손 국민연금, 본격 코스닥 투자 임박? | 김성주 국민연금공단 이사장 [더 피플]"
2026-05-08 06:16:50,76401,2540,211,"최대 큰손 국민연금, 본격 코스닥 투자 임박? | 김성주 국민연금공단 이사장 [더 피플]"
2026-05-08 07:17:34,76401,2540,211,"최대 큰손 국민연금, 본격 코스닥 투자 임박? | 김성주 국민연금공단 이사장 [더 피플]"
2026-05-08 08:13:07,76401,2540,211,"최대 큰손 국민연금, 본격 코스닥 투자 임박? | 김성주 국민연금공단 이사장 [더 피플]"
2026-05-08 09:06:05,76401,2540,211,"최대 큰손 국민연금, 본격 코스닥 투자 임박? | 김성주 국민연금공단 이사장 [더 피플]"
2026-05-08 12:49:07,76401,2540,211,"최대 큰손 국민연금, 본격 코스닥 투자 임박? | 김성주 국민연금공단 이사장 [더 피플]"
2026-05-08 14:48:41,76401,2540,211,"최대 큰손 국민연금, 본격 코스닥 투자 임박? | 김성주 국민연금공단 이사장 [더 피플]"
2026-05-08 16:10:04,76401,2540,211,"최대 큰손 국민연금, 본격 코스닥 투자 임박? | 김성주 국민연금공단 이사장 [더 피플]"
2026-05-08 17:47:06,76401,2540,211,"최대 큰손 국민연금, 본격 코스닥 투자 임박? | 김성주 국민연금공단 이사장 [더 피플]"
2026-05-08 19:09:58,76401,2540,211,"최대 큰손 국민연금, 본격 코스닥 투자 임박? | 김성주 국민연금공단 이사장 [더 피플]"
2026-05-08 20:43:15,76401,2540,211,"최대 큰손 국민연금, 본격 코스닥 투자 임박? | 김성주 국민연금공단 이사장 [더 피플]"
2026-05-08 21:59:04,76402,2540,211,"최대 큰손 국민연금, 본격 코스닥 투자 임박? | 김성주 국민연금공단 이사장 [더 피플]"
2026-05-08 23:51:16,76405,2540,211,"최대 큰손 국민연금, 본격 코스닥 투자 임박? | 김성주 국민연금공단 이사장 [더 피플]"
2026-05-09 01:04:44,76402,2540,211,"최대 큰손 국민연금, 본격 코스닥 투자 임박? | 김성주 국민연금공단 이사장 [더 피플]"
2026-05-09 02:40:36,76405,2541,211,"최대 큰손 국민연금, 본격 코스닥 투자 임박? | 김성주 국민연금공단 이사장 [더 피플]"
2026-05-09 03:56:25,76405,2541,211,"최대 큰손 국민연금, 본격 코스닥 투자 임박? | 김성주 국민연금공단 이사장 [더 피플]"
2026-05-09 05:04:04,76406,2541,211,"최대 큰손 국민연금, 본격 코스닥 투자 임박? | 김성주 국민연금공단 이사장 [더 피플]"
2026-05-09 06:12:17,76406,2541,211,"최대 큰손 국민연금, 본격 코스닥 투자 임박? | 김성주 국민연금공단 이사장 [더 피플]"
2026-05-09 07:10:32,76407,2541,211,"최대 큰손 국민연금, 본격 코스닥 투자 임박? | 김성주 국민연금공단 이사장 [더 피플]"
2026-05-09 08:08:37,76407,2541,211,"최대 큰손 국민연금, 본격 코스닥 투자 임박? | 김성주 국민연금공단 이사장 [더 피플]"
2026-05-09 09:07:18,76407,2541,211,"최대 큰손 국민연금, 본격 코스닥 투자 임박? | 김성주 국민연금공단 이사장 [더 피플]"
2026-05-09 12:51:30,76408,2541,211,"최대 큰손 국민연금, 본격 코스닥 투자 임박? | 김성주 국민연금공단 이사장 [더 피플]"
2026-05-09 15:06:24,76408,2541,211,"최대 큰손 국민연금, 본격 코스닥 투자 임박? | 김성주 국민연금공단 이사장 [더 피플]"
2026-05-09 17:07:05,76408,2541,211,"최대 큰손 국민연금, 본격 코스닥 투자 임박? | 김성주 국민연금공단 이사장 [더 피플]"
2026-05-09 18:41:39,76408,2541,211,"최대 큰손 국민연금, 본격 코스닥 투자 임박? | 김성주 국민연금공단 이사장 [더 피플]"
2026-05-09 19:35:31,76408,2540,211,"최대 큰손 국민연금, 본격 코스닥 투자 임박? | 김성주 국민연금공단 이사장 [더 피플]"
2026-05-09 20:28:19,76408,2540,211,"최대 큰손 국민연금, 본격 코스닥 투자 임박? | 김성주 국민연금공단 이사장 [더 피플]"
2026-05-09 21:08:23,76408,2540,211,"최대 큰손 국민연금, 본격 코스닥 투자 임박? | 김성주 국민연금공단 이사장 [더 피플]"
2026-05-09 22:48:30,76408,2540,211,"최대 큰손 국민연금, 본격 코스닥 투자 임박? | 김성주 국민연금공단 이사장 [더 피플]"
2026-05-09 23:39:00,76408,2540,211,"최대 큰손 국민연금, 본격 코스닥 투자 임박? | 김성주 국민연금공단 이사장 [더 피플]"
2026-05-10 00:33:36,76408,2540,211,"최대 큰손 국민연금, 본격 코스닥 투자 임박? | 김성주 국민연금공단 이사장 [더 피플]"
2026-05-10 01:30:16,76408,2540,211,"최대 큰손 국민연금, 본격 코스닥 투자 임박? | 김성주 국민연금공단 이사장 [더 피플]"
2026-05-10 02:28:56,76408,2540,211,"최대 큰손 국민연금, 본격 코스닥 투자 임박? | 김성주 국민연금공단 이사장 [더 피플]"
2026-05-10 03:12:58,76408,2540,211,"최대 큰손 국민연금, 본격 코스닥 투자 임박? | 김성주 국민연금공단 이사장 [더 피플]"
2026-05-10 04:32:17,76408,2540,211,"최대 큰손 국민연금, 본격 코스닥 투자 임박? | 김성주 국민연금공단 이사장 [더 피플]"
2026-05-10 05:10:03,76408,2540,211,"최대 큰손 국민연금, 본격 코스닥 투자 임박? | 김성주 국민연금공단 이사장 [더 피플]"
2026-05-10 06:00:29,76408,2540,211,"최대 큰손 국민연금, 본격 코스닥 투자 임박? | 김성주 국민연금공단 이사장 [더 피플]"
2026-05-10 06:49:53,76408,2540,211,"최대 큰손 국민연금, 본격 코스닥 투자 임박? | 김성주 국민연금공단 이사장 [더 피플]"
2026-05-10 07:28:07,76408,2540,211,"최대 큰손 국민연금, 본격 코스닥 투자 임박? | 김성주 국민연금공단 이사장 [더 피플]"
2026-05-10 08:11:52,76408,2540,211,"최대 큰손 국민연금, 본격 코스닥 투자 임박? | 김성주 국민연금공단 이사장 [더 피플]"
2026-05-10 09:02:23,76408,2540,211,"최대 큰손 국민연금, 본격 코스닥 투자 임박? | 김성주 국민연금공단 이사장 [더 피플]"
2026-05-10 13:02:37,76408,2540,211,"최대 큰손 국민연금, 본격 코스닥 투자 임박? | 김성주 국민연금공단 이사장 [더 피플]"
2026-05-10 15:39:26,76408,2539,211,"최대 큰손 국민연금, 본격 코스닥 투자 임박? | 김성주 국민연금공단 이사장 [더 피플]"
2026-05-10 17:28:13,76410,2539,211,"최대 큰손 국민연금, 본격 코스닥 투자 임박? | 김성주 국민연금공단 이사장 [더 피플]"
2026-05-10 18:52:45,76410,2539,211,"최대 큰손 국민연금, 본격 코스닥 투자 임박? | 김성주 국민연금공단 이사장 [더 피플]"
2026-05-10 19:49:39,76410,2539,211,"최대 큰손 국민연금, 본격 코스닥 투자 임박? | 김성주 국민연금공단 이사장 [더 피플]"
2026-05-10 20:37:16,76411,2539,211,"최대 큰손 국민연금, 본격 코스닥 투자 임박? | 김성주 국민연금공단 이사장 [더 피플]"
2026-05-10 21:36:18,76410,2539,211,"최대 큰손 국민연금, 본격 코스닥 투자 임박? | 김성주 국민연금공단 이사장 [더 피플]"
2026-05-10 23:03:27,76410,2539,211,"최대 큰손 국민연금, 본격 코스닥 투자 임박? | 김성주 국민연금공단 이사장 [더 피플]"
2026-05-11 00:03:08,76411,2539,211,"최대 큰손 국민연금, 본격 코스닥 투자 임박? | 김성주 국민연금공단 이사장 [더 피플]"
2026-05-11 01:01:12,76411,2539,211,"최대 큰손 국민연금, 본격 코스닥 투자 임박? | 김성주 국민연금공단 이사장 [더 피플]"
2026-05-11 02:01:20,76411,2539,211,"최대 큰손 국민연금, 본격 코스닥 투자 임박? | 김성주 국민연금공단 이사장 [더 피플]"
2026-05-11 02:55:28,76411,2539,211,"최대 큰손 국민연금, 본격 코스닥 투자 임박? | 김성주 국민연금공단 이사장 [더 피플]"
2026-05-11 03:44:20,76411,2539,211,"최대 큰손 국민연금, 본격 코스닥 투자 임박? | 김성주 국민연금공단 이사장 [더 피플]"
2026-05-11 04:45:45,76411,2539,211,"최대 큰손 국민연금, 본격 코스닥 투자 임박? | 김성주 국민연금공단 이사장 [더 피플]"
2026-05-11 05:30:20,76411,2539,211,"최대 큰손 국민연금, 본격 코스닥 투자 임박? | 김성주 국민연금공단 이사장 [더 피플]"
2026-05-11 06:13:13,76411,2539,211,"최대 큰손 국민연금, 본격 코스닥 투자 임박? | 김성주 국민연금공단 이사장 [더 피플]"
2026-05-11 07:04:17,76411,2539,211,"최대 큰손 국민연금, 본격 코스닥 투자 임박? | 김성주 국민연금공단 이사장 [더 피플]"
2026-05-11 07:59:55,76411,2539,211,"최대 큰손 국민연금, 본격 코스닥 투자 임박? | 김성주 국민연금공단 이사장 [더 피플]"
2026-05-11 08:54:28,76411,2539,211,"최대 큰손 국민연금, 본격 코스닥 투자 임박? | 김성주 국민연금공단 이사장 [더 피플]"
2026-05-11 10:45:33,76411,2539,211,"최대 큰손 국민연금, 본격 코스닥 투자 임박? | 김성주 국민연금공단 이사장 [더 피플]"
2026-05-11 14:43:53,76412,2539,211,"최대 큰손 국민연금, 본격 코스닥 투자 임박? | 김성주 국민연금공단 이사장 [더 피플]"
2026-05-11 17:46:42,76413,2539,211,"최대 큰손 국민연금, 본격 코스닥 투자 임박? | 김성주 국민연금공단 이사장 [더 피플]"
2026-05-11 20:49:06,76414,2539,211,"최대 큰손 국민연금, 본격 코스닥 투자 임박? | 김성주 국민연금공단 이사장 [더 피플]"
2026-05-11 23:12:32,76414,2539,211,"최대 큰손 국민연금, 본격 코스닥 투자 임박? | 김성주 국민연금공단 이사장 [더 피플]"
2026-05-12 01:44:12,76414,2539,211,"최대 큰손 국민연금, 본격 코스닥 투자 임박? | 김성주 국민연금공단 이사장 [더 피플]"
2026-05-12 03:25:01,76414,2539,211,"최대 큰손 국민연금, 본격 코스닥 투자 임박? | 김성주 국민연금공단 이사장 [더 피플]"
2026-05-12 05:10:53,76414,2539,211,"최대 큰손 국민연금, 본격 코스닥 투자 임박? | 김성주 국민연금공단 이사장 [더 피플]"
2026-05-12 06:40:03,76414,2539,211,"최대 큰손 국민연금, 본격 코스닥 투자 임박? | 김성주 국민연금공단 이사장 [더 피플]"
2026-05-12 07:37:20,76414,2539,211,"최대 큰손 국민연금, 본격 코스닥 투자 임박? | 김성주 국민연금공단 이사장 [더 피플]"
2026-05-12 08:35:22,76414,2539,211,"최대 큰손 국민연금, 본격 코스닥 투자 임박? | 김성주 국민연금공단 이사장 [더 피플]"
2026-05-12 10:19:31,76414,2539,211,"최대 큰손 국민연금, 본격 코스닥 투자 임박? | 김성주 국민연금공단 이사장 [더 피플]"
2026-05-12 13:49:40,76415,2539,211,"최대 큰손 국민연금, 본격 코스닥 투자 임박? | 김성주 국민연금공단 이사장 [더 피플]"
2026-05-12 16:33:15,76415,2539,211,"최대 큰손 국민연금, 본격 코스닥 투자 임박? | 김성주 국민연금공단 이사장 [더 피플]"
2026-05-12 19:07:22,76418,2539,211,"최대 큰손 국민연금, 본격 코스닥 투자 임박? | 김성주 국민연금공단 이사장 [더 피플]"
2026-05-12 21:07:14,76419,2539,211,"최대 큰손 국민연금, 본격 코스닥 투자 임박? | 김성주 국민연금공단 이사장 [더 피플]"
2026-05-12 23:46:40,76419,2539,211,"최대 큰손 국민연금, 본격 코스닥 투자 임박? | 김성주 국민연금공단 이사장 [더 피플]"
2026-05-13 01:57:40,76420,2539,211,"최대 큰손 국민연금, 본격 코스닥 투자 임박? | 김성주 국민연금공단 이사장 [더 피플]"
2026-05-13 03:53:13,76420,2539,211,"최대 큰손 국민연금, 본격 코스닥 투자 임박? | 김성주 국민연금공단 이사장 [더 피플]"
2026-05-13 05:21:49,76420,2539,211,"최대 큰손 국민연금, 본격 코스닥 투자 임박? | 김성주 국민연금공단 이사장 [더 피플]"
2026-05-13 06:44:22,76423,2539,211,"최대 큰손 국민연금, 본격 코스닥 투자 임박? | 김성주 국민연금공단 이사장 [더 피플]"
2026-05-13 07:46:00,76423,2539,211,"최대 큰손 국민연금, 본격 코스닥 투자 임박? | 김성주 국민연금공단 이사장 [더 피플]"
2026-05-13 08:42:39,76423,2539,211,"최대 큰손 국민연금, 본격 코스닥 투자 임박? | 김성주 국민연금공단 이사장 [더 피플]"
2026-05-13 10:28:23,76423,2539,211,"최대 큰손 국민연금, 본격 코스닥 투자 임박? | 김성주 국민연금공단 이사장 [더 피플]"
2026-05-13 14:07:07,76424,2539,211,"최대 큰손 국민연금, 본격 코스닥 투자 임박? | 김성주 국민연금공단 이사장 [더 피플]"
2026-05-13 17:08:51,76424,2539,211,"최대 큰손 국민연금, 본격 코스닥 투자 임박? | 김성주 국민연금공단 이사장 [더 피플]"
2026-05-13 19:39:59,76425,2539,211,"최대 큰손 국민연금, 본격 코스닥 투자 임박? | 김성주 국민연금공단 이사장 [더 피플]"
2026-05-13 21:30:14,76426,2539,211,"최대 큰손 국민연금, 본격 코스닥 투자 임박? | 김성주 국민연금공단 이사장 [더 피플]"
2026-05-14 00:25:01,76427,2539,211,"최대 큰손 국민연금, 본격 코스닥 투자 임박? | 김성주 국민연금공단 이사장 [더 피플]"
2026-05-14 02:30:59,76427,2539,211,"최대 큰손 국민연금, 본격 코스닥 투자 임박? | 김성주 국민연금공단 이사장 [더 피플]"
2026-05-14 04:18:10,76428,2539,211,"최대 큰손 국민연금, 본격 코스닥 투자 임박? | 김성주 국민연금공단 이사장 [더 피플]"
2026-05-14 05:56:58,76428,2539,211,"최대 큰손 국민연금, 본격 코스닥 투자 임박? | 김성주 국민연금공단 이사장 [더 피플]"
2026-05-14 07:06:01,76428,2539,211,"최대 큰손 국민연금, 본격 코스닥 투자 임박? | 김성주 국민연금공단 이사장 [더 피플]"
2026-05-14 08:16:46,76428,2539,211,"최대 큰손 국민연금, 본격 코스닥 투자 임박? | 김성주 국민연금공단 이사장 [더 피플]"
2026-05-14 09:16:27,76428,2539,211,"최대 큰손 국민연금, 본격 코스닥 투자 임박? | 김성주 국민연금공단 이사장 [더 피플]"
2026-05-14 13:13:50,76428,2539,211,"최대 큰손 국민연금, 본격 코스닥 투자 임박? | 김성주 국민연금공단 이사장 [더 피플]"
2026-05-14 16:20:56,76428,2539,211,"최대 큰손 국민연금, 본격 코스닥 투자 임박? | 김성주 국민연금공단 이사장 [더 피플]"
2026-05-14 18:41:38,76429,2539,211,"최대 큰손 국민연금, 본격 코스닥 투자 임박? | 김성주 국민연금공단 이사장 [더 피플]"
2026-05-14 20:28:41,76429,2539,211,"최대 큰손 국민연금, 본격 코스닥 투자 임박? | 김성주 국민연금공단 이사장 [더 피플]"
2026-05-14 22:14:08,76429,2539,211,"최대 큰손 국민연금, 본격 코스닥 투자 임박? | 김성주 국민연금공단 이사장 [더 피플]"
2026-05-15 00:32:36,76429,2539,211,"최대 큰손 국민연금, 본격 코스닥 투자 임박? | 김성주 국민연금공단 이사장 [더 피플]"
2026-05-15 02:21:19,76429,2539,211,"최대 큰손 국민연금, 본격 코스닥 투자 임박? | 김성주 국민연금공단 이사장 [더 피플]"
2026-05-15 04:12:46,76429,2539,211,"최대 큰손 국민연금, 본격 코스닥 투자 임박? | 김성주 국민연금공단 이사장 [더 피플]"
2026-05-15 05:44:43,76430,2539,211,"최대 큰손 국민연금, 본격 코스닥 투자 임박? | 김성주 국민연금공단 이사장 [더 피플]"
2026-05-15 06:50:30,76430,2539,211,"최대 큰손 국민연금, 본격 코스닥 투자 임박? | 김성주 국민연금공단 이사장 [더 피플]"
2026-05-15 07:44:40,76430,2539,211,"최대 큰손 국민연금, 본격 코스닥 투자 임박? | 김성주 국민연금공단 이사장 [더 피플]"
2026-05-15 08:37:43,76430,2539,211,"최대 큰손 국민연금, 본격 코스닥 투자 임박? | 김성주 국민연금공단 이사장 [더 피플]"
2026-05-15 10:27:47,76431,2540,211,"최대 큰손 국민연금, 본격 코스닥 투자 임박? | 김성주 국민연금공단 이사장 [더 피플]"
2026-05-15 14:09:37,76431,2540,211,"최대 큰손 국민연금, 본격 코스닥 투자 임박? | 김성주 국민연금공단 이사장 [더 피플]"
2026-05-15 17:15:16,76431,2540,211,"최대 큰손 국민연금, 본격 코스닥 투자 임박? | 김성주 국민연금공단 이사장 [더 피플]"
2026-05-15 19:38:21,76431,2540,211,"최대 큰손 국민연금, 본격 코스닥 투자 임박? | 김성주 국민연금공단 이사장 [더 피플]"
2026-05-15 21:20:14,76431,2540,211,"최대 큰손 국민연금, 본격 코스닥 투자 임박? | 김성주 국민연금공단 이사장 [더 피플]"
2026-05-15 23:39:49,76431,2540,211,"최대 큰손 국민연금, 본격 코스닥 투자 임박? | 김성주 국민연금공단 이사장 [더 피플]"
2026-05-16 01:22:47,76432,2540,211,"최대 큰손 국민연금, 본격 코스닥 투자 임박? | 김성주 국민연금공단 이사장 [더 피플]"
2026-05-16 02:55:45,76432,2540,211,"최대 큰손 국민연금, 본격 코스닥 투자 임박? | 김성주 국민연금공단 이사장 [더 피플]"
2026-05-16 04:16:17,76432,2540,211,"최대 큰손 국민연금, 본격 코스닥 투자 임박? | 김성주 국민연금공단 이사장 [더 피플]"
2026-05-16 05:35:29,76434,2540,211,"최대 큰손 국민연금, 본격 코스닥 투자 임박? | 김성주 국민연금공단 이사장 [더 피플]"
2026-05-16 06:37:48,76434,2540,211,"최대 큰손 국민연금, 본격 코스닥 투자 임박? | 김성주 국민연금공단 이사장 [더 피플]"
2026-05-16 07:33:46,76434,2540,211,"최대 큰손 국민연금, 본격 코스닥 투자 임박? | 김성주 국민연금공단 이사장 [더 피플]"
2026-05-16 08:30:41,76434,2540,211,"최대 큰손 국민연금, 본격 코스닥 투자 임박? | 김성주 국민연금공단 이사장 [더 피플]"
2026-05-16 10:16:07,76434,2540,211,"최대 큰손 국민연금, 본격 코스닥 투자 임박? | 김성주 국민연금공단 이사장 [더 피플]"
2026-05-16 13:39:24,76436,2540,211,"최대 큰손 국민연금, 본격 코스닥 투자 임박? | 김성주 국민연금공단 이사장 [더 피플]"
2026-05-16 16:01:14,76437,2540,211,"최대 큰손 국민연금, 본격 코스닥 투자 임박? | 김성주 국민연금공단 이사장 [더 피플]"
2026-05-16 17:50:48,76437,2540,211,"최대 큰손 국민연금, 본격 코스닥 투자 임박? | 김성주 국민연금공단 이사장 [더 피플]"
2026-05-16 19:04:51,76437,2540,211,"최대 큰손 국민연금, 본격 코스닥 투자 임박? | 김성주 국민연금공단 이사장 [더 피플]"
2026-05-16 20:12:23,76437,2540,211,"최대 큰손 국민연금, 본격 코스닥 투자 임박? | 김성주 국민연금공단 이사장 [더 피플]"
2026-05-16 21:04:35,76437,2540,211,"최대 큰손 국민연금, 본격 코스닥 투자 임박? | 김성주 국민연금공단 이사장 [더 피플]"
2026-05-16 22:52:41,76435,2540,211,"최대 큰손 국민연금, 본격 코스닥 투자 임박? | 김성주 국민연금공단 이사장 [더 피플]"
2026-05-16 23:44:34,76435,2540,211,"최대 큰손 국민연금, 본격 코스닥 투자 임박? | 김성주 국민연금공단 이사장 [더 피플]"
2026-05-17 00:41:11,76435,2540,211,"최대 큰손 국민연금, 본격 코스닥 투자 임박? | 김성주 국민연금공단 이사장 [더 피플]"
2026-05-17 01:35:12,76435,2540,211,"최대 큰손 국민연금, 본격 코스닥 투자 임박? | 김성주 국민연금공단 이사장 [더 피플]"
2026-05-17 02:32:42,76435,2540,211,"최대 큰손 국민연금, 본격 코스닥 투자 임박? | 김성주 국민연금공단 이사장 [더 피플]"
2026-05-17 03:33:16,76435,2540,211,"최대 큰손 국민연금, 본격 코스닥 투자 임박? | 김성주 국민연금공단 이사장 [더 피플]"
2026-05-17 04:41:22,76437,2540,211,"최대 큰손 국민연금, 본격 코스닥 투자 임박? | 김성주 국민연금공단 이사장 [더 피플]"
2026-05-17 05:26:10,76437,2540,211,"최대 큰손 국민연금, 본격 코스닥 투자 임박? | 김성주 국민연금공단 이사장 [더 피플]"
2026-05-17 06:08:33,76437,2540,211,"최대 큰손 국민연금, 본격 코스닥 투자 임박? | 김성주 국민연금공단 이사장 [더 피플]"
2026-05-17 07:01:17,76437,2540,211,"최대 큰손 국민연금, 본격 코스닥 투자 임박? | 김성주 국민연금공단 이사장 [더 피플]"
2026-05-17 07:53:48,76437,2540,211,"최대 큰손 국민연금, 본격 코스닥 투자 임박? | 김성주 국민연금공단 이사장 [더 피플]"
2026-05-17 08:37:39,76437,2540,211,"최대 큰손 국민연금, 본격 코스닥 투자 임박? | 김성주 국민연금공단 이사장 [더 피플]"
2026-05-17 10:28:34,76437,2540,211,"최대 큰손 국민연금, 본격 코스닥 투자 임박? | 김성주 국민연금공단 이사장 [더 피플]"
2026-05-17 14:08:23,76438,2540,211,"최대 큰손 국민연금, 본격 코스닥 투자 임박? | 김성주 국민연금공단 이사장 [더 피플]"
2026-05-17 16:42:02,76438,2540,211,"최대 큰손 국민연금, 본격 코스닥 투자 임박? | 김성주 국민연금공단 이사장 [더 피플]"
2026-05-17 18:23:35,76438,2540,211,"최대 큰손 국민연금, 본격 코스닥 투자 임박? | 김성주 국민연금공단 이사장 [더 피플]"
2026-05-17 19:45:39,76438,2540,211,"최대 큰손 국민연금, 본격 코스닥 투자 임박? | 김성주 국민연금공단 이사장 [더 피플]"
2026-05-17 20:45:18,76438,2540,211,"최대 큰손 국민연금, 본격 코스닥 투자 임박? | 김성주 국민연금공단 이사장 [더 피플]"
2026-05-17 21:40:14,76438,2540,211,"최대 큰손 국민연금, 본격 코스닥 투자 임박? | 김성주 국민연금공단 이사장 [더 피플]"
2026-05-17 23:08:58,76438,2540,211,"최대 큰손 국민연금, 본격 코스닥 투자 임박? | 김성주 국민연금공단 이사장 [더 피플]"
2026-05-18 00:14:38,76438,2540,211,"최대 큰손 국민연금, 본격 코스닥 투자 임박? | 김성주 국민연금공단 이사장 [더 피플]"
2026-05-18 01:11:24,76438,2540,211,"최대 큰손 국민연금, 본격 코스닥 투자 임박? | 김성주 국민연금공단 이사장 [더 피플]"
2026-05-18 02:12:23,76438,2540,211,"최대 큰손 국민연금, 본격 코스닥 투자 임박? | 김성주 국민연금공단 이사장 [더 피플]"
2026-05-18 03:09:04,76439,2540,211,"최대 큰손 국민연금, 본격 코스닥 투자 임박? | 김성주 국민연금공단 이사장 [더 피플]"
2026-05-18 04:33:10,76439,2540,211,"최대 큰손 국민연금, 본격 코스닥 투자 임박? | 김성주 국민연금공단 이사장 [더 피플]"
2026-05-18 05:25:45,76439,2540,211,"최대 큰손 국민연금, 본격 코스닥 투자 임박? | 김성주 국민연금공단 이사장 [더 피플]"
2026-05-18 06:11:49,76439,2540,211,"최대 큰손 국민연금, 본격 코스닥 투자 임박? | 김성주 국민연금공단 이사장 [더 피플]"
2026-05-18 07:07:22,76439,2540,211,"최대 큰손 국민연금, 본격 코스닥 투자 임박? | 김성주 국민연금공단 이사장 [더 피플]"
2026-05-18 08:07:14,76439,2540,211,"최대 큰손 국민연금, 본격 코스닥 투자 임박? | 김성주 국민연금공단 이사장 [더 피플]"
2026-05-18 09:07:33,76440,2540,211,"최대 큰손 국민연금, 본격 코스닥 투자 임박? | 김성주 국민연금공단 이사장 [더 피플]"
2026-05-18 13:37:57,76441,2540,211,"최대 큰손 국민연금, 본격 코스닥 투자 임박? | 김성주 국민연금공단 이사장 [더 피플]"
2026-05-18 17:33:43,76445,2540,211,"최대 큰손 국민연금, 본격 코스닥 투자 임박? | 김성주 국민연금공단 이사장 [더 피플]"
2026-05-18 21:00:47,76445,2540,211,"최대 큰손 국민연금, 본격 코스닥 투자 임박? | 김성주 국민연금공단 이사장 [더 피플]"
2026-05-19 00:40:22,76445,2540,211,"최대 큰손 국민연금, 본격 코스닥 투자 임박? | 김성주 국민연금공단 이사장 [더 피플]"
2026-05-19 02:47:14,76447,2540,211,"최대 큰손 국민연금, 본격 코스닥 투자 임박? | 김성주 국민연금공단 이사장 [더 피플]"
2026-05-19 04:16:44,76447,2540,211,"최대 큰손 국민연금, 본격 코스닥 투자 임박? | 김성주 국민연금공단 이사장 [더 피플]"
2026-05-19 05:47:57,76448,2540,211,"최대 큰손 국민연금, 본격 코스닥 투자 임박? | 김성주 국민연금공단 이사장 [더 피플]"
2026-05-19 06:52:53,76448,2540,211,"최대 큰손 국민연금, 본격 코스닥 투자 임박? | 김성주 국민연금공단 이사장 [더 피플]"
2026-05-19 07:44:06,76448,2540,211,"최대 큰손 국민연금, 본격 코스닥 투자 임박? | 김성주 국민연금공단 이사장 [더 피플]"
2026-05-19 08:45:31,76448,2540,211,"최대 큰손 국민연금, 본격 코스닥 투자 임박? | 김성주 국민연금공단 이사장 [더 피플]"
2026-05-19 10:48:08,76448,2540,211,"최대 큰손 국민연금, 본격 코스닥 투자 임박? | 김성주 국민연금공단 이사장 [더 피플]"
2026-05-19 14:51:40,76448,2540,211,"최대 큰손 국민연금, 본격 코스닥 투자 임박? | 김성주 국민연금공단 이사장 [더 피플]"
2026-05-19 17:50:38,76450,2540,211,"최대 큰손 국민연금, 본격 코스닥 투자 임박? | 김성주 국민연금공단 이사장 [더 피플]"
2026-05-19 20:48:02,76450,2540,211,"최대 큰손 국민연금, 본격 코스닥 투자 임박? | 김성주 국민연금공단 이사장 [더 피플]"
2026-05-19 23:18:02,76450,2540,211,"최대 큰손 국민연금, 본격 코스닥 투자 임박? | 김성주 국민연금공단 이사장 [더 피플]"
2026-05-20 02:17:18,76447,2540,211,"최대 큰손 국민연금, 본격 코스닥 투자 임박? | 김성주 국민연금공단 이사장 [더 피플]"
2026-05-20 04:19:06,76447,2540,211,"최대 큰손 국민연금, 본격 코스닥 투자 임박? | 김성주 국민연금공단 이사장 [더 피플]"
2026-05-20 05:53:01,76448,2540,211,"최대 큰손 국민연금, 본격 코스닥 투자 임박? | 김성주 국민연금공단 이사장 [더 피플]"
2026-05-20 07:01:55,76448,2540,211,"최대 큰손 국민연금, 본격 코스닥 투자 임박? | 김성주 국민연금공단 이사장 [더 피플]"
2026-05-20 08:11:47,76448,2540,211,"최대 큰손 국민연금, 본격 코스닥 투자 임박? | 김성주 국민연금공단 이사장 [더 피플]"
2026-05-20 09:17:11,76448,2540,211,"최대 큰손 국민연금, 본격 코스닥 투자 임박? | 김성주 국민연금공단 이사장 [더 피플]"
2026-05-20 13:38:21,76449,2540,211,"최대 큰손 국민연금, 본격 코스닥 투자 임박? | 김성주 국민연금공단 이사장 [더 피플]"
2026-05-20 17:03:19,76450,2540,211,"최대 큰손 국민연금, 본격 코스닥 투자 임박? | 김성주 국민연금공단 이사장 [더 피플]"
2026-05-20 20:15:43,76450,2540,211,"최대 큰손 국민연금, 본격 코스닥 투자 임박? | 김성주 국민연금공단 이사장 [더 피플]"
2026-05-20 22:46:56,76450,2540,211,"최대 큰손 국민연금, 본격 코스닥 투자 임박? | 김성주 국민연금공단 이사장 [더 피플]"
2026-05-21 01:39:13,76450,2540,211,"최대 큰손 국민연금, 본격 코스닥 투자 임박? | 김성주 국민연금공단 이사장 [더 피플]"
2026-05-21 04:04:41,76450,2540,211,"최대 큰손 국민연금, 본격 코스닥 투자 임박? | 김성주 국민연금공단 이사장 [더 피플]"
2026-05-21 06:05:39,76450,2540,211,"최대 큰손 국민연금, 본격 코스닥 투자 임박? | 김성주 국민연금공단 이사장 [더 피플]"
2026-05-21 07:40:37,76450,2540,211,"최대 큰손 국민연금, 본격 코스닥 투자 임박? | 김성주 국민연금공단 이사장 [더 피플]"
2026-05-21 08:52:20,76452,2540,211,"최대 큰손 국민연금, 본격 코스닥 투자 임박? | 김성주 국민연금공단 이사장 [더 피플]"
2026-05-21 10:50:12,76452,2540,211,"최대 큰손 국민연금, 본격 코스닥 투자 임박? | 김성주 국민연금공단 이사장 [더 피플]"
2026-05-21 14:56:12,76452,2540,211,"최대 큰손 국민연금, 본격 코스닥 투자 임박? | 김성주 국민연금공단 이사장 [더 피플]"
2026-05-21 17:57:58,76452,2540,211,"최대 큰손 국민연금, 본격 코스닥 투자 임박? | 김성주 국민연금공단 이사장 [더 피플]"
2026-05-21 21:11:39,76452,2540,211,"최대 큰손 국민연금, 본격 코스닥 투자 임박? | 김성주 국민연금공단 이사장 [더 피플]"
2026-05-22 00:50:34,76452,2540,211,"최대 큰손 국민연금, 본격 코스닥 투자 임박? | 김성주 국민연금공단 이사장 [더 피플]"
2026-05-22 02:47:07,76452,2540,211,"최대 큰손 국민연금, 본격 코스닥 투자 임박? | 김성주 국민연금공단 이사장 [더 피플]"
2026-05-22 04:30:00,76452,2540,211,"최대 큰손 국민연금, 본격 코스닥 투자 임박? | 김성주 국민연금공단 이사장 [더 피플]"
2026-05-22 06:12:36,76452,2540,211,"최대 큰손 국민연금, 본격 코스닥 투자 임박? | 김성주 국민연금공단 이사장 [더 피플]"
2026-05-22 07:40:15,76452,2540,211,"최대 큰손 국민연금, 본격 코스닥 투자 임박? | 김성주 국민연금공단 이사장 [더 피플]"
2026-05-22 08:39:17,76452,2540,211,"최대 큰손 국민연금, 본격 코스닥 투자 임박? | 김성주 국민연금공단 이사장 [더 피플]"
2026-05-22 10:33:33,76452,2540,211,"최대 큰손 국민연금, 본격 코스닥 투자 임박? | 김성주 국민연금공단 이사장 [더 피플]"
2026-05-22 14:44:23,76452,2540,211,"최대 큰손 국민연금, 본격 코스닥 투자 임박? | 김성주 국민연금공단 이사장 [더 피플]"
2026-05-22 17:39:14,76451,2540,211,"최대 큰손 국민연금, 본격 코스닥 투자 임박? | 김성주 국민연금공단 이사장 [더 피플]"
2026-05-22 20:27:52,76451,2540,211,"최대 큰손 국민연금, 본격 코스닥 투자 임박? | 김성주 국민연금공단 이사장 [더 피플]"
2026-05-22 22:42:10,76451,2540,211,"최대 큰손 국민연금, 본격 코스닥 투자 임박? | 김성주 국민연금공단 이사장 [더 피플]"
2026-05-23 01:05:12,76451,2540,211,"최대 큰손 국민연금, 본격 코스닥 투자 임박? | 김성주 국민연금공단 이사장 [더 피플]"
2026-05-23 03:00:02,76451,2540,211,"최대 큰손 국민연금, 본격 코스닥 투자 임박? | 김성주 국민연금공단 이사장 [더 피플]"
2026-05-23 04:48:50,76453,2540,211,"최대 큰손 국민연금, 본격 코스닥 투자 임박? | 김성주 국민연금공단 이사장 [더 피플]"
2026-05-23 06:00:17,76453,2540,211,"최대 큰손 국민연금, 본격 코스닥 투자 임박? | 김성주 국민연금공단 이사장 [더 피플]"
2026-05-23 07:09:54,76453,2540,211,"최대 큰손 국민연금, 본격 코스닥 투자 임박? | 김성주 국민연금공단 이사장 [더 피플]"
2026-05-23 08:17:38,76453,2540,211,"최대 큰손 국민연금, 본격 코스닥 투자 임박? | 김성주 국민연금공단 이사장 [더 피플]"
2026-05-23 09:16:44,76453,2540,211,"최대 큰손 국민연금, 본격 코스닥 투자 임박? | 김성주 국민연금공단 이사장 [더 피플]"
2026-05-23 13:09:24,76453,2540,211,"최대 큰손 국민연금, 본격 코스닥 투자 임박? | 김성주 국민연금공단 이사장 [더 피플]"
2026-05-23 15:43:07,76453,2540,211,"최대 큰손 국민연금, 본격 코스닥 투자 임박? | 김성주 국민연금공단 이사장 [더 피플]"
2026-05-23 19:18:03,76454,2540,211,"최대 큰손 국민연금, 본격 코스닥 투자 임박? | 김성주 국민연금공단 이사장 [더 피플]"
2026-05-23 20:37:06,76454,2540,211,"최대 큰손 국민연금, 본격 코스닥 투자 임박? | 김성주 국민연금공단 이사장 [더 피플]"
2026-05-23 21:40:01,76454,2540,211,"최대 큰손 국민연금, 본격 코스닥 투자 임박? | 김성주 국민연금공단 이사장 [더 피플]"
2026-05-23 23:12:26,76454,2540,211,"최대 큰손 국민연금, 본격 코스닥 투자 임박? | 김성주 국민연금공단 이사장 [더 피플]"
2026-05-24 00:18:42,76455,2540,211,"최대 큰손 국민연금, 본격 코스닥 투자 임박? | 김성주 국민연금공단 이사장 [더 피플]"
2026-05-24 01:15:01,76455,2540,211,"최대 큰손 국민연금, 본격 코스닥 투자 임박? | 김성주 국민연금공단 이사장 [더 피플]"
2026-05-24 02:17:52,76455,2540,211,"최대 큰손 국민연금, 본격 코스닥 투자 임박? | 김성주 국민연금공단 이사장 [더 피플]"
2026-05-24 03:12:01,76455,2540,211,"최대 큰손 국민연금, 본격 코스닥 투자 임박? | 김성주 국민연금공단 이사장 [더 피플]"
2026-05-24 04:36:22,76455,2540,211,"최대 큰손 국민연금, 본격 코스닥 투자 임박? | 김성주 국민연금공단 이사장 [더 피플]"
2026-05-24 05:29:02,76455,2540,211,"최대 큰손 국민연금, 본격 코스닥 투자 임박? | 김성주 국민연금공단 이사장 [더 피플]"
2026-05-24 06:25:56,76455,2540,211,"최대 큰손 국민연금, 본격 코스닥 투자 임박? | 김성주 국민연금공단 이사장 [더 피플]"
2026-05-24 07:12:09,76455,2540,211,"최대 큰손 국민연금, 본격 코스닥 투자 임박? | 김성주 국민연금공단 이사장 [더 피플]"
2026-05-24 08:09:50,76455,2540,211,"최대 큰손 국민연금, 본격 코스닥 투자 임박? | 김성주 국민연금공단 이사장 [더 피플]"
2026-05-24 09:09:01,76455,2540,211,"최대 큰손 국민연금, 본격 코스닥 투자 임박? | 김성주 국민연금공단 이사장 [더 피플]"
2026-05-24 13:36:12,76456,2540,211,"최대 큰손 국민연금, 본격 코스닥 투자 임박? | 김성주 국민연금공단 이사장 [더 피플]"
2026-05-24 16:38:24,76457,2540,211,"최대 큰손 국민연금, 본격 코스닥 투자 임박? | 김성주 국민연금공단 이사장 [더 피플]"
2026-05-24 18:30:23,76457,2540,211,"최대 큰손 국민연금, 본격 코스닥 투자 임박? | 김성주 국민연금공단 이사장 [더 피플]"
2026-05-24 19:55:29,76457,2540,211,"최대 큰손 국민연금, 본격 코스닥 투자 임박? | 김성주 국민연금공단 이사장 [더 피플]"
2026-05-24 20:57:37,76457,2540,211,"최대 큰손 국민연금, 본격 코스닥 투자 임박? | 김성주 국민연금공단 이사장 [더 피플]"
2026-05-24 22:15:18,76457,2540,211,"최대 큰손 국민연금, 본격 코스닥 투자 임박? | 김성주 국민연금공단 이사장 [더 피플]"
2026-05-24 23:43:11,76457,2540,211,"최대 큰손 국민연금, 본격 코스닥 투자 임박? | 김성주 국민연금공단 이사장 [더 피플]"
2026-05-25 00:47:15,76457,2540,211,"최대 큰손 국민연금, 본격 코스닥 투자 임박? | 김성주 국민연금공단 이사장 [더 피플]"
2026-05-25 01:44:35,76457,2540,211,"최대 큰손 국민연금, 본격 코스닥 투자 임박? | 김성주 국민연금공단 이사장 [더 피플]"
2026-05-25 02:41:48,76457,2540,211,"최대 큰손 국민연금, 본격 코스닥 투자 임박? | 김성주 국민연금공단 이사장 [더 피플]"
2026-05-25 03:46:38,76457,2540,211,"최대 큰손 국민연금, 본격 코스닥 투자 임박? | 김성주 국민연금공단 이사장 [더 피플]"
2026-05-25 04:52:29,76457,2540,211,"최대 큰손 국민연금, 본격 코스닥 투자 임박? | 김성주 국민연금공단 이사장 [더 피플]"
2026-05-25 05:39:15,76457,2540,211,"최대 큰손 국민연금, 본격 코스닥 투자 임박? | 김성주 국민연금공단 이사장 [더 피플]"
2026-05-25 06:36:09,76457,2540,211,"최대 큰손 국민연금, 본격 코스닥 투자 임박? | 김성주 국민연금공단 이사장 [더 피플]"
2026-05-25 07:36:03,76457,2540,211,"최대 큰손 국민연금, 본격 코스닥 투자 임박? | 김성주 국민연금공단 이사장 [더 피플]"
2026-05-25 08:38:50,76458,2540,211,"최대 큰손 국민연금, 본격 코스닥 투자 임박? | 김성주 국민연금공단 이사장 [더 피플]"
2026-05-25 10:35:51,76458,2540,211,"최대 큰손 국민연금, 본격 코스닥 투자 임박? | 김성주 국민연금공단 이사장 [더 피플]"
2026-05-25 15:06:10,76459,2540,211,"최대 큰손 국민연금, 본격 코스닥 투자 임박? | 김성주 국민연금공단 이사장 [더 피플]"
2026-05-25 19:43:22,76459,2540,211,"최대 큰손 국민연금, 본격 코스닥 투자 임박? | 김성주 국민연금공단 이사장 [더 피플]"
2026-05-25 22:48:56,76459,2540,211,"최대 큰손 국민연금, 본격 코스닥 투자 임박? | 김성주 국민연금공단 이사장 [더 피플]"
2026-05-26 01:10:14,76459,2540,211,"최대 큰손 국민연금, 본격 코스닥 투자 임박? | 김성주 국민연금공단 이사장 [더 피플]"
2026-05-26 02:53:06,76461,2540,211,"최대 큰손 국민연금, 본격 코스닥 투자 임박? | 김성주 국민연금공단 이사장 [더 피플]"
2026-05-26 04:09:32,76461,2540,211,"최대 큰손 국민연금, 본격 코스닥 투자 임박? | 김성주 국민연금공단 이사장 [더 피플]"
2026-05-26 05:41:23,76461,2540,211,"최대 큰손 국민연금, 본격 코스닥 투자 임박? | 김성주 국민연금공단 이사장 [더 피플]"
2026-05-26 06:50:15,76461,2540,211,"최대 큰손 국민연금, 본격 코스닥 투자 임박? | 김성주 국민연금공단 이사장 [더 피플]"
2026-05-26 07:45:52,76461,2540,211,"최대 큰손 국민연금, 본격 코스닥 투자 임박? | 김성주 국민연금공단 이사장 [더 피플]"
2026-05-26 08:46:25,76462,2539,211,"최대 큰손 국민연금, 본격 코스닥 투자 임박? | 김성주 국민연금공단 이사장 [더 피플]"
2026-05-26 10:31:11,76462,2539,211,"최대 큰손 국민연금, 본격 코스닥 투자 임박? | 김성주 국민연금공단 이사장 [더 피플]"
2026-05-26 14:42:46,76462,2539,211,"최대 큰손 국민연금, 본격 코스닥 투자 임박? | 김성주 국민연금공단 이사장 [더 피플]"
2026-05-26 17:54:03,76462,2539,211,"최대 큰손 국민연금, 본격 코스닥 투자 임박? | 김성주 국민연금공단 이사장 [더 피플]"
2026-05-26 23:27:31,76465,2539,211,"최대 큰손 국민연금, 본격 코스닥 투자 임박? | 김성주 국민연금공단 이사장 [더 피플]"
2026-05-27 02:41:23,76468,2539,211,"최대 큰손 국민연금, 본격 코스닥 투자 임박? | 김성주 국민연금공단 이사장 [더 피플]"
2026-05-27 04:37:09,76468,2539,211,"최대 큰손 국민연금, 본격 코스닥 투자 임박? | 김성주 국민연금공단 이사장 [더 피플]"
2026-05-27 06:15:58,76468,2539,211,"최대 큰손 국민연금, 본격 코스닥 투자 임박? | 김성주 국민연금공단 이사장 [더 피플]"
2026-05-27 07:40:29,76468,2539,211,"최대 큰손 국민연금, 본격 코스닥 투자 임박? | 김성주 국민연금공단 이사장 [더 피플]"
2026-05-27 08:45:17,76468,2539,211,"최대 큰손 국민연금, 본격 코스닥 투자 임박? | 김성주 국민연금공단 이사장 [더 피플]"
2026-05-27 10:52:35,76468,2539,211,"최대 큰손 국민연금, 본격 코스닥 투자 임박? | 김성주 국민연금공단 이사장 [더 피플]"
2026-05-27 15:04:01,76471,2539,211,"최대 큰손 국민연금, 본격 코스닥 투자 임박? | 김성주 국민연금공단 이사장 [더 피플]"
2026-05-27 19:14:05,76471,2539,211,"최대 큰손 국민연금, 본격 코스닥 투자 임박? | 김성주 국민연금공단 이사장 [더 피플]"
2026-05-27 22:47:59,76474,2539,211,"최대 큰손 국민연금, 본격 코스닥 투자 임박? | 김성주 국민연금공단 이사장 [더 피플]"
2026-05-28 01:52:57,76474,2539,211,"최대 큰손 국민연금, 본격 코스닥 투자 임박? | 김성주 국민연금공단 이사장 [더 피플]"
2026-05-28 04:09:28,76474,2539,211,"최대 큰손 국민연금, 본격 코스닥 투자 임박? | 김성주 국민연금공단 이사장 [더 피플]"
2026-05-28 06:07:34,76474,2539,211,"최대 큰손 국민연금, 본격 코스닥 투자 임박? | 김성주 국민연금공단 이사장 [더 피플]"
2026-05-28 07:48:18,76474,2539,211,"최대 큰손 국민연금, 본격 코스닥 투자 임박? | 김성주 국민연금공단 이사장 [더 피플]"
2026-05-28 08:49:38,76474,2539,211,"최대 큰손 국민연금, 본격 코스닥 투자 임박? | 김성주 국민연금공단 이사장 [더 피플]"
2026-05-28 10:27:12,76474,2539,211,"최대 큰손 국민연금, 본격 코스닥 투자 임박? | 김성주 국민연금공단 이사장 [더 피플]"
2026-05-28 14:43:39,76474,2539,211,"최대 큰손 국민연금, 본격 코스닥 투자 임박? | 김성주 국민연금공단 이사장 [더 피플]"
2026-05-28 18:04:40,76474,2539,211,"최대 큰손 국민연금, 본격 코스닥 투자 임박? | 김성주 국민연금공단 이사장 [더 피플]"
2026-05-28 21:39:33,76474,2539,211,"최대 큰손 국민연금, 본격 코스닥 투자 임박? | 김성주 국민연금공단 이사장 [더 피플]"
2026-05-29 01:41:15,76474,2539,211,"최대 큰손 국민연금, 본격 코스닥 투자 임박? | 김성주 국민연금공단 이사장 [더 피플]"
2026-05-29 04:18:30,76474,2539,211,"최대 큰손 국민연금, 본격 코스닥 투자 임박? | 김성주 국민연금공단 이사장 [더 피플]"
2026-05-29 06:23:04,76475,2539,211,"최대 큰손 국민연금, 본격 코스닥 투자 임박? | 김성주 국민연금공단 이사장 [더 피플]"
2026-05-29 07:48:53,76475,2539,211,"최대 큰손 국민연금, 본격 코스닥 투자 임박? | 김성주 국민연금공단 이사장 [더 피플]"
2026-05-29 08:56:49,76475,2539,211,"최대 큰손 국민연금, 본격 코스닥 투자 임박? | 김성주 국민연금공단 이사장 [더 피플]"
2026-05-29 11:35:13,76475,2539,211,"최대 큰손 국민연금, 본격 코스닥 투자 임박? | 김성주 국민연금공단 이사장 [더 피플]"
2026-05-29 15:40:06,76476,2539,211,"최대 큰손 국민연금, 본격 코스닥 투자 임박? | 김성주 국민연금공단 이사장 [더 피플]"
2026-05-29 19:33:02,76477,2539,211,"최대 큰손 국민연금, 본격 코스닥 투자 임박? | 김성주 국민연금공단 이사장 [더 피플]"
2026-05-29 22:45:29,76477,2539,211,"최대 큰손 국민연금, 본격 코스닥 투자 임박? | 김성주 국민연금공단 이사장 [더 피플]"
2026-05-30 02:02:14,76478,2539,211,"최대 큰손 국민연금, 본격 코스닥 투자 임박? | 김성주 국민연금공단 이사장 [더 피플]"
2026-05-30 04:36:01,76478,2539,211,"최대 큰손 국민연금, 본격 코스닥 투자 임박? | 김성주 국민연금공단 이사장 [더 피플]"
2026-05-30 06:24:24,76478,2539,211,"최대 큰손 국민연금, 본격 코스닥 투자 임박? | 김성주 국민연금공단 이사장 [더 피플]"
2026-05-30 07:45:52,76478,2539,211,"최대 큰손 국민연금, 본격 코스닥 투자 임박? | 김성주 국민연금공단 이사장 [더 피플]"
2026-05-30 08:54:33,76479,2539,211,"최대 큰손 국민연금, 본격 코스닥 투자 임박? | 김성주 국민연금공단 이사장 [더 피플]"
2026-05-30 10:48:10,76480,2539,211,"최대 큰손 국민연금, 본격 코스닥 투자 임박? | 김성주 국민연금공단 이사장 [더 피플]"
2026-05-30 14:36:17,76480,2539,211,"최대 큰손 국민연금, 본격 코스닥 투자 임박? | 김성주 국민연금공단 이사장 [더 피플]"
2026-05-30 17:05:24,76481,2539,211,"최대 큰손 국민연금, 본격 코스닥 투자 임박? | 김성주 국민연금공단 이사장 [더 피플]"
2026-05-30 19:09:32,76481,2539,211,"최대 큰손 국민연금, 본격 코스닥 투자 임박? | 김성주 국민연금공단 이사장 [더 피플]"
2026-05-30 20:43:19,76481,2539,211,"최대 큰손 국민연금, 본격 코스닥 투자 임박? | 김성주 국민연금공단 이사장 [더 피플]"
2026-05-30 21:48:57,76481,2539,211,"최대 큰손 국민연금, 본격 코스닥 투자 임박? | 김성주 국민연금공단 이사장 [더 피플]"
2026-05-30 23:19:34,76481,2539,211,"최대 큰손 국민연금, 본격 코스닥 투자 임박? | 김성주 국민연금공단 이사장 [더 피플]"
2026-05-31 00:39:53,76481,2539,211,"최대 큰손 국민연금, 본격 코스닥 투자 임박? | 김성주 국민연금공단 이사장 [더 피플]"
2026-05-31 01:39:01,76481,2539,211,"최대 큰손 국민연금, 본격 코스닥 투자 임박? | 김성주 국민연금공단 이사장 [더 피플]"
2026-05-31 02:42:11,76481,2539,211,"최대 큰손 국민연금, 본격 코스닥 투자 임박? | 김성주 국민연금공단 이사장 [더 피플]"
2026-05-31 03:45:49,76481,2539,211,"최대 큰손 국민연금, 본격 코스닥 투자 임박? | 김성주 국민연금공단 이사장 [더 피플]"
2026-05-31 04:55:39,76481,2539,211,"최대 큰손 국민연금, 본격 코스닥 투자 임박? | 김성주 국민연금공단 이사장 [더 피플]"
2026-05-31 05:43:30,76481,2539,211,"최대 큰손 국민연금, 본격 코스닥 투자 임박? | 김성주 국민연금공단 이사장 [더 피플]"
2026-05-31 06:41:06,76481,2539,211,"최대 큰손 국민연금, 본격 코스닥 투자 임박? | 김성주 국민연금공단 이사장 [더 피플]"
2026-05-31 07:36:48,76481,2539,211,"최대 큰손 국민연금, 본격 코스닥 투자 임박? | 김성주 국민연금공단 이사장 [더 피플]"
2026-05-31 08:37:52,76481,2539,211,"최대 큰손 국민연금, 본격 코스닥 투자 임박? | 김성주 국민연금공단 이사장 [더 피플]"
2026-05-31 10:37:30,76481,2539,211,"최대 큰손 국민연금, 본격 코스닥 투자 임박? | 김성주 국민연금공단 이사장 [더 피플]"
2026-05-31 18:26:08,76482,2539,211,"최대 큰손 국민연금, 본격 코스닥 투자 임박? | 김성주 국민연금공단 이사장 [더 피플]"
2026-05-31 18:26:51,76482,2539,211,"최대 큰손 국민연금, 본격 코스닥 투자 임박? | 김성주 국민연금공단 이사장 [더 피플]"
2026-05-31 18:28:37,76482,2539,211,"최대 큰손 국민연금, 본격 코스닥 투자 임박? | 김성주 국민연금공단 이사장 [더 피플]"
2026-05-31 19:52:21,76482,2539,211,"최대 큰손 국민연금, 본격 코스닥 투자 임박? | 김성주 국민연금공단 이사장 [더 피플]"
2026-05-31 19:53:39,76482,2539,211,"최대 큰손 국민연금, 본격 코스닥 투자 임박? | 김성주 국민연금공단 이사장 [더 피플]"
2026-05-31 20:15:36,76482,2539,211,"최대 큰손 국민연금, 본격 코스닥 투자 임박? | 김성주 국민연금공단 이사장 [더 피플]"
2026-05-31 21:49:18,76482,2539,211,"최대 큰손 국민연금, 본격 코스닥 투자 임박? | 김성주 국민연금공단 이사장 [더 피플]"
2026-05-31 23:23:15,76484,2539,211,"최대 큰손 국민연금, 본격 코스닥 투자 임박? | 김성주 국민연금공단 이사장 [더 피플]"
2026-06-01 00:44:44,76484,2539,211,"최대 큰손 국민연금, 본격 코스닥 투자 임박? | 김성주 국민연금공단 이사장 [더 피플]"
2026-06-01 01:47:31,76484,2539,211,"최대 큰손 국민연금, 본격 코스닥 투자 임박? | 김성주 국민연금공단 이사장 [더 피플]"
2026-06-01 02:47:40,76484,2539,211,"최대 큰손 국민연금, 본격 코스닥 투자 임박? | 김성주 국민연금공단 이사장 [더 피플]"
2026-06-01 03:55:47,76484,2539,211,"최대 큰손 국민연금, 본격 코스닥 투자 임박? | 김성주 국민연금공단 이사장 [더 피플]"
2026-06-01 05:03:22,76484,2539,211,"최대 큰손 국민연금, 본격 코스닥 투자 임박? | 김성주 국민연금공단 이사장 [더 피플]"
2026-06-01 06:12:19,76484,2539,211,"최대 큰손 국민연금, 본격 코스닥 투자 임박? | 김성주 국민연금공단 이사장 [더 피플]"
2026-06-01 07:14:10,76484,2539,211,"최대 큰손 국민연금, 본격 코스닥 투자 임박? | 김성주 국민연금공단 이사장 [더 피플]"
2026-06-01 08:19:09,76484,2539,211,"최대 큰손 국민연금, 본격 코스닥 투자 임박? | 김성주 국민연금공단 이사장 [더 피플]"
2026-06-01 09:18:09,76484,2539,211,"최대 큰손 국민연금, 본격 코스닥 투자 임박? | 김성주 국민연금공단 이사장 [더 피플]"
2026-06-01 14:20:56,76484,2539,211,"최대 큰손 국민연금, 본격 코스닥 투자 임박? | 김성주 국민연금공단 이사장 [더 피플]"
2026-06-01 19:35:42,76484,2539,211,"최대 큰손 국민연금, 본격 코스닥 투자 임박? | 김성주 국민연금공단 이사장 [더 피플]"
2026-06-02 01:25:39,76484,2539,211,"최대 큰손 국민연금, 본격 코스닥 투자 임박? | 김성주 국민연금공단 이사장 [더 피플]"
2026-06-02 05:42:53,76484,2539,211,"최대 큰손 국민연금, 본격 코스닥 투자 임박? | 김성주 국민연금공단 이사장 [더 피플]"
2026-06-02 07:51:46,76484,2539,211,"최대 큰손 국민연금, 본격 코스닥 투자 임박? | 김성주 국민연금공단 이사장 [더 피플]"
2026-06-02 09:02:53,76484,2539,211,"최대 큰손 국민연금, 본격 코스닥 투자 임박? | 김성주 국민연금공단 이사장 [더 피플]"
2026-06-02 13:55:54,76484,2539,211,"최대 큰손 국민연금, 본격 코스닥 투자 임박? | 김성주 국민연금공단 이사장 [더 피플]"
2026-06-02 18:03:38,76484,2539,211,"최대 큰손 국민연금, 본격 코스닥 투자 임박? | 김성주 국민연금공단 이사장 [더 피플]"
2026-06-02 21:49:33,76484,2539,211,"최대 큰손 국민연금, 본격 코스닥 투자 임박? | 김성주 국민연금공단 이사장 [더 피플]"
2026-06-03 02:11:26,76486,2539,211,"최대 큰손 국민연금, 본격 코스닥 투자 임박? | 김성주 국민연금공단 이사장 [더 피플]"
2026-06-03 05:19:05,76486,2539,211,"최대 큰손 국민연금, 본격 코스닥 투자 임박? | 김성주 국민연금공단 이사장 [더 피플]"
2026-06-03 07:31:06,76486,2539,211,"최대 큰손 국민연금, 본격 코스닥 투자 임박? | 김성주 국민연금공단 이사장 [더 피플]"
2026-06-03 09:14:05,76486,2539,211,"최대 큰손 국민연금, 본격 코스닥 투자 임박? | 김성주 국민연금공단 이사장 [더 피플]"
2026-06-03 14:18:26,76486,2539,211,"최대 큰손 국민연금, 본격 코스닥 투자 임박? | 김성주 국민연금공단 이사장 [더 피플]"
2026-06-03 19:12:17,76487,2539,211,"최대 큰손 국민연금, 본격 코스닥 투자 임박? | 김성주 국민연금공단 이사장 [더 피플]"
2026-06-04 00:04:08,76487,2539,211,"최대 큰손 국민연금, 본격 코스닥 투자 임박? | 김성주 국민연금공단 이사장 [더 피플]"
2026-06-04 03:55:11,76487,2539,211,"최대 큰손 국민연금, 본격 코스닥 투자 임박? | 김성주 국민연금공단 이사장 [더 피플]"
2026-06-04 06:43:25,76487,2539,211,"최대 큰손 국민연금, 본격 코스닥 투자 임박? | 김성주 국민연금공단 이사장 [더 피플]"
2026-06-04 08:23:57,76487,2539,211,"최대 큰손 국민연금, 본격 코스닥 투자 임박? | 김성주 국민연금공단 이사장 [더 피플]"
2026-06-04 11:02:40,76487,2539,211,"최대 큰손 국민연금, 본격 코스닥 투자 임박? | 김성주 국민연금공단 이사장 [더 피플]"
2026-06-04 15:52:34,76487,2539,211,"최대 큰손 국민연금, 본격 코스닥 투자 임박? | 김성주 국민연금공단 이사장 [더 피플]"
2026-06-04 19:31:50,76487,2539,211,"최대 큰손 국민연금, 본격 코스닥 투자 임박? | 김성주 국민연금공단 이사장 [더 피플]"
2026-06-04 22:43:40,76487,2539,211,"최대 큰손 국민연금, 본격 코스닥 투자 임박? | 김성주 국민연금공단 이사장 [더 피플]"
2026-06-05 01:36:58,76487,2539,211,"최대 큰손 국민연금, 본격 코스닥 투자 임박? | 김성주 국민연금공단 이사장 [더 피플]"
2026-06-05 03:38:49,76487,2539,211,"최대 큰손 국민연금, 본격 코스닥 투자 임박? | 김성주 국민연금공단 이사장 [더 피플]"
2026-06-05 05:38:19,76487,2539,211,"최대 큰손 국민연금, 본격 코스닥 투자 임박? | 김성주 국민연금공단 이사장 [더 피플]"
2026-06-05 07:10:58,76487,2539,211,"최대 큰손 국민연금, 본격 코스닥 투자 임박? | 김성주 국민연금공단 이사장 [더 피플]"
2026-06-05 08:36:11,76487,2539,211,"최대 큰손 국민연금, 본격 코스닥 투자 임박? | 김성주 국민연금공단 이사장 [더 피플]"
2026-06-05 10:40:02,76488,2539,210,"최대 큰손 국민연금, 본격 코스닥 투자 임박? | 김성주 국민연금공단 이사장 [더 피플]"
2026-06-05 15:07:05,76488,2539,211,"최대 큰손 국민연금, 본격 코스닥 투자 임박? | 김성주 국민연금공단 이사장 [더 피플]"
2026-06-05 19:12:45,76488,2539,211,"최대 큰손 국민연금, 본격 코스닥 투자 임박? | 김성주 국민연금공단 이사장 [더 피플]"
2026-06-05 22:25:18,76488,2539,211,"최대 큰손 국민연금, 본격 코스닥 투자 임박? | 김성주 국민연금공단 이사장 [더 피플]"
2026-06-06 01:11:58,76488,2539,211,"최대 큰손 국민연금, 본격 코스닥 투자 임박? | 김성주 국민연금공단 이사장 [더 피플]"
2026-06-06 03:08:00,76488,2539,211,"최대 큰손 국민연금, 본격 코스닥 투자 임박? | 김성주 국민연금공단 이사장 [더 피플]"
2026-06-06 05:07:57,76488,2539,211,"최대 큰손 국민연금, 본격 코스닥 투자 임박? | 김성주 국민연금공단 이사장 [더 피플]"
2026-06-06 06:42:43,76489,2539,211,"최대 큰손 국민연금, 본격 코스닥 투자 임박? | 김성주 국민연금공단 이사장 [더 피플]"
2026-06-06 07:47:36,76491,2539,211,"최대 큰손 국민연금, 본격 코스닥 투자 임박? | 김성주 국민연금공단 이사장 [더 피플]"
2026-06-06 08:53:21,76491,2539,211,"최대 큰손 국민연금, 본격 코스닥 투자 임박? | 김성주 국민연금공단 이사장 [더 피플]"
2026-06-06 10:52:00,76491,2539,211,"최대 큰손 국민연금, 본격 코스닥 투자 임박? | 김성주 국민연금공단 이사장 [더 피플]"
2026-06-06 14:43:23,76489,2539,211,"최대 큰손 국민연금, 본격 코스닥 투자 임박? | 김성주 국민연금공단 이사장 [더 피플]"
2026-06-06 17:14:20,76489,2539,211,"최대 큰손 국민연금, 본격 코스닥 투자 임박? | 김성주 국민연금공단 이사장 [더 피플]"
2026-06-06 19:23:05,76489,2539,211,"최대 큰손 국민연금, 본격 코스닥 투자 임박? | 김성주 국민연금공단 이사장 [더 피플]"
2026-06-06 20:50:32,76489,2539,211,"최대 큰손 국민연금, 본격 코스닥 투자 임박? | 김성주 국민연금공단 이사장 [더 피플]"
2026-06-06 21:58:53,76489,2539,211,"최대 큰손 국민연금, 본격 코스닥 투자 임박? | 김성주 국민연금공단 이사장 [더 피플]"
2026-06-06 23:43:17,76489,2539,211,"최대 큰손 국민연금, 본격 코스닥 투자 임박? | 김성주 국민연금공단 이사장 [더 피플]"
2026-06-07 00:57:31,76489,2539,211,"최대 큰손 국민연금, 본격 코스닥 투자 임박? | 김성주 국민연금공단 이사장 [더 피플]"
2026-06-07 02:12:55,76489,2539,211,"최대 큰손 국민연금, 본격 코스닥 투자 임박? | 김성주 국민연금공단 이사장 [더 피플]"
2026-06-07 03:21:20,76489,2539,211,"최대 큰손 국민연금, 본격 코스닥 투자 임박? | 김성주 국민연금공단 이사장 [더 피플]"
2026-06-07 04:50:39,76492,2539,211,"최대 큰손 국민연금, 본격 코스닥 투자 임박? | 김성주 국민연금공단 이사장 [더 피플]"
2026-06-07 05:50:18,76492,2539,211,"최대 큰손 국민연금, 본격 코스닥 투자 임박? | 김성주 국민연금공단 이사장 [더 피플]"
2026-06-07 06:48:46,76492,2539,211,"최대 큰손 국민연금, 본격 코스닥 투자 임박? | 김성주 국민연금공단 이사장 [더 피플]"
2026-06-07 07:47:14,76492,2539,211,"최대 큰손 국민연금, 본격 코스닥 투자 임박? | 김성주 국민연금공단 이사장 [더 피플]"
2026-06-07 08:47:51,76492,2539,211,"최대 큰손 국민연금, 본격 코스닥 투자 임박? | 김성주 국민연금공단 이사장 [더 피플]"
2026-06-07 10:59:28,76492,2539,211,"최대 큰손 국민연금, 본격 코스닥 투자 임박? | 김성주 국민연금공단 이사장 [더 피플]"
2026-06-07 15:32:42,76492,2539,211,"최대 큰손 국민연금, 본격 코스닥 투자 임박? | 김성주 국민연금공단 이사장 [더 피플]"
2026-06-07 18:48:03,76492,2539,211,"최대 큰손 국민연금, 본격 코스닥 투자 임박? | 김성주 국민연금공단 이사장 [더 피플]"
2026-06-07 20:28:48,76494,2539,211,"최대 큰손 국민연금, 본격 코스닥 투자 임박? | 김성주 국민연금공단 이사장 [더 피플]"
2026-06-07 22:04:56,76494,2539,211,"최대 큰손 국민연금, 본격 코스닥 투자 임박? | 김성주 국민연금공단 이사장 [더 피플]"
2026-06-07 23:57:55,76494,2539,211,"최대 큰손 국민연금, 본격 코스닥 투자 임박? | 김성주 국민연금공단 이사장 [더 피플]"
2026-06-08 01:16:14,76494,2539,211,"최대 큰손 국민연금, 본격 코스닥 투자 임박? | 김성주 국민연금공단 이사장 [더 피플]"
2026-06-08 02:42:15,76494,2539,211,"최대 큰손 국민연금, 본격 코스닥 투자 임박? | 김성주 국민연금공단 이사장 [더 피플]"
2026-06-08 03:57:03,76494,2539,211,"최대 큰손 국민연금, 본격 코스닥 투자 임박? | 김성주 국민연금공단 이사장 [더 피플]"
2026-06-08 05:09:44,76495,2539,211,"최대 큰손 국민연금, 본격 코스닥 투자 임박? | 김성주 국민연금공단 이사장 [더 피플]"
2026-06-08 06:35:12,76495,2539,211,"최대 큰손 국민연금, 본격 코스닥 투자 임박? | 김성주 국민연금공단 이사장 [더 피플]"
2026-06-08 07:41:24,76495,2539,211,"최대 큰손 국민연금, 본격 코스닥 투자 임박? | 김성주 국민연금공단 이사장 [더 피플]"
2026-06-08 08:44:04,76495,2539,211,"최대 큰손 국민연금, 본격 코스닥 투자 임박? | 김성주 국민연금공단 이사장 [더 피플]"
2026-06-08 11:02:07,76495,2539,211,"최대 큰손 국민연금, 본격 코스닥 투자 임박? | 김성주 국민연금공단 이사장 [더 피플]"
2026-06-08 15:56:00,76497,2539,212,"최대 큰손 국민연금, 본격 코스닥 투자 임박? | 김성주 국민연금공단 이사장 [더 피플]"
2026-06-08 20:52:45,76499,2539,212,"최대 큰손 국민연금, 본격 코스닥 투자 임박? | 김성주 국민연금공단 이사장 [더 피플]"
2026-06-09 00:19:41,76499,2539,212,"최대 큰손 국민연금, 본격 코스닥 투자 임박? | 김성주 국민연금공단 이사장 [더 피플]"
2026-06-09 03:09:41,76499,2539,212,"최대 큰손 국민연금, 본격 코스닥 투자 임박? | 김성주 국민연금공단 이사장 [더 피플]"
2026-06-09 05:35:50,76499,2539,212,"최대 큰손 국민연금, 본격 코스닥 투자 임박? | 김성주 국민연금공단 이사장 [더 피플]"
2026-06-09 07:13:43,76499,2539,212,"최대 큰손 국민연금, 본격 코스닥 투자 임박? | 김성주 국민연금공단 이사장 [더 피플]"
2026-06-09 08:37:45,76499,2539,212,"최대 큰손 국민연금, 본격 코스닥 투자 임박? | 김성주 국민연금공단 이사장 [더 피플]"
2026-06-09 10:30:12,76499,2539,212,"최대 큰손 국민연금, 본격 코스닥 투자 임박? | 김성주 국민연금공단 이사장 [더 피플]"
2026-06-09 14:47:40,76500,2539,212,"최대 큰손 국민연금, 본격 코스닥 투자 임박? | 김성주 국민연금공단 이사장 [더 피플]"
2026-06-09 17:51:51,76500,2539,212,"최대 큰손 국민연금, 본격 코스닥 투자 임박? | 김성주 국민연금공단 이사장 [더 피플]"
2026-06-09 20:49:55,76500,2539,212,"최대 큰손 국민연금, 본격 코스닥 투자 임박? | 김성주 국민연금공단 이사장 [더 피플]"
2026-06-09 23:09:49,76501,2539,212,"최대 큰손 국민연금, 본격 코스닥 투자 임박? | 김성주 국민연금공단 이사장 [더 피플]"
2026-06-10 01:46:01,76501,2539,212,"최대 큰손 국민연금, 본격 코스닥 투자 임박? | 김성주 국민연금공단 이사장 [더 피플]"
2026-06-10 04:01:34,76501,2539,212,"최대 큰손 국민연금, 본격 코스닥 투자 임박? | 김성주 국민연금공단 이사장 [더 피플]"
2026-06-10 06:04:04,76501,2539,212,"최대 큰손 국민연금, 본격 코스닥 투자 임박? | 김성주 국민연금공단 이사장 [더 피플]"
2026-06-10 07:44:45,76501,2539,212,"최대 큰손 국민연금, 본격 코스닥 투자 임박? | 김성주 국민연금공단 이사장 [더 피플]"
2026-06-10 09:00:09,76501,2539,212,"최대 큰손 국민연금, 본격 코스닥 투자 임박? | 김성주 국민연금공단 이사장 [더 피플]"
2026-06-10 13:15:11,76501,2539,212,"최대 큰손 국민연금, 본격 코스닥 투자 임박? | 김성주 국민연금공단 이사장 [더 피플]"
2026-06-10 17:18:47,76501,2539,212,"최대 큰손 국민연금, 본격 코스닥 투자 임박? | 김성주 국민연금공단 이사장 [더 피플]"
2026-06-10 20:49:56,76501,2539,212,"최대 큰손 국민연금, 본격 코스닥 투자 임박? | 김성주 국민연금공단 이사장 [더 피플]"
2026-06-10 23:43:04,76501,2539,212,"최대 큰손 국민연금, 본격 코스닥 투자 임박? | 김성주 국민연금공단 이사장 [더 피플]"
2026-06-11 02:45:21,76501,2539,212,"최대 큰손 국민연금, 본격 코스닥 투자 임박? | 김성주 국민연금공단 이사장 [더 피플]"
2026-06-11 05:00:02,76501,2539,212,"최대 큰손 국민연금, 본격 코스닥 투자 임박? | 김성주 국민연금공단 이사장 [더 피플]"
2026-06-11 07:08:42,76501,2539,212,"최대 큰손 국민연금, 본격 코스닥 투자 임박? | 김성주 국민연금공단 이사장 [더 피플]"
2026-06-11 08:48:18,76501,2539,212,"최대 큰손 국민연금, 본격 코스닥 투자 임박? | 김성주 국민연금공단 이사장 [더 피플]"
2026-06-11 11:06:19,76501,2539,212,"최대 큰손 국민연금, 본격 코스닥 투자 임박? | 김성주 국민연금공단 이사장 [더 피플]"
2026-06-11 16:01:35,76501,2539,212,"최대 큰손 국민연금, 본격 코스닥 투자 임박? | 김성주 국민연금공단 이사장 [더 피플]"
2026-06-11 20:43:24,76501,2539,212,"최대 큰손 국민연금, 본격 코스닥 투자 임박? | 김성주 국민연금공단 이사장 [더 피플]"
2026-06-12 00:06:16,76501,2539,212,"최대 큰손 국민연금, 본격 코스닥 투자 임박? | 김성주 국민연금공단 이사장 [더 피플]"
2026-06-12 03:27:54,76501,2539,212,"최대 큰손 국민연금, 본격 코스닥 투자 임박? | 김성주 국민연금공단 이사장 [더 피플]"
2026-06-12 05:43:46,76501,2539,212,"최대 큰손 국민연금, 본격 코스닥 투자 임박? | 김성주 국민연금공단 이사장 [더 피플]"
2026-06-12 07:30:23,76501,2539,212,"최대 큰손 국민연금, 본격 코스닥 투자 임박? | 김성주 국민연금공단 이사장 [더 피플]"
2026-06-12 09:05:52,76501,2539,212,"최대 큰손 국민연금, 본격 코스닥 투자 임박? | 김성주 국민연금공단 이사장 [더 피플]"
2026-06-12 13:59:03,76502,2539,212,"최대 큰손 국민연금, 본격 코스닥 투자 임박? | 김성주 국민연금공단 이사장 [더 피플]"
2026-06-12 17:59:52,76502,2539,212,"최대 큰손 국민연금, 본격 코스닥 투자 임박? | 김성주 국민연금공단 이사장 [더 피플]"
2026-06-12 21:23:28,76502,2539,212,"최대 큰손 국민연금, 본격 코스닥 투자 임박? | 김성주 국민연금공단 이사장 [더 피플]"
2026-06-13 00:44:49,76502,2539,212,"최대 큰손 국민연금, 본격 코스닥 투자 임박? | 김성주 국민연금공단 이사장 [더 피플]"
2026-06-13 02:54:18,76502,2539,212,"최대 큰손 국민연금, 본격 코스닥 투자 임박? | 김성주 국민연금공단 이사장 [더 피플]"
2026-06-13 04:52:01,76502,2539,212,"최대 큰손 국민연금, 본격 코스닥 투자 임박? | 김성주 국민연금공단 이사장 [더 피플]"
2026-06-13 06:22:22,76502,2539,212,"최대 큰손 국민연금, 본격 코스닥 투자 임박? | 김성주 국민연금공단 이사장 [더 피플]"
2026-06-13 07:52:05,76502,2539,212,"최대 큰손 국민연금, 본격 코스닥 투자 임박? | 김성주 국민연금공단 이사장 [더 피플]"
2026-06-13 09:09:11,76502,2539,212,"최대 큰손 국민연금, 본격 코스닥 투자 임박? | 김성주 국민연금공단 이사장 [더 피플]"
2026-06-13 13:47:48,76502,2539,212,"최대 큰손 국민연금, 본격 코스닥 투자 임박? | 김성주 국민연금공단 이사장 [더 피플]"
2026-06-13 17:13:45,76502,2539,212,"최대 큰손 국민연금, 본격 코스닥 투자 임박? | 김성주 국민연금공단 이사장 [더 피플]"
2026-06-13 19:39:15,76502,2539,212,"최대 큰손 국민연금, 본격 코스닥 투자 임박? | 김성주 국민연금공단 이사장 [더 피플]"
2026-06-13 21:13:56,76502,2539,212,"최대 큰손 국민연금, 본격 코스닥 투자 임박? | 김성주 국민연금공단 이사장 [더 피플]"
2026-06-13 23:27:29,76502,2539,212,"최대 큰손 국민연금, 본격 코스닥 투자 임박? | 김성주 국민연금공단 이사장 [더 피플]"
2026-06-14 00:57:44,76502,2539,212,"최대 큰손 국민연금, 본격 코스닥 투자 임박? | 김성주 국민연금공단 이사장 [더 피플]"
2026-06-14 02:22:05,76503,2539,212,"최대 큰손 국민연금, 본격 코스닥 투자 임박? | 김성주 국민연금공단 이사장 [더 피플]"
2026-06-14 03:49:58,76503,2539,212,"최대 큰손 국민연금, 본격 코스닥 투자 임박? | 김성주 국민연금공단 이사장 [더 피플]"
2026-06-14 05:09:14,76503,2539,212,"최대 큰손 국민연금, 본격 코스닥 투자 임박? | 김성주 국민연금공단 이사장 [더 피플]"
2026-06-14 06:36:51,76503,2539,212,"최대 큰손 국민연금, 본격 코스닥 투자 임박? | 김성주 국민연금공단 이사장 [더 피플]"
2026-06-14 07:43:10,76503,2539,212,"최대 큰손 국민연금, 본격 코스닥 투자 임박? | 김성주 국민연금공단 이사장 [더 피플]"
2026-06-14 08:47:47,76503,2539,212,"최대 큰손 국민연금, 본격 코스닥 투자 임박? | 김성주 국민연금공단 이사장 [더 피플]"
2026-06-14 11:04:13,76503,2539,212,"최대 큰손 국민연금, 본격 코스닥 투자 임박? | 김성주 국민연금공단 이사장 [더 피플]"
2026-06-14 15:53:46,76504,2539,212,"최대 큰손 국민연금, 본격 코스닥 투자 임박? | 김성주 국민연금공단 이사장 [더 피플]"
2026-06-14 19:18:49,76505,2539,212,"최대 큰손 국민연금, 본격 코스닥 투자 임박? | 김성주 국민연금공단 이사장 [더 피플]"
2026-06-14 21:18:39,76505,2539,212,"최대 큰손 국민연금, 본격 코스닥 투자 임박? | 김성주 국민연금공단 이사장 [더 피플]"
2026-06-14 23:34:16,76505,2539,212,"최대 큰손 국민연금, 본격 코스닥 투자 임박? | 김성주 국민연금공단 이사장 [더 피플]"
2026-06-15 01:08:50,76505,2539,212,"최대 큰손 국민연금, 본격 코스닥 투자 임박? | 김성주 국민연금공단 이사장 [더 피플]"
2026-06-15 02:44:18,76505,2539,212,"최대 큰손 국민연금, 본격 코스닥 투자 임박? | 김성주 국민연금공단 이사장 [더 피플]"
2026-06-15 03:59:27,76505,2539,212,"최대 큰손 국민연금, 본격 코스닥 투자 임박? | 김성주 국민연금공단 이사장 [더 피플]"
2026-06-15 05:21:24,76505,2539,212,"최대 큰손 국민연금, 본격 코스닥 투자 임박? | 김성주 국민연금공단 이사장 [더 피플]"
2026-06-15 06:46:06,76505,2539,212,"최대 큰손 국민연금, 본격 코스닥 투자 임박? | 김성주 국민연금공단 이사장 [더 피플]"
2026-06-15 07:53:42,76505,2539,212,"최대 큰손 국민연금, 본격 코스닥 투자 임박? | 김성주 국민연금공단 이사장 [더 피플]"
2026-06-15 08:59:22,76505,2539,212,"최대 큰손 국민연금, 본격 코스닥 투자 임박? | 김성주 국민연금공단 이사장 [더 피플]"
2026-06-15 13:48:35,76505,2539,212,"최대 큰손 국민연금, 본격 코스닥 투자 임박? | 김성주 국민연금공단 이사장 [더 피플]"
2026-06-15 19:47:28,76505,2539,212,"최대 큰손 국민연금, 본격 코스닥 투자 임박? | 김성주 국민연금공단 이사장 [더 피플]"
2026-06-16 01:11:04,76505,2539,212,"최대 큰손 국민연금, 본격 코스닥 투자 임박? | 김성주 국민연금공단 이사장 [더 피플]"
2026-06-16 04:55:29,76505,2539,212,"최대 큰손 국민연금, 본격 코스닥 투자 임박? | 김성주 국민연금공단 이사장 [더 피플]"
2026-06-16 07:12:23,76505,2539,212,"최대 큰손 국민연금, 본격 코스닥 투자 임박? | 김성주 국민연금공단 이사장 [더 피플]"
2026-06-16 09:02:11,76505,2539,212,"최대 큰손 국민연금, 본격 코스닥 투자 임박? | 김성주 국민연금공단 이사장 [더 피플]"
2026-06-16 14:24:44,76505,2539,212,"최대 큰손 국민연금, 본격 코스닥 투자 임박? | 김성주 국민연금공단 이사장 [더 피플]"
2026-06-16 19:23:43,76508,2539,212,"최대 큰손 국민연금, 본격 코스닥 투자 임박? | 김성주 국민연금공단 이사장 [더 피플]"
2026-06-17 00:24:53,76508,2539,212,"최대 큰손 국민연금, 본격 코스닥 투자 임박? | 김성주 국민연금공단 이사장 [더 피플]"
2026-06-17 04:01:18,76508,2539,212,"최대 큰손 국민연금, 본격 코스닥 투자 임박? | 김성주 국민연금공단 이사장 [더 피플]"
2026-06-17 06:44:20,76508,2539,212,"최대 큰손 국민연금, 본격 코스닥 투자 임박? | 김성주 국민연금공단 이사장 [더 피플]"
2026-06-17 08:11:18,76508,2539,212,"최대 큰손 국민연금, 본격 코스닥 투자 임박? | 김성주 국민연금공단 이사장 [더 피플]"
2026-06-17 10:41:07,76508,2539,212,"최대 큰손 국민연금, 본격 코스닥 투자 임박? | 김성주 국민연금공단 이사장 [더 피플]"
2026-06-17 15:50:14,76508,2538,212,"최대 큰손 국민연금, 본격 코스닥 투자 임박? | 김성주 국민연금공단 이사장 [더 피플]"
2026-06-17 20:24:30,76508,2538,212,"최대 큰손 국민연금, 본격 코스닥 투자 임박? | 김성주 국민연금공단 이사장 [더 피플]"
2026-06-17 23:32:24,76508,2538,212,"최대 큰손 국민연금, 본격 코스닥 투자 임박? | 김성주 국민연금공단 이사장 [더 피플]"
2026-06-18 02:33:12,76513,2538,212,"최대 큰손 국민연금, 본격 코스닥 투자 임박? | 김성주 국민연금공단 이사장 [더 피플]"
2026-06-18 04:39:04,76513,2538,212,"최대 큰손 국민연금, 본격 코스닥 투자 임박? | 김성주 국민연금공단 이사장 [더 피플]"
2026-06-18 06:34:25,76513,2538,212,"최대 큰손 국민연금, 본격 코스닥 투자 임박? | 김성주 국민연금공단 이사장 [더 피플]"
2026-06-18 08:04:25,76513,2538,212,"최대 큰손 국민연금, 본격 코스닥 투자 임박? | 김성주 국민연금공단 이사장 [더 피플]"
2026-06-18 09:24:47,76513,2538,212,"최대 큰손 국민연금, 본격 코스닥 투자 임박? | 김성주 국민연금공단 이사장 [더 피플]"
2026-06-18 14:13:05,76513,2538,212,"최대 큰손 국민연금, 본격 코스닥 투자 임박? | 김성주 국민연금공단 이사장 [더 피플]"
2026-06-18 18:46:15,76513,2538,212,"최대 큰손 국민연금, 본격 코스닥 투자 임박? | 김성주 국민연금공단 이사장 [더 피플]"
2026-06-18 21:42:01,76513,2538,212,"최대 큰손 국민연금, 본격 코스닥 투자 임박? | 김성주 국민연금공단 이사장 [더 피플]"
2026-06-19 01:16:13,76513,2538,212,"최대 큰손 국민연금, 본격 코스닥 투자 임박? | 김성주 국민연금공단 이사장 [더 피플]"
2026-06-19 03:37:46,76513,2538,212,"최대 큰손 국민연금, 본격 코스닥 투자 임박? | 김성주 국민연금공단 이사장 [더 피플]"
2026-06-19 06:10:10,76513,2538,212,"최대 큰손 국민연금, 본격 코스닥 투자 임박? | 김성주 국민연금공단 이사장 [더 피플]"
2026-06-19 08:03:51,76513,2538,212,"최대 큰손 국민연금, 본격 코스닥 투자 임박? | 김성주 국민연금공단 이사장 [더 피플]"
2026-06-19 10:49:55,76513,2538,212,"최대 큰손 국민연금, 본격 코스닥 투자 임박? | 김성주 국민연금공단 이사장 [더 피플]"
2026-06-19 15:52:08,76511,2538,212,"최대 큰손 국민연금, 본격 코스닥 투자 임박? | 김성주 국민연금공단 이사장 [더 피플]"
2026-06-19 20:09:14,76512,2538,212,"최대 큰손 국민연금, 본격 코스닥 투자 임박? | 김성주 국민연금공단 이사장 [더 피플]"
2026-06-19 23:20:46,76512,2538,212,"최대 큰손 국민연금, 본격 코스닥 투자 임박? | 김성주 국민연금공단 이사장 [더 피플]"
2026-06-20 01:43:20,76512,2538,212,"최대 큰손 국민연금, 본격 코스닥 투자 임박? | 김성주 국민연금공단 이사장 [더 피플]"
2026-06-20 03:26:45,76512,2538,212,"최대 큰손 국민연금, 본격 코스닥 투자 임박? | 김성주 국민연금공단 이사장 [더 피플]"
2026-06-20 05:13:47,76512,2538,212,"최대 큰손 국민연금, 본격 코스닥 투자 임박? | 김성주 국민연금공단 이사장 [더 피플]"
2026-06-20 06:35:41,76512,2538,212,"최대 큰손 국민연금, 본격 코스닥 투자 임박? | 김성주 국민연금공단 이사장 [더 피플]"
2026-06-20 07:33:33,76512,2538,212,"최대 큰손 국민연금, 본격 코스닥 투자 임박? | 김성주 국민연금공단 이사장 [더 피플]"
2026-06-20 08:42:37,76512,2538,212,"최대 큰손 국민연금, 본격 코스닥 투자 임박? | 김성주 국민연금공단 이사장 [더 피플]"
2026-06-20 10:51:18,76512,2538,212,"최대 큰손 국민연금, 본격 코스닥 투자 임박? | 김성주 국민연금공단 이사장 [더 피플]"
2026-06-20 15:06:35,76512,2538,212,"최대 큰손 국민연금, 본격 코스닥 투자 임박? | 김성주 국민연금공단 이사장 [더 피플]"
2026-06-20 18:35:06,76512,2537,212,"최대 큰손 국민연금, 본격 코스닥 투자 임박? | 김성주 국민연금공단 이사장 [더 피플]"
2026-06-20 20:32:12,76512,2537,212,"최대 큰손 국민연금, 본격 코스닥 투자 임박? | 김성주 국민연금공단 이사장 [더 피플]"
2026-06-20 22:08:17,76512,2537,212,"최대 큰손 국민연금, 본격 코스닥 투자 임박? | 김성주 국민연금공단 이사장 [더 피플]"
2026-06-21 00:10:55,76512,2537,212,"최대 큰손 국민연금, 본격 코스닥 투자 임박? | 김성주 국민연금공단 이사장 [더 피플]"
2026-06-21 01:48:00,76512,2537,212,"최대 큰손 국민연금, 본격 코스닥 투자 임박? | 김성주 국민연금공단 이사장 [더 피플]"
2026-06-21 03:02:10,76512,2537,212,"최대 큰손 국민연금, 본격 코스닥 투자 임박? | 김성주 국민연금공단 이사장 [더 피플]"
2026-06-21 04:49:46,76512,2537,212,"최대 큰손 국민연금, 본격 코스닥 투자 임박? | 김성주 국민연금공단 이사장 [더 피플]"
2026-06-21 05:58:13,76512,2537,212,"최대 큰손 국민연금, 본격 코스닥 투자 임박? | 김성주 국민연금공단 이사장 [더 피플]"
2026-06-21 07:07:45,76512,2537,212,"최대 큰손 국민연금, 본격 코스닥 투자 임박? | 김성주 국민연금공단 이사장 [더 피플]"
2026-06-21 08:23:12,76512,2537,212,"최대 큰손 국민연금, 본격 코스닥 투자 임박? | 김성주 국민연금공단 이사장 [더 피플]"
2026-06-21 10:44:15,76512,2537,212,"최대 큰손 국민연금, 본격 코스닥 투자 임박? | 김성주 국민연금공단 이사장 [더 피플]"
2026-06-21 15:32:35,76512,2537,212,"최대 큰손 국민연금, 본격 코스닥 투자 임박? | 김성주 국민연금공단 이사장 [더 피플]"
2026-06-21 19:20:18,76513,2537,212,"최대 큰손 국민연금, 본격 코스닥 투자 임박? | 김성주 국민연금공단 이사장 [더 피플]"
2026-06-21 21:22:58,76513,2537,212,"최대 큰손 국민연금, 본격 코스닥 투자 임박? | 김성주 국민연금공단 이사장 [더 피플]"
2026-06-21 23:37:16,76513,2537,212,"최대 큰손 국민연금, 본격 코스닥 투자 임박? | 김성주 국민연금공단 이사장 [더 피플]"
2026-06-22 01:18:50,76513,2537,212,"최대 큰손 국민연금, 본격 코스닥 투자 임박? | 김성주 국민연금공단 이사장 [더 피플]"
2026-06-22 02:57:44,76513,2537,212,"최대 큰손 국민연금, 본격 코스닥 투자 임박? | 김성주 국민연금공단 이사장 [더 피플]"
2026-06-22 04:28:57,76513,2537,212,"최대 큰손 국민연금, 본격 코스닥 투자 임박? | 김성주 국민연금공단 이사장 [더 피플]"
2026-06-22 05:53:49,76513,2537,212,"최대 큰손 국민연금, 본격 코스닥 투자 임박? | 김성주 국민연금공단 이사장 [더 피플]"
2026-06-22 07:07:29,76513,2537,212,"최대 큰손 국민연금, 본격 코스닥 투자 임박? | 김성주 국민연금공단 이사장 [더 피플]"
2026-06-22 08:41:54,76513,2537,212,"최대 큰손 국민연금, 본격 코스닥 투자 임박? | 김성주 국민연금공단 이사장 [더 피플]"
2026-06-22 11:09:16,76513,2537,212,"최대 큰손 국민연금, 본격 코스닥 투자 임박? | 김성주 국민연금공단 이사장 [더 피플]"
2026-06-22 16:39:25,76513,2537,212,"최대 큰손 국민연금, 본격 코스닥 투자 임박? | 김성주 국민연금공단 이사장 [더 피플]"
2026-06-22 22:16:59,76513,2537,212,"최대 큰손 국민연금, 본격 코스닥 투자 임박? | 김성주 국민연금공단 이사장 [더 피플]"
2026-06-23 02:55:11,76514,2537,212,"최대 큰손 국민연금, 본격 코스닥 투자 임박? | 김성주 국민연금공단 이사장 [더 피플]"
2026-06-23 05:36:06,76515,2537,212,"최대 큰손 국민연금, 본격 코스닥 투자 임박? | 김성주 국민연금공단 이사장 [더 피플]"
2026-06-23 07:24:34,76515,2537,212,"최대 큰손 국민연금, 본격 코스닥 투자 임박? | 김성주 국민연금공단 이사장 [더 피플]"
2026-06-23 08:48:13,76515,2537,212,"최대 큰손 국민연금, 본격 코스닥 투자 임박? | 김성주 국민연금공단 이사장 [더 피플]"
2026-06-23 10:49:59,76515,2537,212,"최대 큰손 국민연금, 본격 코스닥 투자 임박? | 김성주 국민연금공단 이사장 [더 피플]"
2026-06-23 14:55:08,76515,2537,212,"최대 큰손 국민연금, 본격 코스닥 투자 임박? | 김성주 국민연금공단 이사장 [더 피플]"
2026-06-23 18:24:30,76515,2537,212,"최대 큰손 국민연금, 본격 코스닥 투자 임박? | 김성주 국민연금공단 이사장 [더 피플]"
2026-06-23 21:19:02,76515,2537,212,"최대 큰손 국민연금, 본격 코스닥 투자 임박? | 김성주 국민연금공단 이사장 [더 피플]"
2026-06-24 00:27:15,76515,2537,212,"최대 큰손 국민연금, 본격 코스닥 투자 임박? | 김성주 국민연금공단 이사장 [더 피플]"
2026-06-24 02:25:22,76515,2537,212,"최대 큰손 국민연금, 본격 코스닥 투자 임박? | 김성주 국민연금공단 이사장 [더 피플]"
2026-06-24 04:23:44,76515,2537,212,"최대 큰손 국민연금, 본격 코스닥 투자 임박? | 김성주 국민연금공단 이사장 [더 피플]"
2026-06-24 06:10:38,76515,2537,212,"최대 큰손 국민연금, 본격 코스닥 투자 임박? | 김성주 국민연금공단 이사장 [더 피플]"
2026-06-24 07:37:17,76515,2537,212,"최대 큰손 국민연금, 본격 코스닥 투자 임박? | 김성주 국민연금공단 이사장 [더 피플]"
2026-06-24 08:38:49,76515,2537,212,"최대 큰손 국민연금, 본격 코스닥 투자 임박? | 김성주 국민연금공단 이사장 [더 피플]"
2026-06-24 10:29:36,76515,2537,212,"최대 큰손 국민연금, 본격 코스닥 투자 임박? | 김성주 국민연금공단 이사장 [더 피플]"
2026-06-24 14:41:13,76515,2537,212,"최대 큰손 국민연금, 본격 코스닥 투자 임박? | 김성주 국민연금공단 이사장 [더 피플]"
2026-06-24 17:43:21,76515,2537,212,"최대 큰손 국민연금, 본격 코스닥 투자 임박? | 김성주 국민연금공단 이사장 [더 피플]"
2026-06-24 20:30:26,76515,2537,212,"최대 큰손 국민연금, 본격 코스닥 투자 임박? | 김성주 국민연금공단 이사장 [더 피플]"
2026-06-24 22:38:13,76515,2537,212,"최대 큰손 국민연금, 본격 코스닥 투자 임박? | 김성주 국민연금공단 이사장 [더 피플]"
2026-06-25 00:58:19,76515,2537,212,"최대 큰손 국민연금, 본격 코스닥 투자 임박? | 김성주 국민연금공단 이사장 [더 피플]"
2026-06-25 02:54:51,76515,2537,212,"최대 큰손 국민연금, 본격 코스닥 투자 임박? | 김성주 국민연금공단 이사장 [더 피플]"
2026-06-25 04:27:14,76515,2537,212,"최대 큰손 국민연금, 본격 코스닥 투자 임박? | 김성주 국민연금공단 이사장 [더 피플]"
2026-06-25 06:09:41,76515,2537,212,"최대 큰손 국민연금, 본격 코스닥 투자 임박? | 김성주 국민연금공단 이사장 [더 피플]"
2026-06-25 07:38:56,76515,2537,212,"최대 큰손 국민연금, 본격 코스닥 투자 임박? | 김성주 국민연금공단 이사장 [더 피플]"
2026-06-25 08:47:34,76515,2537,212,"최대 큰손 국민연금, 본격 코스닥 투자 임박? | 김성주 국민연금공단 이사장 [더 피플]"
2026-06-25 10:51:21,76515,2537,212,"최대 큰손 국민연금, 본격 코스닥 투자 임박? | 김성주 국민연금공단 이사장 [더 피플]"
2026-06-25 14:53:51,76515,2537,212,"최대 큰손 국민연금, 본격 코스닥 투자 임박? | 김성주 국민연금공단 이사장 [더 피플]"
2026-06-25 17:45:02,76515,2537,212,"최대 큰손 국민연금, 본격 코스닥 투자 임박? | 김성주 국민연금공단 이사장 [더 피플]"
2026-06-25 20:26:45,76515,2537,212,"최대 큰손 국민연금, 본격 코스닥 투자 임박? | 김성주 국민연금공단 이사장 [더 피플]"
2026-06-25 22:35:01,76515,2537,212,"최대 큰손 국민연금, 본격 코스닥 투자 임박? | 김성주 국민연금공단 이사장 [더 피플]"
2026-06-26 01:06:26,76515,2537,212,"최대 큰손 국민연금, 본격 코스닥 투자 임박? | 김성주 국민연금공단 이사장 [더 피플]"
2026-06-26 03:23:00,76515,2537,212,"최대 큰손 국민연금, 본격 코스닥 투자 임박? | 김성주 국민연금공단 이사장 [더 피플]"
2026-06-26 05:26:45,76515,2537,212,"최대 큰손 국민연금, 본격 코스닥 투자 임박? | 김성주 국민연금공단 이사장 [더 피플]"
2026-06-26 07:00:16,76515,2537,212,"최대 큰손 국민연금, 본격 코스닥 투자 임박? | 김성주 국민연금공단 이사장 [더 피플]"
2026-06-26 08:23:39,76515,2537,212,"최대 큰손 국민연금, 본격 코스닥 투자 임박? | 김성주 국민연금공단 이사장 [더 피플]"
2026-06-26 10:34:38,76515,2537,212,"최대 큰손 국민연금, 본격 코스닥 투자 임박? | 김성주 국민연금공단 이사장 [더 피플]"
2026-06-26 14:53:03,76515,2537,212,"최대 큰손 국민연금, 본격 코스닥 투자 임박? | 김성주 국민연금공단 이사장 [더 피플]"
2026-06-26 17:44:05,76515,2537,212,"최대 큰손 국민연금, 본격 코스닥 투자 임박? | 김성주 국민연금공단 이사장 [더 피플]"
2026-06-26 20:33:04,76515,2537,212,"최대 큰손 국민연금, 본격 코스닥 투자 임박? | 김성주 국민연금공단 이사장 [더 피플]"
2026-06-26 22:34:43,76515,2537,212,"최대 큰손 국민연금, 본격 코스닥 투자 임박? | 김성주 국민연금공단 이사장 [더 피플]"
2026-06-27 00:56:58,76515,2537,212,"최대 큰손 국민연금, 본격 코스닥 투자 임박? | 김성주 국민연금공단 이사장 [더 피플]"
2026-06-27 02:44:48,76515,2537,212,"최대 큰손 국민연금, 본격 코스닥 투자 임박? | 김성주 국민연금공단 이사장 [더 피플]"
2026-06-27 04:23:17,76515,2537,212,"최대 큰손 국민연금, 본격 코스닥 투자 임박? | 김성주 국민연금공단 이사장 [더 피플]"
2026-06-27 06:00:34,76515,2537,212,"최대 큰손 국민연금, 본격 코스닥 투자 임박? | 김성주 국민연금공단 이사장 [더 피플]"
2026-06-27 07:19:24,76515,2537,212,"최대 큰손 국민연금, 본격 코스닥 투자 임박? | 김성주 국민연금공단 이사장 [더 피플]"
2026-06-27 08:37:56,76515,2537,212,"최대 큰손 국민연금, 본격 코스닥 투자 임박? | 김성주 국민연금공단 이사장 [더 피플]"
2026-06-27 10:32:05,76515,2537,212,"최대 큰손 국민연금, 본격 코스닥 투자 임박? | 김성주 국민연금공단 이사장 [더 피플]"
2026-06-27 14:32:36,76515,2537,212,"최대 큰손 국민연금, 본격 코스닥 투자 임박? | 김성주 국민연금공단 이사장 [더 피플]"
2026-06-27 17:11:50,76515,2537,212,"최대 큰손 국민연금, 본격 코스닥 투자 임박? | 김성주 국민연금공단 이사장 [더 피플]"
2026-06-27 19:23:06,76515,2537,212,"최대 큰손 국민연금, 본격 코스닥 투자 임박? | 김성주 국민연금공단 이사장 [더 피플]"
2026-06-27 20:50:24,76515,2537,212,"최대 큰손 국민연금, 본격 코스닥 투자 임박? | 김성주 국민연금공단 이사장 [더 피플]"
2026-06-27 22:00:03,76515,2537,212,"최대 큰손 국민연금, 본격 코스닥 투자 임박? | 김성주 국민연금공단 이사장 [더 피플]"
2026-06-27 23:46:11,76515,2537,212,"최대 큰손 국민연금, 본격 코스닥 투자 임박? | 김성주 국민연금공단 이사장 [더 피플]"
2026-06-28 00:54:17,76515,2537,212,"최대 큰손 국민연금, 본격 코스닥 투자 임박? | 김성주 국민연금공단 이사장 [더 피플]"
2026-06-28 01:55:53,76515,2537,212,"최대 큰손 국민연금, 본격 코스닥 투자 임박? | 김성주 국민연금공단 이사장 [더 피플]"
2026-06-28 02:57:28,76515,2537,212,"최대 큰손 국민연금, 본격 코스닥 투자 임박? | 김성주 국민연금공단 이사장 [더 피플]"
2026-06-28 04:18:12,76515,2537,212,"최대 큰손 국민연금, 본격 코스닥 투자 임박? | 김성주 국민연금공단 이사장 [더 피플]"
2026-06-28 05:34:38,76515,2537,212,"최대 큰손 국민연금, 본격 코스닥 투자 임박? | 김성주 국민연금공단 이사장 [더 피플]"
2026-06-28 06:41:05,76515,2537,212,"최대 큰손 국민연금, 본격 코스닥 투자 임박? | 김성주 국민연금공단 이사장 [더 피플]"
2026-06-28 07:43:30,76515,2537,212,"최대 큰손 국민연금, 본격 코스닥 투자 임박? | 김성주 국민연금공단 이사장 [더 피플]"
2026-06-28 08:42:15,76515,2537,212,"최대 큰손 국민연금, 본격 코스닥 투자 임박? | 김성주 국민연금공단 이사장 [더 피플]"
2026-06-28 10:52:10,76515,2537,212,"최대 큰손 국민연금, 본격 코스닥 투자 임박? | 김성주 국민연금공단 이사장 [더 피플]"
2026-06-28 15:03:46,76515,2537,212,"최대 큰손 국민연금, 본격 코스닥 투자 임박? | 김성주 국민연금공단 이사장 [더 피플]"
2026-06-28 18:27:41,76516,2537,212,"최대 큰손 국민연금, 본격 코스닥 투자 임박? | 김성주 국민연금공단 이사장 [더 피플]"
2026-06-28 20:20:16,76516,2537,212,"최대 큰손 국민연금, 본격 코스닥 투자 임박? | 김성주 국민연금공단 이사장 [더 피플]"
2026-06-28 21:48:28,76516,2537,212,"최대 큰손 국민연금, 본격 코스닥 투자 임박? | 김성주 국민연금공단 이사장 [더 피플]"
2026-06-28 23:28:11,76516,2537,212,"최대 큰손 국민연금, 본격 코스닥 투자 임박? | 김성주 국민연금공단 이사장 [더 피플]"
2026-06-29 00:50:16,76516,2537,212,"최대 큰손 국민연금, 본격 코스닥 투자 임박? | 김성주 국민연금공단 이사장 [더 피플]"
2026-06-29 01:51:18,76516,2537,212,"최대 큰손 국민연금, 본격 코스닥 투자 임박? | 김성주 국민연금공단 이사장 [더 피플]"
2026-06-29 02:55:09,76516,2537,212,"최대 큰손 국민연금, 본격 코스닥 투자 임박? | 김성주 국민연금공단 이사장 [더 피플]"
2026-06-29 04:05:41,76516,2537,212,"최대 큰손 국민연금, 본격 코스닥 투자 임박? | 김성주 국민연금공단 이사장 [더 피플]"
2026-06-29 05:21:31,76516,2537,212,"최대 큰손 국민연금, 본격 코스닥 투자 임박? | 김성주 국민연금공단 이사장 [더 피플]"
2026-06-29 06:33:07,76516,2537,212,"최대 큰손 국민연금, 본격 코스닥 투자 임박? | 김성주 국민연금공단 이사장 [더 피플]"
2026-06-29 07:38:24,76516,2537,212,"최대 큰손 국민연금, 본격 코스닥 투자 임박? | 김성주 국민연금공단 이사장 [더 피플]"
2026-06-29 08:44:27,76516,2537,212,"최대 큰손 국민연금, 본격 코스닥 투자 임박? | 김성주 국민연금공단 이사장 [더 피플]"
2026-06-29 10:56:02,76516,2537,212,"최대 큰손 국민연금, 본격 코스닥 투자 임박? | 김성주 국민연금공단 이사장 [더 피플]"
2026-06-29 15:40:43,76516,2537,212,"최대 큰손 국민연금, 본격 코스닥 투자 임박? | 김성주 국민연금공단 이사장 [더 피플]"
2026-06-29 20:35:13,76516,2537,212,"최대 큰손 국민연금, 본격 코스닥 투자 임박? | 김성주 국민연금공단 이사장 [더 피플]"
2026-06-30 00:02:03,76516,2537,212,"최대 큰손 국민연금, 본격 코스닥 투자 임박? | 김성주 국민연금공단 이사장 [더 피플]"
2026-06-30 02:45:26,76516,2537,212,"최대 큰손 국민연금, 본격 코스닥 투자 임박? | 김성주 국민연금공단 이사장 [더 피플]"
2026-06-30 04:26:39,76516,2537,212,"최대 큰손 국민연금, 본격 코스닥 투자 임박? | 김성주 국민연금공단 이사장 [더 피플]"
2026-06-30 06:07:14,76516,2537,212,"최대 큰손 국민연금, 본격 코스닥 투자 임박? | 김성주 국민연금공단 이사장 [더 피플]"
2026-06-30 07:19:00,76516,2537,212,"최대 큰손 국민연금, 본격 코스닥 투자 임박? | 김성주 국민연금공단 이사장 [더 피플]"
2026-06-30 08:32:30,76516,2537,212,"최대 큰손 국민연금, 본격 코스닥 투자 임박? | 김성주 국민연금공단 이사장 [더 피플]"
2026-06-30 10:32:51,76516,2537,212,"최대 큰손 국민연금, 본격 코스닥 투자 임박? | 김성주 국민연금공단 이사장 [더 피플]"
2026-06-30 14:50:23,76518,2537,212,"최대 큰손 국민연금, 본격 코스닥 투자 임박? | 김성주 국민연금공단 이사장 [더 피플]"
2026-06-30 17:48:25,76518,2538,212,"최대 큰손 국민연금, 본격 코스닥 투자 임박? | 김성주 국민연금공단 이사장 [더 피플]"
2026-06-30 20:34:50,76519,2538,212,"최대 큰손 국민연금, 본격 코스닥 투자 임박? | 김성주 국민연금공단 이사장 [더 피플]"
2026-06-30 22:27:05,76519,2538,212,"최대 큰손 국민연금, 본격 코스닥 투자 임박? | 김성주 국민연금공단 이사장 [더 피플]"
2026-07-01 01:02:49,76519,2538,212,"최대 큰손 국민연금, 본격 코스닥 투자 임박? | 김성주 국민연금공단 이사장 [더 피플]"
2026-07-01 03:07:02,76519,2538,212,"최대 큰손 국민연금, 본격 코스닥 투자 임박? | 김성주 국민연금공단 이사장 [더 피플]"
2026-07-01 05:14:47,76519,2538,212,"최대 큰손 국민연금, 본격 코스닥 투자 임박? | 김성주 국민연금공단 이사장 [더 피플]"
2026-07-01 06:47:50,76519,2538,212,"최대 큰손 국민연금, 본격 코스닥 투자 임박? | 김성주 국민연금공단 이사장 [더 피플]"
2026-07-01 07:59:17,76519,2538,212,"최대 큰손 국민연금, 본격 코스닥 투자 임박? | 김성주 국민연금공단 이사장 [더 피플]"
2026-07-01 09:08:53,76520,2538,212,"최대 큰손 국민연금, 본격 코스닥 투자 임박? | 김성주 국민연금공단 이사장 [더 피플]"
2026-07-01 13:51:51,76522,2538,212,"최대 큰손 국민연금, 본격 코스닥 투자 임박? | 김성주 국민연금공단 이사장 [더 피플]"
2026-07-01 17:42:30,76522,2538,212,"최대 큰손 국민연금, 본격 코스닥 투자 임박? | 김성주 국민연금공단 이사장 [더 피플]"
2026-07-01 20:43:40,76522,2538,212,"최대 큰손 국민연금, 본격 코스닥 투자 임박? | 김성주 국민연금공단 이사장 [더 피플]"
2026-07-01 22:55:25,76522,2538,212,"최대 큰손 국민연금, 본격 코스닥 투자 임박? | 김성주 국민연금공단 이사장 [더 피플]"
2026-07-02 01:19:57,76523,2538,212,"최대 큰손 국민연금, 본격 코스닥 투자 임박? | 김성주 국민연금공단 이사장 [더 피플]"
2026-07-02 03:19:16,76523,2538,212,"최대 큰손 국민연금, 본격 코스닥 투자 임박? | 김성주 국민연금공단 이사장 [더 피플]"
2026-07-02 05:18:37,76523,2538,212,"최대 큰손 국민연금, 본격 코스닥 투자 임박? | 김성주 국민연금공단 이사장 [더 피플]"
2026-07-02 06:52:24,76523,2538,212,"최대 큰손 국민연금, 본격 코스닥 투자 임박? | 김성주 국민연금공단 이사장 [더 피플]"
2026-07-02 07:57:53,76523,2538,212,"최대 큰손 국민연금, 본격 코스닥 투자 임박? | 김성주 국민연금공단 이사장 [더 피플]"
2026-07-02 09:06:31,76523,2538,212,"최대 큰손 국민연금, 본격 코스닥 투자 임박? | 김성주 국민연금공단 이사장 [더 피플]"
2026-07-02 13:18:07,76523,2538,212,"최대 큰손 국민연금, 본격 코스닥 투자 임박? | 김성주 국민연금공단 이사장 [더 피플]"
2026-07-02 16:46:14,76524,2538,212,"최대 큰손 국민연금, 본격 코스닥 투자 임박? | 김성주 국민연금공단 이사장 [더 피플]"
2026-07-02 19:22:34,76525,2538,212,"최대 큰손 국민연금, 본격 코스닥 투자 임박? | 김성주 국민연금공단 이사장 [더 피플]"
2026-07-02 21:24:16,76526,2538,212,"최대 큰손 국민연금, 본격 코스닥 투자 임박? | 김성주 국민연금공단 이사장 [더 피플]"
2026-07-02 23:35:08,76526,2538,212,"최대 큰손 국민연금, 본격 코스닥 투자 임박? | 김성주 국민연금공단 이사장 [더 피플]"
2026-07-03 01:23:22,76526,2538,212,"최대 큰손 국민연금, 본격 코스닥 투자 임박? | 김성주 국민연금공단 이사장 [더 피플]"
2026-07-03 03:08:20,76527,2538,212,"최대 큰손 국민연금, 본격 코스닥 투자 임박? | 김성주 국민연금공단 이사장 [더 피플]"
2026-07-03 04:47:36,76527,2538,212,"최대 큰손 국민연금, 본격 코스닥 투자 임박? | 김성주 국민연금공단 이사장 [더 피플]"
2026-07-03 05:46:20,76527,2538,212,"최대 큰손 국민연금, 본격 코스닥 투자 임박? | 김성주 국민연금공단 이사장 [더 피플]"
2026-07-03 06:52:07,76527,2538,212,"최대 큰손 국민연금, 본격 코스닥 투자 임박? | 김성주 국민연금공단 이사장 [더 피플]"
2026-07-03 07:52:29,76527,2538,212,"최대 큰손 국민연금, 본격 코스닥 투자 임박? | 김성주 국민연금공단 이사장 [더 피플]"
2026-07-03 08:51:36,76527,2538,212,"최대 큰손 국민연금, 본격 코스닥 투자 임박? | 김성주 국민연금공단 이사장 [더 피플]"
2026-07-03 10:23:01,76527,2538,212,"최대 큰손 국민연금, 본격 코스닥 투자 임박? | 김성주 국민연금공단 이사장 [더 피플]"
2026-07-03 14:04:27,76527,2538,212,"최대 큰손 국민연금, 본격 코스닥 투자 임박? | 김성주 국민연금공단 이사장 [더 피플]"
2026-07-03 17:20:41,76528,2538,212,"최대 큰손 국민연금, 본격 코스닥 투자 임박? | 김성주 국민연금공단 이사장 [더 피플]"
2026-07-03 20:04:09,76528,2538,212,"최대 큰손 국민연금, 본격 코스닥 투자 임박? | 김성주 국민연금공단 이사장 [더 피플]"
2026-07-03 22:03:34,76528,2538,212,"최대 큰손 국민연금, 본격 코스닥 투자 임박? | 김성주 국민연금공단 이사장 [더 피플]"
2026-07-04 00:19:48,76528,2538,212,"최대 큰손 국민연금, 본격 코스닥 투자 임박? | 김성주 국민연금공단 이사장 [더 피플]"
2026-07-04 01:48:28,76528,2538,212,"최대 큰손 국민연금, 본격 코스닥 투자 임박? | 김성주 국민연금공단 이사장 [더 피플]"
2026-07-04 03:04:26,76528,2538,212,"최대 큰손 국민연금, 본격 코스닥 투자 임박? | 김성주 국민연금공단 이사장 [더 피플]"
2026-07-04 04:43:37,76528,2538,212,"최대 큰손 국민연금, 본격 코스닥 투자 임박? | 김성주 국민연금공단 이사장 [더 피플]"
2026-07-04 05:44:13,76528,2538,212,"최대 큰손 국민연금, 본격 코스닥 투자 임박? | 김성주 국민연금공단 이사장 [더 피플]"
2026-07-04 06:46:30,76528,2538,212,"최대 큰손 국민연금, 본격 코스닥 투자 임박? | 김성주 국민연금공단 이사장 [더 피플]"
2026-07-04 07:45:02,76528,2538,212,"최대 큰손 국민연금, 본격 코스닥 투자 임박? | 김성주 국민연금공단 이사장 [더 피플]"
2026-07-04 08:44:52,76528,2538,212,"최대 큰손 국민연금, 본격 코스닥 투자 임박? | 김성주 국민연금공단 이사장 [더 피플]"
2026-07-04 10:18:37,76528,2538,212,"최대 큰손 국민연금, 본격 코스닥 투자 임박? | 김성주 국민연금공단 이사장 [더 피플]"
2026-07-04 13:55:50,76528,2538,212,"최대 큰손 국민연금, 본격 코스닥 투자 임박? | 김성주 국민연금공단 이사장 [더 피플]"
2026-07-04 16:39:53,76528,2538,212,"최대 큰손 국민연금, 본격 코스닥 투자 임박? | 김성주 국민연금공단 이사장 [더 피플]"
2026-07-04 18:51:02,76528,2538,212,"최대 큰손 국민연금, 본격 코스닥 투자 임박? | 김성주 국민연금공단 이사장 [더 피플]"
2026-07-04 20:14:02,76528,2538,212,"최대 큰손 국민연금, 본격 코스닥 투자 임박? | 김성주 국민연금공단 이사장 [더 피플]"
2026-07-04 21:18:44,76528,2538,212,"최대 큰손 국민연금, 본격 코스닥 투자 임박? | 김성주 국민연금공단 이사장 [더 피플]"
2026-07-04 23:03:14,76528,2538,212,"최대 큰손 국민연금, 본격 코스닥 투자 임박? | 김성주 국민연금공단 이사장 [더 피플]"
2026-07-05 00:15:59,76528,2538,212,"최대 큰손 국민연금, 본격 코스닥 투자 임박? | 김성주 국민연금공단 이사장 [더 피플]"
2026-07-05 01:16:50,76528,2538,212,"최대 큰손 국민연금, 본격 코스닥 투자 임박? | 김성주 국민연금공단 이사장 [더 피플]"
2026-07-05 02:30:01,76529,2538,212,"최대 큰손 국민연금, 본격 코스닥 투자 임박? | 김성주 국민연금공단 이사장 [더 피플]"
2026-07-05 03:33:49,76529,2538,212,"최대 큰손 국민연금, 본격 코스닥 투자 임박? | 김성주 국민연금공단 이사장 [더 피플]"
2026-07-05 04:48:02,76529,2538,212,"최대 큰손 국민연금, 본격 코스닥 투자 임박? | 김성주 국민연금공단 이사장 [더 피플]"
2026-07-05 05:38:18,76529,2538,212,"최대 큰손 국민연금, 본격 코스닥 투자 임박? | 김성주 국민연금공단 이사장 [더 피플]"
2026-07-05 06:36:28,76529,2538,212,"최대 큰손 국민연금, 본격 코스닥 투자 임박? | 김성주 국민연금공단 이사장 [더 피플]"
2026-07-05 07:35:03,76529,2538,212,"최대 큰손 국민연금, 본격 코스닥 투자 임박? | 김성주 국민연금공단 이사장 [더 피플]"
2026-07-05 08:38:39,76529,2538,212,"최대 큰손 국민연금, 본격 코스닥 투자 임박? | 김성주 국민연금공단 이사장 [더 피플]"
2026-07-05 10:22:21,76529,2538,212,"최대 큰손 국민연금, 본격 코스닥 투자 임박? | 김성주 국민연금공단 이사장 [더 피플]"
2026-07-05 14:13:15,76529,2538,212,"최대 큰손 국민연금, 본격 코스닥 투자 임박? | 김성주 국민연금공단 이사장 [더 피플]"
2026-07-05 17:17:43,76529,2538,212,"최대 큰손 국민연금, 본격 코스닥 투자 임박? | 김성주 국민연금공단 이사장 [더 피플]"
2026-07-05 19:30:36,76529,2538,212,"최대 큰손 국민연금, 본격 코스닥 투자 임박? | 김성주 국민연금공단 이사장 [더 피플]"
2026-07-05 20:57:06,76529,2538,212,"최대 큰손 국민연금, 본격 코스닥 투자 임박? | 김성주 국민연금공단 이사장 [더 피플]"
2026-07-05 22:25:10,76529,2538,212,"최대 큰손 국민연금, 본격 코스닥 투자 임박? | 김성주 국민연금공단 이사장 [더 피플]"
2026-07-05 23:56:24,76529,2538,212,"최대 큰손 국민연금, 본격 코스닥 투자 임박? | 김성주 국민연금공단 이사장 [더 피플]"
2026-07-06 01:03:19,76529,2538,212,"최대 큰손 국민연금, 본격 코스닥 투자 임박? | 김성주 국민연금공단 이사장 [더 피플]"
2026-07-06 02:22:55,76529,2538,212,"최대 큰손 국민연금, 본격 코스닥 투자 임박? | 김성주 국민연금공단 이사장 [더 피플]"
2026-07-06 03:33:34,76529,2538,212,"최대 큰손 국민연금, 본격 코스닥 투자 임박? | 김성주 국민연금공단 이사장 [더 피플]"
2026-07-06 04:53:55,76529,2538,212,"최대 큰손 국민연금, 본격 코스닥 투자 임박? | 김성주 국민연금공단 이사장 [더 피플]"
2026-07-06 05:44:46,76529,2538,212,"최대 큰손 국민연금, 본격 코스닥 투자 임박? | 김성주 국민연금공단 이사장 [더 피플]"
2026-07-06 06:42:43,76529,2538,212,"최대 큰손 국민연금, 본격 코스닥 투자 임박? | 김성주 국민연금공단 이사장 [더 피플]"
2026-07-06 07:39:56,76529,2538,212,"최대 큰손 국민연금, 본격 코스닥 투자 임박? | 김성주 국민연금공단 이사장 [더 피플]"
2026-07-06 08:43:14,76529,2538,212,"최대 큰손 국민연금, 본격 코스닥 투자 임박? | 김성주 국민연금공단 이사장 [더 피플]"
2026-07-06 10:24:02,76529,2538,212,"최대 큰손 국민연금, 본격 코스닥 투자 임박? | 김성주 국민연금공단 이사장 [더 피플]"
2026-07-06 14:45:33,76529,2538,212,"최대 큰손 국민연금, 본격 코스닥 투자 임박? | 김성주 국민연금공단 이사장 [더 피플]"
2026-07-06 18:45:19,76529,2538,212,"최대 큰손 국민연금, 본격 코스닥 투자 임박? | 김성주 국민연금공단 이사장 [더 피플]"
2026-07-06 22:32:04,76529,2538,212,"최대 큰손 국민연금, 본격 코스닥 투자 임박? | 김성주 국민연금공단 이사장 [더 피플]"
2026-07-07 01:41:04,76529,2538,212,"최대 큰손 국민연금, 본격 코스닥 투자 임박? | 김성주 국민연금공단 이사장 [더 피플]"
2026-07-07 03:30:36,76530,2538,212,"최대 큰손 국민연금, 본격 코스닥 투자 임박? | 김성주 국민연금공단 이사장 [더 피플]"
2026-07-07 05:27:22,76530,2538,212,"최대 큰손 국민연금, 본격 코스닥 투자 임박? | 김성주 국민연금공단 이사장 [더 피플]"
2026-07-07 06:55:05,76530,2538,212,"최대 큰손 국민연금, 본격 코스닥 투자 임박? | 김성주 국민연금공단 이사장 [더 피플]"
2026-07-07 07:59:35,76530,2538,212,"최대 큰손 국민연금, 본격 코스닥 투자 임박? | 김성주 국민연금공단 이사장 [더 피플]"
2026-07-07 09:12:33,76530,2538,212,"최대 큰손 국민연금, 본격 코스닥 투자 임박? | 김성주 국민연금공단 이사장 [더 피플]"
2026-07-07 13:16:34,76532,2538,212,"최대 큰손 국민연금, 본격 코스닥 투자 임박? | 김성주 국민연금공단 이사장 [더 피플]"
2026-07-07 16:54:21,76532,2538,212,"최대 큰손 국민연금, 본격 코스닥 투자 임박? | 김성주 국민연금공단 이사장 [더 피플]"
2026-07-07 19:44:50,76535,2538,212,"최대 큰손 국민연금, 본격 코스닥 투자 임박? | 김성주 국민연금공단 이사장 [더 피플]"
2026-07-07 22:06:47,76535,2538,212,"최대 큰손 국민연금, 본격 코스닥 투자 임박? | 김성주 국민연금공단 이사장 [더 피플]"
2026-07-08 00:49:15,76535,2538,212,"최대 큰손 국민연금, 본격 코스닥 투자 임박? | 김성주 국민연금공단 이사장 [더 피플]"
2026-07-08 02:47:07,76535,2538,212,"최대 큰손 국민연금, 본격 코스닥 투자 임박? | 김성주 국민연금공단 이사장 [더 피플]"
2026-07-08 04:26:40,76535,2538,212,"최대 큰손 국민연금, 본격 코스닥 투자 임박? | 김성주 국민연금공단 이사장 [더 피플]"
2026-07-08 06:04:51,76535,2538,212,"최대 큰손 국민연금, 본격 코스닥 투자 임박? | 김성주 국민연금공단 이사장 [더 피플]"
2026-07-08 07:19:43,76535,2538,212,"최대 큰손 국민연금, 본격 코스닥 투자 임박? | 김성주 국민연금공단 이사장 [더 피플]"
2026-07-08 08:17:40,76535,2538,212,"최대 큰손 국민연금, 본격 코스닥 투자 임박? | 김성주 국민연금공단 이사장 [더 피플]"
2026-07-08 09:15:05,76535,2538,212,"최대 큰손 국민연금, 본격 코스닥 투자 임박? | 김성주 국민연금공단 이사장 [더 피플]"
2026-07-08 12:46:38,76536,2538,212,"최대 큰손 국민연금, 본격 코스닥 투자 임박? | 김성주 국민연금공단 이사장 [더 피플]"
2026-07-08 15:17:06,76536,2538,212,"최대 큰손 국민연금, 본격 코스닥 투자 임박? | 김성주 국민연금공단 이사장 [더 피플]"
2026-07-08 17:46:49,76537,2538,212,"최대 큰손 국민연금, 본격 코스닥 투자 임박? | 김성주 국민연금공단 이사장 [더 피플]"
2026-07-08 19:50:50,76537,2538,212,"최대 큰손 국민연금, 본격 코스닥 투자 임박? | 김성주 국민연금공단 이사장 [더 피플]"
2026-07-08 21:09:51,76537,2538,212,"최대 큰손 국민연금, 본격 코스닥 투자 임박? | 김성주 국민연금공단 이사장 [더 피플]"
2026-07-08 23:38:58,76537,2538,212,"최대 큰손 국민연금, 본격 코스닥 투자 임박? | 김성주 국민연금공단 이사장 [더 피플]"
2026-07-09 01:18:36,76537,2538,212,"최대 큰손 국민연금, 본격 코스닥 투자 임박? | 김성주 국민연금공단 이사장 [더 피플]"
2026-07-09 02:54:34,76537,2538,212,"최대 큰손 국민연금, 본격 코스닥 투자 임박? | 김성주 국민연금공단 이사장 [더 피플]"
2026-07-09 04:07:12,76537,2538,212,"최대 큰손 국민연금, 본격 코스닥 투자 임박? | 김성주 국민연금공단 이사장 [더 피플]"
2026-07-09 05:35:58,76537,2538,212,"최대 큰손 국민연금, 본격 코스닥 투자 임박? | 김성주 국민연금공단 이사장 [더 피플]"
2026-07-09 06:46:11,76537,2538,212,"최대 큰손 국민연금, 본격 코스닥 투자 임박? | 김성주 국민연금공단 이사장 [더 피플]"
2026-07-09 07:45:39,76537,2538,212,"최대 큰손 국민연금, 본격 코스닥 투자 임박? | 김성주 국민연금공단 이사장 [더 피플]"
2026-07-09 08:48:16,76537,2538,212,"최대 큰손 국민연금, 본격 코스닥 투자 임박? | 김성주 국민연금공단 이사장 [더 피플]"
2026-07-09 10:20:34,76537,2538,212,"최대 큰손 국민연금, 본격 코스닥 투자 임박? | 김성주 국민연금공단 이사장 [더 피플]"
2026-07-09 14:12:55,76537,2538,212,"최대 큰손 국민연금, 본격 코스닥 투자 임박? | 김성주 국민연금공단 이사장 [더 피플]"
2026-07-09 17:55:12,76537,2538,212,"최대 큰손 국민연금, 본격 코스닥 투자 임박? | 김성주 국민연금공단 이사장 [더 피플]"
2026-07-09 20:41:44,76537,2538,212,"최대 큰손 국민연금, 본격 코스닥 투자 임박? | 김성주 국민연금공단 이사장 [더 피플]"
2026-07-09 23:11:56,76537,2538,212,"최대 큰손 국민연금, 본격 코스닥 투자 임박? | 김성주 국민연금공단 이사장 [더 피플]"
2026-07-10 01:40:22,76537,2538,212,"최대 큰손 국민연금, 본격 코스닥 투자 임박? | 김성주 국민연금공단 이사장 [더 피플]"
2026-07-10 03:25:28,76537,2538,212,"최대 큰손 국민연금, 본격 코스닥 투자 임박? | 김성주 국민연금공단 이사장 [더 피플]"
2026-07-10 05:15:54,76537,2538,212,"최대 큰손 국민연금, 본격 코스닥 투자 임박? | 김성주 국민연금공단 이사장 [더 피플]"
2026-07-10 06:47:51,76537,2538,212,"최대 큰손 국민연금, 본격 코스닥 투자 임박? | 김성주 국민연금공단 이사장 [더 피플]"
2026-07-10 07:58:14,76537,2538,212,"최대 큰손 국민연금, 본격 코스닥 투자 임박? | 김성주 국민연금공단 이사장 [더 피플]"
2026-07-10 09:05:21,76537,2538,212,"최대 큰손 국민연금, 본격 코스닥 투자 임박? | 김성주 국민연금공단 이사장 [더 피플]"
2026-07-10 13:08:16,76538,2538,212,"최대 큰손 국민연금, 본격 코스닥 투자 임박? | 김성주 국민연금공단 이사장 [더 피플]"
2026-07-10 16:49:39,76536,2538,212,"최대 큰손 국민연금, 본격 코스닥 투자 임박? | 김성주 국민연금공단 이사장 [더 피플]"
2026-07-10 19:39:39,76536,2538,212,"최대 큰손 국민연금, 본격 코스닥 투자 임박? | 김성주 국민연금공단 이사장 [더 피플]"
2026-07-10 21:57:14,76536,2538,212,"최대 큰손 국민연금, 본격 코스닥 투자 임박? | 김성주 국민연금공단 이사장 [더 피플]"
2026-07-11 00:30:29,76536,2538,212,"최대 큰손 국민연금, 본격 코스닥 투자 임박? | 김성주 국민연금공단 이사장 [더 피플]"
2026-07-11 02:21:13,76536,2538,212,"최대 큰손 국민연금, 본격 코스닥 투자 임박? | 김성주 국민연금공단 이사장 [더 피플]"
2026-07-11 03:52:27,76536,2538,212,"최대 큰손 국민연금, 본격 코스닥 투자 임박? | 김성주 국민연금공단 이사장 [더 피플]"
2026-07-11 05:09:24,76536,2538,212,"최대 큰손 국민연금, 본격 코스닥 투자 임박? | 김성주 국민연금공단 이사장 [더 피플]"
2026-07-11 06:18:59,76536,2538,212,"최대 큰손 국민연금, 본격 코스닥 투자 임박? | 김성주 국민연금공단 이사장 [더 피플]"
2026-07-11 07:28:21,76536,2538,212,"최대 큰손 국민연금, 본격 코스닥 투자 임박? | 김성주 국민연금공단 이사장 [더 피플]"
2026-07-11 08:28:58,76536,2538,212,"최대 큰손 국민연금, 본격 코스닥 투자 임박? | 김성주 국민연금공단 이사장 [더 피플]"
2026-07-11 09:57:23,76536,2538,212,"최대 큰손 국민연금, 본격 코스닥 투자 임박? | 김성주 국민연금공단 이사장 [더 피플]"
2026-07-11 13:11:29,76536,2538,212,"최대 큰손 국민연금, 본격 코스닥 투자 임박? | 김성주 국민연금공단 이사장 [더 피플]"
2026-07-11 15:25:57,76536,2538,212,"최대 큰손 국민연금, 본격 코스닥 투자 임박? | 김성주 국민연금공단 이사장 [더 피플]"
2026-07-11 17:18:30,76536,2538,212,"최대 큰손 국민연금, 본격 코스닥 투자 임박? | 김성주 국민연금공단 이사장 [더 피플]"
2026-07-11 18:51:57,76536,2538,212,"최대 큰손 국민연금, 본격 코스닥 투자 임박? | 김성주 국민연금공단 이사장 [더 피플]"
2026-07-11 19:48:32,76538,2538,212,"최대 큰손 국민연금, 본격 코스닥 투자 임박? | 김성주 국민연금공단 이사장 [더 피플]"
2026-07-11 20:38:21,76538,2538,212,"최대 큰손 국민연금, 본격 코스닥 투자 임박? | 김성주 국민연금공단 이사장 [더 피플]"
2026-07-11 21:37:39,76538,2538,212,"최대 큰손 국민연금, 본격 코스닥 투자 임박? | 김성주 국민연금공단 이사장 [더 피플]"
2026-07-11 23:07:21,76538,2538,212,"최대 큰손 국민연금, 본격 코스닥 투자 임박? | 김성주 국민연금공단 이사장 [더 피플]"
2026-07-12 00:11:31,76538,2538,212,"최대 큰손 국민연금, 본격 코스닥 투자 임박? | 김성주 국민연금공단 이사장 [더 피플]"
2026-07-12 01:09:31,76538,2538,212,"최대 큰손 국민연금, 본격 코스닥 투자 임박? | 김성주 국민연금공단 이사장 [더 피플]"
2026-07-12 02:13:28,76538,2538,212,"최대 큰손 국민연금, 본격 코스닥 투자 임박? | 김성주 국민연금공단 이사장 [더 피플]"
2026-07-12 03:07:03,76538,2538,212,"최대 큰손 국민연금, 본격 코스닥 투자 임박? | 김성주 국민연금공단 이사장 [더 피플]"
2026-07-12 04:22:02,76538,2538,212,"최대 큰손 국민연금, 본격 코스닥 투자 임박? | 김성주 국민연금공단 이사장 [더 피플]"
2026-07-12 05:13:12,76538,2538,212,"최대 큰손 국민연금, 본격 코스닥 투자 임박? | 김성주 국민연금공단 이사장 [더 피플]"
2026-07-12 06:06:44,76538,2538,212,"최대 큰손 국민연금, 본격 코스닥 투자 임박? | 김성주 국민연금공단 이사장 [더 피플]"
2026-07-12 07:02:34,76538,2538,212,"최대 큰손 국민연금, 본격 코스닥 투자 임박? | 김성주 국민연금공단 이사장 [더 피플]"
2026-07-12 07:59:49,76538,2538,212,"최대 큰손 국민연금, 본격 코스닥 투자 임박? | 김성주 국민연금공단 이사장 [더 피플]"
2026-07-12 09:00:53,76538,2538,212,"최대 큰손 국민연금, 본격 코스닥 투자 임박? | 김성주 국민연금공단 이사장 [더 피플]"
2026-07-12 12:38:30,76539,2538,212,"최대 큰손 국민연금, 본격 코스닥 투자 임박? | 김성주 국민연금공단 이사장 [더 피플]"
2026-07-12 15:19:25,76539,2538,212,"최대 큰손 국민연금, 본격 코스닥 투자 임박? | 김성주 국민연금공단 이사장 [더 피플]"
2026-07-12 17:33:54,76540,2538,212,"최대 큰손 국민연금, 본격 코스닥 투자 임박? | 김성주 국민연금공단 이사장 [더 피플]"
2026-07-12 19:09:56,76540,2538,212,"최대 큰손 국민연금, 본격 코스닥 투자 임박? | 김성주 국민연금공단 이사장 [더 피플]"
2026-07-12 20:25:20,76540,2538,212,"최대 큰손 국민연금, 본격 코스닥 투자 임박? | 김성주 국민연금공단 이사장 [더 피플]"
2026-07-12 21:12:48,76540,2538,212,"최대 큰손 국민연금, 본격 코스닥 투자 임박? | 김성주 국민연금공단 이사장 [더 피플]"
2026-07-12 22:56:35,76540,2538,212,"최대 큰손 국민연금, 본격 코스닥 투자 임박? | 김성주 국민연금공단 이사장 [더 피플]"
2026-07-12 23:50:40,76540,2538,212,"최대 큰손 국민연금, 본격 코스닥 투자 임박? | 김성주 국민연금공단 이사장 [더 피플]"
2026-07-13 00:44:15,76540,2538,212,"최대 큰손 국민연금, 본격 코스닥 투자 임박? | 김성주 국민연금공단 이사장 [더 피플]"
2026-07-13 01:36:34,76540,2538,212,"최대 큰손 국민연금, 본격 코스닥 투자 임박? | 김성주 국민연금공단 이사장 [더 피플]"
2026-07-13 02:39:22,76540,2538,212,"최대 큰손 국민연금, 본격 코스닥 투자 임박? | 김성주 국민연금공단 이사장 [더 피플]"
2026-07-13 03:34:09,76540,2538,212,"최대 큰손 국민연금, 본격 코스닥 투자 임박? | 김성주 국민연금공단 이사장 [더 피플]"
2026-07-13 04:44:20,76540,2538,212,"최대 큰손 국민연금, 본격 코스닥 투자 임박? | 김성주 국민연금공단 이사장 [더 피플]"
2026-07-13 05:28:15,76540,2538,212,"최대 큰손 국민연금, 본격 코스닥 투자 임박? | 김성주 국민연금공단 이사장 [더 피플]"
2026-07-13 06:23:18,76540,2538,212,"최대 큰손 국민연금, 본격 코스닥 투자 임박? | 김성주 국민연금공단 이사장 [더 피플]"
2026-07-13 07:11:49,76540,2538,212,"최대 큰손 국민연금, 본격 코스닥 투자 임박? | 김성주 국민연금공단 이사장 [더 피플]"
2026-07-13 08:08:48,76540,2538,212,"최대 큰손 국민연금, 본격 코스닥 투자 임박? | 김성주 국민연금공단 이사장 [더 피플]"
2026-07-13 09:08:02,76540,2538,212,"최대 큰손 국민연금, 본격 코스닥 투자 임박? | 김성주 국민연금공단 이사장 [더 피플]"
2026-07-13 12:54:04,76540,2538,212,"최대 큰손 국민연금, 본격 코스닥 투자 임박? | 김성주 국민연금공단 이사장 [더 피플]"
2026-07-13 15:43:40,76540,2538,212,"최대 큰손 국민연금, 본격 코스닥 투자 임박? | 김성주 국민연금공단 이사장 [더 피플]"
2026-07-13 18:59:31,76540,2538,212,"최대 큰손 국민연금, 본격 코스닥 투자 임박? | 김성주 국민연금공단 이사장 [더 피플]"
2026-07-13 21:34:02,76540,2538,212,"최대 큰손 국민연금, 본격 코스닥 투자 임박? | 김성주 국민연금공단 이사장 [더 피플]"
2026-07-14 00:29:53,76540,2538,212,"최대 큰손 국민연금, 본격 코스닥 투자 임박? | 김성주 국민연금공단 이사장 [더 피플]"
2026-07-14 02:31:11,76541,2538,212,"최대 큰손 국민연금, 본격 코스닥 투자 임박? | 김성주 국민연금공단 이사장 [더 피플]"
2026-07-14 03:57:25,76541,2538,212,"최대 큰손 국민연금, 본격 코스닥 투자 임박? | 김성주 국민연금공단 이사장 [더 피플]"
2026-07-14 05:13:07,76541,2538,212,"최대 큰손 국민연금, 본격 코스닥 투자 임박? | 김성주 국민연금공단 이사장 [더 피플]"
2026-07-14 06:13:11,76541,2538,212,"최대 큰손 국민연금, 본격 코스닥 투자 임박? | 김성주 국민연금공단 이사장 [더 피플]"
2026-07-14 07:09:44,76541,2538,212,"최대 큰손 국민연금, 본격 코스닥 투자 임박? | 김성주 국민연금공단 이사장 [더 피플]"
2026-07-14 08:11:06,76541,2538,212,"최대 큰손 국민연금, 본격 코스닥 투자 임박? | 김성주 국민연금공단 이사장 [더 피플]"
2026-07-14 09:06:17,76541,2538,212,"최대 큰손 국민연금, 본격 코스닥 투자 임박? | 김성주 국민연금공단 이사장 [더 피플]"
2026-07-14 12:27:22,76541,2538,212,"최대 큰손 국민연금, 본격 코스닥 투자 임박? | 김성주 국민연금공단 이사장 [더 피플]"
2026-07-14 14:51:45,76541,2538,212,"최대 큰손 국민연금, 본격 코스닥 투자 임박? | 김성주 국민연금공단 이사장 [더 피플]"
2026-07-14 16:30:33,76541,2538,211,"최대 큰손 국민연금, 본격 코스닥 투자 임박? | 김성주 국민연금공단 이사장 [더 피플]"
2026-07-14 18:27:01,76541,2538,211,"최대 큰손 국민연금, 본격 코스닥 투자 임박? | 김성주 국민연금공단 이사장 [더 피플]"
2026-07-14 20:06:30,76541,2538,211,"최대 큰손 국민연금, 본격 코스닥 투자 임박? | 김성주 국민연금공단 이사장 [더 피플]"
2026-07-14 21:20:57,76541,2538,211,"최대 큰손 국민연금, 본격 코스닥 투자 임박? | 김성주 국민연금공단 이사장 [더 피플]"
2026-07-14 23:18:38,76541,2538,211,"최대 큰손 국민연금, 본격 코스닥 투자 임박? | 김성주 국민연금공단 이사장 [더 피플]"
2026-07-15 00:51:19,76541,2538,211,"최대 큰손 국민연금, 본격 코스닥 투자 임박? | 김성주 국민연금공단 이사장 [더 피플]"
2026-07-15 01:57:00,76541,2538,211,"최대 큰손 국민연금, 본격 코스닥 투자 임박? | 김성주 국민연금공단 이사장 [더 피플]"
2026-07-15 02:59:17,76541,2538,211,"최대 큰손 국민연금, 본격 코스닥 투자 임박? | 김성주 국민연금공단 이사장 [더 피플]"
2026-07-15 04:23:42,76541,2538,211,"최대 큰손 국민연금, 본격 코스닥 투자 임박? | 김성주 국민연금공단 이사장 [더 피플]"
2026-07-15 05:34:55,76541,2538,211,"최대 큰손 국민연금, 본격 코스닥 투자 임박? | 김성주 국민연금공단 이사장 [더 피플]"
2026-07-15 06:33:30,76541,2538,211,"최대 큰손 국민연금, 본격 코스닥 투자 임박? | 김성주 국민연금공단 이사장 [더 피플]"
2026-07-15 07:34:39,76541,2538,211,"최대 큰손 국민연금, 본격 코스닥 투자 임박? | 김성주 국민연금공단 이사장 [더 피플]"
2026-07-15 08:28:08,76541,2538,211,"최대 큰손 국민연금, 본격 코스닥 투자 임박? | 김성주 국민연금공단 이사장 [더 피플]"
2026-07-15 09:50:27,76542,2538,211,"최대 큰손 국민연금, 본격 코스닥 투자 임박? | 김성주 국민연금공단 이사장 [더 피플]"
2026-07-15 12:49:53,76542,2538,211,"최대 큰손 국민연금, 본격 코스닥 투자 임박? | 김성주 국민연금공단 이사장 [더 피플]"
2026-07-15 15:02:12,76542,2538,211,"최대 큰손 국민연금, 본격 코스닥 투자 임박? | 김성주 국민연금공단 이사장 [더 피플]"
2026-07-15 17:29:08,76542,2538,211,"최대 큰손 국민연금, 본격 코스닥 투자 임박? | 김성주 국민연금공단 이사장 [더 피플]"
2026-07-15 19:21:37,76543,2538,211,"최대 큰손 국민연금, 본격 코스닥 투자 임박? | 김성주 국민연금공단 이사장 [더 피플]"
2026-07-15 20:53:57,76544,2538,211,"최대 큰손 국민연금, 본격 코스닥 투자 임박? | 김성주 국민연금공단 이사장 [더 피플]"
2026-07-15 22:05:30,76544,2538,211,"최대 큰손 국민연금, 본격 코스닥 투자 임박? | 김성주 국민연금공단 이사장 [더 피플]"
2026-07-15 23:59:59,76544,2538,211,"최대 큰손 국민연금, 본격 코스닥 투자 임박? | 김성주 국민연금공단 이사장 [더 피플]"
2026-07-16 01:27:04,76544,2538,211,"최대 큰손 국민연금, 본격 코스닥 투자 임박? | 김성주 국민연금공단 이사장 [더 피플]"
2026-07-16 02:46:25,76545,2538,211,"최대 큰손 국민연금, 본격 코스닥 투자 임박? | 김성주 국민연금공단 이사장 [더 피플]"
2026-07-16 03:47:14,76545,2538,211,"최대 큰손 국민연금, 본격 코스닥 투자 임박? | 김성주 국민연금공단 이사장 [더 피플]"
2026-07-16 04:55:27,76545,2538,211,"최대 큰손 국민연금, 본격 코스닥 투자 임박? | 김성주 국민연금공단 이사장 [더 피플]"
2026-07-16 05:52:02,76545,2538,211,"최대 큰손 국민연금, 본격 코스닥 투자 임박? | 김성주 국민연금공단 이사장 [더 피플]"
2026-07-16 06:43:51,76545,2538,211,"최대 큰손 국민연금, 본격 코스닥 투자 임박? | 김성주 국민연금공단 이사장 [더 피플]"
2026-07-16 07:41:07,76545,2538,211,"최대 큰손 국민연금, 본격 코스닥 투자 임박? | 김성주 국민연금공단 이사장 [더 피플]"
2026-07-16 08:40:07,76545,2538,211,"최대 큰손 국민연금, 본격 코스닥 투자 임박? | 김성주 국민연금공단 이사장 [더 피플]"
2026-07-16 10:06:21,76545,2538,211,"최대 큰손 국민연금, 본격 코스닥 투자 임박? | 김성주 국민연금공단 이사장 [더 피플]"
2026-07-16 13:20:31,76545,2538,211,"최대 큰손 국민연금, 본격 코스닥 투자 임박? | 김성주 국민연금공단 이사장 [더 피플]"
2026-07-16 15:36:35,76545,2538,211,"최대 큰손 국민연금, 본격 코스닥 투자 임박? | 김성주 국민연금공단 이사장 [더 피플]"
2026-07-16 17:58:47,76545,2538,211,"최대 큰손 국민연금, 본격 코스닥 투자 임박? | 김성주 국민연금공단 이사장 [더 피플]"
2026-07-16 20:01:50,76545,2538,211,"최대 큰손 국민연금, 본격 코스닥 투자 임박? | 김성주 국민연금공단 이사장 [더 피플]"
2026-07-16 21:26:07,76545,2538,211,"최대 큰손 국민연금, 본격 코스닥 투자 임박? | 김성주 국민연금공단 이사장 [더 피플]"
2026-07-16 23:31:46,76546,2538,211,"최대 큰손 국민연금, 본격 코스닥 투자 임박? | 김성주 국민연금공단 이사장 [더 피플]"
2026-07-17 00:59:36,76546,2538,211,"최대 큰손 국민연금, 본격 코스닥 투자 임박? | 김성주 국민연금공단 이사장 [더 피플]"
2026-07-17 02:21:27,76546,2538,211,"최대 큰손 국민연금, 본격 코스닥 투자 임박? | 김성주 국민연금공단 이사장 [더 피플]"
2026-07-17 03:36:02,76546,2538,211,"최대 큰손 국민연금, 본격 코스닥 투자 임박? | 김성주 국민연금공단 이사장 [더 피플]"
2026-07-17 04:44:14,76546,2538,211,"최대 큰손 국민연금, 본격 코스닥 투자 임박? | 김성주 국민연금공단 이사장 [더 피플]"
2026-07-17 05:35:32,76546,2538,211,"최대 큰손 국민연금, 본격 코스닥 투자 임박? | 김성주 국민연금공단 이사장 [더 피플]"
2026-07-17 06:40:50,76546,2538,211,"최대 큰손 국민연금, 본격 코스닥 투자 임박? | 김성주 국민연금공단 이사장 [더 피플]"
2026-07-17 07:36:50,76546,2538,211,"최대 큰손 국민연금, 본격 코스닥 투자 임박? | 김성주 국민연금공단 이사장 [더 피플]"
2026-07-17 08:32:31,76547,2538,211,"최대 큰손 국민연금, 본격 코스닥 투자 임박? | 김성주 국민연금공단 이사장 [더 피플]"
2026-07-17 10:06:04,76547,2538,211,"최대 큰손 국민연금, 본격 코스닥 투자 임박? | 김성주 국민연금공단 이사장 [더 피플]"
2026-07-17 13:18:54,76547,2538,211,"최대 큰손 국민연금, 본격 코스닥 투자 임박? | 김성주 국민연금공단 이사장 [더 피플]"
2026-07-17 15:31:27,76547,2538,211,"최대 큰손 국민연금, 본격 코스닥 투자 임박? | 김성주 국민연금공단 이사장 [더 피플]"
2026-07-17 17:37:37,76547,2538,211,"최대 큰손 국민연금, 본격 코스닥 투자 임박? | 김성주 국민연금공단 이사장 [더 피플]"
2026-07-17 19:23:19,76547,2538,211,"최대 큰손 국민연금, 본격 코스닥 투자 임박? | 김성주 국민연금공단 이사장 [더 피플]"
2026-07-17 20:47:08,76548,2538,211,"최대 큰손 국민연금, 본격 코스닥 투자 임박? | 김성주 국민연금공단 이사장 [더 피플]"
2026-07-17 21:50:29,76548,2538,211,"최대 큰손 국민연금, 본격 코스닥 투자 임박? | 김성주 국민연금공단 이사장 [더 피플]"
2026-07-17 23:21:12,76548,2538,211,"최대 큰손 국민연금, 본격 코스닥 투자 임박? | 김성주 국민연금공단 이사장 [더 피플]"
2026-07-18 00:49:42,76548,2538,211,"최대 큰손 국민연금, 본격 코스닥 투자 임박? | 김성주 국민연금공단 이사장 [더 피플]"
2026-07-18 01:53:24,76548,2538,211,"최대 큰손 국민연금, 본격 코스닥 투자 임박? | 김성주 국민연금공단 이사장 [더 피플]"
2026-07-18 02:54:10,76548,2538,211,"최대 큰손 국민연금, 본격 코스닥 투자 임박? | 김성주 국민연금공단 이사장 [더 피플]"
2026-07-18 03:51:27,76548,2538,211,"최대 큰손 국민연금, 본격 코스닥 투자 임박? | 김성주 국민연금공단 이사장 [더 피플]"
2026-07-18 04:53:56,76548,2538,211,"최대 큰손 국민연금, 본격 코스닥 투자 임박? | 김성주 국민연금공단 이사장 [더 피플]"
2026-07-18 05:41:21,76548,2538,211,"최대 큰손 국민연금, 본격 코스닥 투자 임박? | 김성주 국민연금공단 이사장 [더 피플]"
2026-07-18 06:32:17,76548,2538,211,"최대 큰손 국민연금, 본격 코스닥 투자 임박? | 김성주 국민연금공단 이사장 [더 피플]"
2026-07-18 07:26:11,76548,2538,211,"최대 큰손 국민연금, 본격 코스닥 투자 임박? | 김성주 국민연금공단 이사장 [더 피플]"
2026-07-18 08:21:33,76548,2538,211,"최대 큰손 국민연금, 본격 코스닥 투자 임박? | 김성주 국민연금공단 이사장 [더 피플]"
2026-07-18 09:13:02,76548,2538,211,"최대 큰손 국민연금, 본격 코스닥 투자 임박? | 김성주 국민연금공단 이사장 [더 피플]"
2026-07-18 12:31:45,76548,2538,211,"최대 큰손 국민연금, 본격 코스닥 투자 임박? | 김성주 국민연금공단 이사장 [더 피플]"
2026-07-18 14:48:46,76548,2538,211,"최대 큰손 국민연금, 본격 코스닥 투자 임박? | 김성주 국민연금공단 이사장 [더 피플]"
2026-07-18 16:20:34,76548,2538,211,"최대 큰손 국민연금, 본격 코스닥 투자 임박? | 김성주 국민연금공단 이사장 [더 피플]"
2026-07-18 18:03:00,76548,2538,211,"최대 큰손 국민연금, 본격 코스닥 투자 임박? | 김성주 국민연금공단 이사장 [더 피플]"
2026-07-18 19:26:12,76548,2538,211,"최대 큰손 국민연금, 본격 코스닥 투자 임박? | 김성주 국민연금공단 이사장 [더 피플]"
2026-07-18 20:29:07,76548,2538,211,"최대 큰손 국민연금, 본격 코스닥 투자 임박? | 김성주 국민연금공단 이사장 [더 피플]"
2026-07-18 21:27:47,76548,2538,211,"최대 큰손 국민연금, 본격 코스닥 투자 임박? | 김성주 국민연금공단 이사장 [더 피플]"
2026-07-18 22:56:38,76548,2538,211,"최대 큰손 국민연금, 본격 코스닥 투자 임박? | 김성주 국민연금공단 이사장 [더 피플]"
2026-07-18 23:48:01,76548,2538,211,"최대 큰손 국민연금, 본격 코스닥 투자 임박? | 김성주 국민연금공단 이사장 [더 피플]"
2026-07-19 00:40:23,76548,2538,211,"최대 큰손 국민연금, 본격 코스닥 투자 임박? | 김성주 국민연금공단 이사장 [더 피플]"
2026-07-19 01:35:33,76548,2538,211,"최대 큰손 국민연금, 본격 코스닥 투자 임박? | 김성주 국민연금공단 이사장 [더 피플]"
2026-07-19 02:37:15,76548,2538,211,"최대 큰손 국민연금, 본격 코스닥 투자 임박? | 김성주 국민연금공단 이사장 [더 피플]"
2026-07-19 03:33:25,76548,2538,211,"최대 큰손 국민연금, 본격 코스닥 투자 임박? | 김성주 국민연금공단 이사장 [더 피플]"
2026-07-19 04:45:27,76548,2538,211,"최대 큰손 국민연금, 본격 코스닥 투자 임박? | 김성주 국민연금공단 이사장 [더 피플]"
2026-07-19 05:32:00,76548,2538,211,"최대 큰손 국민연금, 본격 코스닥 투자 임박? | 김성주 국민연금공단 이사장 [더 피플]"
2026-07-19 06:27:01,76548,2538,211,"최대 큰손 국민연금, 본격 코스닥 투자 임박? | 김성주 국민연금공단 이사장 [더 피플]"
2026-07-19 07:13:27,76548,2538,211,"최대 큰손 국민연금, 본격 코스닥 투자 임박? | 김성주 국민연금공단 이사장 [더 피플]"
2026-07-19 08:11:28,76548,2538,211,"최대 큰손 국민연금, 본격 코스닥 투자 임박? | 김성주 국민연금공단 이사장 [더 피플]"
2026-07-19 09:09:04,76548,2538,211,"최대 큰손 국민연금, 본격 코스닥 투자 임박? | 김성주 국민연금공단 이사장 [더 피플]"
2026-07-19 12:48:37,76548,2538,211,"최대 큰손 국민연금, 본격 코스닥 투자 임박? | 김성주 국민연금공단 이사장 [더 피플]"
2026-07-19 15:17:39,76548,2538,211,"최대 큰손 국민연금, 본격 코스닥 투자 임박? | 김성주 국민연금공단 이사장 [더 피플]"
2026-07-19 17:36:43,76548,2538,211,"최대 큰손 국민연금, 본격 코스닥 투자 임박? | 김성주 국민연금공단 이사장 [더 피플]"
2026-07-19 19:11:23,76548,2538,211,"최대 큰손 국민연금, 본격 코스닥 투자 임박? | 김성주 국민연금공단 이사장 [더 피플]"
2026-07-19 20:24:49,76548,2538,211,"최대 큰손 국민연금, 본격 코스닥 투자 임박? | 김성주 국민연금공단 이사장 [더 피플]"
2026-07-19 21:11:24,76548,2538,211,"최대 큰손 국민연금, 본격 코스닥 투자 임박? | 김성주 국민연금공단 이사장 [더 피플]"
2026-07-19 22:51:50,76548,2538,211,"최대 큰손 국민연금, 본격 코스닥 투자 임박? | 김성주 국민연금공단 이사장 [더 피플]"
2026-07-19 23:43:43,76548,2538,211,"최대 큰손 국민연금, 본격 코스닥 투자 임박? | 김성주 국민연금공단 이사장 [더 피플]"
2026-07-20 00:39:36,76548,2538,211,"최대 큰손 국민연금, 본격 코스닥 투자 임박? | 김성주 국민연금공단 이사장 [더 피플]"
2026-07-20 01:33:11,76548,2538,211,"최대 큰손 국민연금, 본격 코스닥 투자 임박? | 김성주 국민연금공단 이사장 [더 피플]"
2026-07-20 02:35:04,76548,2538,211,"최대 큰손 국민연금, 본격 코스닥 투자 임박? | 김성주 국민연금공단 이사장 [더 피플]"
2026-07-20 03:33:16,76548,2538,211,"최대 큰손 국민연금, 본격 코스닥 투자 임박? | 김성주 국민연금공단 이사장 [더 피플]"
2026-07-20 04:45:48,76549,2538,211,"최대 큰손 국민연금, 본격 코스닥 투자 임박? | 김성주 국민연금공단 이사장 [더 피플]"
2026-07-20 05:30:37,76549,2538,211,"최대 큰손 국민연금, 본격 코스닥 투자 임박? | 김성주 국민연금공단 이사장 [더 피플]"
2026-07-20 06:27:37,76549,2538,211,"최대 큰손 국민연금, 본격 코스닥 투자 임박? | 김성주 국민연금공단 이사장 [더 피플]"
2026-07-20 07:25:40,76549,2538,211,"최대 큰손 국민연금, 본격 코스닥 투자 임박? | 김성주 국민연금공단 이사장 [더 피플]"
2026-07-20 08:26:01,76550,2538,211,"최대 큰손 국민연금, 본격 코스닥 투자 임박? | 김성주 국민연금공단 이사장 [더 피플]"
2026-07-20 10:02:28,76549,2538,211,"최대 큰손 국민연금, 본격 코스닥 투자 임박? | 김성주 국민연금공단 이사장 [더 피플]"
2026-07-20 13:43:26,76550,2538,211,"최대 큰손 국민연금, 본격 코스닥 투자 임박? | 김성주 국민연금공단 이사장 [더 피플]"
2026-07-20 16:46:11,76550,2538,211,"최대 큰손 국민연금, 본격 코스닥 투자 임박? | 김성주 국민연금공단 이사장 [더 피플]"
2026-07-20 19:32:14,76550,2538,211,"최대 큰손 국민연금, 본격 코스닥 투자 임박? | 김성주 국민연금공단 이사장 [더 피플]"
2026-07-20 21:35:11,76550,2538,211,"최대 큰손 국민연금, 본격 코스닥 투자 임박? | 김성주 국민연금공단 이사장 [더 피플]"
2026-07-20 23:51:42,76551,2538,211,"최대 큰손 국민연금, 본격 코스닥 투자 임박? | 김성주 국민연금공단 이사장 [더 피플]"
2026-07-21 01:17:44,76551,2538,211,"최대 큰손 국민연금, 본격 코스닥 투자 임박? | 김성주 국민연금공단 이사장 [더 피플]"
2026-07-21 03:23:13,76551,2538,211,"최대 큰손 국민연금, 본격 코스닥 투자 임박? | 김성주 국민연금공단 이사장 [더 피플]"
2026-07-21 05:01:19,76551,2538,211,"최대 큰손 국민연금, 본격 코스닥 투자 임박? | 김성주 국민연금공단 이사장 [더 피플]"
2026-07-21 06:17:56,76551,2538,211,"최대 큰손 국민연금, 본격 코스닥 투자 임박? | 김성주 국민연금공단 이사장 [더 피플]"
2026-07-21 07:15:20,76551,2538,211,"최대 큰손 국민연금, 본격 코스닥 투자 임박? | 김성주 국민연금공단 이사장 [더 피플]"
2026-07-21 08:16:04,76551,2538,211,"최대 큰손 국민연금, 본격 코스닥 투자 임박? | 김성주 국민연금공단 이사장 [더 피플]"
2026-07-21 09:12:27,76551,2538,211,"최대 큰손 국민연금, 본격 코스닥 투자 임박? | 김성주 국민연금공단 이사장 [더 피플]"
2026-07-21 12:44:34,76551,2538,211,"최대 큰손 국민연금, 본격 코스닥 투자 임박? | 김성주 국민연금공단 이사장 [더 피플]"
2026-07-21 15:17:03,76551,2538,211,"최대 큰손 국민연금, 본격 코스닥 투자 임박? | 김성주 국민연금공단 이사장 [더 피플]"
2026-07-21 17:48:32,76551,2538,211,"최대 큰손 국민연금, 본격 코스닥 투자 임박? | 김성주 국민연금공단 이사장 [더 피플]"
2026-07-21 19:53:01,76551,2538,211,"최대 큰손 국민연금, 본격 코스닥 투자 임박? | 김성주 국민연금공단 이사장 [더 피플]"
2026-07-21 21:16:08,76551,2538,211,"최대 큰손 국민연금, 본격 코스닥 투자 임박? | 김성주 국민연금공단 이사장 [더 피플]"
2026-07-21 23:25:40,76551,2538,211,"최대 큰손 국민연금, 본격 코스닥 투자 임박? | 김성주 국민연금공단 이사장 [더 피플]"
2026-07-22 01:00:01,76551,2538,211,"최대 큰손 국민연금, 본격 코스닥 투자 임박? | 김성주 국민연금공단 이사장 [더 피플]"
2026-07-22 02:25:55,76551,2538,211,"최대 큰손 국민연금, 본격 코스닥 투자 임박? | 김성주 국민연금공단 이사장 [더 피플]"
2026-07-22 03:48:21,76551,2538,211,"최대 큰손 국민연금, 본격 코스닥 투자 임박? | 김성주 국민연금공단 이사장 [더 피플]"
2026-07-22 05:07:50,76551,2538,211,"최대 큰손 국민연금, 본격 코스닥 투자 임박? | 김성주 국민연금공단 이사장 [더 피플]"
2026-07-22 06:23:40,76551,2538,211,"최대 큰손 국민연금, 본격 코스닥 투자 임박? | 김성주 국민연금공단 이사장 [더 피플]"
2026-07-22 07:24:00,76551,2538,211,"최대 큰손 국민연금, 본격 코스닥 투자 임박? | 김성주 국민연금공단 이사장 [더 피플]"
2026-07-22 08:26:05,76551,2538,211,"최대 큰손 국민연금, 본격 코스닥 투자 임박? | 김성주 국민연금공단 이사장 [더 피플]"
2026-07-22 09:14:31,76551,2538,211,"최대 큰손 국민연금, 본격 코스닥 투자 임박? | 김성주 국민연금공단 이사장 [더 피플]"
2026-07-22 12:48:25,76551,2538,211,"최대 큰손 국민연금, 본격 코스닥 투자 임박? | 김성주 국민연금공단 이사장 [더 피플]"
2026-07-22 15:17:00,76551,2538,211,"최대 큰손 국민연금, 본격 코스닥 투자 임박? | 김성주 국민연금공단 이사장 [더 피플]"
2026-07-22 17:47:00,76551,2538,211,"최대 큰손 국민연금, 본격 코스닥 투자 임박? | 김성주 국민연금공단 이사장 [더 피플]"
2026-07-22 19:53:35,76551,2538,211,"최대 큰손 국민연금, 본격 코스닥 투자 임박? | 김성주 국민연금공단 이사장 [더 피플]"
2026-07-22 21:19:41,76551,2538,211,"최대 큰손 국민연금, 본격 코스닥 투자 임박? | 김성주 국민연금공단 이사장 [더 피플]"
2026-07-22 23:29:58,76551,2538,211,"최대 큰손 국민연금, 본격 코스닥 투자 임박? | 김성주 국민연금공단 이사장 [더 피플]"
2026-07-23 01:01:40,76551,2538,211,"최대 큰손 국민연금, 본격 코스닥 투자 임박? | 김성주 국민연금공단 이사장 [더 피플]"
2026-07-23 02:34:08,76551,2538,211,"최대 큰손 국민연금, 본격 코스닥 투자 임박? | 김성주 국민연금공단 이사장 [더 피플]"
2026-07-23 03:44:10,76551,2538,211,"최대 큰손 국민연금, 본격 코스닥 투자 임박? | 김성주 국민연금공단 이사장 [더 피플]"
2026-07-23 04:58:41,76551,2538,211,"최대 큰손 국민연금, 본격 코스닥 투자 임박? | 김성주 국민연금공단 이사장 [더 피플]"
2026-07-23 06:09:24,76551,2538,211,"최대 큰손 국민연금, 본격 코스닥 투자 임박? | 김성주 국민연금공단 이사장 [더 피플]"
2026-07-23 07:15:03,76551,2538,211,"최대 큰손 국민연금, 본격 코스닥 투자 임박? | 김성주 국민연금공단 이사장 [더 피플]"
2026-07-23 08:17:02,76551,2538,211,"최대 큰손 국민연금, 본격 코스닥 투자 임박? | 김성주 국민연금공단 이사장 [더 피플]"
2026-07-23 09:15:01,76551,2538,211,"최대 큰손 국민연금, 본격 코스닥 투자 임박? | 김성주 국민연금공단 이사장 [더 피플]"
2026-07-23 12:46:38,76551,2538,211,"최대 큰손 국민연금, 본격 코스닥 투자 임박? | 김성주 국민연금공단 이사장 [더 피플]"
2026-07-23 15:20:17,76551,2538,211,"최대 큰손 국민연금, 본격 코스닥 투자 임박? | 김성주 국민연금공단 이사장 [더 피플]"
2026-07-23 18:02:44,76552,2538,211,"최대 큰손 국민연금, 본격 코스닥 투자 임박? | 김성주 국민연금공단 이사장 [더 피플]"
2026-07-23 20:17:28,76552,2538,211,"최대 큰손 국민연금, 본격 코스닥 투자 임박? | 김성주 국민연금공단 이사장 [더 피플]"
2026-07-23 21:51:20,76552,2538,211,"최대 큰손 국민연금, 본격 코스닥 투자 임박? | 김성주 국민연금공단 이사장 [더 피플]"
2026-07-23 23:56:04,76552,2538,211,"최대 큰손 국민연금, 본격 코스닥 투자 임박? | 김성주 국민연금공단 이사장 [더 피플]"
2026-07-24 01:22:45,76552,2538,211,"최대 큰손 국민연금, 본격 코스닥 투자 임박? | 김성주 국민연금공단 이사장 [더 피플]"
2026-07-24 02:51:56,76553,2538,211,"최대 큰손 국민연금, 본격 코스닥 투자 임박? | 김성주 국민연금공단 이사장 [더 피플]"
2026-07-24 03:53:46,76553,2538,211,"최대 큰손 국민연금, 본격 코스닥 투자 임박? | 김성주 국민연금공단 이사장 [더 피플]"
2026-07-24 05:06:15,76553,2538,211,"최대 큰손 국민연금, 본격 코스닥 투자 임박? | 김성주 국민연금공단 이사장 [더 피플]"
2026-07-24 06:18:15,76553,2538,211,"최대 큰손 국민연금, 본격 코스닥 투자 임박? | 김성주 국민연금공단 이사장 [더 피플]"
2026-07-24 07:17:47,76553,2538,211,"최대 큰손 국민연금, 본격 코스닥 투자 임박? | 김성주 국민연금공단 이사장 [더 피플]"
2026-07-24 08:14:38,76553,2538,211,"최대 큰손 국민연금, 본격 코스닥 투자 임박? | 김성주 국민연금공단 이사장 [더 피플]"
2026-07-24 09:12:02,76553,2538,211,"최대 큰손 국민연금, 본격 코스닥 투자 임박? | 김성주 국민연금공단 이사장 [더 피플]"
2026-07-24 12:42:54,76553,2538,211,"최대 큰손 국민연금, 본격 코스닥 투자 임박? | 김성주 국민연금공단 이사장 [더 피플]"
2026-07-24 15:13:51,76553,2538,211,"최대 큰손 국민연금, 본격 코스닥 투자 임박? | 김성주 국민연금공단 이사장 [더 피플]"
2026-07-24 17:42:56,76553,2538,211,"최대 큰손 국민연금, 본격 코스닥 투자 임박? | 김성주 국민연금공단 이사장 [더 피플]"
2026-07-24 19:48:10,76553,2538,211,"최대 큰손 국민연금, 본격 코스닥 투자 임박? | 김성주 국민연금공단 이사장 [더 피플]"
2026-07-24 21:08:48,76553,2538,211,"최대 큰손 국민연금, 본격 코스닥 투자 임박? | 김성주 국민연금공단 이사장 [더 피플]"
2026-07-24 23:07:52,76553,2538,211,"최대 큰손 국민연금, 본격 코스닥 투자 임박? | 김성주 국민연금공단 이사장 [더 피플]"
2026-07-25 00:41:45,76553,2538,211,"최대 큰손 국민연금, 본격 코스닥 투자 임박? | 김성주 국민연금공단 이사장 [더 피플]"
2026-07-25 02:11:33,76553,2538,211,"최대 큰손 국민연금, 본격 코스닥 투자 임박? | 김성주 국민연금공단 이사장 [더 피플]"
2026-07-25 03:45:17,76554,2538,211,"최대 큰손 국민연금, 본격 코스닥 투자 임박? | 김성주 국민연금공단 이사장 [더 피플]"
2026-07-25 05:03:47,76554,2538,211,"최대 큰손 국민연금, 본격 코스닥 투자 임박? | 김성주 국민연금공단 이사장 [더 피플]"
2026-07-25 06:15:35,76554,2538,211,"최대 큰손 국민연금, 본격 코스닥 투자 임박? | 김성주 국민연금공단 이사장 [더 피플]"
2026-07-25 07:28:44,76554,2538,211,"최대 큰손 국민연금, 본격 코스닥 투자 임박? | 김성주 국민연금공단 이사장 [더 피플]"
2026-07-25 08:33:03,76554,2538,211,"최대 큰손 국민연금, 본격 코스닥 투자 임박? | 김성주 국민연금공단 이사장 [더 피플]"
2026-07-25 10:05:11,76554,2538,211,"최대 큰손 국민연금, 본격 코스닥 투자 임박? | 김성주 국민연금공단 이사장 [더 피플]"
2026-07-25 13:20:30,76554,2538,211,"최대 큰손 국민연금, 본격 코스닥 투자 임박? | 김성주 국민연금공단 이사장 [더 피플]"
2026-07-25 15:33:10,76554,2538,211,"최대 큰손 국민연금, 본격 코스닥 투자 임박? | 김성주 국민연금공단 이사장 [더 피플]"
2026-07-25 17:33:20,76554,2538,211,"최대 큰손 국민연금, 본격 코스닥 투자 임박? | 김성주 국민연금공단 이사장 [더 피플]"
2026-07-25 19:11:54,76554,2538,211,"최대 큰손 국민연금, 본격 코스닥 투자 임박? | 김성주 국민연금공단 이사장 [더 피플]"
2026-07-25 20:33:26,76554,2538,211,"최대 큰손 국민연금, 본격 코스닥 투자 임박? | 김성주 국민연금공단 이사장 [더 피플]"
2026-07-25 23:13:24,76554,2538,211,"최대 큰손 국민연금, 본격 코스닥 투자 임박? | 김성주 국민연금공단 이사장 [더 피플]"
2026-07-26 00:19:43,76554,2538,211,"최대 큰손 국민연금, 본격 코스닥 투자 임박? | 김성주 국민연금공단 이사장 [더 피플]"
2026-07-26 01:14:49,76554,2538,211,"최대 큰손 국민연금, 본격 코스닥 투자 임박? | 김성주 국민연금공단 이사장 [더 피플]"
2026-07-26 02:17:21,76554,2538,211,"최대 큰손 국민연금, 본격 코스닥 투자 임박? | 김성주 국민연금공단 이사장 [더 피플]"
2026-07-26 03:10:58,76554,2538,211,"최대 큰손 국민연금, 본격 코스닥 투자 임박? | 김성주 국민연금공단 이사장 [더 피플]"
2026-07-26 04:33:06,76554,2538,211,"최대 큰손 국민연금, 본격 코스닥 투자 임박? | 김성주 국민연금공단 이사장 [더 피플]"
2026-07-26 05:29:02,76554,2538,211,"최대 큰손 국민연금, 본격 코스닥 투자 임박? | 김성주 국민연금공단 이사장 [더 피플]"
2026-07-26 06:25:59,76554,2538,211,"최대 큰손 국민연금, 본격 코스닥 투자 임박? | 김성주 국민연금공단 이사장 [더 피플]"
2026-07-26 07:25:15,76554,2538,211,"최대 큰손 국민연금, 본격 코스닥 투자 임박? | 김성주 국민연금공단 이사장 [더 피플]"
2026-07-26 08:27:45,76554,2538,211,"최대 큰손 국민연금, 본격 코스닥 투자 임박? | 김성주 국민연금공단 이사장 [더 피플]"
2026-07-26 10:06:30,76554,2538,211,"최대 큰손 국민연금, 본격 코스닥 투자 임박? | 김성주 국민연금공단 이사장 [더 피플]"
2026-07-26 13:36:24,76554,2538,211,"최대 큰손 국민연금, 본격 코스닥 투자 임박? | 김성주 국민연금공단 이사장 [더 피플]"
2026-07-26 16:15:08,76554,2538,211,"최대 큰손 국민연금, 본격 코스닥 투자 임박? | 김성주 국민연금공단 이사장 [더 피플]"
2026-07-26 18:25:10,76554,2538,211,"최대 큰손 국민연금, 본격 코스닥 투자 임박? | 김성주 국민연금공단 이사장 [더 피플]"
2026-07-26 19:57:30,76554,2538,211,"최대 큰손 국민연금, 본격 코스닥 투자 임박? | 김성주 국민연금공단 이사장 [더 피플]"
2026-07-26 21:01:51,76554,2538,211,"최대 큰손 국민연금, 본격 코스닥 투자 임박? | 김성주 국민연금공단 이사장 [더 피플]"
2026-07-26 22:47:30,76554,2538,211,"최대 큰손 국민연금, 본격 코스닥 투자 임박? | 김성주 국민연금공단 이사장 [더 피플]"
2026-07-26 23:52:44,76554,2538,211,"최대 큰손 국민연금, 본격 코스닥 투자 임박? | 김성주 국민연금공단 이사장 [더 피플]"
2026-07-27 00:50:18,76554,2538,211,"최대 큰손 국민연금, 본격 코스닥 투자 임박? | 김성주 국민연금공단 이사장 [더 피플]"
2026-07-27 01:40:12,76554,2538,211,"최대 큰손 국민연금, 본격 코스닥 투자 임박? | 김성주 국민연금공단 이사장 [더 피플]"
2026-07-27 02:41:50,76554,2538,211,"최대 큰손 국민연금, 본격 코스닥 투자 임박? | 김성주 국민연금공단 이사장 [더 피플]"
2026-07-27 03:42:17,76554,2538,211,"최대 큰손 국민연금, 본격 코스닥 투자 임박? | 김성주 국민연금공단 이사장 [더 피플]"
2026-07-27 04:53:27,76554,2538,211,"최대 큰손 국민연금, 본격 코스닥 투자 임박? | 김성주 국민연금공단 이사장 [더 피플]"
2026-07-27 05:42:45,76554,2538,211,"최대 큰손 국민연금, 본격 코스닥 투자 임박? | 김성주 국민연금공단 이사장 [더 피플]"
2026-07-27 06:39:45,76554,2538,211,"최대 큰손 국민연금, 본격 코스닥 투자 임박? | 김성주 국민연금공단 이사장 [더 피플]"
2026-07-27 07:39:40,76554,2538,211,"최대 큰손 국민연금, 본격 코스닥 투자 임박? | 김성주 국민연금공단 이사장 [더 피플]"
2026-07-27 08:39:06,76554,2538,211,"최대 큰손 국민연금, 본격 코스닥 투자 임박? | 김성주 국민연금공단 이사장 [더 피플]"
2026-07-27 10:16:11,76554,2538,211,"최대 큰손 국민연금, 본격 코스닥 투자 임박? | 김성주 국민연금공단 이사장 [더 피플]"
2026-07-27 13:54:51,76553,2538,211,"최대 큰손 국민연금, 본격 코스닥 투자 임박? | 김성주 국민연금공단 이사장 [더 피플]"
2026-07-27 17:22:16,76553,2538,211,"최대 큰손 국민연금, 본격 코스닥 투자 임박? | 김성주 국민연금공단 이사장 [더 피플]"
2026-07-27 20:45:52,76553,2538,211,"최대 큰손 국민연금, 본격 코스닥 투자 임박? | 김성주 국민연금공단 이사장 [더 피플]"
2026-07-27 22:59:52,76553,2538,211,"최대 큰손 국민연금, 본격 코스닥 투자 임박? | 김성주 국민연금공단 이사장 [더 피플]"
2026-07-28 01:24:41,76553,2538,211,"최대 큰손 국민연금, 본격 코스닥 투자 임박? | 김성주 국민연금공단 이사장 [더 피플]"
2026-07-28 03:00:31,76553,2538,211,"최대 큰손 국민연금, 본격 코스닥 투자 임박? | 김성주 국민연금공단 이사장 [더 피플]"
2026-07-28 04:44:02,76553,2538,211,"최대 큰손 국민연금, 본격 코스닥 투자 임박? | 김성주 국민연금공단 이사장 [더 피플]"
2026-07-28 05:54:22,76553,2538,211,"최대 큰손 국민연금, 본격 코스닥 투자 임박? | 김성주 국민연금공단 이사장 [더 피플]"
2026-07-28 06:56:14,76553,2538,211,"최대 큰손 국민연금, 본격 코스닥 투자 임박? | 김성주 국민연금공단 이사장 [더 피플]"
2026-07-28 07:56:14,76553,2538,211,"최대 큰손 국민연금, 본격 코스닥 투자 임박? | 김성주 국민연금공단 이사장 [더 피플]"
2026-07-28 08:57:59,76554,2538,211,"최대 큰손 국민연금, 본격 코스닥 투자 임박? | 김성주 국민연금공단 이사장 [더 피플]"
2026-07-28 11:29:34,76553,2538,211,"최대 큰손 국민연금, 본격 코스닥 투자 임박? | 김성주 국민연금공단 이사장 [더 피플]"
2026-07-28 14:31:45,76554,2538,211,"최대 큰손 국민연금, 본격 코스닥 투자 임박? | 김성주 국민연금공단 이사장 [더 피플]"
2026-07-28 17:01:58,76554,2538,211,"최대 큰손 국민연금, 본격 코스닥 투자 임박? | 김성주 국민연금공단 이사장 [더 피플]"
2026-07-28 19:43:20,76554,2538,211,"최대 큰손 국민연금, 본격 코스닥 투자 임박? | 김성주 국민연금공단 이사장 [더 피플]"
2026-07-28 21:25:26,76554,2538,211,"최대 큰손 국민연금, 본격 코스닥 투자 임박? | 김성주 국민연금공단 이사장 [더 피플]"
2026-07-28 23:57:40,76554,2538,211,"최대 큰손 국민연금, 본격 코스닥 투자 임박? | 김성주 국민연금공단 이사장 [더 피플]"
2026-07-29 01:39:57,76554,2538,211,"최대 큰손 국민연금, 본격 코스닥 투자 임박? | 김성주 국민연금공단 이사장 [더 피플]"
2026-07-29 03:02:18,76554,2538,211,"최대 큰손 국민연금, 본격 코스닥 투자 임박? | 김성주 국민연금공단 이사장 [더 피플]"
2026-07-29 04:45:22,76554,2538,211,"최대 큰손 국민연금, 본격 코스닥 투자 임박? | 김성주 국민연금공단 이사장 [더 피플]"
2026-07-29 05:49:08,76554,2538,211,"최대 큰손 국민연금, 본격 코스닥 투자 임박? | 김성주 국민연금공단 이사장 [더 피플]"
2026-07-29 06:50:00,76554,2538,211,"최대 큰손 국민연금, 본격 코스닥 투자 임박? | 김성주 국민연금공단 이사장 [더 피플]"
2026-07-29 07:45:17,76554,2538,211,"최대 큰손 국민연금, 본격 코스닥 투자 임박? | 김성주 국민연금공단 이사장 [더 피플]"
2026-07-29 08:42:49,76554,2538,211,"최대 큰손 국민연금, 본격 코스닥 투자 임박? | 김성주 국민연금공단 이사장 [더 피플]"
2026-07-29 10:09:26,76554,2538,211,"최대 큰손 국민연금, 본격 코스닥 투자 임박? | 김성주 국민연금공단 이사장 [더 피플]"
2026-07-29 13:27:41,76554,2538,211,"최대 큰손 국민연금, 본격 코스닥 투자 임박? | 김성주 국민연금공단 이사장 [더 피플]"
2026-07-29 16:18:18,76556,2538,211,"최대 큰손 국민연금, 본격 코스닥 투자 임박? | 김성주 국민연금공단 이사장 [더 피플]"
2026-07-29 18:59:55,76558,2538,211,"최대 큰손 국민연금, 본격 코스닥 투자 임박? | 김성주 국민연금공단 이사장 [더 피플]"
2026-07-29 21:04:27,76558,2538,211,"최대 큰손 국민연금, 본격 코스닥 투자 임박? | 김성주 국민연금공단 이사장 [더 피플]"
2026-07-29 23:27:43,76558,2538,211,"최대 큰손 국민연금, 본격 코스닥 투자 임박? | 김성주 국민연금공단 이사장 [더 피플]"
2026-07-30 01:00:35,76558,2538,211,"최대 큰손 국민연금, 본격 코스닥 투자 임박? | 김성주 국민연금공단 이사장 [더 피플]"
2026-07-30 02:21:07,76558,2538,211,"최대 큰손 국민연금, 본격 코스닥 투자 임박? | 김성주 국민연금공단 이사장 [더 피플]"
2026-07-30 03:16:57,76558,2538,211,"최대 큰손 국민연금, 본격 코스닥 투자 임박? | 김성주 국민연금공단 이사장 [더 피플]"
2026-07-30 04:47:10,76558,2538,211,"최대 큰손 국민연금, 본격 코스닥 투자 임박? | 김성주 국민연금공단 이사장 [더 피플]"
2026-07-30 05:38:54,76558,2538,211,"최대 큰손 국민연금, 본격 코스닥 투자 임박? | 김성주 국민연금공단 이사장 [더 피플]"
2026-07-30 06:33:50,76558,2538,211,"최대 큰손 국민연금, 본격 코스닥 투자 임박? | 김성주 국민연금공단 이사장 [더 피플]"
2026-07-30 07:33:05,76558,2538,211,"최대 큰손 국민연금, 본격 코스닥 투자 임박? | 김성주 국민연금공단 이사장 [더 피플]"
2026-07-30 08:35:29,76558,2538,211,"최대 큰손 국민연금, 본격 코스닥 투자 임박? | 김성주 국민연금공단 이사장 [더 피플]"
2026-07-30 09:58:46,76558,2538,211,"최대 큰손 국민연금, 본격 코스닥 투자 임박? | 김성주 국민연금공단 이사장 [더 피플]"
2026-07-30 12:57:38,76558,2538,211,"최대 큰손 국민연금, 본격 코스닥 투자 임박? | 김성주 국민연금공단 이사장 [더 피플]"
2026-07-30 15:26:37,76558,2538,211,"최대 큰손 국민연금, 본격 코스닥 투자 임박? | 김성주 국민연금공단 이사장 [더 피플]"
2026-07-30 18:11:33,76558,2538,211,"최대 큰손 국민연금, 본격 코스닥 투자 임박? | 김성주 국민연금공단 이사장 [더 피플]"
2026-07-30 20:20:40,76558,2538,211,"최대 큰손 국민연금, 본격 코스닥 투자 임박? | 김성주 국민연금공단 이사장 [더 피플]"
2026-07-30 21:56:38,76558,2538,211,"최대 큰손 국민연금, 본격 코스닥 투자 임박? | 김성주 국민연금공단 이사장 [더 피플]"
2026-07-31 00:07:07,76558,2538,211,"최대 큰손 국민연금, 본격 코스닥 투자 임박? | 김성주 국민연금공단 이사장 [더 피플]"
2026-07-31 03:03:22,76558,2538,211,"최대 큰손 국민연금, 본격 코스닥 투자 임박? | 김성주 국민연금공단 이사장 [더 피플]"
2026-07-31 04:45:18,76558,2538,211,"최대 큰손 국민연금, 본격 코스닥 투자 임박? | 김성주 국민연금공단 이사장 [더 피플]"
2026-07-31 05:47:31,76558,2538,211,"최대 큰손 국민연금, 본격 코스닥 투자 임박? | 김성주 국민연금공단 이사장 [더 피플]"
2026-07-31 06:51:08,76558,2538,211,"최대 큰손 국민연금, 본격 코스닥 투자 임박? | 김성주 국민연금공단 이사장 [더 피플]"
2026-07-31 07:51:39,76558,2538,211,"최대 큰손 국민연금, 본격 코스닥 투자 임박? | 김성주 국민연금공단 이사장 [더 피플]"
2026-07-31 08:46:30,76558,2538,211,"최대 큰손 국민연금, 본격 코스닥 투자 임박? | 김성주 국민연금공단 이사장 [더 피플]"
2026-07-31 10:16:24,76558,2538,211,"최대 큰손 국민연금, 본격 코스닥 투자 임박? | 김성주 국민연금공단 이사장 [더 피플]"
2026-07-31 13:44:58,76558,2538,211,"최대 큰손 국민연금, 본격 코스닥 투자 임박? | 김성주 국민연금공단 이사장 [더 피플]"
2026-07-31 16:36:23,76558,2538,211,"최대 큰손 국민연금, 본격 코스닥 투자 임박? | 김성주 국민연금공단 이사장 [더 피플]"
2026-07-31 19:11:08,76558,2538,211,"최대 큰손 국민연금, 본격 코스닥 투자 임박? | 김성주 국민연금공단 이사장 [더 피플]"
2026-07-31 21:14:54,76558,2538,211,"최대 큰손 국민연금, 본격 코스닥 투자 임박? | 김성주 국민연금공단 이사장 [더 피플]"
2026-07-31 23:37:08,76559,2538,211,"최대 큰손 국민연금, 본격 코스닥 투자 임박? | 김성주 국민연금공단 이사장 [더 피플]"
2026-08-01 01:20:05,76559,2538,211,"최대 큰손 국민연금, 본격 코스닥 투자 임박? | 김성주 국민연금공단 이사장 [더 피플]"
2026-08-01 02:57:45,76559,2538,211,"최대 큰손 국민연금, 본격 코스닥 투자 임박? | 김성주 국민연금공단 이사장 [더 피플]"
2026-08-01 04:22:21,76559,2538,211,"최대 큰손 국민연금, 본격 코스닥 투자 임박? | 김성주 국민연금공단 이사장 [더 피플]"
2026-08-01 05:38:53,76559,2538,211,"최대 큰손 국민연금, 본격 코스닥 투자 임박? | 김성주 국민연금공단 이사장 [더 피플]"
2026-08-01 06:44:39,76559,2538,211,"최대 큰손 국민연금, 본격 코스닥 투자 임박? | 김성주 국민연금공단 이사장 [더 피플]"
2026-08-01 07:43:22,76559,2538,211,"최대 큰손 국민연금, 본격 코스닥 투자 임박? | 김성주 국민연금공단 이사장 [더 피플]"
2026-08-01 08:42:29,76559,2538,211,"최대 큰손 국민연금, 본격 코스닥 투자 임박? | 김성주 국민연금공단 이사장 [더 피플]"
2026-08-01 10:14:33,76559,2538,211,"최대 큰손 국민연금, 본격 코스닥 투자 임박? | 김성주 국민연금공단 이사장 [더 피플]"
2026-08-01 13:36:09,76559,2538,211,"최대 큰손 국민연금, 본격 코스닥 투자 임박? | 김성주 국민연금공단 이사장 [더 피플]"
2026-08-01 16:08:49,76559,2538,211,"최대 큰손 국민연금, 본격 코스닥 투자 임박? | 김성주 국민연금공단 이사장 [더 피플]"
2026-08-01 18:17:42,76559,2538,211,"최대 큰손 국민연금, 본격 코스닥 투자 임박? | 김성주 국민연금공단 이사장 [더 피플]"
2026-08-01 19:51:45,76559,2538,211,"최대 큰손 국민연금, 본격 코스닥 투자 임박? | 김성주 국민연금공단 이사장 [더 피플]"
2026-08-01 20:51:59,76560,2538,211,"최대 큰손 국민연금, 본격 코스닥 투자 임박? | 김성주 국민연금공단 이사장 [더 피플]"
2026-08-01 21:44:15,76560,2538,211,"최대 큰손 국민연금, 본격 코스닥 투자 임박? | 김성주 국민연금공단 이사장 [더 피플]"
2026-08-01 23:14:57,76560,2538,211,"최대 큰손 국민연금, 본격 코스닥 투자 임박? | 김성주 국민연금공단 이사장 [더 피플]"
2026-08-02 00:28:06,76560,2538,211,"최대 큰손 국민연금, 본격 코스닥 투자 임박? | 김성주 국민연금공단 이사장 [더 피플]"
2026-08-02 01:28:54,76560,2538,211,"최대 큰손 국민연금, 본격 코스닥 투자 임박? | 김성주 국민연금공단 이사장 [더 피플]"
2026-08-02 02:32:13,76560,2538,211,"최대 큰손 국민연금, 본격 코스닥 투자 임박? | 김성주 국민연금공단 이사장 [더 피플]"
2026-08-02 03:32:08,76560,2538,211,"최대 큰손 국민연금, 본격 코스닥 투자 임박? | 김성주 국민연금공단 이사장 [더 피플]"
2026-08-02 04:46:57,76560,2538,211,"최대 큰손 국민연금, 본격 코스닥 투자 임박? | 김성주 국민연금공단 이사장 [더 피플]"
2026-08-02 05:34:40,76560,2538,211,"최대 큰손 국민연금, 본격 코스닥 투자 임박? | 김성주 국민연금공단 이사장 [더 피플]"
2026-08-02 06:29:54,76560,2538,211,"최대 큰손 국민연금, 본격 코스닥 투자 임박? | 김성주 국민연금공단 이사장 [더 피플]"
2026-08-02 07:28:10,76560,2538,211,"최대 큰손 국민연금, 본격 코스닥 투자 임박? | 김성주 국민연금공단 이사장 [더 피플]"
2026-08-02 08:28:39,76560,2538,211,"최대 큰손 국민연금, 본격 코스닥 투자 임박? | 김성주 국민연금공단 이사장 [더 피플]"
2026-08-02 10:06:45,76560,2538,211,"최대 큰손 국민연금, 본격 코스닥 투자 임박? | 김성주 국민연금공단 이사장 [더 피플]"
2026-08-02 13:33:36,76560,2538,211,"최대 큰손 국민연금, 본격 코스닥 투자 임박? | 김성주 국민연금공단 이사장 [더 피플]"
2026-08-02 16:10:49,76560,2538,211,"최대 큰손 국민연금, 본격 코스닥 투자 임박? | 김성주 국민연금공단 이사장 [더 피플]"
2026-08-02 18:19:33,76560,2538,211,"최대 큰손 국민연금, 본격 코스닥 투자 임박? | 김성주 국민연금공단 이사장 [더 피플]"
2026-08-02 19:53:36,76560,2538,211,"최대 큰손 국민연금, 본격 코스닥 투자 임박? | 김성주 국민연금공단 이사장 [더 피플]"
2026-08-02 20:50:57,76560,2538,211,"최대 큰손 국민연금, 본격 코스닥 투자 임박? | 김성주 국민연금공단 이사장 [더 피플]"
2026-08-02 21:45:27,76560,2538,211,"최대 큰손 국민연금, 본격 코스닥 투자 임박? | 김성주 국민연금공단 이사장 [더 피플]"
2026-08-02 23:16:11,76560,2538,211,"최대 큰손 국민연금, 본격 코스닥 투자 임박? | 김성주 국민연금공단 이사장 [더 피플]"
2026-08-03 00:30:23,76560,2538,211,"최대 큰손 국민연금, 본격 코스닥 투자 임박? | 김성주 국민연금공단 이사장 [더 피플]"
2026-08-03 01:29:40,76560,2538,211,"최대 큰손 국민연금, 본격 코스닥 투자 임박? | 김성주 국민연금공단 이사장 [더 피플]"
2026-08-03 02:33:34,76560,2538,211,"최대 큰손 국민연금, 본격 코스닥 투자 임박? | 김성주 국민연금공단 이사장 [더 피플]"
2026-08-03 03:34:24,76560,2538,211,"최대 큰손 국민연금, 본격 코스닥 투자 임박? | 김성주 국민연금공단 이사장 [더 피플]"
2026-08-03 04:47:34,76560,2538,211,"최대 큰손 국민연금, 본격 코스닥 투자 임박? | 김성주 국민연금공단 이사장 [더 피플]"
2026-08-03 05:37:38,76560,2538,211,"최대 큰손 국민연금, 본격 코스닥 투자 임박? | 김성주 국민연금공단 이사장 [더 피플]"
2026-08-03 06:32:10,76560,2538,211,"최대 큰손 국민연금, 본격 코스닥 투자 임박? | 김성주 국민연금공단 이사장 [더 피플]"
2026-08-03 07:30:57,76560,2538,211,"최대 큰손 국민연금, 본격 코스닥 투자 임박? | 김성주 국민연금공단 이사장 [더 피플]"
2026-08-03 08:31:15,76560,2538,211,"최대 큰손 국민연금, 본격 코스닥 투자 임박? | 김성주 국민연금공단 이사장 [더 피플]"
2026-08-03 10:08:47,76560,2538,211,"최대 큰손 국민연금, 본격 코스닥 투자 임박? | 김성주 국민연금공단 이사장 [더 피플]"
2026-08-03 13:44:14,76560,2538,211,"최대 큰손 국민연금, 본격 코스닥 투자 임박? | 김성주 국민연금공단 이사장 [더 피플]"
2026-08-03 17:04:10,76560,2538,211,"최대 큰손 국민연금, 본격 코스닥 투자 임박? | 김성주 국민연금공단 이사장 [더 피플]"
2026-08-03 20:38:24,76560,2537,211,"최대 큰손 국민연금, 본격 코스닥 투자 임박? | 김성주 국민연금공단 이사장 [더 피플]"
2026-08-03 23:00:37,76560,2537,211,"최대 큰손 국민연금, 본격 코스닥 투자 임박? | 김성주 국민연금공단 이사장 [더 피플]"
2026-08-04 01:30:55,76560,2537,211,"최대 큰손 국민연금, 본격 코스닥 투자 임박? | 김성주 국민연금공단 이사장 [더 피플]"
2026-08-04 03:18:32,76560,2537,211,"최대 큰손 국민연금, 본격 코스닥 투자 임박? | 김성주 국민연금공단 이사장 [더 피플]"
2026-08-04 05:02:18,76560,2537,211,"최대 큰손 국민연금, 본격 코스닥 투자 임박? | 김성주 국민연금공단 이사장 [더 피플]"
2026-08-04 07:18:41,76560,2537,211,"최대 큰손 국민연금, 본격 코스닥 투자 임박? | 김성주 국민연금공단 이사장 [더 피플]"
2026-08-04 08:30:20,76560,2537,211,"최대 큰손 국민연금, 본격 코스닥 투자 임박? | 김성주 국민연금공단 이사장 [더 피플]"
2026-08-04 10:01:26,76560,2537,211,"최대 큰손 국민연금, 본격 코스닥 투자 임박? | 김성주 국민연금공단 이사장 [더 피플]"
2026-08-04 13:19:11,76560,2537,211,"최대 큰손 국민연금, 본격 코스닥 투자 임박? | 김성주 국민연금공단 이사장 [더 피플]"
2026-08-04 15:44:36,76560,2537,211,"최대 큰손 국민연금, 본격 코스닥 투자 임박? | 김성주 국민연금공단 이사장 [더 피플]"
2026-08-04 18:29:30,76560,2537,211,"최대 큰손 국민연금, 본격 코스닥 투자 임박? | 김성주 국민연금공단 이사장 [더 피플]"
2026-08-04 20:40:11,76560,2537,211,"최대 큰손 국민연금, 본격 코스닥 투자 임박? | 김성주 국민연금공단 이사장 [더 피플]"
2026-08-04 22:22:02,76560,2537,211,"최대 큰손 국민연금, 본격 코스닥 투자 임박? | 김성주 국민연금공단 이사장 [더 피플]"
2026-08-05 00:41:03,76560,2537,211,"최대 큰손 국민연금, 본격 코스닥 투자 임박? | 김성주 국민연금공단 이사장 [더 피플]"
2026-08-05 02:19:09,76560,2537,211,"최대 큰손 국민연금, 본격 코스닥 투자 임박? | 김성주 국민연금공단 이사장 [더 피플]"
2026-08-05 03:58:34,76561,2537,211,"최대 큰손 국민연금, 본격 코스닥 투자 임박? | 김성주 국민연금공단 이사장 [더 피플]"
2026-08-05 05:25:12,76561,2537,211,"최대 큰손 국민연금, 본격 코스닥 투자 임박? | 김성주 국민연금공단 이사장 [더 피플]"
2026-08-05 06:45:56,76561,2537,211,"최대 큰손 국민연금, 본격 코스닥 투자 임박? | 김성주 국민연금공단 이사장 [더 피플]"
2026-08-05 07:46:00,76561,2537,211,"최대 큰손 국민연금, 본격 코스닥 투자 임박? | 김성주 국민연금공단 이사장 [더 피플]"
2026-08-05 08:45:08,76561,2537,211,"최대 큰손 국민연금, 본격 코스닥 투자 임박? | 김성주 국민연금공단 이사장 [더 피플]"
2026-08-05 10:07:31,76561,2537,211,"최대 큰손 국민연금, 본격 코스닥 투자 임박? | 김성주 국민연금공단 이사장 [더 피플]"
2026-08-05 13:24:44,76561,2537,211,"최대 큰손 국민연금, 본격 코스닥 투자 임박? | 김성주 국민연금공단 이사장 [더 피플]"
2026-08-05 16:09:03,76561,2537,211,"최대 큰손 국민연금, 본격 코스닥 투자 임박? | 김성주 국민연금공단 이사장 [더 피플]"
2026-08-05 18:45:57,76561,2537,211,"최대 큰손 국민연금, 본격 코스닥 투자 임박? | 김성주 국민연금공단 이사장 [더 피플]"
2026-08-05 20:46:07,76561,2537,211,"최대 큰손 국민연금, 본격 코스닥 투자 임박? | 김성주 국민연금공단 이사장 [더 피플]"
2026-08-05 22:24:24,76561,2537,211,"최대 큰손 국민연금, 본격 코스닥 투자 임박? | 김성주 국민연금공단 이사장 [더 피플]"
2026-08-06 00:35:16,76561,2537,211,"최대 큰손 국민연금, 본격 코스닥 투자 임박? | 김성주 국민연금공단 이사장 [더 피플]"
2026-08-06 02:06:18,76561,2537,211,"최대 큰손 국민연금, 본격 코스닥 투자 임박? | 김성주 국민연금공단 이사장 [더 피플]"
2026-08-06 03:44:21,76561,2537,211,"최대 큰손 국민연금, 본격 코스닥 투자 임박? | 김성주 국민연금공단 이사장 [더 피플]"
2026-08-06 05:15:17,76561,2537,211,"최대 큰손 국민연금, 본격 코스닥 투자 임박? | 김성주 국민연금공단 이사장 [더 피플]"
2026-08-06 06:34:31,76561,2537,211,"최대 큰손 국민연금, 본격 코스닥 투자 임박? | 김성주 국민연금공단 이사장 [더 피플]"
2026-08-06 07:37:58,76561,2537,211,"최대 큰손 국민연금, 본격 코스닥 투자 임박? | 김성주 국민연금공단 이사장 [더 피플]"
2026-08-06 08:34:34,76561,2537,211,"최대 큰손 국민연금, 본격 코스닥 투자 임박? | 김성주 국민연금공단 이사장 [더 피플]"
2026-08-06 09:58:41,76561,2537,211,"최대 큰손 국민연금, 본격 코스닥 투자 임박? | 김성주 국민연금공단 이사장 [더 피플]"
2026-08-06 13:13:48,76561,2537,211,"최대 큰손 국민연금, 본격 코스닥 투자 임박? | 김성주 국민연금공단 이사장 [더 피플]"
2026-08-06 15:46:24,76561,2537,211,"최대 큰손 국민연금, 본격 코스닥 투자 임박? | 김성주 국민연금공단 이사장 [더 피플]"
2026-08-06 18:31:22,76561,2537,211,"최대 큰손 국민연금, 본격 코스닥 투자 임박? | 김성주 국민연금공단 이사장 [더 피플]"
2026-08-06 20:48:00,76561,2537,211,"최대 큰손 국민연금, 본격 코스닥 투자 임박? | 김성주 국민연금공단 이사장 [더 피플]"
2026-08-06 22:22:29,76561,2537,211,"최대 큰손 국민연금, 본격 코스닥 투자 임박? | 김성주 국민연금공단 이사장 [더 피플]"
2026-08-07 00:36:43,76561,2537,211,"최대 큰손 국민연금, 본격 코스닥 투자 임박? | 김성주 국민연금공단 이사장 [더 피플]"
2026-08-07 09:30:06,76561,2537,211,"최대 큰손 국민연금, 본격 코스닥 투자 임박? | 김성주 국민연금공단 이사장 [더 피플]"
2026-08-07 12:30:50,76561,2537,211,"최대 큰손 국민연금, 본격 코스닥 투자 임박? | 김성주 국민연금공단 이사장 [더 피플]"
2026-08-07 14:17:03,76561,2537,211,"최대 큰손 국민연금, 본격 코스닥 투자 임박? | 김성주 국민연금공단 이사장 [더 피플]"
2026-08-07 15:34:36,76561,2537,211,"최대 큰손 국민연금, 본격 코스닥 투자 임박? | 김성주 국민연금공단 이사장 [더 피플]"
2026-08-07 16:54:01,76561,2537,211,"최대 큰손 국민연금, 본격 코스닥 투자 임박? | 김성주 국민연금공단 이사장 [더 피플]"
2026-08-07 17:44:25,76561,2537,211,"최대 큰손 국민연금, 본격 코스닥 투자 임박? | 김성주 국민연금공단 이사장 [더 피플]"
2026-08-07 18:42:33,76561,2537,211,"최대 큰손 국민연금, 본격 코스닥 투자 임박? | 김성주 국민연금공단 이사장 [더 피플]"
2026-08-07 19:33:19,76561,2537,211,"최대 큰손 국민연금, 본격 코스닥 투자 임박? | 김성주 국민연금공단 이사장 [더 피플]"
2026-08-07 20:25:52,76561,2537,211,"최대 큰손 국민연금, 본격 코스닥 투자 임박? | 김성주 국민연금공단 이사장 [더 피플]"
2026-08-07 21:06:36,76561,2537,211,"최대 큰손 국민연금, 본격 코스닥 투자 임박? | 김성주 국민연금공단 이사장 [더 피플]"
2026-08-07 22:32:53,76561,2537,211,"최대 큰손 국민연금, 본격 코스닥 투자 임박? | 김성주 국민연금공단 이사장 [더 피플]"
2026-08-07 23:34:04,76561,2537,211,"최대 큰손 국민연금, 본격 코스닥 투자 임박? | 김성주 국민연금공단 이사장 [더 피플]"
2026-08-08 00:28:46,76561,2537,211,"최대 큰손 국민연금, 본격 코스닥 투자 임박? | 김성주 국민연금공단 이사장 [더 피플]"
2026-08-08 01:24:42,76561,2537,211,"최대 큰손 국민연금, 본격 코스닥 투자 임박? | 김성주 국민연금공단 이사장 [더 피플]"
2026-08-08 02:13:47,76561,2537,211,"최대 큰손 국민연금, 본격 코스닥 투자 임박? | 김성주 국민연금공단 이사장 [더 피플]"
2026-08-08 03:02:09,76561,2537,211,"최대 큰손 국민연금, 본격 코스닥 투자 임박? | 김성주 국민연금공단 이사장 [더 피플]"
2026-08-08 04:07:56,76561,2537,211,"최대 큰손 국민연금, 본격 코스닥 투자 임박? | 김성주 국민연금공단 이사장 [더 피플]"
2026-08-08 04:56:40,76561,2537,211,"최대 큰손 국민연금, 본격 코스닥 투자 임박? | 김성주 국민연금공단 이사장 [더 피플]"
2026-08-08 05:35:55,76561,2537,211,"최대 큰손 국민연금, 본격 코스닥 투자 임박? | 김성주 국민연금공단 이사장 [더 피플]"
2026-08-08 06:19:32,76561,2537,211,"최대 큰손 국민연금, 본격 코스닥 투자 임박? | 김성주 국민연금공단 이사장 [더 피플]"
2026-08-08 06:59:06,76561,2537,211,"최대 큰손 국민연금, 본격 코스닥 투자 임박? | 김성주 국민연금공단 이사장 [더 피플]"
2026-08-08 07:38:08,76561,2537,211,"최대 큰손 국민연금, 본격 코스닥 투자 임박? | 김성주 국민연금공단 이사장 [더 피플]"
2026-08-08 08:15:45,76561,2537,211,"최대 큰손 국민연금, 본격 코스닥 투자 임박? | 김성주 국민연금공단 이사장 [더 피플]"
2026-08-08 08:49:43,76561,2537,211,"최대 큰손 국민연금, 본격 코스닥 투자 임박? | 김성주 국민연금공단 이사장 [더 피플]"
2026-08-08 09:34:57,76561,2537,211,"최대 큰손 국민연금, 본격 코스닥 투자 임박? | 김성주 국민연금공단 이사장 [더 피플]"
2026-08-08 11:31:46,76561,2537,211,"최대 큰손 국민연금, 본격 코스닥 투자 임박? | 김성주 국민연금공단 이사장 [더 피플]"
2026-08-08 12:52:04,76561,2537,211,"최대 큰손 국민연금, 본격 코스닥 투자 임박? | 김성주 국민연금공단 이사장 [더 피플]"
2026-08-08 13:43:06,76561,2537,211,"최대 큰손 국민연금, 본격 코스닥 투자 임박? | 김성주 국민연금공단 이사장 [더 피플]"
2026-08-08 14:26:31,76561,2537,211,"최대 큰손 국민연금, 본격 코스닥 투자 임박? | 김성주 국민연금공단 이사장 [더 피플]"
2026-08-08 15:04:37,76561,2537,211,"최대 큰손 국민연금, 본격 코스닥 투자 임박? | 김성주 국민연금공단 이사장 [더 피플]"
2026-08-08 16:08:47,76561,2537,211,"최대 큰손 국민연금, 본격 코스닥 투자 임박? | 김성주 국민연금공단 이사장 [더 피플]"
2026-08-08 16:56:53,76561,2537,211,"최대 큰손 국민연금, 본격 코스닥 투자 임박? | 김성주 국민연금공단 이사장 [더 피플]"
2026-08-08 17:35:53,76561,2537,211,"최대 큰손 국민연금, 본격 코스닥 투자 임박? | 김성주 국민연금공단 이사장 [더 피플]"
2026-08-08 18:19:45,76561,2537,211,"최대 큰손 국민연금, 본격 코스닥 투자 임박? | 김성주 국민연금공단 이사장 [더 피플]"
2026-08-08 18:57:45,76561,2537,211,"최대 큰손 국민연금, 본격 코스닥 투자 임박? | 김성주 국민연금공단 이사장 [더 피플]"
2026-08-08 19:31:14,76561,2537,211,"최대 큰손 국민연금, 본격 코스닥 투자 임박? | 김성주 국민연금공단 이사장 [더 피플]"
2026-08-08 20:02:36,76561,2537,211,"최대 큰손 국민연금, 본격 코스닥 투자 임박? | 김성주 국민연금공단 이사장 [더 피플]"
2026-08-08 20:36:51,76561,2537,211,"최대 큰손 국민연금, 본격 코스닥 투자 임박? | 김성주 국민연금공단 이사장 [더 피플]"
2026-08-08 20:58:28,76561,2537,211,"최대 큰손 국민연금, 본격 코스닥 투자 임박? | 김성주 국민연금공단 이사장 [더 피플]"
2026-08-08 21:49:29,76562,2537,211,"최대 큰손 국민연금, 본격 코스닥 투자 임박? | 김성주 국민연금공단 이사장 [더 피플]"
2026-08-08 22:35:11,76562,2537,211,"최대 큰손 국민연금, 본격 코스닥 투자 임박? | 김성주 국민연금공단 이사장 [더 피플]"
2026-08-08 23:09:50,76562,2537,211,"최대 큰손 국민연금, 본격 코스닥 투자 임박? | 김성주 국민연금공단 이사장 [더 피플]"
2026-08-08 23:47:46,76562,2537,211,"최대 큰손 국민연금, 본격 코스닥 투자 임박? | 김성주 국민연금공단 이사장 [더 피플]"
2026-08-09 00:12:53,76562,2537,211,"최대 큰손 국민연금, 본격 코스닥 투자 임박? | 김성주 국민연금공단 이사장 [더 피플]"
2026-08-09 00:45:29,76562,2537,211,"최대 큰손 국민연금, 본격 코스닥 투자 임박? | 김성주 국민연금공단 이사장 [더 피플]"
2026-08-09 01:05:16,76562,2537,211,"최대 큰손 국민연금, 본격 코스닥 투자 임박? | 김성주 국민연금공단 이사장 [더 피플]"
2026-08-09 01:48:21,76562,2537,211,"최대 큰손 국민연금, 본격 코스닥 투자 임박? | 김성주 국민연금공단 이사장 [더 피플]"
2026-08-09 02:15:10,76562,2537,211,"최대 큰손 국민연금, 본격 코스닥 투자 임박? | 김성주 국민연금공단 이사장 [더 피플]"
2026-08-09 02:47:20,76562,2537,211,"최대 큰손 국민연금, 본격 코스닥 투자 임박? | 김성주 국민연금공단 이사장 [더 피플]"
2026-08-09 03:14:24,76562,2537,211,"최대 큰손 국민연금, 본격 코스닥 투자 임박? | 김성주 국민연금공단 이사장 [더 피플]"
2026-08-09 03:59:38,76562,2537,211,"최대 큰손 국민연금, 본격 코스닥 투자 임박? | 김성주 국민연금공단 이사장 [더 피플]"
2026-08-09 04:33:30,76562,2537,211,"최대 큰손 국민연금, 본격 코스닥 투자 임박? | 김성주 국민연금공단 이사장 [더 피플]"
2026-08-09 04:57:49,76562,2537,211,"최대 큰손 국민연금, 본격 코스닥 투자 임박? | 김성주 국민연금공단 이사장 [더 피플]"
2026-08-09 05:28:15,76562,2537,211,"최대 큰손 국민연금, 본격 코스닥 투자 임박? | 김성주 국민연금공단 이사장 [더 피플]"
2026-08-09 05:58:48,76562,2537,211,"최대 큰손 국민연금, 본격 코스닥 투자 임박? | 김성주 국민연금공단 이사장 [더 피플]"
2026-08-09 06:31:33,76562,2537,211,"최대 큰손 국민연금, 본격 코스닥 투자 임박? | 김성주 국민연금공단 이사장 [더 피플]"
2026-08-09 06:57:34,76562,2537,211,"최대 큰손 국민연금, 본격 코스닥 투자 임박? | 김성주 국민연금공단 이사장 [더 피플]"
2026-08-09 07:27:17,76562,2537,211,"최대 큰손 국민연금, 본격 코스닥 투자 임박? | 김성주 국민연금공단 이사장 [더 피플]"
2026-08-09 07:57:23,76562,2537,211,"최대 큰손 국민연금, 본격 코스닥 투자 임박? | 김성주 국민연금공단 이사장 [더 피플]"
2026-08-09 08:25:33,76562,2537,211,"최대 큰손 국민연금, 본격 코스닥 투자 임박? | 김성주 국민연금공단 이사장 [더 피플]"
2026-08-09 08:52:36,76562,2537,211,"최대 큰손 국민연금, 본격 코스닥 투자 임박? | 김성주 국민연금공단 이사장 [더 피플]"
2026-08-09 09:38:01,76562,2537,211,"최대 큰손 국민연금, 본격 코스닥 투자 임박? | 김성주 국민연금공단 이사장 [더 피플]"
2026-08-09 11:48:58,76562,2537,211,"최대 큰손 국민연금, 본격 코스닥 투자 임박? | 김성주 국민연금공단 이사장 [더 피플]"
2026-08-09 13:05:18,76562,2537,211,"최대 큰손 국민연금, 본격 코스닥 투자 임박? | 김성주 국민연금공단 이사장 [더 피플]"
2026-08-09 14:14:35,76562,2537,211,"최대 큰손 국민연금, 본격 코스닥 투자 임박? | 김성주 국민연금공단 이사장 [더 피플]"
2026-08-09 14:58:44,76562,2537,211,"최대 큰손 국민연금, 본격 코스닥 투자 임박? | 김성주 국민연금공단 이사장 [더 피플]"
2026-08-09 15:58:24,76562,2537,211,"최대 큰손 국민연금, 본격 코스닥 투자 임박? | 김성주 국민연금공단 이사장 [더 피플]"
2026-08-09 16:54:17,76562,2537,211,"최대 큰손 국민연금, 본격 코스닥 투자 임박? | 김성주 국민연금공단 이사장 [더 피플]"
2026-08-09 17:29:15,76562,2537,211,"최대 큰손 국민연금, 본격 코스닥 투자 임박? | 김성주 국민연금공단 이사장 [더 피플]"
2026-08-09 18:12:14,76562,2537,211,"최대 큰손 국민연금, 본격 코스닥 투자 임박? | 김성주 국민연금공단 이사장 [더 피플]"
2026-08-09 18:55:44,76562,2537,211,"최대 큰손 국민연금, 본격 코스닥 투자 임박? | 김성주 국민연금공단 이사장 [더 피플]"
2026-08-09 19:26:19,76562,2537,211,"최대 큰손 국민연금, 본격 코스닥 투자 임박? | 김성주 국민연금공단 이사장 [더 피플]"
2026-08-09 20:01:16,76562,2537,211,"최대 큰손 국민연금, 본격 코스닥 투자 임박? | 김성주 국민연금공단 이사장 [더 피플]"
2026-08-09 20:37:24,76562,2537,211,"최대 큰손 국민연금, 본격 코스닥 투자 임박? | 김성주 국민연금공단 이사장 [더 피플]"
2026-08-09 20:59:57,76562,2537,211,"최대 큰손 국민연금, 본격 코스닥 투자 임박? | 김성주 국민연금공단 이사장 [더 피플]"
2026-08-09 22:00:10,76562,2537,211,"최대 큰손 국민연금, 본격 코스닥 투자 임박? | 김성주 국민연금공단 이사장 [더 피플]"
2026-08-09 22:52:53,76562,2537,211,"최대 큰손 국민연금, 본격 코스닥 투자 임박? | 김성주 국민연금공단 이사장 [더 피플]"
2026-08-09 23:21:24,76562,2537,211,"최대 큰손 국민연금, 본격 코스닥 투자 임박? | 김성주 국민연금공단 이사장 [더 피플]"
2026-08-09 23:56:44,76562,2537,211,"최대 큰손 국민연금, 본격 코스닥 투자 임박? | 김성주 국민연금공단 이사장 [더 피플]"
2026-08-10 00:26:59,76562,2537,211,"최대 큰손 국민연금, 본격 코스닥 투자 임박? | 김성주 국민연금공단 이사장 [더 피플]"
2026-08-10 00:56:56,76562,2537,211,"최대 큰손 국민연금, 본격 코스닥 투자 임박? | 김성주 국민연금공단 이사장 [더 피플]"
2026-08-10 01:30:29,76562,2537,211,"최대 큰손 국민연금, 본격 코스닥 투자 임박? | 김성주 국민연금공단 이사장 [더 피플]"
2026-08-10 02:05:42,76562,2537,211,"최대 큰손 국민연금, 본격 코스닥 투자 임박? | 김성주 국민연금공단 이사장 [더 피플]"
2026-08-10 02:43:03,76562,2537,211,"최대 큰손 국민연금, 본격 코스닥 투자 임박? | 김성주 국민연금공단 이사장 [더 피플]"
2026-08-10 03:04:47,76562,2537,211,"최대 큰손 국민연금, 본격 코스닥 투자 임박? | 김성주 국민연금공단 이사장 [더 피플]"
2026-08-10 03:55:12,76562,2537,211,"최대 큰손 국민연금, 본격 코스닥 투자 임박? | 김성주 국민연금공단 이사장 [더 피플]"
2026-08-10 04:25:52,76562,2537,211,"최대 큰손 국민연금, 본격 코스닥 투자 임박? | 김성주 국민연금공단 이사장 [더 피플]"
2026-08-10 04:55:17,76562,2537,211,"최대 큰손 국민연금, 본격 코스닥 투자 임박? | 김성주 국민연금공단 이사장 [더 피플]"
2026-08-10 05:21:46,76562,2537,211,"최대 큰손 국민연금, 본격 코스닥 투자 임박? | 김성주 국민연금공단 이사장 [더 피플]"
2026-08-10 05:57:11,76562,2537,211,"최대 큰손 국민연금, 본격 코스닥 투자 임박? | 김성주 국민연금공단 이사장 [더 피플]"
2026-08-10 06:29:00,76562,2537,211,"최대 큰손 국민연금, 본격 코스닥 투자 임박? | 김성주 국민연금공단 이사장 [더 피플]"
2026-08-10 06:58:48,76562,2537,211,"최대 큰손 국민연금, 본격 코스닥 투자 임박? | 김성주 국민연금공단 이사장 [더 피플]"
2026-08-10 07:32:33,76562,2537,211,"최대 큰손 국민연금, 본격 코스닥 투자 임박? | 김성주 국민연금공단 이사장 [더 피플]"
2026-08-10 08:02:42,76562,2537,211,"최대 큰손 국민연금, 본격 코스닥 투자 임박? | 김성주 국민연금공단 이사장 [더 피플]"
2026-08-10 08:39:48,76562,2537,211,"최대 큰손 국민연금, 본격 코스닥 투자 임박? | 김성주 국민연금공단 이사장 [더 피플]"
2026-08-10 09:03:18,76562,2537,211,"최대 큰손 국민연금, 본격 코스닥 투자 임박? | 김성주 국민연금공단 이사장 [더 피플]"
2026-08-10 11:27:33,76562,2537,211,"최대 큰손 국민연금, 본격 코스닥 투자 임박? | 김성주 국민연금공단 이사장 [더 피플]"
2026-08-10 13:12:15,76562,2537,211,"최대 큰손 국민연금, 본격 코스닥 투자 임박? | 김성주 국민연금공단 이사장 [더 피플]"
2026-08-10 14:43:13,76562,2537,211,"최대 큰손 국민연금, 본격 코스닥 투자 임박? | 김성주 국민연금공단 이사장 [더 피플]"
2026-08-10 15:56:33,76562,2537,211,"최대 큰손 국민연금, 본격 코스닥 투자 임박? | 김성주 국민연금공단 이사장 [더 피플]"
2026-08-10 17:24:22,76562,2537,211,"최대 큰손 국민연금, 본격 코스닥 투자 임박? | 김성주 국민연금공단 이사장 [더 피플]"
2026-08-10 18:54:51,76562,2537,211,"최대 큰손 국민연금, 본격 코스닥 투자 임박? | 김성주 국민연금공단 이사장 [더 피플]"
2026-08-10 19:57:57,76564,2537,211,"최대 큰손 국민연금, 본격 코스닥 투자 임박? | 김성주 국민연금공단 이사장 [더 피플]"
2026-08-10 20:46:25,76564,2537,211,"최대 큰손 국민연금, 본격 코스닥 투자 임박? | 김성주 국민연금공단 이사장 [더 피플]"
2026-08-10 21:33:59,76564,2537,211,"최대 큰손 국민연금, 본격 코스닥 투자 임박? | 김성주 국민연금공단 이사장 [더 피플]"
2026-08-10 23:00:32,76564,2537,211,"최대 큰손 국민연금, 본격 코스닥 투자 임박? | 김성주 국민연금공단 이사장 [더 피플]"
2026-08-11 00:05:02,76564,2537,211,"최대 큰손 국민연금, 본격 코스닥 투자 임박? | 김성주 국민연금공단 이사장 [더 피플]"
2026-08-11 01:07:04,76564,2537,211,"최대 큰손 국민연금, 본격 코스닥 투자 임박? | 김성주 국민연금공단 이사장 [더 피플]"
2026-08-11 02:04:33,76564,2537,211,"최대 큰손 국민연금, 본격 코스닥 투자 임박? | 김성주 국민연금공단 이사장 [더 피플]"
2026-08-11 02:57:58,76564,2537,211,"최대 큰손 국민연금, 본격 코스닥 투자 임박? | 김성주 국민연금공단 이사장 [더 피플]"
2026-08-11 03:55:56,76564,2537,211,"최대 큰손 국민연금, 본격 코스닥 투자 임박? | 김성주 국민연금공단 이사장 [더 피플]"
2026-08-11 04:51:07,76564,2537,211,"최대 큰손 국민연금, 본격 코스닥 투자 임박? | 김성주 국민연금공단 이사장 [더 피플]"
2026-08-11 05:26:54,76564,2537,211,"최대 큰손 국민연금, 본격 코스닥 투자 임박? | 김성주 국민연금공단 이사장 [더 피플]"
2026-08-11 06:11:00,76564,2537,211,"최대 큰손 국민연금, 본격 코스닥 투자 임박? | 김성주 국민연금공단 이사장 [더 피플]"
2026-08-11 06:56:15,76564,2537,211,"최대 큰손 국민연금, 본격 코스닥 투자 임박? | 김성주 국민연금공단 이사장 [더 피플]"
2026-08-11 07:32:01,76564,2537,211,"최대 큰손 국민연금, 본격 코스닥 투자 임박? | 김성주 국민연금공단 이사장 [더 피플]"
2026-08-11 08:08:29,76564,2537,211,"최대 큰손 국민연금, 본격 코스닥 투자 임박? | 김성주 국민연금공단 이사장 [더 피플]"
2026-08-11 08:48:06,76564,2537,211,"최대 큰손 국민연금, 본격 코스닥 투자 임박? | 김성주 국민연금공단 이사장 [더 피플]"
2026-08-11 09:36:55,76564,2537,211,"최대 큰손 국민연금, 본격 코스닥 투자 임박? | 김성주 국민연금공단 이사장 [더 피플]"
2026-08-11 11:38:23,76564,2537,211,"최대 큰손 국민연금, 본격 코스닥 투자 임박? | 김성주 국민연금공단 이사장 [더 피플]"
2026-08-11 13:05:08,76564,2537,211,"최대 큰손 국민연금, 본격 코스닥 투자 임박? | 김성주 국민연금공단 이사장 [더 피플]"
2026-08-11 14:17:27,76564,2537,211,"최대 큰손 국민연금, 본격 코스닥 투자 임박? | 김성주 국민연금공단 이사장 [더 피플]"
2026-08-11 15:07:19,76564,2537,211,"최대 큰손 국민연금, 본격 코스닥 투자 임박? | 김성주 국민연금공단 이사장 [더 피플]"
2026-08-11 16:24:37,76564,2537,211,"최대 큰손 국민연금, 본격 코스닥 투자 임박? | 김성주 국민연금공단 이사장 [더 피플]"
2026-08-11 17:29:04,76564,2537,211,"최대 큰손 국민연금, 본격 코스닥 투자 임박? | 김성주 국민연금공단 이사장 [더 피플]"
2026-08-11 18:32:05,76564,2537,211,"최대 큰손 국민연금, 본격 코스닥 투자 임박? | 김성주 국민연금공단 이사장 [더 피플]"
2026-08-11 19:26:59,76564,2537,211,"최대 큰손 국민연금, 본격 코스닥 투자 임박? | 김성주 국민연금공단 이사장 [더 피플]"
2026-08-11 20:13:09,76564,2537,211,"최대 큰손 국민연금, 본격 코스닥 투자 임박? | 김성주 국민연금공단 이사장 [더 피플]"
2026-08-11 20:56:28,76564,2537,211,"최대 큰손 국민연금, 본격 코스닥 투자 임박? | 김성주 국민연금공단 이사장 [더 피플]"
2026-08-11 21:53:01,76564,2537,211,"최대 큰손 국민연금, 본격 코스닥 투자 임박? | 김성주 국민연금공단 이사장 [더 피플]"
2026-08-11 23:08:40,76564,2537,211,"최대 큰손 국민연금, 본격 코스닥 투자 임박? | 김성주 국민연금공단 이사장 [더 피플]"
2026-08-12 00:14:23,76564,2537,211,"최대 큰손 국민연금, 본격 코스닥 투자 임박? | 김성주 국민연금공단 이사장 [더 피플]"
2026-08-12 01:11:23,76564,2537,211,"최대 큰손 국민연금, 본격 코스닥 투자 임박? | 김성주 국민연금공단 이사장 [더 피플]"
2026-08-12 02:11:22,76564,2537,211,"최대 큰손 국민연금, 본격 코스닥 투자 임박? | 김성주 국민연금공단 이사장 [더 피플]"
2026-08-12 03:05:40,76564,2537,211,"최대 큰손 국민연금, 본격 코스닥 투자 임박? | 김성주 국민연금공단 이사장 [더 피플]"
2026-08-12 04:15:37,76564,2537,211,"최대 큰손 국민연금, 본격 코스닥 투자 임박? | 김성주 국민연금공단 이사장 [더 피플]"
2026-08-12 05:06:03,76564,2537,211,"최대 큰손 국민연금, 본격 코스닥 투자 임박? | 김성주 국민연금공단 이사장 [더 피플]"
2026-08-12 05:59:14,76564,2537,211,"최대 큰손 국민연금, 본격 코스닥 투자 임박? | 김성주 국민연금공단 이사장 [더 피플]"
2026-08-12 06:51:20,76564,2537,211,"최대 큰손 국민연금, 본격 코스닥 투자 임박? | 김성주 국민연금공단 이사장 [더 피플]"
2026-08-12 07:27:24,76564,2537,211,"최대 큰손 국민연금, 본격 코스닥 투자 임박? | 김성주 국민연금공단 이사장 [더 피플]"
2026-08-12 08:11:31,76564,2537,211,"최대 큰손 국민연금, 본격 코스닥 투자 임박? | 김성주 국민연금공단 이사장 [더 피플]"
2026-08-12 08:58:35,76564,2537,211,"최대 큰손 국민연금, 본격 코스닥 투자 임박? | 김성주 국민연금공단 이사장 [더 피플]"
2026-08-12 10:58:28,76564,2537,211,"최대 큰손 국민연금, 본격 코스닥 투자 임박? | 김성주 국민연금공단 이사장 [더 피플]"
2026-08-12 13:09:00,76564,2537,211,"최대 큰손 국민연금, 본격 코스닥 투자 임박? | 김성주 국민연금공단 이사장 [더 피플]"
2026-08-12 14:44:14,76564,2537,211,"최대 큰손 국민연금, 본격 코스닥 투자 임박? | 김성주 국민연금공단 이사장 [더 피플]"
2026-08-12 15:58:51,76564,2537,211,"최대 큰손 국민연금, 본격 코스닥 투자 임박? | 김성주 국민연금공단 이사장 [더 피플]"
2026-08-12 17:19:14,76564,2537,211,"최대 큰손 국민연금, 본격 코스닥 투자 임박? | 김성주 국민연금공단 이사장 [더 피플]"
2026-08-12 18:34:12,76564,2537,211,"최대 큰손 국민연금, 본격 코스닥 투자 임박? | 김성주 국민연금공단 이사장 [더 피플]"
2026-08-12 19:38:57,76564,2537,211,"최대 큰손 국민연금, 본격 코스닥 투자 임박? | 김성주 국민연금공단 이사장 [더 피플]"
2026-08-12 20:27:34,76564,2537,211,"최대 큰손 국민연금, 본격 코스닥 투자 임박? | 김성주 국민연금공단 이사장 [더 피플]"
2026-08-12 21:08:44,76564,2537,211,"최대 큰손 국민연금, 본격 코스닥 투자 임박? | 김성주 국민연금공단 이사장 [더 피플]"
2026-08-12 22:41:45,76564,2537,211,"최대 큰손 국민연금, 본격 코스닥 투자 임박? | 김성주 국민연금공단 이사장 [더 피플]"
2026-08-12 23:43:16,76564,2537,211,"최대 큰손 국민연금, 본격 코스닥 투자 임박? | 김성주 국민연금공단 이사장 [더 피플]"
2026-08-13 00:39:07,76564,2537,211,"최대 큰손 국민연금, 본격 코스닥 투자 임박? | 김성주 국민연금공단 이사장 [더 피플]"
2026-08-13 01:33:18,76564,2537,211,"최대 큰손 국민연금, 본격 코스닥 투자 임박? | 김성주 국민연금공단 이사장 [더 피플]"
2026-08-13 02:33:28,76564,2537,211,"최대 큰손 국민연금, 본격 코스닥 투자 임박? | 김성주 국민연금공단 이사장 [더 피플]"
2026-08-13 03:30:04,76564,2537,211,"최대 큰손 국민연금, 본격 코스닥 투자 임박? | 김성주 국민연금공단 이사장 [더 피플]"
2026-08-13 04:38:46,76564,2537,211,"최대 큰손 국민연금, 본격 코스닥 투자 임박? | 김성주 국민연금공단 이사장 [더 피플]"
2026-08-13 05:20:45,76564,2537,211,"최대 큰손 국민연금, 본격 코스닥 투자 임박? | 김성주 국민연금공단 이사장 [더 피플]"
2026-08-13 06:08:02,76564,2537,211,"최대 큰손 국민연금, 본격 코스닥 투자 임박? | 김성주 국민연금공단 이사장 [더 피플]"
2026-08-13 06:58:51,76564,2537,211,"최대 큰손 국민연금, 본격 코스닥 투자 임박? | 김성주 국민연금공단 이사장 [더 피플]"
2026-08-13 07:42:13,76564,2537,211,"최대 큰손 국민연금, 본격 코스닥 투자 임박? | 김성주 국민연금공단 이사장 [더 피플]"
2026-08-13 08:23:08,76564,2537,211,"최대 큰손 국민연금, 본격 코스닥 투자 임박? | 김성주 국민연금공단 이사장 [더 피플]"
2026-08-13 09:03:31,76564,2537,211,"최대 큰손 국민연금, 본격 코스닥 투자 임박? | 김성주 국민연금공단 이사장 [더 피플]"
2026-08-13 11:38:49,76564,2537,211,"최대 큰손 국민연금, 본격 코스닥 투자 임박? | 김성주 국민연금공단 이사장 [더 피플]"
2026-08-13 13:28:52,76564,2537,211,"최대 큰손 국민연금, 본격 코스닥 투자 임박? | 김성주 국민연금공단 이사장 [더 피플]"
2026-08-13 14:57:40,76564,2537,211,"최대 큰손 국민연금, 본격 코스닥 투자 임박? | 김성주 국민연금공단 이사장 [더 피플]"
2026-08-13 16:24:14,76564,2537,211,"최대 큰손 국민연금, 본격 코스닥 투자 임박? | 김성주 국민연금공단 이사장 [더 피플]"
2026-08-13 17:48:28,76564,2537,211,"최대 큰손 국민연금, 본격 코스닥 투자 임박? | 김성주 국민연금공단 이사장 [더 피플]"
2026-08-13 18:49:22,76564,2537,211,"최대 큰손 국민연금, 본격 코스닥 투자 임박? | 김성주 국민연금공단 이사장 [더 피플]"
2026-08-13 19:46:31,76564,2537,211,"최대 큰손 국민연금, 본격 코스닥 투자 임박? | 김성주 국민연금공단 이사장 [더 피플]"
2026-08-13 20:33:19,76564,2537,211,"최대 큰손 국민연금, 본격 코스닥 투자 임박? | 김성주 국민연금공단 이사장 [더 피플]"
2026-08-13 21:27:35,76564,2537,211,"최대 큰손 국민연금, 본격 코스닥 투자 임박? | 김성주 국민연금공단 이사장 [더 피플]"
2026-08-13 22:56:08,76564,2537,211,"최대 큰손 국민연금, 본격 코스닥 투자 임박? | 김성주 국민연금공단 이사장 [더 피플]"
2026-08-13 23:52:19,76564,2537,211,"최대 큰손 국민연금, 본격 코스닥 투자 임박? | 김성주 국민연금공단 이사장 [더 피플]"
2026-08-14 00:44:25,76564,2537,211,"최대 큰손 국민연금, 본격 코스닥 투자 임박? | 김성주 국민연금공단 이사장 [더 피플]"
2026-08-14 01:36:55,76564,2537,211,"최대 큰손 국민연금, 본격 코스닥 투자 임박? | 김성주 국민연금공단 이사장 [더 피플]"
2026-08-14 02:35:37,76564,2537,211,"최대 큰손 국민연금, 본격 코스닥 투자 임박? | 김성주 국민연금공단 이사장 [더 피플]"
2026-08-14 03:32:26,76564,2537,211,"최대 큰손 국민연금, 본격 코스닥 투자 임박? | 김성주 국민연금공단 이사장 [더 피플]"
2026-08-14 04:37:46,76564,2537,211,"최대 큰손 국민연금, 본격 코스닥 투자 임박? | 김성주 국민연금공단 이사장 [더 피플]"
2026-08-14 05:16:57,76564,2537,211,"최대 큰손 국민연금, 본격 코스닥 투자 임박? | 김성주 국민연금공단 이사장 [더 피플]"
2026-08-14 06:05:59,76564,2537,211,"최대 큰손 국민연금, 본격 코스닥 투자 임박? | 김성주 국민연금공단 이사장 [더 피플]"
2026-08-14 06:57:17,76564,2537,211,"최대 큰손 국민연금, 본격 코스닥 투자 임박? | 김성주 국민연금공단 이사장 [더 피플]"
2026-08-14 07:38:39,76564,2537,211,"최대 큰손 국민연금, 본격 코스닥 투자 임박? | 김성주 국민연금공단 이사장 [더 피플]"
2026-08-14 08:22:49,76564,2537,211,"최대 큰손 국민연금, 본격 코스닥 투자 임박? | 김성주 국민연금공단 이사장 [더 피플]"
2026-08-14 09:03:09,76564,2537,211,"최대 큰손 국민연금, 본격 코스닥 투자 임박? | 김성주 국민연금공단 이사장 [더 피플]"
2026-08-14 11:36:38,76565,2537,211,"최대 큰손 국민연금, 본격 코스닥 투자 임박? | 김성주 국민연금공단 이사장 [더 피플]"
2026-08-14 13:25:33,76565,2537,211,"최대 큰손 국민연금, 본격 코스닥 투자 임박? | 김성주 국민연금공단 이사장 [더 피플]"
2026-08-14 14:52:50,76565,2537,211,"최대 큰손 국민연금, 본격 코스닥 투자 임박? | 김성주 국민연금공단 이사장 [더 피플]"
2026-08-14 17:21:40,76565,2537,211,"최대 큰손 국민연금, 본격 코스닥 투자 임박? | 김성주 국민연금공단 이사장 [더 피플]"
2026-08-14 18:30:24,76565,2537,211,"최대 큰손 국민연금, 본격 코스닥 투자 임박? | 김성주 국민연금공단 이사장 [더 피플]"
2026-08-14 19:34:14,76565,2537,211,"최대 큰손 국민연금, 본격 코스닥 투자 임박? | 김성주 국민연금공단 이사장 [더 피플]"
2026-08-14 20:22:51,76565,2537,211,"최대 큰손 국민연금, 본격 코스닥 투자 임박? | 김성주 국민연금공단 이사장 [더 피플]"
2026-08-14 21:02:25,76565,2537,211,"최대 큰손 국민연금, 본격 코스닥 투자 임박? | 김성주 국민연금공단 이사장 [더 피플]"
2026-08-14 22:24:43,76565,2537,211,"최대 큰손 국민연금, 본격 코스닥 투자 임박? | 김성주 국민연금공단 이사장 [더 피플]"
2026-08-14 23:29:27,76565,2537,211,"최대 큰손 국민연금, 본격 코스닥 투자 임박? | 김성주 국민연금공단 이사장 [더 피플]"
2026-08-15 00:22:31,76565,2537,211,"최대 큰손 국민연금, 본격 코스닥 투자 임박? | 김성주 국민연금공단 이사장 [더 피플]"
2026-08-15 01:09:41,76565,2537,211,"최대 큰손 국민연금, 본격 코스닥 투자 임박? | 김성주 국민연금공단 이사장 [더 피플]"
2026-08-15 02:08:34,76565,2537,211,"최대 큰손 국민연금, 본격 코스닥 투자 임박? | 김성주 국민연금공단 이사장 [더 피플]"
2026-08-15 03:03:09,76565,2537,211,"최대 큰손 국민연금, 본격 코스닥 투자 임박? | 김성주 국민연금공단 이사장 [더 피플]"
2026-08-15 04:06:12,76565,2537,211,"최대 큰손 국민연금, 본격 코스닥 투자 임박? | 김성주 국민연금공단 이사장 [더 피플]"
2026-08-15 04:52:35,76565,2537,211,"최대 큰손 국민연금, 본격 코스닥 투자 임박? | 김성주 국민연금공단 이사장 [더 피플]"
2026-08-15 05:18:01,76566,2537,211,"최대 큰손 국민연금, 본격 코스닥 투자 임박? | 김성주 국민연금공단 이사장 [더 피플]"
2026-08-15 05:49:03,76565,2537,211,"최대 큰손 국민연금, 본격 코스닥 투자 임박? | 김성주 국민연금공단 이사장 [더 피플]"
2026-08-15 06:10:35,76566,2537,211,"최대 큰손 국민연금, 본격 코스닥 투자 임박? | 김성주 국민연금공단 이사장 [더 피플]"
2026-08-15 06:38:17,76565,2537,211,"최대 큰손 국민연금, 본격 코스닥 투자 임박? | 김성주 국민연금공단 이사장 [더 피플]"
2026-08-15 06:55:45,76565,2537,211,"최대 큰손 국민연금, 본격 코스닥 투자 임박? | 김성주 국민연금공단 이사장 [더 피플]"
2026-08-15 07:15:30,76566,2537,211,"최대 큰손 국민연금, 본격 코스닥 투자 임박? | 김성주 국민연금공단 이사장 [더 피플]"
2026-08-15 07:42:17,76566,2537,211,"최대 큰손 국민연금, 본격 코스닥 투자 임박? | 김성주 국민연금공단 이사장 [더 피플]"
2026-08-15 07:59:30,76566,2537,211,"최대 큰손 국민연금, 본격 코스닥 투자 임박? | 김성주 국민연금공단 이사장 [더 피플]"
2026-08-15 08:25:15,76566,2537,211,"최대 큰손 국민연금, 본격 코스닥 투자 임박? | 김성주 국민연금공단 이사장 [더 피플]"
2026-08-15 08:44:37,76566,2537,211,"최대 큰손 국민연금, 본격 코스닥 투자 임박? | 김성주 국민연금공단 이사장 [더 피플]"
2026-08-15 09:00:27,76566,2537,211,"최대 큰손 국민연금, 본격 코스닥 투자 임박? | 김성주 국민연금공단 이사장 [더 피플]"
2026-08-15 10:37:25,76566,2537,211,"최대 큰손 국민연금, 본격 코스닥 투자 임박? | 김성주 국민연금공단 이사장 [더 피플]"
2026-08-15 11:37:12,76566,2537,211,"최대 큰손 국민연금, 본격 코스닥 투자 임박? | 김성주 국민연금공단 이사장 [더 피플]"
2026-08-15 12:20:52,76566,2537,211,"최대 큰손 국민연금, 본격 코스닥 투자 임박? | 김성주 국민연금공단 이사장 [더 피플]"
2026-08-15 12:58:10,76566,2537,211,"최대 큰손 국민연금, 본격 코스닥 투자 임박? | 김성주 국민연금공단 이사장 [더 피플]"
2026-08-15 13:30:19,76566,2537,211,"최대 큰손 국민연금, 본격 코스닥 투자 임박? | 김성주 국민연금공단 이사장 [더 피플]"
2026-08-15 13:58:27,76566,2537,211,"최대 큰손 국민연금, 본격 코스닥 투자 임박? | 김성주 국민연금공단 이사장 [더 피플]"
2026-08-15 14:24:31,76566,2537,211,"최대 큰손 국민연금, 본격 코스닥 투자 임박? | 김성주 국민연금공단 이사장 [더 피플]"
2026-08-15 14:47:58,76566,2537,211,"최대 큰손 국민연금, 본격 코스닥 투자 임박? | 김성주 국민연금공단 이사장 [더 피플]"
2026-08-15 15:02:41,76566,2537,211,"최대 큰손 국민연금, 본격 코스닥 투자 임박? | 김성주 국민연금공단 이사장 [더 피플]"
2026-08-15 15:52:17,76566,2537,211,"최대 큰손 국민연금, 본격 코스닥 투자 임박? | 김성주 국민연금공단 이사장 [더 피플]"
2026-08-15 16:18:43,76566,2537,211,"최대 큰손 국민연금, 본격 코스닥 투자 임박? | 김성주 국민연금공단 이사장 [더 피플]"
2026-08-15 16:47:13,76566,2537,211,"최대 큰손 국민연금, 본격 코스닥 투자 임박? | 김성주 국민연금공단 이사장 [더 피플]"
2026-08-15 17:02:14,76566,2537,211,"최대 큰손 국민연금, 본격 코스닥 투자 임박? | 김성주 국민연금공단 이사장 [더 피플]"
2026-08-15 17:38:57,76566,2537,211,"최대 큰손 국민연금, 본격 코스닥 투자 임박? | 김성주 국민연금공단 이사장 [더 피플]"
2026-08-15 18:00:17,76566,2537,211,"최대 큰손 국민연금, 본격 코스닥 투자 임박? | 김성주 국민연금공단 이사장 [더 피플]"
2026-08-15 18:30:48,76566,2537,211,"최대 큰손 국민연금, 본격 코스닥 투자 임박? | 김성주 국민연금공단 이사장 [더 피플]"
2026-08-15 18:51:13,76566,2537,211,"최대 큰손 국민연금, 본격 코스닥 투자 임박? | 김성주 국민연금공단 이사장 [더 피플]"
2026-08-15 19:08:12,76566,2537,211,"최대 큰손 국민연금, 본격 코스닥 투자 임박? | 김성주 국민연금공단 이사장 [더 피플]"
2026-08-15 19:35:29,76566,2537,211,"최대 큰손 국민연금, 본격 코스닥 투자 임박? | 김성주 국민연금공단 이사장 [더 피플]"
2026-08-15 19:53:37,76566,2537,211,"최대 큰손 국민연금, 본격 코스닥 투자 임박? | 김성주 국민연금공단 이사장 [더 피플]"
2026-08-15 20:08:42,76566,2537,211,"최대 큰손 국민연금, 본격 코스닥 투자 임박? | 김성주 국민연금공단 이사장 [더 피플]"
2026-08-15 20:32:13,76566,2537,211,"최대 큰손 국민연금, 본격 코스닥 투자 임박? | 김성주 국민연금공단 이사장 [더 피플]"
2026-08-15 20:48:58,76566,2537,211,"최대 큰손 국민연금, 본격 코스닥 투자 임박? | 김성주 국민연금공단 이사장 [더 피플]"
2026-08-15 21:00:22,76566,2537,211,"최대 큰손 국민연금, 본격 코스닥 투자 임박? | 김성주 국민연금공단 이사장 [더 피플]"
2026-08-15 21:48:57,76566,2537,211,"최대 큰손 국민연금, 본격 코스닥 투자 임박? | 김성주 국민연금공단 이사장 [더 피플]"
2026-08-15 22:19:44,76566,2537,211,"최대 큰손 국민연금, 본격 코스닥 투자 임박? | 김성주 국민연금공단 이사장 [더 피플]"
2026-08-15 22:46:42,76566,2537,211,"최대 큰손 국민연금, 본격 코스닥 투자 임박? | 김성주 국민연금공단 이사장 [더 피플]"
2026-08-15 23:01:27,76566,2537,211,"최대 큰손 국민연금, 본격 코스닥 투자 임박? | 김성주 국민연금공단 이사장 [더 피플]"
2026-08-15 23:31:02,76567,2537,211,"최대 큰손 국민연금, 본격 코스닥 투자 임박? | 김성주 국민연금공단 이사장 [더 피플]"
2026-08-15 23:50:41,76567,2537,211,"최대 큰손 국민연금, 본격 코스닥 투자 임박? | 김성주 국민연금공단 이사장 [더 피플]"
2026-08-16 00:02:27,76567,2537,211,"최대 큰손 국민연금, 본격 코스닥 투자 임박? | 김성주 국민연금공단 이사장 [더 피플]"
2026-08-16 00:29:35,76567,2537,211,"최대 큰손 국민연금, 본격 코스닥 투자 임박? | 김성주 국민연금공단 이사장 [더 피플]"
2026-08-16 00:47:34,76567,2537,211,"최대 큰손 국민연금, 본격 코스닥 투자 임박? | 김성주 국민연금공단 이사장 [더 피플]"
2026-08-16 01:00:09,76567,2537,211,"최대 큰손 국민연금, 본격 코스닥 투자 임박? | 김성주 국민연금공단 이사장 [더 피플]"
2026-08-16 01:30:36,76567,2537,211,"최대 큰손 국민연금, 본격 코스닥 투자 임박? | 김성주 국민연금공단 이사장 [더 피플]"
2026-08-16 01:52:03,76567,2537,211,"최대 큰손 국민연금, 본격 코스닥 투자 임박? | 김성주 국민연금공단 이사장 [더 피플]"
2026-08-16 02:08:40,76567,2537,211,"최대 큰손 국민연금, 본격 코스닥 투자 임박? | 김성주 국민연금공단 이사장 [더 피플]"
2026-08-16 02:32:33,76567,2537,211,"최대 큰손 국민연금, 본격 코스닥 투자 임박? | 김성주 국민연금공단 이사장 [더 피플]"
2026-08-16 02:50:30,76567,2537,211,"최대 큰손 국민연금, 본격 코스닥 투자 임박? | 김성주 국민연금공단 이사장 [더 피플]"
2026-08-16 03:00:30,76567,2537,211,"최대 큰손 국민연금, 본격 코스닥 투자 임박? | 김성주 국민연금공단 이사장 [더 피플]"
2026-08-16 03:38:21,76567,2537,211,"최대 큰손 국민연금, 본격 코스닥 투자 임박? | 김성주 국민연금공단 이사장 [더 피플]"
2026-08-16 04:00:39,76567,2537,211,"최대 큰손 국민연금, 본격 코스닥 투자 임박? | 김성주 국민연금공단 이사장 [더 피플]"
2026-08-16 04:26:04,76567,2537,211,"최대 큰손 국민연금, 본격 코스닥 투자 임박? | 김성주 국민연금공단 이사장 [더 피플]"
2026-08-16 04:43:45,76567,2537,211,"최대 큰손 국민연금, 본격 코스닥 투자 임박? | 김성주 국민연금공단 이사장 [더 피플]"
2026-08-16 04:56:38,76567,2537,211,"최대 큰손 국민연금, 본격 코스닥 투자 임박? | 김성주 국민연금공단 이사장 [더 피플]"
2026-08-16 05:17:17,76567,2537,211,"최대 큰손 국민연금, 본격 코스닥 투자 임박? | 김성주 국민연금공단 이사장 [더 피플]"
2026-08-16 05:42:06,76567,2537,211,"최대 큰손 국민연금, 본격 코스닥 투자 임박? | 김성주 국민연금공단 이사장 [더 피플]"
2026-08-16 05:58:30,76567,2537,211,"최대 큰손 국민연금, 본격 코스닥 투자 임박? | 김성주 국민연금공단 이사장 [더 피플]"
2026-08-16 06:21:04,76567,2537,211,"최대 큰손 국민연금, 본격 코스닥 투자 임박? | 김성주 국민연금공단 이사장 [더 피플]"
2026-08-16 06:40:24,76567,2537,211,"최대 큰손 국민연금, 본격 코스닥 투자 임박? | 김성주 국민연금공단 이사장 [더 피플]"
2026-08-16 06:55:08,76567,2537,211,"최대 큰손 국민연금, 본격 코스닥 투자 임박? | 김성주 국민연금공단 이사장 [더 피플]"
2026-08-16 07:12:11,76567,2537,211,"최대 큰손 국민연금, 본격 코스닥 투자 임박? | 김성주 국민연금공단 이사장 [더 피플]"
2026-08-16 07:36:28,76567,2537,211,"최대 큰손 국민연금, 본격 코스닥 투자 임박? | 김성주 국민연금공단 이사장 [더 피플]"
2026-08-16 07:54:09,76567,2537,211,"최대 큰손 국민연금, 본격 코스닥 투자 임박? | 김성주 국민연금공단 이사장 [더 피플]"
2026-08-16 08:10:55,76567,2537,211,"최대 큰손 국민연금, 본격 코스닥 투자 임박? | 김성주 국민연금공단 이사장 [더 피플]"
2026-08-16 08:33:23,76567,2537,211,"최대 큰손 국민연금, 본격 코스닥 투자 임박? | 김성주 국민연금공단 이사장 [더 피플]"
2026-08-16 08:49:53,76567,2537,211,"최대 큰손 국민연금, 본격 코스닥 투자 임박? | 김성주 국민연금공단 이사장 [더 피플]"
2026-08-16 09:01:04,76567,2537,211,"최대 큰손 국민연금, 본격 코스닥 투자 임박? | 김성주 국민연금공단 이사장 [더 피플]"
2026-08-16 10:50:25,76567,2537,211,"최대 큰손 국민연금, 본격 코스닥 투자 임박? | 김성주 국민연금공단 이사장 [더 피플]"
2026-08-16 11:48:29,76567,2537,211,"최대 큰손 국민연금, 본격 코스닥 투자 임박? | 김성주 국민연금공단 이사장 [더 피플]"
2026-08-16 12:34:52,76567,2537,211,"최대 큰손 국민연금, 본격 코스닥 투자 임박? | 김성주 국민연금공단 이사장 [더 피플]"
2026-08-16 13:17:25,76567,2537,211,"최대 큰손 국민연금, 본격 코스닥 투자 임박? | 김성주 국민연금공단 이사장 [더 피플]"
2026-08-16 13:52:18,76567,2537,211,"최대 큰손 국민연금, 본격 코스닥 투자 임박? | 김성주 국민연금공단 이사장 [더 피플]"
2026-08-16 14:15:16,76567,2537,211,"최대 큰손 국민연금, 본격 코스닥 투자 임박? | 김성주 국민연금공단 이사장 [더 피플]"
2026-08-16 14:44:59,76567,2537,211,"최대 큰손 국민연금, 본격 코스닥 투자 임박? | 김성주 국민연금공단 이사장 [더 피플]"
2026-08-16 15:02:46,76567,2537,211,"최대 큰손 국민연금, 본격 코스닥 투자 임박? | 김성주 국민연금공단 이사장 [더 피플]"
2026-08-16 15:53:27,76567,2537,211,"최대 큰손 국민연금, 본격 코스닥 투자 임박? | 김성주 국민연금공단 이사장 [더 피플]"
2026-08-16 16:20:50,76567,2537,211,"최대 큰손 국민연금, 본격 코스닥 투자 임박? | 김성주 국민연금공단 이사장 [더 피플]"
2026-08-16 16:49:31,76567,2537,211,"최대 큰손 국민연금, 본격 코스닥 투자 임박? | 김성주 국민연금공단 이사장 [더 피플]"
2026-08-16 17:10:48,76567,2537,211,"최대 큰손 국민연금, 본격 코스닥 투자 임박? | 김성주 국민연금공단 이사장 [더 피플]"
2026-08-16 17:45:23,76567,2537,211,"최대 큰손 국민연금, 본격 코스닥 투자 임박? | 김성주 국민연금공단 이사장 [더 피플]"
2026-08-16 18:04:38,76567,2537,211,"최대 큰손 국민연금, 본격 코스닥 투자 임박? | 김성주 국민연금공단 이사장 [더 피플]"
2026-08-16 18:36:20,76567,2537,211,"최대 큰손 국민연금, 본격 코스닥 투자 임박? | 김성주 국민연금공단 이사장 [더 피플]"
2026-08-16 18:55:26,76567,2537,211,"최대 큰손 국민연금, 본격 코스닥 투자 임박? | 김성주 국민연금공단 이사장 [더 피플]"
2026-08-16 19:15:50,76567,2537,211,"최대 큰손 국민연금, 본격 코스닥 투자 임박? | 김성주 국민연금공단 이사장 [더 피플]"
2026-08-16 19:42:27,76567,2537,211,"최대 큰손 국민연금, 본격 코스닥 투자 임박? | 김성주 국민연금공단 이사장 [더 피플]"
2026-08-16 19:59:04,76567,2537,211,"최대 큰손 국민연금, 본격 코스닥 투자 임박? | 김성주 국민연금공단 이사장 [더 피플]"
2026-08-16 20:22:12,76567,2537,211,"최대 큰손 국민연금, 본격 코스닥 투자 임박? | 김성주 국민연금공단 이사장 [더 피플]"
2026-08-16 20:40:17,76567,2537,211,"최대 큰손 국민연금, 본격 코스닥 투자 임박? | 김성주 국민연금공단 이사장 [더 피플]"
2026-08-16 20:55:25,76567,2537,211,"최대 큰손 국민연금, 본격 코스닥 투자 임박? | 김성주 국민연금공단 이사장 [더 피플]"
2026-08-16 21:23:00,76567,2537,211,"최대 큰손 국민연금, 본격 코스닥 투자 임박? | 김성주 국민연금공단 이사장 [더 피플]"
2026-08-16 22:05:51,76567,2537,211,"최대 큰손 국민연금, 본격 코스닥 투자 임박? | 김성주 국민연금공단 이사장 [더 피플]"
2026-08-16 22:39:49,76567,2537,211,"최대 큰손 국민연금, 본격 코스닥 투자 임박? | 김성주 국민연금공단 이사장 [더 피플]"
2026-08-16 22:57:53,76567,2537,211,"최대 큰손 국민연금, 본격 코스닥 투자 임박? | 김성주 국민연금공단 이사장 [더 피플]"
2026-08-16 23:20:59,76567,2537,211,"최대 큰손 국민연금, 본격 코스닥 투자 임박? | 김성주 국민연금공단 이사장 [더 피플]"
2026-08-16 23:43:42,76570,2537,211,"최대 큰손 국민연금, 본격 코스닥 투자 임박? | 김성주 국민연금공단 이사장 [더 피플]"
2026-08-16 23:59:36,76570,2537,211,"최대 큰손 국민연금, 본격 코스닥 투자 임박? | 김성주 국민연금공단 이사장 [더 피플]"
2026-08-17 00:25:10,76567,2537,211,"최대 큰손 국민연금, 본격 코스닥 투자 임박? | 김성주 국민연금공단 이사장 [더 피플]"
2026-08-17 00:43:31,76567,2537,211,"최대 큰손 국민연금, 본격 코스닥 투자 임박? | 김성주 국민연금공단 이사장 [더 피플]"
2026-08-17 00:58:01,76567,2537,211,"최대 큰손 국민연금, 본격 코스닥 투자 임박? | 김성주 국민연금공단 이사장 [더 피플]"
2026-08-17 01:23:34,76570,2537,211,"최대 큰손 국민연금, 본격 코스닥 투자 임박? | 김성주 국민연금공단 이사장 [더 피플]"
2026-08-17 01:46:57,76570,2537,211,"최대 큰손 국민연금, 본격 코스닥 투자 임박? | 김성주 국민연금공단 이사장 [더 피플]"
2026-08-17 02:02:56,76570,2537,211,"최대 큰손 국민연금, 본격 코스닥 투자 임박? | 김성주 국민연금공단 이사장 [더 피플]"
2026-08-17 02:27:52,76570,2537,211,"최대 큰손 국민연금, 본격 코스닥 투자 임박? | 김성주 국민연금공단 이사장 [더 피플]"
2026-08-17 02:44:35,76570,2537,211,"최대 큰손 국민연금, 본격 코스닥 투자 임박? | 김성주 국민연금공단 이사장 [더 피플]"
2026-08-17 02:57:05,76570,2537,211,"최대 큰손 국민연금, 본격 코스닥 투자 임박? | 김성주 국민연금공단 이사장 [더 피플]"
2026-08-17 03:23:46,76570,2537,211,"최대 큰손 국민연금, 본격 코스닥 투자 임박? | 김성주 국민연금공단 이사장 [더 피플]"
2026-08-17 03:51:52,76570,2537,211,"최대 큰손 국민연금, 본격 코스닥 투자 임박? | 김성주 국민연금공단 이사장 [더 피플]"
2026-08-17 04:10:28,76570,2537,211,"최대 큰손 국민연금, 본격 코스닥 투자 임박? | 김성주 국민연금공단 이사장 [더 피플]"
2026-08-17 04:31:12,76570,2537,211,"최대 큰손 국민연금, 본격 코스닥 투자 임박? | 김성주 국민연금공단 이사장 [더 피플]"
2026-08-17 04:47:49,76570,2537,211,"최대 큰손 국민연금, 본격 코스닥 투자 임박? | 김성주 국민연금공단 이사장 [더 피플]"
2026-08-17 04:58:48,76570,2537,211,"최대 큰손 국민연금, 본격 코스닥 투자 임박? | 김성주 국민연금공단 이사장 [더 피플]"
2026-08-17 05:23:40,76570,2537,211,"최대 큰손 국민연금, 본격 코스닥 투자 임박? | 김성주 국민연금공단 이사장 [더 피플]"
2026-08-17 05:43:31,76570,2537,211,"최대 큰손 국민연금, 본격 코스닥 투자 임박? | 김성주 국민연금공단 이사장 [더 피플]"
2026-08-17 05:58:42,76570,2537,211,"최대 큰손 국민연금, 본격 코스닥 투자 임박? | 김성주 국민연금공단 이사장 [더 피플]"
2026-08-17 06:21:04,76570,2537,211,"최대 큰손 국민연금, 본격 코스닥 투자 임박? | 김성주 국민연금공단 이사장 [더 피플]"
2026-08-17 06:38:52,76570,2537,211,"최대 큰손 국민연금, 본격 코스닥 투자 임박? | 김성주 국민연금공단 이사장 [더 피플]"
2026-08-17 06:53:45,76570,2537,211,"최대 큰손 국민연금, 본격 코스닥 투자 임박? | 김성주 국민연금공단 이사장 [더 피플]"
2026-08-17 07:08:26,76570,2537,211,"최대 큰손 국민연금, 본격 코스닥 투자 임박? | 김성주 국민연금공단 이사장 [더 피플]"
2026-08-17 07:34:10,76570,2537,211,"최대 큰손 국민연금, 본격 코스닥 투자 임박? | 김성주 국민연금공단 이사장 [더 피플]"
2026-08-17 07:51:47,76570,2537,211,"최대 큰손 국민연금, 본격 코스닥 투자 임박? | 김성주 국민연금공단 이사장 [더 피플]"
2026-08-17 08:02:11,76570,2537,211,"최대 큰손 국민연금, 본격 코스닥 투자 임박? | 김성주 국민연금공단 이사장 [더 피플]"
2026-08-17 08:28:31,76570,2537,211,"최대 큰손 국민연금, 본격 코스닥 투자 임박? | 김성주 국민연금공단 이사장 [더 피플]"
2026-08-17 08:44:36,76570,2537,211,"최대 큰손 국민연금, 본격 코스닥 투자 임박? | 김성주 국민연금공단 이사장 [더 피플]"
2026-08-17 08:57:41,76570,2537,211,"최대 큰손 국민연금, 본격 코스닥 투자 임박? | 김성주 국민연금공단 이사장 [더 피플]"
2026-08-17 10:09:17,76570,2537,211,"최대 큰손 국민연금, 본격 코스닥 투자 임박? | 김성주 국민연금공단 이사장 [더 피플]"
2026-08-17 11:33:26,76570,2537,211,"최대 큰손 국민연금, 본격 코스닥 투자 임박? | 김성주 국민연금공단 이사장 [더 피플]"
2026-08-17 12:29:10,76570,2537,211,"최대 큰손 국민연금, 본격 코스닥 투자 임박? | 김성주 국민연금공단 이사장 [더 피플]"
2026-08-17 13:12:19,76570,2537,211,"최대 큰손 국민연금, 본격 코스닥 투자 임박? | 김성주 국민연금공단 이사장 [더 피플]"
2026-08-17 13:57:28,76570,2537,211,"최대 큰손 국민연금, 본격 코스닥 투자 임박? | 김성주 국민연금공단 이사장 [더 피플]"
2026-08-17 14:33:02,76570,2537,211,"최대 큰손 국민연금, 본격 코스닥 투자 임박? | 김성주 국민연금공단 이사장 [더 피플]"
2026-08-17 15:03:00,76570,2537,211,"최대 큰손 국민연금, 본격 코스닥 투자 임박? | 김성주 국민연금공단 이사장 [더 피플]"
2026-08-17 16:11:02,76570,2537,211,"최대 큰손 국민연금, 본격 코스닥 투자 임박? | 김성주 국민연금공단 이사장 [더 피플]"
2026-08-17 16:59:21,76570,2537,211,"최대 큰손 국민연금, 본격 코스닥 투자 임박? | 김성주 국민연금공단 이사장 [더 피플]"
2026-08-17 17:46:33,76570,2537,211,"최대 큰손 국민연금, 본격 코스닥 투자 임박? | 김성주 국민연금공단 이사장 [더 피플]"
2026-08-17 18:24:49,76570,2537,211,"최대 큰손 국민연금, 본격 코스닥 투자 임박? | 김성주 국민연금공단 이사장 [더 피플]"
2026-08-17 19:03:25,76570,2537,211,"최대 큰손 국민연금, 본격 코스닥 투자 임박? | 김성주 국민연금공단 이사장 [더 피플]"
2026-08-17 19:41:17,76570,2537,211,"최대 큰손 국민연금, 본격 코스닥 투자 임박? | 김성주 국민연금공단 이사장 [더 피플]"
2026-08-17 20:02:06,76570,2537,211,"최대 큰손 국민연금, 본격 코스닥 투자 임박? | 김성주 국민연금공단 이사장 [더 피플]"
2026-08-17 20:34:01,76570,2537,211,"최대 큰손 국민연금, 본격 코스닥 투자 임박? | 김성주 국민연금공단 이사장 [더 피플]"
2026-08-17 20:53:51,76570,2537,211,"최대 큰손 국민연금, 본격 코스닥 투자 임박? | 김성주 국민연금공단 이사장 [더 피플]"
2026-08-17 21:18:07,76570,2537,211,"최대 큰손 국민연금, 본격 코스닥 투자 임박? | 김성주 국민연금공단 이사장 [더 피플]"
2026-08-17 22:10:21,76570,2537,211,"최대 큰손 국민연금, 본격 코스닥 투자 임박? | 김성주 국민연금공단 이사장 [더 피플]"
2026-08-17 22:51:22,76570,2537,211,"최대 큰손 국민연금, 본격 코스닥 투자 임박? | 김성주 국민연금공단 이사장 [더 피플]"
2026-08-17 23:13:40,76570,2537,211,"최대 큰손 국민연금, 본격 코스닥 투자 임박? | 김성주 국민연금공단 이사장 [더 피플]"
2026-08-17 23:45:11,76570,2537,211,"최대 큰손 국민연금, 본격 코스닥 투자 임박? | 김성주 국민연금공단 이사장 [더 피플]"
2026-08-18 00:03:06,76570,2537,211,"최대 큰손 국민연금, 본격 코스닥 투자 임박? | 김성주 국민연금공단 이사장 [더 피플]"
2026-08-18 00:33:30,76570,2537,211,"최대 큰손 국민연금, 본격 코스닥 투자 임박? | 김성주 국민연금공단 이사장 [더 피플]"
2026-08-18 00:53:15,76570,2537,211,"최대 큰손 국민연금, 본격 코스닥 투자 임박? | 김성주 국민연금공단 이사장 [더 피플]"
2026-08-18 01:11:56,76570,2537,211,"최대 큰손 국민연금, 본격 코스닥 투자 임박? | 김성주 국민연금공단 이사장 [더 피플]"
2026-08-18 01:44:51,76570,2537,211,"최대 큰손 국민연금, 본격 코스닥 투자 임박? | 김성주 국민연금공단 이사장 [더 피플]"
2026-08-18 02:05:56,76570,2537,211,"최대 큰손 국민연금, 본격 코스닥 투자 임박? | 김성주 국민연금공단 이사장 [더 피플]"
2026-08-18 02:39:09,76570,2537,211,"최대 큰손 국민연금, 본격 코스닥 투자 임박? | 김성주 국민연금공단 이사장 [더 피플]"
2026-08-18 03:00:25,76570,2537,211,"최대 큰손 국민연금, 본격 코스닥 투자 임박? | 김성주 국민연금공단 이사장 [더 피플]"
2026-08-18 03:48:39,76570,2537,211,"최대 큰손 국민연금, 본격 코스닥 투자 임박? | 김성주 국민연금공단 이사장 [더 피플]"
2026-08-18 04:17:14,76570,2537,211,"최대 큰손 국민연금, 본격 코스닥 투자 임박? | 김성주 국민연금공단 이사장 [더 피플]"
2026-08-18 04:45:06,76570,2537,211,"최대 큰손 국민연금, 본격 코스닥 투자 임박? | 김성주 국민연금공단 이사장 [더 피플]"
2026-08-18 05:01:49,76570,2537,211,"최대 큰손 국민연금, 본격 코스닥 투자 임박? | 김성주 국민연금공단 이사장 [더 피플]"
2026-08-18 05:35:18,76570,2537,211,"최대 큰손 국민연금, 본격 코스닥 투자 임박? | 김성주 국민연금공단 이사장 [더 피플]"
2026-08-18 05:58:05,76570,2537,211,"최대 큰손 국민연금, 본격 코스닥 투자 임박? | 김성주 국민연금공단 이사장 [더 피플]"
2026-08-18 06:25:06,76570,2537,211,"최대 큰손 국민연금, 본격 코스닥 투자 임박? | 김성주 국민연금공단 이사장 [더 피플]"
2026-08-18 06:47:20,76570,2537,211,"최대 큰손 국민연금, 본격 코스닥 투자 임박? | 김성주 국민연금공단 이사장 [더 피플]"
2026-08-18 07:02:24,76570,2537,211,"최대 큰손 국민연금, 본격 코스닥 투자 임박? | 김성주 국민연금공단 이사장 [더 피플]"
2026-08-18 07:33:32,76570,2537,211,"최대 큰손 국민연금, 본격 코스닥 투자 임박? | 김성주 국민연금공단 이사장 [더 피플]"
2026-08-18 07:54:00,76570,2537,211,"최대 큰손 국민연금, 본격 코스닥 투자 임박? | 김성주 국민연금공단 이사장 [더 피플]"
2026-08-18 08:11:59,76570,2537,211,"최대 큰손 국민연금, 본격 코스닥 투자 임박? | 김성주 국민연금공단 이사장 [더 피플]"
2026-08-18 08:35:22,76570,2537,211,"최대 큰손 국민연금, 본격 코스닥 투자 임박? | 김성주 국민연금공단 이사장 [더 피플]"
2026-08-18 08:53:55,76570,2537,211,"최대 큰손 국민연금, 본격 코스닥 투자 임박? | 김성주 국민연금공단 이사장 [더 피플]"
2026-08-18 09:28:07,76570,2537,211,"최대 큰손 국민연금, 본격 코스닥 투자 임박? | 김성주 국민연금공단 이사장 [더 피플]"
2026-08-18 10:57:38,76570,2537,211,"최대 큰손 국민연금, 본격 코스닥 투자 임박? | 김성주 국민연금공단 이사장 [더 피플]"
2026-08-18 11:53:51,76570,2537,211,"최대 큰손 국민연금, 본격 코스닥 투자 임박? | 김성주 국민연금공단 이사장 [더 피플]"
2026-08-18 12:34:18,76570,2537,211,"최대 큰손 국민연금, 본격 코스닥 투자 임박? | 김성주 국민연금공단 이사장 [더 피플]"
2026-08-18 13:18:18,76570,2537,211,"최대 큰손 국민연금, 본격 코스닥 투자 임박? | 김성주 국민연금공단 이사장 [더 피플]"
2026-08-18 13:55:04,76570,2537,211,"최대 큰손 국민연금, 본격 코스닥 투자 임박? | 김성주 국민연금공단 이사장 [더 피플]"
2026-08-18 14:20:34,76570,2537,211,"최대 큰손 국민연금, 본격 코스닥 투자 임박? | 김성주 국민연금공단 이사장 [더 피플]"
2026-08-18 14:49:55,76570,2537,211,"최대 큰손 국민연금, 본격 코스닥 투자 임박? | 김성주 국민연금공단 이사장 [더 피플]"
2026-08-18 15:17:33,76570,2537,211,"최대 큰손 국민연금, 본격 코스닥 투자 임박? | 김성주 국민연금공단 이사장 [더 피플]"
2026-08-18 16:07:56,76570,2537,211,"최대 큰손 국민연금, 본격 코스닥 투자 임박? | 김성주 국민연금공단 이사장 [더 피플]"
2026-08-18 16:49:34,76570,2537,211,"최대 큰손 국민연금, 본격 코스닥 투자 임박? | 김성주 국민연금공단 이사장 [더 피플]"
2026-08-18 17:17:25,76570,2537,211,"최대 큰손 국민연금, 본격 코스닥 투자 임박? | 김성주 국민연금공단 이사장 [더 피플]"
2026-08-18 17:55:58,76570,2537,211,"최대 큰손 국민연금, 본격 코스닥 투자 임박? | 김성주 국민연금공단 이사장 [더 피플]"
2026-08-18 18:25:56,76570,2537,211,"최대 큰손 국민연금, 본격 코스닥 투자 임박? | 김성주 국민연금공단 이사장 [더 피플]"
2026-08-18 18:56:49,76571,2537,211,"최대 큰손 국민연금, 본격 코스닥 투자 임박? | 김성주 국민연금공단 이사장 [더 피플]"
2026-08-18 19:23:29,76571,2537,211,"최대 큰손 국민연금, 본격 코스닥 투자 임박? | 김성주 국민연금공단 이사장 [더 피플]"
2026-08-18 19:52:10,76571,2537,211,"최대 큰손 국민연금, 본격 코스닥 투자 임박? | 김성주 국민연금공단 이사장 [더 피플]"
2026-08-18 20:12:19,76571,2537,211,"최대 큰손 국민연금, 본격 코스닥 투자 임박? | 김성주 국민연금공단 이사장 [더 피플]"
2026-08-18 20:40:18,76571,2537,211,"최대 큰손 국민연금, 본격 코스닥 투자 임박? | 김성주 국민연금공단 이사장 [더 피플]"
2026-08-18 20:59:10,76571,2537,211,"최대 큰손 국민연금, 본격 코스닥 투자 임박? | 김성주 국민연금공단 이사장 [더 피플]"
2026-08-18 21:50:34,76571,2537,211,"최대 큰손 국민연금, 본격 코스닥 투자 임박? | 김성주 국민연금공단 이사장 [더 피플]"
2026-08-18 22:31:57,76571,2537,211,"최대 큰손 국민연금, 본격 코스닥 투자 임박? | 김성주 국민연금공단 이사장 [더 피플]"
2026-08-18 23:08:45,76571,2537,211,"최대 큰손 국민연금, 본격 코스닥 투자 임박? | 김성주 국민연금공단 이사장 [더 피플]"
2026-08-18 23:49:08,76571,2537,211,"최대 큰손 국민연금, 본격 코스닥 투자 임박? | 김성주 국민연금공단 이사장 [더 피플]"
2026-08-19 00:15:44,76571,2537,211,"최대 큰손 국민연금, 본격 코스닥 투자 임박? | 김성주 국민연금공단 이사장 [더 피플]"
2026-08-19 00:48:03,76571,2537,211,"최대 큰손 국민연금, 본격 코스닥 투자 임박? | 김성주 국민연금공단 이사장 [더 피플]"
2026-08-19 01:12:48,76571,2537,211,"최대 큰손 국민연금, 본격 코스닥 투자 임박? | 김성주 국민연금공단 이사장 [더 피플]"
2026-08-19 01:48:06,76571,2537,211,"최대 큰손 국민연금, 본격 코스닥 투자 임박? | 김성주 국민연금공단 이사장 [더 피플]"
2026-08-19 02:12:13,76571,2537,211,"최대 큰손 국민연금, 본격 코스닥 투자 임박? | 김성주 국민연금공단 이사장 [더 피플]"
2026-08-19 02:42:13,76571,2537,211,"최대 큰손 국민연금, 본격 코스닥 투자 임박? | 김성주 국민연금공단 이사장 [더 피플]"
2026-08-19 03:01:18,76571,2537,211,"최대 큰손 국민연금, 본격 코스닥 투자 임박? | 김성주 국민연금공단 이사장 [더 피플]"
2026-08-19 03:50:00,76571,2537,211,"최대 큰손 국민연금, 본격 코스닥 투자 임박? | 김성주 국민연금공단 이사장 [더 피플]"
2026-08-19 04:17:24,76571,2537,211,"최대 큰손 국민연금, 본격 코스닥 투자 임박? | 김성주 국민연금공단 이사장 [더 피플]"
2026-08-19 04:43:33,76571,2537,211,"최대 큰손 국민연금, 본격 코스닥 투자 임박? | 김성주 국민연금공단 이사장 [더 피플]"
2026-08-19 04:57:52,76571,2537,211,"최대 큰손 국민연금, 본격 코스닥 투자 임박? | 김성주 국민연금공단 이사장 [더 피플]"
2026-08-19 05:22:02,76571,2537,211,"최대 큰손 국민연금, 본격 코스닥 투자 임박? | 김성주 국민연금공단 이사장 [더 피플]"
2026-08-19 05:44:20,76571,2537,211,"최대 큰손 국민연금, 본격 코스닥 투자 임박? | 김성주 국민연금공단 이사장 [더 피플]"
2026-08-19 06:01:15,76571,2537,211,"최대 큰손 국민연금, 본격 코스닥 투자 임박? | 김성주 국민연금공단 이사장 [더 피플]"
2026-08-19 06:31:06,76571,2537,211,"최대 큰손 국민연금, 본격 코스닥 투자 임박? | 김성주 국민연금공단 이사장 [더 피플]"
2026-08-19 06:50:11,76571,2537,211,"최대 큰손 국민연금, 본격 코스닥 투자 임박? | 김성주 국민연금공단 이사장 [더 피플]"
2026-08-19 07:01:50,76571,2537,211,"최대 큰손 국민연금, 본격 코스닥 투자 임박? | 김성주 국민연금공단 이사장 [더 피플]"
2026-08-19 07:32:50,76571,2537,211,"최대 큰손 국민연금, 본격 코스닥 투자 임박? | 김성주 국민연금공단 이사장 [더 피플]"
2026-08-19 07:54:33,76571,2537,211,"최대 큰손 국민연금, 본격 코스닥 투자 임박? | 김성주 국민연금공단 이사장 [더 피플]"
2026-08-19 08:12:37,76571,2537,211,"최대 큰손 국민연금, 본격 코스닥 투자 임박? | 김성주 국민연금공단 이사장 [더 피플]"
2026-08-19 08:40:25,76571,2537,211,"최대 큰손 국민연금, 본격 코스닥 투자 임박? | 김성주 국민연금공단 이사장 [더 피플]"
2026-08-19 08:53:22,76571,2537,211,"최대 큰손 국민연금, 본격 코스닥 투자 임박? | 김성주 국민연금공단 이사장 [더 피플]"
2026-08-19 09:27:00,76571,2537,211,"최대 큰손 국민연금, 본격 코스닥 투자 임박? | 김성주 국민연금공단 이사장 [더 피플]"
2026-08-19 10:59:23,76571,2537,211,"최대 큰손 국민연금, 본격 코스닥 투자 임박? | 김성주 국민연금공단 이사장 [더 피플]"
2026-08-19 12:00:16,76571,2537,211,"최대 큰손 국민연금, 본격 코스닥 투자 임박? | 김성주 국민연금공단 이사장 [더 피플]"
2026-08-19 12:50:57,76571,2537,211,"최대 큰손 국민연금, 본격 코스닥 투자 임박? | 김성주 국민연금공단 이사장 [더 피플]"
2026-08-19 13:22:54,76571,2537,211,"최대 큰손 국민연금, 본격 코스닥 투자 임박? | 김성주 국민연금공단 이사장 [더 피플]"
2026-08-19 13:57:51,76571,2537,211,"최대 큰손 국민연금, 본격 코스닥 투자 임박? | 김성주 국민연금공단 이사장 [더 피플]"
2026-08-19 14:28:20,76571,2537,211,"최대 큰손 국민연금, 본격 코스닥 투자 임박? | 김성주 국민연금공단 이사장 [더 피플]"
2026-08-19 14:56:07,76571,2537,211,"최대 큰손 국민연금, 본격 코스닥 투자 임박? | 김성주 국민연금공단 이사장 [더 피플]"
2026-08-19 15:33:58,76571,2537,211,"최대 큰손 국민연금, 본격 코스닥 투자 임박? | 김성주 국민연금공단 이사장 [더 피플]"
2026-08-19 16:22:41,76571,2537,211,"최대 큰손 국민연금, 본격 코스닥 투자 임박? | 김성주 국민연금공단 이사장 [더 피플]"
2026-08-19 16:58:13,76571,2537,211,"최대 큰손 국민연금, 본격 코스닥 투자 임박? | 김성주 국민연금공단 이사장 [더 피플]"
2026-08-19 17:37:05,76571,2537,211,"최대 큰손 국민연금, 본격 코스닥 투자 임박? | 김성주 국민연금공단 이사장 [더 피플]"
2026-08-19 18:08:06,76571,2537,211,"최대 큰손 국민연금, 본격 코스닥 투자 임박? | 김성주 국민연금공단 이사장 [더 피플]"
2026-08-19 18:45:57,76571,2537,211,"최대 큰손 국민연금, 본격 코스닥 투자 임박? | 김성주 국민연금공단 이사장 [더 피플]"
2026-08-19 19:10:57,76571,2537,211,"최대 큰손 국민연금, 본격 코스닥 투자 임박? | 김성주 국민연금공단 이사장 [더 피플]"
2026-08-19 19:44:51,76572,2537,211,"최대 큰손 국민연금, 본격 코스닥 투자 임박? | 김성주 국민연금공단 이사장 [더 피플]"
2026-08-19 20:03:23,76571,2537,211,"최대 큰손 국민연금, 본격 코스닥 투자 임박? | 김성주 국민연금공단 이사장 [더 피플]"
2026-08-19 20:34:09,76572,2537,211,"최대 큰손 국민연금, 본격 코스닥 투자 임박? | 김성주 국민연금공단 이사장 [더 피플]"
2026-08-19 20:54:47,76572,2537,211,"최대 큰손 국민연금, 본격 코스닥 투자 임박? | 김성주 국민연금공단 이사장 [더 피플]"
2026-08-19 21:24:50,76571,2537,211,"최대 큰손 국민연금, 본격 코스닥 투자 임박? | 김성주 국민연금공단 이사장 [더 피플]"
2026-08-19 22:23:30,76572,2537,211,"최대 큰손 국민연금, 본격 코스닥 투자 임박? | 김성주 국민연금공단 이사장 [더 피플]"
2026-08-19 23:02:56,76572,2537,211,"최대 큰손 국민연금, 본격 코스닥 투자 임박? | 김성주 국민연금공단 이사장 [더 피플]"
2026-08-19 23:44:07,76572,2537,211,"최대 큰손 국민연금, 본격 코스닥 투자 임박? | 김성주 국민연금공단 이사장 [더 피플]"
2026-08-20 00:13:19,76572,2537,211,"최대 큰손 국민연금, 본격 코스닥 투자 임박? | 김성주 국민연금공단 이사장 [더 피플]"
2026-08-20 00:46:34,76572,2537,211,"최대 큰손 국민연금, 본격 코스닥 투자 임박? | 김성주 국민연금공단 이사장 [더 피플]"
2026-08-20 01:11:33,76572,2537,211,"최대 큰손 국민연금, 본격 코스닥 투자 임박? | 김성주 국민연금공단 이사장 [더 피플]"
2026-08-20 01:46:02,76572,2537,211,"최대 큰손 국민연금, 본격 코스닥 투자 임박? | 김성주 국민연금공단 이사장 [더 피플]"
2026-08-20 02:07:21,76572,2537,211,"최대 큰손 국민연금, 본격 코스닥 투자 임박? | 김성주 국민연금공단 이사장 [더 피플]"
2026-08-20 02:36:59,76572,2537,211,"최대 큰손 국민연금, 본격 코스닥 투자 임박? | 김성주 국민연금공단 이사장 [더 피플]"
2026-08-20 02:55:50,76572,2537,211,"최대 큰손 국민연금, 본격 코스닥 투자 임박? | 김성주 국민연금공단 이사장 [더 피플]"
2026-08-20 03:24:00,76572,2537,211,"최대 큰손 국민연금, 본격 코스닥 투자 임박? | 김성주 국민연금공단 이사장 [더 피플]"
2026-08-20 03:59:22,76572,2537,211,"최대 큰손 국민연금, 본격 코스닥 투자 임박? | 김성주 국민연금공단 이사장 [더 피플]"
2026-08-20 04:28:15,76572,2537,211,"최대 큰손 국민연금, 본격 코스닥 투자 임박? | 김성주 국민연금공단 이사장 [더 피플]"
2026-08-20 04:50:11,76572,2537,211,"최대 큰손 국민연금, 본격 코스닥 투자 임박? | 김성주 국민연금공단 이사장 [더 피플]"
2026-08-20 05:09:23,76572,2537,211,"최대 큰손 국민연금, 본격 코스닥 투자 임박? | 김성주 국민연금공단 이사장 [더 피플]"
2026-08-20 05:42:54,76572,2537,211,"최대 큰손 국민연금, 본격 코스닥 투자 임박? | 김성주 국민연금공단 이사장 [더 피플]"
2026-08-20 06:03:23,76572,2537,211,"최대 큰손 국민연금, 본격 코스닥 투자 임박? | 김성주 국민연금공단 이사장 [더 피플]"
2026-08-20 06:34:21,76572,2537,211,"최대 큰손 국민연금, 본격 코스닥 투자 임박? | 김성주 국민연금공단 이사장 [더 피플]"
2026-08-20 06:54:59,76572,2537,211,"최대 큰손 국민연금, 본격 코스닥 투자 임박? | 김성주 국민연금공단 이사장 [더 피플]"
2026-08-20 07:15:09,76572,2537,211,"최대 큰손 국민연금, 본격 코스닥 투자 임박? | 김성주 국민연금공단 이사장 [더 피플]"
2026-08-20 07:43:45,76572,2537,211,"최대 큰손 국민연금, 본격 코스닥 투자 임박? | 김성주 국민연금공단 이사장 [더 피플]"
2026-08-20 08:01:43,76572,2537,211,"최대 큰손 국민연금, 본격 코스닥 투자 임박? | 김성주 국민연금공단 이사장 [더 피플]"
2026-08-20 08:30:20,76572,2537,211,"최대 큰손 국민연금, 본격 코스닥 투자 임박? | 김성주 국민연금공단 이사장 [더 피플]"
2026-08-20 08:49:13,76572,2537,211,"최대 큰손 국민연금, 본격 코스닥 투자 임박? | 김성주 국민연금공단 이사장 [더 피플]"
2026-08-20 09:02:11,76572,2537,211,"최대 큰손 국민연금, 본격 코스닥 투자 임박? | 김성주 국민연금공단 이사장 [더 피플]"
2026-08-20 10:44:53,76572,2537,211,"최대 큰손 국민연금, 본격 코스닥 투자 임박? | 김성주 국민연금공단 이사장 [더 피플]"
2026-08-20 11:43:31,76572,2537,211,"최대 큰손 국민연금, 본격 코스닥 투자 임박? | 김성주 국민연금공단 이사장 [더 피플]"
2026-08-20 12:29:53,76572,2537,211,"최대 큰손 국민연금, 본격 코스닥 투자 임박? | 김성주 국민연금공단 이사장 [더 피플]"
2026-08-20 13:08:53,76572,2537,211,"최대 큰손 국민연금, 본격 코스닥 투자 임박? | 김성주 국민연금공단 이사장 [더 피플]"
2026-08-20 13:50:11,76572,2537,211,"최대 큰손 국민연금, 본격 코스닥 투자 임박? | 김성주 국민연금공단 이사장 [더 피플]"
2026-08-20 14:17:50,76572,2537,211,"최대 큰손 국민연금, 본격 코스닥 투자 임박? | 김성주 국민연금공단 이사장 [더 피플]"
2026-08-20 14:49:35,76572,2537,211,"최대 큰손 국민연금, 본격 코스닥 투자 임박? | 김성주 국민연금공단 이사장 [더 피플]"
2026-08-20 15:19:09,76572,2537,211,"최대 큰손 국민연금, 본격 코스닥 투자 임박? | 김성주 국민연금공단 이사장 [더 피플]"
2026-08-20 16:10:53,76572,2537,211,"최대 큰손 국민연금, 본격 코스닥 투자 임박? | 김성주 국민연금공단 이사장 [더 피플]"
2026-08-20 16:55:08,76572,2537,211,"최대 큰손 국민연금, 본격 코스닥 투자 임박? | 김성주 국민연금공단 이사장 [더 피플]"
2026-08-20 17:27:01,76572,2537,211,"최대 큰손 국민연금, 본격 코스닥 투자 임박? | 김성주 국민연금공단 이사장 [더 피플]"
2026-08-20 18:04:30,76572,2537,211,"최대 큰손 국민연금, 본격 코스닥 투자 임박? | 김성주 국민연금공단 이사장 [더 피플]"
2026-08-20 18:45:40,76572,2537,211,"최대 큰손 국민연금, 본격 코스닥 투자 임박? | 김성주 국민연금공단 이사장 [더 피플]"
2026-08-20 19:12:47,76572,2537,211,"최대 큰손 국민연금, 본격 코스닥 투자 임박? | 김성주 국민연금공단 이사장 [더 피플]"
2026-08-20 19:47:06,76572,2537,211,"최대 큰손 국민연금, 본격 코스닥 투자 임박? | 김성주 국민연금공단 이사장 [더 피플]"
2026-08-20 20:10:35,76572,2537,211,"최대 큰손 국민연금, 본격 코스닥 투자 임박? | 김성주 국민연금공단 이사장 [더 피플]"
2026-08-20 20:39:58,76572,2537,211,"최대 큰손 국민연금, 본격 코스닥 투자 임박? | 김성주 국민연금공단 이사장 [더 피플]"
2026-08-20 20:59:28,76572,2537,211,"최대 큰손 국민연금, 본격 코스닥 투자 임박? | 김성주 국민연금공단 이사장 [더 피플]"
2026-08-20 21:54:55,76572,2537,211,"최대 큰손 국민연금, 본격 코스닥 투자 임박? | 김성주 국민연금공단 이사장 [더 피플]"
2026-08-20 22:38:55,76572,2537,211,"최대 큰손 국민연금, 본격 코스닥 투자 임박? | 김성주 국민연금공단 이사장 [더 피플]"
2026-08-20 23:19:11,76572,2537,211,"최대 큰손 국민연금, 본격 코스닥 투자 임박? | 김성주 국민연금공단 이사장 [더 피플]"
2026-08-20 23:58:35,76572,2537,211,"최대 큰손 국민연금, 본격 코스닥 투자 임박? | 김성주 국민연금공단 이사장 [더 피플]"
2026-08-21 00:34:21,76572,2537,211,"최대 큰손 국민연금, 본격 코스닥 투자 임박? | 김성주 국민연금공단 이사장 [더 피플]"
2026-08-21 01:02:21,76572,2537,211,"최대 큰손 국민연금, 본격 코스닥 투자 임박? | 김성주 국민연금공단 이사장 [더 피플]"
2026-08-21 01:44:33,76572,2537,211,"최대 큰손 국민연금, 본격 코스닥 투자 임박? | 김성주 국민연금공단 이사장 [더 피플]"
2026-08-21 02:12:15,76572,2537,211,"최대 큰손 국민연금, 본격 코스닥 투자 임박? | 김성주 국민연금공단 이사장 [더 피플]"
2026-08-21 02:45:08,76572,2537,211,"최대 큰손 국민연금, 본격 코스닥 투자 임박? | 김성주 국민연금공단 이사장 [더 피플]"
2026-08-21 03:04:27,76572,2537,211,"최대 큰손 국민연금, 본격 코스닥 투자 임박? | 김성주 국민연금공단 이사장 [더 피플]"
2026-08-21 03:54:04,76572,2537,211,"최대 큰손 국민연금, 본격 코스닥 투자 임박? | 김성주 국민연금공단 이사장 [더 피플]"
2026-08-21 04:22:48,76572,2537,211,"최대 큰손 국민연금, 본격 코스닥 투자 임박? | 김성주 국민연금공단 이사장 [더 피플]"
2026-08-21 04:50:57,76572,2537,211,"최대 큰손 국민연금, 본격 코스닥 투자 임박? | 김성주 국민연금공단 이사장 [더 피플]"
2026-08-21 05:13:15,76572,2537,211,"최대 큰손 국민연금, 본격 코스닥 투자 임박? | 김성주 국민연금공단 이사장 [더 피플]"
2026-08-21 05:46:18,76572,2537,211,"최대 큰손 국민연금, 본격 코스닥 투자 임박? | 김성주 국민연금공단 이사장 [더 피플]"
2026-08-21 06:11:44,76572,2537,211,"최대 큰손 국민연금, 본격 코스닥 투자 임박? | 김성주 국민연금공단 이사장 [더 피플]"
2026-08-21 06:42:14,76572,2537,211,"최대 큰손 국민연금, 본격 코스닥 투자 임박? | 김성주 국민연금공단 이사장 [더 피플]"
2026-08-21 07:01:26,76572,2537,211,"최대 큰손 국민연금, 본격 코스닥 투자 임박? | 김성주 국민연금공단 이사장 [더 피플]"
2026-08-21 07:36:01,76572,2537,211,"최대 큰손 국민연금, 본격 코스닥 투자 임박? | 김성주 국민연금공단 이사장 [더 피플]"
2026-08-21 07:59:07,76572,2537,211,"최대 큰손 국민연금, 본격 코스닥 투자 임박? | 김성주 국민연금공단 이사장 [더 피플]"
2026-08-21 08:27:31,76572,2537,211,"최대 큰손 국민연금, 본격 코스닥 투자 임박? | 김성주 국민연금공단 이사장 [더 피플]"
2026-08-21 08:49:55,76572,2537,211,"최대 큰손 국민연금, 본격 코스닥 투자 임박? | 김성주 국민연금공단 이사장 [더 피플]"
2026-08-21 09:25:37,76572,2537,211,"최대 큰손 국민연금, 본격 코스닥 투자 임박? | 김성주 국민연금공단 이사장 [더 피플]"
2026-08-21 11:06:25,76572,2537,211,"최대 큰손 국민연금, 본격 코스닥 투자 임박? | 김성주 국민연금공단 이사장 [더 피플]"
2026-08-21 12:12:59,76572,2537,211,"최대 큰손 국민연금, 본격 코스닥 투자 임박? | 김성주 국민연금공단 이사장 [더 피플]"
2026-08-21 13:00:53,76572,2537,211,"최대 큰손 국민연금, 본격 코스닥 투자 임박? | 김성주 국민연금공단 이사장 [더 피플]"
2026-08-21 13:47:08,76572,2537,211,"최대 큰손 국민연금, 본격 코스닥 투자 임박? | 김성주 국민연금공단 이사장 [더 피플]"
2026-08-21 14:17:36,76572,2537,211,"최대 큰손 국민연금, 본격 코스닥 투자 임박? | 김성주 국민연금공단 이사장 [더 피플]"
2026-08-21 14:51:08,76572,2537,211,"최대 큰손 국민연금, 본격 코스닥 투자 임박? | 김성주 국민연금공단 이사장 [더 피플]"
2026-08-21 15:20:16,76572,2537,211,"최대 큰손 국민연금, 본격 코스닥 투자 임박? | 김성주 국민연금공단 이사장 [더 피플]"
2026-08-21 16:12:29,76572,2537,211,"최대 큰손 국민연금, 본격 코스닥 투자 임박? | 김성주 국민연금공단 이사장 [더 피플]"
2026-08-21 16:56:18,76572,2537,211,"최대 큰손 국민연금, 본격 코스닥 투자 임박? | 김성주 국민연금공단 이사장 [더 피플]"
2026-08-21 17:33:51,76572,2537,211,"최대 큰손 국민연금, 본격 코스닥 투자 임박? | 김성주 국민연금공단 이사장 [더 피플]"
2026-08-21 18:10:26,76572,2537,211,"최대 큰손 국민연금, 본격 코스닥 투자 임박? | 김성주 국민연금공단 이사장 [더 피플]"
2026-08-21 18:50:51,76572,2537,211,"최대 큰손 국민연금, 본격 코스닥 투자 임박? | 김성주 국민연금공단 이사장 [더 피플]"
2026-08-21 19:15:17,76572,2537,211,"최대 큰손 국민연금, 본격 코스닥 투자 임박? | 김성주 국민연금공단 이사장 [더 피플]"
2026-08-21 19:49:33,76572,2537,211,"최대 큰손 국민연금, 본격 코스닥 투자 임박? | 김성주 국민연금공단 이사장 [더 피플]"
2026-08-21 20:12:14,76572,2537,211,"최대 큰손 국민연금, 본격 코스닥 투자 임박? | 김성주 국민연금공단 이사장 [더 피플]"
2026-08-21 20:40:42,76572,2537,211,"최대 큰손 국민연금, 본격 코스닥 투자 임박? | 김성주 국민연금공단 이사장 [더 피플]"
2026-08-21 21:00:35,76572,2537,211,"최대 큰손 국민연금, 본격 코스닥 투자 임박? | 김성주 국민연금공단 이사장 [더 피플]"
2026-08-21 21:59:54,76572,2537,211,"최대 큰손 국민연금, 본격 코스닥 투자 임박? | 김성주 국민연금공단 이사장 [더 피플]"
2026-08-21 22:49:40,76572,2537,211,"최대 큰손 국민연금, 본격 코스닥 투자 임박? | 김성주 국민연금공단 이사장 [더 피플]"
2026-08-21 23:20:37,76572,2537,211,"최대 큰손 국민연금, 본격 코스닥 투자 임박? | 김성주 국민연금공단 이사장 [더 피플]"
2026-08-21 23:57:55,76572,2537,211,"최대 큰손 국민연금, 본격 코스닥 투자 임박? | 김성주 국민연금공단 이사장 [더 피플]"
2026-08-22 00:32:00,76572,2537,211,"최대 큰손 국민연금, 본격 코스닥 투자 임박? | 김성주 국민연금공단 이사장 [더 피플]"
2026-08-22 01:01:02,76572,2537,211,"최대 큰손 국민연금, 본격 코스닥 투자 임박? | 김성주 국민연금공단 이사장 [더 피플]"
2026-08-22 01:42:04,76572,2537,211,"최대 큰손 국민연금, 본격 코스닥 투자 임박? | 김성주 국민연금공단 이사장 [더 피플]"
2026-08-22 02:06:00,76572,2537,211,"최대 큰손 국민연금, 본격 코스닥 투자 임박? | 김성주 국민연금공단 이사장 [더 피플]"
2026-08-22 02:39:05,76572,2537,211,"최대 큰손 국민연금, 본격 코스닥 투자 임박? | 김성주 국민연금공단 이사장 [더 피플]"
2026-08-22 03:01:18,76572,2537,211,"최대 큰손 국민연금, 본격 코스닥 투자 임박? | 김성주 국민연금공단 이사장 [더 피플]"
2026-08-22 03:48:08,76572,2537,211,"최대 큰손 국민연금, 본격 코스닥 투자 임박? | 김성주 국민연금공단 이사장 [더 피플]"
2026-08-22 04:15:32,76572,2537,211,"최대 큰손 국민연금, 본격 코스닥 투자 임박? | 김성주 국민연금공단 이사장 [더 피플]"
2026-08-22 04:39:03,76572,2537,211,"최대 큰손 국민연금, 본격 코스닥 투자 임박? | 김성주 국민연금공단 이사장 [더 피플]"
2026-08-22 04:54:47,76572,2537,211,"최대 큰손 국민연금, 본격 코스닥 투자 임박? | 김성주 국민연금공단 이사장 [더 피플]"
2026-08-22 05:14:58,76572,2537,211,"최대 큰손 국민연금, 본격 코스닥 투자 임박? | 김성주 국민연금공단 이사장 [더 피플]"
2026-08-22 05:42:46,76572,2537,211,"최대 큰손 국민연금, 본격 코스닥 투자 임박? | 김성주 국민연금공단 이사장 [더 피플]"
2026-08-22 06:00:11,76572,2537,211,"최대 큰손 국민연금, 본격 코스닥 투자 임박? | 김성주 국민연금공단 이사장 [더 피플]"
2026-08-22 06:29:50,76572,2537,211,"최대 큰손 국민연금, 본격 코스닥 투자 임박? | 김성주 국민연금공단 이사장 [더 피플]"
2026-08-22 06:51:17,76572,2537,211,"최대 큰손 국민연금, 본격 코스닥 투자 임박? | 김성주 국민연금공단 이사장 [더 피플]"
2026-08-22 07:08:46,76572,2537,211,"최대 큰손 국민연금, 본격 코스닥 투자 임박? | 김성주 국민연금공단 이사장 [더 피플]"
2026-08-22 07:38:04,76572,2537,211,"최대 큰손 국민연금, 본격 코스닥 투자 임박? | 김성주 국민연금공단 이사장 [더 피플]"
2026-08-22 07:57:19,76572,2537,211,"최대 큰손 국민연금, 본격 코스닥 투자 임박? | 김성주 국민연금공단 이사장 [더 피플]"
2026-08-22 08:20:28,76572,2537,211,"최대 큰손 국민연금, 본격 코스닥 투자 임박? | 김성주 국민연금공단 이사장 [더 피플]"
2026-08-22 08:43:28,76572,2537,211,"최대 큰손 국민연금, 본격 코스닥 투자 임박? | 김성주 국민연금공단 이사장 [더 피플]"
2026-08-22 08:59:48,76572,2537,211,"최대 큰손 국민연금, 본격 코스닥 투자 임박? | 김성주 국민연금공단 이사장 [더 피플]"
2026-08-22 10:25:32,76572,2537,211,"최대 큰손 국민연금, 본격 코스닥 투자 임박? | 김성주 국민연금공단 이사장 [더 피플]"
2026-08-22 11:32:30,76572,2537,211,"최대 큰손 국민연금, 본격 코스닥 투자 임박? | 김성주 국민연금공단 이사장 [더 피플]"
2026-08-22 12:22:43,76572,2537,211,"최대 큰손 국민연금, 본격 코스닥 투자 임박? | 김성주 국민연금공단 이사장 [더 피플]"
2026-08-22 13:00:34,76572,2537,211,"최대 큰손 국민연금, 본격 코스닥 투자 임박? | 김성주 국민연금공단 이사장 [더 피플]"
2026-08-22 13:39:40,76572,2537,211,"최대 큰손 국민연금, 본격 코스닥 투자 임박? | 김성주 국민연금공단 이사장 [더 피플]"
2026-08-22 14:03:32,76572,2537,211,"최대 큰손 국민연금, 본격 코스닥 투자 임박? | 김성주 국민연금공단 이사장 [더 피플]"
2026-08-22 14:36:01,76572,2537,211,"최대 큰손 국민연금, 본격 코스닥 투자 임박? | 김성주 국민연금공단 이사장 [더 피플]"
2026-08-22 14:57:33,76572,2537,211,"최대 큰손 국민연금, 본격 코스닥 투자 임박? | 김성주 국민연금공단 이사장 [더 피플]"
2026-08-22 15:36:23,76572,2537,211,"최대 큰손 국민연금, 본격 코스닥 투자 임박? | 김성주 국민연금공단 이사장 [더 피플]"
2026-08-22 16:17:01,76572,2537,211,"최대 큰손 국민연금, 본격 코스닥 투자 임박? | 김성주 국민연금공단 이사장 [더 피플]"
2026-08-22 16:48:24,76572,2537,211,"최대 큰손 국민연금, 본격 코스닥 투자 임박? | 김성주 국민연금공단 이사장 [더 피플]"
2026-08-22 17:10:52,76572,2537,211,"최대 큰손 국민연금, 본격 코스닥 투자 임박? | 김성주 국민연금공단 이사장 [더 피플]"
2026-08-22 17:45:54,76572,2537,211,"최대 큰손 국민연금, 본격 코스닥 투자 임박? | 김성주 국민연금공단 이사장 [더 피플]"
2026-08-22 18:11:04,76572,2537,211,"최대 큰손 국민연금, 본격 코스닥 투자 임박? | 김성주 국민연금공단 이사장 [더 피플]"
2026-08-22 18:40:12,76572,2537,211,"최대 큰손 국민연금, 본격 코스닥 투자 임박? | 김성주 국민연금공단 이사장 [더 피플]"
2026-08-22 18:57:41,76572,2537,211,"최대 큰손 국민연금, 본격 코스닥 투자 임박? | 김성주 국민연금공단 이사장 [더 피플]"
2026-08-22 19:21:29,76572,2537,211,"최대 큰손 국민연금, 본격 코스닥 투자 임박? | 김성주 국민연금공단 이사장 [더 피플]"
2026-08-22 19:44:31,76572,2537,211,"최대 큰손 국민연금, 본격 코스닥 투자 임박? | 김성주 국민연금공단 이사장 [더 피플]"
2026-08-22 20:00:18,76572,2537,211,"최대 큰손 국민연금, 본격 코스닥 투자 임박? | 김성주 국민연금공단 이사장 [더 피플]"
2026-08-22 20:25:51,76572,2537,211,"최대 큰손 국민연금, 본격 코스닥 투자 임박? | 김성주 국민연금공단 이사장 [더 피플]"
2026-08-22 20:43:36,76573,2537,211,"최대 큰손 국민연금, 본격 코스닥 투자 임박? | 김성주 국민연금공단 이사장 [더 피플]"
2026-08-22 20:57:52,76572,2537,211,"최대 큰손 국민연금, 본격 코스닥 투자 임박? | 김성주 국민연금공단 이사장 [더 피플]"
2026-08-22 21:36:49,76572,2537,211,"최대 큰손 국민연금, 본격 코스닥 투자 임박? | 김성주 국민연금공단 이사장 [더 피플]"
2026-08-22 22:16:32,76572,2537,211,"최대 큰손 국민연금, 본격 코스닥 투자 임박? | 김성주 국민연금공단 이사장 [더 피플]"
2026-08-22 22:46:10,76573,2537,211,"최대 큰손 국민연금, 본격 코스닥 투자 임박? | 김성주 국민연금공단 이사장 [더 피플]"
2026-08-22 23:01:08,76572,2537,211,"최대 큰손 국민연금, 본격 코스닥 투자 임박? | 김성주 국민연금공단 이사장 [더 피플]"
2026-08-22 23:29:37,76572,2537,211,"최대 큰손 국민연금, 본격 코스닥 투자 임박? | 김성주 국민연금공단 이사장 [더 피플]"
2026-08-22 23:49:57,76574,2537,211,"최대 큰손 국민연금, 본격 코스닥 투자 임박? | 김성주 국민연금공단 이사장 [더 피플]"
2026-08-23 00:02:03,76574,2537,211,"최대 큰손 국민연금, 본격 코스닥 투자 임박? | 김성주 국민연금공단 이사장 [더 피플]"
2026-08-23 00:29:26,76573,2537,211,"최대 큰손 국민연금, 본격 코스닥 투자 임박? | 김성주 국민연금공단 이사장 [더 피플]"
2026-08-23 00:47:48,76573,2537,211,"최대 큰손 국민연금, 본격 코스닥 투자 임박? | 김성주 국민연금공단 이사장 [더 피플]"
2026-08-23 00:59:55,76573,2537,211,"최대 큰손 국민연금, 본격 코스닥 투자 임박? | 김성주 국민연금공단 이사장 [더 피플]"
2026-08-23 01:29:42,76573,2537,211,"최대 큰손 국민연금, 본격 코스닥 투자 임박? | 김성주 국민연금공단 이사장 [더 피플]"
2026-08-23 01:51:31,76573,2537,211,"최대 큰손 국민연금, 본격 코스닥 투자 임박? | 김성주 국민연금공단 이사장 [더 피플]"
2026-08-23 02:08:25,76574,2537,211,"최대 큰손 국민연금, 본격 코스닥 투자 임박? | 김성주 국민연금공단 이사장 [더 피플]"
2026-08-23 02:33:08,76574,2537,211,"최대 큰손 국민연금, 본격 코스닥 투자 임박? | 김성주 국민연금공단 이사장 [더 피플]"
2026-08-23 02:51:32,76574,2537,211,"최대 큰손 국민연금, 본격 코스닥 투자 임박? | 김성주 국민연금공단 이사장 [더 피플]"
2026-08-23 03:02:08,76574,2537,211,"최대 큰손 국민연금, 본격 코스닥 투자 임박? | 김성주 국민연금공단 이사장 [더 피플]"
2026-08-23 03:41:45,76574,2537,211,"최대 큰손 국민연금, 본격 코스닥 투자 임박? | 김성주 국민연금공단 이사장 [더 피플]"
2026-08-23 04:03:30,76574,2537,211,"최대 큰손 국민연금, 본격 코스닥 투자 임박? | 김성주 국민연금공단 이사장 [더 피플]"
2026-08-23 04:30:06,76574,2537,211,"최대 큰손 국민연금, 본격 코스닥 투자 임박? | 김성주 국민연금공단 이사장 [더 피플]"
2026-08-23 04:47:28,76574,2537,211,"최대 큰손 국민연금, 본격 코스닥 투자 임박? | 김성주 국민연금공단 이사장 [더 피플]"
2026-08-23 04:59:55,76574,2537,211,"최대 큰손 국민연금, 본격 코스닥 투자 임박? | 김성주 국민연금공단 이사장 [더 피플]"
2026-08-23 05:27:52,76574,2537,211,"최대 큰손 국민연금, 본격 코스닥 투자 임박? | 김성주 국민연금공단 이사장 [더 피플]"
2026-08-23 05:49:08,76574,2537,211,"최대 큰손 국민연금, 본격 코스닥 투자 임박? | 김성주 국민연금공단 이사장 [더 피플]"
2026-08-23 06:02:58,76574,2537,211,"최대 큰손 국민연금, 본격 코스닥 투자 임박? | 김성주 국민연금공단 이사장 [더 피플]"
2026-08-23 06:30:11,76574,2537,211,"최대 큰손 국민연금, 본격 코스닥 투자 임박? | 김성주 국민연금공단 이사장 [더 피플]"
2026-08-23 06:48:32,76574,2537,211,"최대 큰손 국민연금, 본격 코스닥 투자 임박? | 김성주 국민연금공단 이사장 [더 피플]"
2026-08-23 07:01:13,76574,2537,211,"최대 큰손 국민연금, 본격 코스닥 투자 임박? | 김성주 국민연금공단 이사장 [더 피플]"
2026-08-23 07:30:02,76574,2537,211,"최대 큰손 국민연금, 본격 코스닥 투자 임박? | 김성주 국민연금공단 이사장 [더 피플]"
2026-08-23 07:50:16,76574,2537,211,"최대 큰손 국민연금, 본격 코스닥 투자 임박? | 김성주 국민연금공단 이사장 [더 피플]"
2026-08-23 08:02:19,76574,2537,211,"최대 큰손 국민연금, 본격 코스닥 투자 임박? | 김성주 국민연금공단 이사장 [더 피플]"
2026-08-23 08:28:57,76574,2537,211,"최대 큰손 국민연금, 본격 코스닥 투자 임박? | 김성주 국민연금공단 이사장 [더 피플]"
2026-08-23 08:46:56,76574,2537,211,"최대 큰손 국민연금, 본격 코스닥 투자 임박? | 김성주 국민연금공단 이사장 [더 피플]"
2026-08-23 08:59:57,76574,2537,211,"최대 큰손 국민연금, 본격 코스닥 투자 임박? | 김성주 국민연금공단 이사장 [더 피플]"
2026-08-23 10:41:33,76574,2537,211,"최대 큰손 국민연금, 본격 코스닥 투자 임박? | 김성주 국민연금공단 이사장 [더 피플]"
2026-08-23 11:48:56,76574,2537,211,"최대 큰손 국민연금, 본격 코스닥 투자 임박? | 김성주 국민연금공단 이사장 [더 피플]"
2026-08-23 12:37:32,76574,2537,211,"최대 큰손 국민연금, 본격 코스닥 투자 임박? | 김성주 국민연금공단 이사장 [더 피플]"
2026-08-23 13:20:11,76574,2537,211,"최대 큰손 국민연금, 본격 코스닥 투자 임박? | 김성주 국민연금공단 이사장 [더 피플]"
2026-08-23 13:55:53,76574,2537,211,"최대 큰손 국민연금, 본격 코스닥 투자 임박? | 김성주 국민연금공단 이사장 [더 피플]"
2026-08-23 14:22:37,76574,2537,211,"최대 큰손 국민연금, 본격 코스닥 투자 임박? | 김성주 국민연금공단 이사장 [더 피플]"
2026-08-23 14:50:57,76574,2537,211,"최대 큰손 국민연금, 본격 코스닥 투자 임박? | 김성주 국민연금공단 이사장 [더 피플]"
2026-08-23 15:16:53,76574,2537,211,"최대 큰손 국민연금, 본격 코스닥 투자 임박? | 김성주 국민연금공단 이사장 [더 피플]"
2026-08-23 16:04:26,76574,2537,211,"최대 큰손 국민연금, 본격 코스닥 투자 임박? | 김성주 국민연금공단 이사장 [더 피플]"
2026-08-23 16:42:18,76574,2537,211,"최대 큰손 국민연금, 본격 코스닥 투자 임박? | 김성주 국민연금공단 이사장 [더 피플]"
2026-08-23 17:01:15,76574,2537,211,"최대 큰손 국민연금, 본격 코스닥 투자 임박? | 김성주 국민연금공단 이사장 [더 피플]"
2026-08-23 17:39:53,76574,2537,211,"최대 큰손 국민연금, 본격 코스닥 투자 임박? | 김성주 국민연금공단 이사장 [더 피플]"
2026-08-23 18:02:04,76574,2537,211,"최대 큰손 국민연금, 본격 코스닥 투자 임박? | 김성주 국민연금공단 이사장 [더 피플]"
2026-08-23 18:35:36,76574,2537,211,"최대 큰손 국민연금, 본격 코스닥 투자 임박? | 김성주 국민연금공단 이사장 [더 피플]"
2026-08-23 18:55:56,76574,2537,211,"최대 큰손 국민연금, 본격 코스닥 투자 임박? | 김성주 국민연금공단 이사장 [더 피플]"
2026-08-23 19:16:48,76574,2537,211,"최대 큰손 국민연금, 본격 코스닥 투자 임박? | 김성주 국민연금공단 이사장 [더 피플]"
2026-08-23 19:43:52,76574,2537,211,"최대 큰손 국민연금, 본격 코스닥 투자 임박? | 김성주 국민연금공단 이사장 [더 피플]"
2026-08-23 20:00:04,76574,2537,211,"최대 큰손 국민연금, 본격 코스닥 투자 임박? | 김성주 국민연금공단 이사장 [더 피플]"
2026-08-23 20:25:19,76574,2537,211,"최대 큰손 국민연금, 본격 코스닥 투자 임박? | 김성주 국민연금공단 이사장 [더 피플]"
2026-08-23 20:43:06,76574,2537,211,"최대 큰손 국민연금, 본격 코스닥 투자 임박? | 김성주 국민연금공단 이사장 [더 피플]"
2026-08-23 20:57:48,76574,2537,211,"최대 큰손 국민연금, 본격 코스닥 투자 임박? | 김성주 국민연금공단 이사장 [더 피플]"
2026-08-23 21:36:39,76574,2537,211,"최대 큰손 국민연금, 본격 코스닥 투자 임박? | 김성주 국민연금공단 이사장 [더 피플]"
2026-08-23 22:17:38,76574,2537,211,"최대 큰손 국민연금, 본격 코스닥 투자 임박? | 김성주 국민연금공단 이사장 [더 피플]"
2026-08-23 22:48:05,76574,2537,211,"최대 큰손 국민연금, 본격 코스닥 투자 임박? | 김성주 국민연금공단 이사장 [더 피플]"
2026-08-23 23:03:04,76574,2537,211,"최대 큰손 국민연금, 본격 코스닥 투자 임박? | 김성주 국민연금공단 이사장 [더 피플]"
2026-08-23 23:32:14,76574,2537,211,"최대 큰손 국민연금, 본격 코스닥 투자 임박? | 김성주 국민연금공단 이사장 [더 피플]"
2026-08-23 23:53:21,76574,2537,211,"최대 큰손 국민연금, 본격 코스닥 투자 임박? | 김성주 국민연금공단 이사장 [더 피플]"
2026-08-24 00:10:05,76574,2537,211,"최대 큰손 국민연금, 본격 코스닥 투자 임박? | 김성주 국민연금공단 이사장 [더 피플]"
2026-08-24 00:34:43,76574,2537,211,"최대 큰손 국민연금, 본격 코스닥 투자 임박? | 김성주 국민연금공단 이사장 [더 피플]"
2026-08-24 00:53:10,76574,2537,211,"최대 큰손 국민연금, 본격 코스닥 투자 임박? | 김성주 국민연금공단 이사장 [더 피플]"
2026-08-24 01:09:24,76574,2537,211,"최대 큰손 국민연금, 본격 코스닥 투자 임박? | 김성주 국민연금공단 이사장 [더 피플]"
2026-08-24 01:40:16,76574,2537,211,"최대 큰손 국민연금, 본격 코스닥 투자 임박? | 김성주 국민연금공단 이사장 [더 피플]"
2026-08-24 01:59:36,76574,2537,211,"최대 큰손 국민연금, 본격 코스닥 투자 임박? | 김성주 국민연금공단 이사장 [더 피플]"
2026-08-24 02:23:39,76574,2537,211,"최대 큰손 국민연금, 본격 코스닥 투자 임박? | 김성주 국민연금공단 이사장 [더 피플]"
2026-08-24 02:41:16,76574,2537,211,"최대 큰손 국민연금, 본격 코스닥 투자 임박? | 김성주 국민연금공단 이사장 [더 피플]"
2026-08-24 02:56:02,76574,2537,211,"최대 큰손 국민연금, 본격 코스닥 투자 임박? | 김성주 국민연금공단 이사장 [더 피플]"
2026-08-24 03:20:09,76574,2537,211,"최대 큰손 국민연금, 본격 코스닥 투자 임박? | 김성주 국민연금공단 이사장 [더 피플]"
2026-08-24 03:52:22,76574,2537,211,"최대 큰손 국민연금, 본격 코스닥 투자 임박? | 김성주 국민연금공단 이사장 [더 피플]"
2026-08-24 04:12:10,76574,2537,211,"최대 큰손 국민연금, 본격 코스닥 투자 임박? | 김성주 국민연금공단 이사장 [더 피플]"
2026-08-24 04:34:14,76574,2537,211,"최대 큰손 국민연금, 본격 코스닥 투자 임박? | 김성주 국민연금공단 이사장 [더 피플]"
2026-08-24 04:50:10,76574,2537,211,"최대 큰손 국민연금, 본격 코스닥 투자 임박? | 김성주 국민연금공단 이사장 [더 피플]"
2026-08-24 05:00:50,76574,2537,211,"최대 큰손 국민연금, 본격 코스닥 투자 임박? | 김성주 국민연금공단 이사장 [더 피플]"
2026-08-24 05:31:31,76574,2537,211,"최대 큰손 국민연금, 본격 코스닥 투자 임박? | 김성주 국민연금공단 이사장 [더 피플]"
2026-08-24 05:52:00,76574,2537,211,"최대 큰손 국민연금, 본격 코스닥 투자 임박? | 김성주 국민연금공단 이사장 [더 피플]"
2026-08-24 06:08:29,76574,2537,211,"최대 큰손 국민연금, 본격 코스닥 투자 임박? | 김성주 국민연금공단 이사장 [더 피플]"
2026-08-24 06:34:01,76574,2537,211,"최대 큰손 국민연금, 본격 코스닥 투자 임박? | 김성주 국민연금공단 이사장 [더 피플]"
2026-08-24 06:51:16,76574,2537,211,"최대 큰손 국민연금, 본격 코스닥 투자 임박? | 김성주 국민연금공단 이사장 [더 피플]"
2026-08-24 07:01:32,76574,2537,211,"최대 큰손 국민연금, 본격 코스닥 투자 임박? | 김성주 국민연금공단 이사장 [더 피플]"
2026-08-24 07:30:39,76574,2537,211,"최대 큰손 국민연금, 본격 코스닥 투자 임박? | 김성주 국민연금공단 이사장 [더 피플]"
2026-08-24 07:51:05,76574,2537,211,"최대 큰손 국민연금, 본격 코스닥 투자 임박? | 김성주 국민연금공단 이사장 [더 피플]"
2026-08-24 08:04:19,76574,2537,211,"최대 큰손 국민연금, 본격 코스닥 투자 임박? | 김성주 국민연금공단 이사장 [더 피플]"
2026-08-24 08:30:46,76574,2537,211,"최대 큰손 국민연금, 본격 코스닥 투자 임박? | 김성주 국민연금공단 이사장 [더 피플]"
2026-08-24 08:48:47,76574,2537,211,"최대 큰손 국민연금, 본격 코스닥 투자 임박? | 김성주 국민연금공단 이사장 [더 피플]"
2026-08-24 09:00:57,76574,2537,211,"최대 큰손 국민연금, 본격 코스닥 투자 임박? | 김성주 국민연금공단 이사장 [더 피플]"
2026-08-24 10:48:10,76574,2537,211,"최대 큰손 국민연금, 본격 코스닥 투자 임박? | 김성주 국민연금공단 이사장 [더 피플]"
2026-08-24 11:52:01,76574,2537,211,"최대 큰손 국민연금, 본격 코스닥 투자 임박? | 김성주 국민연금공단 이사장 [더 피플]"
2026-08-24 12:41:06,76574,2537,211,"최대 큰손 국민연금, 본격 코스닥 투자 임박? | 김성주 국민연금공단 이사장 [더 피플]"
2026-08-24 13:27:32,76574,2537,211,"최대 큰손 국민연금, 본격 코스닥 투자 임박? | 김성주 국민연금공단 이사장 [더 피플]"
2026-08-24 14:11:21,76574,2537,211,"최대 큰손 국민연금, 본격 코스닥 투자 임박? | 김성주 국민연금공단 이사장 [더 피플]"
2026-08-24 14:52:44,76574,2537,211,"최대 큰손 국민연금, 본격 코스닥 투자 임박? | 김성주 국민연금공단 이사장 [더 피플]"
2026-08-24 15:28:23,76574,2537,211,"최대 큰손 국민연금, 본격 코스닥 투자 임박? | 김성주 국민연금공단 이사장 [더 피플]"
2026-08-24 16:37:13,76574,2537,211,"최대 큰손 국민연금, 본격 코스닥 투자 임박? | 김성주 국민연금공단 이사장 [더 피플]"
2026-08-24 17:23:54,76574,2537,211,"최대 큰손 국민연금, 본격 코스닥 투자 임박? | 김성주 국민연금공단 이사장 [더 피플]"
2026-08-24 18:10:02,76574,2537,211,"최대 큰손 국민연금, 본격 코스닥 투자 임박? | 김성주 국민연금공단 이사장 [더 피플]"
2026-08-24 19:01:43,76574,2537,211,"최대 큰손 국민연금, 본격 코스닥 투자 임박? | 김성주 국민연금공단 이사장 [더 피플]"
2026-08-24 19:44:38,76574,2537,211,"최대 큰손 국민연금, 본격 코스닥 투자 임박? | 김성주 국민연금공단 이사장 [더 피플]"
2026-08-24 20:12:27,76574,2537,211,"최대 큰손 국민연금, 본격 코스닥 투자 임박? | 김성주 국민연금공단 이사장 [더 피플]"
2026-08-24 20:43:34,76574,2537,211,"최대 큰손 국민연금, 본격 코스닥 투자 임박? | 김성주 국민연금공단 이사장 [더 피플]"
2026-08-24 21:01:52,76574,2537,211,"최대 큰손 국민연금, 본격 코스닥 투자 임박? | 김성주 국민연금공단 이사장 [더 피플]"
2026-08-24 22:05:36,76574,2537,211,"최대 큰손 국민연금, 본격 코스닥 투자 임박? | 김성주 국민연금공단 이사장 [더 피플]"
2026-08-24 22:58:11,76574,2537,211,"최대 큰손 국민연금, 본격 코스닥 투자 임박? | 김성주 국민연금공단 이사장 [더 피플]"
2026-08-24 23:41:02,76574,2537,211,"최대 큰손 국민연금, 본격 코스닥 투자 임박? | 김성주 국민연금공단 이사장 [더 피플]"
2026-08-25 00:21:31,76574,2537,211,"최대 큰손 국민연금, 본격 코스닥 투자 임박? | 김성주 국민연금공단 이사장 [더 피플]"
2026-08-25 00:59:38,76574,2537,211,"최대 큰손 국민연금, 본격 코스닥 투자 임박? | 김성주 국민연금공단 이사장 [더 피플]"
2026-08-25 01:41:56,76574,2537,211,"최대 큰손 국민연금, 본격 코스닥 투자 임박? | 김성주 국민연금공단 이사장 [더 피플]"
2026-08-25 02:15:27,76574,2537,211,"최대 큰손 국민연금, 본격 코스닥 투자 임박? | 김성주 국민연금공단 이사장 [더 피플]"
2026-08-25 02:48:05,76574,2537,211,"최대 큰손 국민연금, 본격 코스닥 투자 임박? | 김성주 국민연금공단 이사장 [더 피플]"
2026-08-25 03:16:35,76574,2537,211,"최대 큰손 국민연금, 본격 코스닥 투자 임박? | 김성주 국민연금공단 이사장 [더 피플]"
2026-08-25 04:02:38,76574,2537,211,"최대 큰손 국민연금, 본격 코스닥 투자 임박? | 김성주 국민연금공단 이사장 [더 피플]"
2026-08-25 04:36:46,76574,2537,211,"최대 큰손 국민연금, 본격 코스닥 투자 임박? | 김성주 국민연금공단 이사장 [더 피플]"
2026-08-25 04:59:08,76574,2537,211,"최대 큰손 국민연금, 본격 코스닥 투자 임박? | 김성주 국민연금공단 이사장 [더 피플]"
2026-08-25 05:32:40,76574,2537,211,"최대 큰손 국민연금, 본격 코스닥 투자 임박? | 김성주 국민연금공단 이사장 [더 피플]"
2026-08-25 06:01:48,76574,2537,211,"최대 큰손 국민연금, 본격 코스닥 투자 임박? | 김성주 국민연금공단 이사장 [더 피플]"
2026-08-25 06:37:12,76574,2537,211,"최대 큰손 국민연금, 본격 코스닥 투자 임박? | 김성주 국민연금공단 이사장 [더 피플]"
2026-08-25 07:24:17,76574,2537,211,"최대 큰손 국민연금, 본격 코스닥 투자 임박? | 김성주 국민연금공단 이사장 [더 피플]"
2026-08-25 07:49:43,76574,2537,211,"최대 큰손 국민연금, 본격 코스닥 투자 임박? | 김성주 국민연금공단 이사장 [더 피플]"
2026-08-25 08:10:11,76574,2537,211,"최대 큰손 국민연금, 본격 코스닥 투자 임박? | 김성주 국민연금공단 이사장 [더 피플]"
2026-08-25 08:33:28,76574,2537,211,"최대 큰손 국민연금, 본격 코스닥 투자 임박? | 김성주 국민연금공단 이사장 [더 피플]"
2026-08-25 08:51:41,76574,2537,211,"최대 큰손 국민연금, 본격 코스닥 투자 임박? | 김성주 국민연금공단 이사장 [더 피플]"
2026-08-25 09:25:14,76574,2537,211,"최대 큰손 국민연금, 본격 코스닥 투자 임박? | 김성주 국민연금공단 이사장 [더 피플]"
2026-08-25 10:58:15,76574,2537,211,"최대 큰손 국민연금, 본격 코스닥 투자 임박? | 김성주 국민연금공단 이사장 [더 피플]"
2026-08-25 11:57:48,76574,2537,211,"최대 큰손 국민연금, 본격 코스닥 투자 임박? | 김성주 국민연금공단 이사장 [더 피플]"
2026-08-25 12:47:25,76574,2537,211,"최대 큰손 국민연금, 본격 코스닥 투자 임박? | 김성주 국민연금공단 이사장 [더 피플]"
2026-08-25 13:24:36,76574,2537,211,"최대 큰손 국민연금, 본격 코스닥 투자 임박? | 김성주 국민연금공단 이사장 [더 피플]"
2026-08-25 14:01:34,76574,2537,211,"최대 큰손 국민연금, 본격 코스닥 투자 임박? | 김성주 국민연금공단 이사장 [더 피플]"
2026-08-25 14:39:04,76574,2537,211,"최대 큰손 국민연금, 본격 코스닥 투자 임박? | 김성주 국민연금공단 이사장 [더 피플]"
2026-08-25 15:02:59,76574,2537,211,"최대 큰손 국민연금, 본격 코스닥 투자 임박? | 김성주 국민연금공단 이사장 [더 피플]"
2026-08-25 16:01:57,76574,2537,211,"최대 큰손 국민연금, 본격 코스닥 투자 임박? | 김성주 국민연금공단 이사장 [더 피플]"
2026-08-25 16:51:08,76574,2537,211,"최대 큰손 국민연금, 본격 코스닥 투자 임박? | 김성주 국민연금공단 이사장 [더 피플]"
2026-08-25 17:24:45,76574,2537,211,"최대 큰손 국민연금, 본격 코스닥 투자 임박? | 김성주 국민연금공단 이사장 [더 피플]"
2026-08-25 18:05:53,76574,2537,211,"최대 큰손 국민연금, 본격 코스닥 투자 임박? | 김성주 국민연금공단 이사장 [더 피플]"
2026-08-25 18:47:36,76574,2537,211,"최대 큰손 국민연금, 본격 코스닥 투자 임박? | 김성주 국민연금공단 이사장 [더 피플]"
2026-08-25 19:15:06,76574,2537,211,"최대 큰손 국민연금, 본격 코스닥 투자 임박? | 김성주 국민연금공단 이사장 [더 피플]"
2026-08-25 19:51:12,76574,2537,211,"최대 큰손 국민연금, 본격 코스닥 투자 임박? | 김성주 국민연금공단 이사장 [더 피플]"
2026-08-25 20:13:42,76574,2537,211,"최대 큰손 국민연금, 본격 코스닥 투자 임박? | 김성주 국민연금공단 이사장 [더 피플]"
2026-08-25 20:44:26,76574,2537,211,"최대 큰손 국민연금, 본격 코스닥 투자 임박? | 김성주 국민연금공단 이사장 [더 피플]"
2026-08-25 21:04:03,76574,2537,211,"최대 큰손 국민연금, 본격 코스닥 투자 임박? | 김성주 국민연금공단 이사장 [더 피플]"
2026-08-25 22:05:43,76574,2537,211,"최대 큰손 국민연금, 본격 코스닥 투자 임박? | 김성주 국민연금공단 이사장 [더 피플]"
2026-08-25 22:59:08,76574,2537,211,"최대 큰손 국민연금, 본격 코스닥 투자 임박? | 김성주 국민연금공단 이사장 [더 피플]"
2026-08-25 23:48:22,76574,2537,211,"최대 큰손 국민연금, 본격 코스닥 투자 임박? | 김성주 국민연금공단 이사장 [더 피플]"
2026-08-26 00:28:53,76574,2537,211,"최대 큰손 국민연금, 본격 코스닥 투자 임박? | 김성주 국민연금공단 이사장 [더 피플]"
2026-08-26 01:08:48,76574,2537,211,"최대 큰손 국민연금, 본격 코스닥 투자 임박? | 김성주 국민연금공단 이사장 [더 피플]"
2026-08-26 01:52:31,76574,2537,211,"최대 큰손 국민연금, 본격 코스닥 투자 임박? | 김성주 국민연금공단 이사장 [더 피플]"
2026-08-26 02:19:54,76574,2537,211,"최대 큰손 국민연금, 본격 코스닥 투자 임박? | 김성주 국민연금공단 이사장 [더 피플]"
2026-08-26 02:49:34,76574,2537,211,"최대 큰손 국민연금, 본격 코스닥 투자 임박? | 김성주 국민연금공단 이사장 [더 피플]"
2026-08-26 03:17:28,76574,2537,211,"최대 큰손 국민연금, 본격 코스닥 투자 임박? | 김성주 국민연금공단 이사장 [더 피플]"
2026-08-26 04:00:58,76574,2537,211,"최대 큰손 국민연금, 본격 코스닥 투자 임박? | 김성주 국민연금공단 이사장 [더 피플]"
2026-08-26 04:37:49,76574,2537,211,"최대 큰손 국민연금, 본격 코스닥 투자 임박? | 김성주 국민연금공단 이사장 [더 피플]"
2026-08-26 04:59:16,76574,2537,211,"최대 큰손 국민연금, 본격 코스닥 투자 임박? | 김성주 국민연금공단 이사장 [더 피플]"
2026-08-26 05:32:01,76574,2537,211,"최대 큰손 국민연금, 본격 코스닥 투자 임박? | 김성주 국민연금공단 이사장 [더 피플]"
2026-08-26 05:57:49,76574,2537,211,"최대 큰손 국민연금, 본격 코스닥 투자 임박? | 김성주 국민연금공단 이사장 [더 피플]"
2026-08-26 06:26:13,76574,2537,211,"최대 큰손 국민연금, 본격 코스닥 투자 임박? | 김성주 국민연금공단 이사장 [더 피플]"
2026-08-26 06:51:42,76574,2537,211,"최대 큰손 국민연금, 본격 코스닥 투자 임박? | 김성주 국민연금공단 이사장 [더 피플]"
2026-08-26 07:11:01,76574,2537,211,"최대 큰손 국민연금, 본격 코스닥 투자 임박? | 김성주 국민연금공단 이사장 [더 피플]"
2026-08-26 07:43:34,76574,2537,211,"최대 큰손 국민연금, 본격 코스닥 투자 임박? | 김성주 국민연금공단 이사장 [더 피플]"
2026-08-26 08:03:24,76574,2537,211,"최대 큰손 국민연금, 본격 코스닥 투자 임박? | 김성주 국민연금공단 이사장 [더 피플]"
2026-08-26 08:33:01,76574,2537,211,"최대 큰손 국민연금, 본격 코스닥 투자 임박? | 김성주 국민연금공단 이사장 [더 피플]"
2026-08-26 08:52:36,76574,2537,211,"최대 큰손 국민연금, 본격 코스닥 투자 임박? | 김성주 국민연금공단 이사장 [더 피플]"
2026-08-26 09:26:34,76574,2537,211,"최대 큰손 국민연금, 본격 코스닥 투자 임박? | 김성주 국민연금공단 이사장 [더 피플]"
2026-08-26 11:08:06,76574,2537,210,"최대 큰손 국민연금, 본격 코스닥 투자 임박? | 김성주 국민연금공단 이사장 [더 피플]"
2026-08-26 12:15:56,76574,2537,210,"최대 큰손 국민연금, 본격 코스닥 투자 임박? | 김성주 국민연금공단 이사장 [더 피플]"
2026-08-26 13:05:25,76574,2537,210,"최대 큰손 국민연금, 본격 코스닥 투자 임박? | 김성주 국민연금공단 이사장 [더 피플]"
2026-08-26 13:51:32,76574,2537,210,"최대 큰손 국민연금, 본격 코스닥 투자 임박? | 김성주 국민연금공단 이사장 [더 피플]"
2026-08-26 14:19:55,76574,2537,210,"최대 큰손 국민연금, 본격 코스닥 투자 임박? | 김성주 국민연금공단 이사장 [더 피플]"
2026-08-26 14:54:08,76574,2537,210,"최대 큰손 국민연금, 본격 코스닥 투자 임박? | 김성주 국민연금공단 이사장 [더 피플]"
2026-08-26 15:27:57,76574,2537,210,"최대 큰손 국민연금, 본격 코스닥 투자 임박? | 김성주 국민연금공단 이사장 [더 피플]"
2026-08-26 16:25:27,76574,2537,210,"최대 큰손 국민연금, 본격 코스닥 투자 임박? | 김성주 국민연금공단 이사장 [더 피플]"
2026-08-26 17:06:19,76574,2537,210,"최대 큰손 국민연금, 본격 코스닥 투자 임박? | 김성주 국민연금공단 이사장 [더 피플]"
2026-08-26 17:57:33,76574,2537,210,"최대 큰손 국민연금, 본격 코스닥 투자 임박? | 김성주 국민연금공단 이사장 [더 피플]"
2026-08-26 18:38:49,76574,2537,210,"최대 큰손 국민연금, 본격 코스닥 투자 임박? | 김성주 국민연금공단 이사장 [더 피플]"
2026-08-26 19:16:42,76574,2537,210,"최대 큰손 국민연금, 본격 코스닥 투자 임박? | 김성주 국민연금공단 이사장 [더 피플]"
2026-08-26 19:53:33,76574,2537,210,"최대 큰손 국민연금, 본격 코스닥 투자 임박? | 김성주 국민연금공단 이사장 [더 피플]"
2026-08-26 20:17:20,76574,2537,210,"최대 큰손 국민연금, 본격 코스닥 투자 임박? | 김성주 국민연금공단 이사장 [더 피플]"
2026-08-26 20:48:45,76574,2537,210,"최대 큰손 국민연금, 본격 코스닥 투자 임박? | 김성주 국민연금공단 이사장 [더 피플]"
2026-08-26 21:18:58,76574,2537,210,"최대 큰손 국민연금, 본격 코스닥 투자 임박? | 김성주 국민연금공단 이사장 [더 피플]"
2026-08-26 22:27:33,76574,2537,210,"최대 큰손 국민연금, 본격 코스닥 투자 임박? | 김성주 국민연금공단 이사장 [더 피플]"
2026-08-26 23:10:36,76574,2537,210,"최대 큰손 국민연금, 본격 코스닥 투자 임박? | 김성주 국민연금공단 이사장 [더 피플]"
2026-08-27 00:50:39,76574,2537,210,"최대 큰손 국민연금, 본격 코스닥 투자 임박? | 김성주 국민연금공단 이사장 [더 피플]"
2026-08-27 01:39:04,76574,2537,210,"최대 큰손 국민연금, 본격 코스닥 투자 임박? | 김성주 국민연금공단 이사장 [더 피플]"
2026-08-27 03:20:50,76574,2537,210,"최대 큰손 국민연금, 본격 코스닥 투자 임박? | 김성주 국민연금공단 이사장 [더 피플]"
2026-08-27 05:13:33,76574,2537,210,"최대 큰손 국민연금, 본격 코스닥 투자 임박? | 김성주 국민연금공단 이사장 [더 피플]"
2026-08-27 08:33:43,76574,2537,210,"최대 큰손 국민연금, 본격 코스닥 투자 임박? | 김성주 국민연금공단 이사장 [더 피플]"
2026-08-27 13:58:53,76574,2537,210,"최대 큰손 국민연금, 본격 코스닥 투자 임박? | 김성주 국민연금공단 이사장 [더 피플]"
2026-08-28 01:11:08,76575,2537,210,"최대 큰손 국민연금, 본격 코스닥 투자 임박? | 김성주 국민연금공단 이사장 [더 피플]"
2026-08-28 09:55:18,76575,2537,210,"최대 큰손 국민연금, 본격 코스닥 투자 임박? | 김성주 국민연금공단 이사장 [더 피플]"
2026-08-28 21:24:23,76576,2537,210,"최대 큰손 국민연금, 본격 코스닥 투자 임박? | 김성주 국민연금공단 이사장 [더 피플]"
2026-08-29 07:29:57,76578,2537,210,"최대 큰손 국민연금, 본격 코스닥 투자 임박? | 김성주 국민연금공단 이사장 [더 피플]"
2026-08-29 12:49:17,76580,2537,210,"최대 큰손 국민연금, 본격 코스닥 투자 임박? | 김성주 국민연금공단 이사장 [더 피플]"
2026-08-29 19:28:20,76581,2537,210,"최대 큰손 국민연금, 본격 코스닥 투자 임박? | 김성주 국민연금공단 이사장 [더 피플]"
2026-08-30 00:11:04,76581,2537,210,"최대 큰손 국민연금, 본격 코스닥 투자 임박? | 김성주 국민연금공단 이사장 [더 피플]"
2026-08-30 03:27:04,76581,2537,210,"최대 큰손 국민연금, 본격 코스닥 투자 임박? | 김성주 국민연금공단 이사장 [더 피플]"
2026-08-30 06:03:44,76581,2537,210,"최대 큰손 국민연금, 본격 코스닥 투자 임박? | 김성주 국민연금공단 이사장 [더 피플]"
2026-08-30 08:13:32,76581,2537,210,"최대 큰손 국민연금, 본격 코스닥 투자 임박? | 김성주 국민연금공단 이사장 [더 피플]"
2026-08-30 10:15:58,76581,2537,210,"최대 큰손 국민연금, 본격 코스닥 투자 임박? | 김성주 국민연금공단 이사장 [더 피플]"
2026-08-30 15:43:41,76581,2537,210,"최대 큰손 국민연금, 본격 코스닥 투자 임박? | 김성주 국민연금공단 이사장 [더 피플]"
2026-08-30 21:15:19,76581,2537,210,"최대 큰손 국민연금, 본격 코스닥 투자 임박? | 김성주 국민연금공단 이사장 [더 피플]"
2026-08-31 01:43:04,76581,2537,210,"최대 큰손 국민연금, 본격 코스닥 투자 임박? | 김성주 국민연금공단 이사장 [더 피플]"
2026-08-31 04:27:56,76581,2537,210,"최대 큰손 국민연금, 본격 코스닥 투자 임박? | 김성주 국민연금공단 이사장 [더 피플]"
2026-08-31 06:58:15,76581,2537,210,"최대 큰손 국민연금, 본격 코스닥 투자 임박? | 김성주 국민연금공단 이사장 [더 피플]"
2026-08-31 09:13:34,76581,2537,210,"최대 큰손 국민연금, 본격 코스닥 투자 임박? | 김성주 국민연금공단 이사장 [더 피플]"
2026-08-31 14:35:52,76581,2537,210,"최대 큰손 국민연금, 본격 코스닥 투자 임박? | 김성주 국민연금공단 이사장 [더 피플]"
2026-08-31 20:48:47,76581,2537,210,"최대 큰손 국민연금, 본격 코스닥 투자 임박? | 김성주 국민연금공단 이사장 [더 피플]"
2026-09-01 03:11:05,76582,2537,210,"최대 큰손 국민연금, 본격 코스닥 투자 임박? | 김성주 국민연금공단 이사장 [더 피플]"
2026-09-01 07:49:04,76583,2537,210,"최대 큰손 국민연금, 본격 코스닥 투자 임박? | 김성주 국민연금공단 이사장 [더 피플]"
2026-09-01 10:26:09,76584,2537,210,"최대 큰손 국민연금, 본격 코스닥 투자 임박? | 김성주 국민연금공단 이사장 [더 피플]"
2026-09-01 15:28:18,76584,2537,210,"최대 큰손 국민연금, 본격 코스닥 투자 임박? | 김성주 국민연금공단 이사장 [더 피플]"
2026-09-01 20:54:42,76584,2537,210,"최대 큰손 국민연금, 본격 코스닥 투자 임박? | 김성주 국민연금공단 이사장 [더 피플]"
2026-09-02 00:46:05,76584,2537,210,"최대 큰손 국민연금, 본격 코스닥 투자 임박? | 김성주 국민연금공단 이사장 [더 피플]"
2026-09-02 03:52:05,76584,2537,210,"최대 큰손 국민연금, 본격 코스닥 투자 임박? | 김성주 국민연금공단 이사장 [더 피플]"
2026-09-02 06:26:49,76584,2537,210,"최대 큰손 국민연금, 본격 코스닥 투자 임박? | 김성주 국민연금공단 이사장 [더 피플]"
2026-09-02 08:27:42,76584,2537,210,"최대 큰손 국민연금, 본격 코스닥 투자 임박? | 김성주 국민연금공단 이사장 [더 피플]"
2026-09-02 10:13:48,76585,2537,210,"최대 큰손 국민연금, 본격 코스닥 투자 임박? | 김성주 국민연금공단 이사장 [더 피플]"
2026-09-02 14:51:15,76585,2537,210,"최대 큰손 국민연금, 본격 코스닥 투자 임박? | 김성주 국민연금공단 이사장 [더 피플]"
2026-09-02 18:59:14,76585,2537,210,"최대 큰손 국민연금, 본격 코스닥 투자 임박? | 김성주 국민연금공단 이사장 [더 피플]"
2026-09-02 23:11:07,76585,2537,210,"최대 큰손 국민연금, 본격 코스닥 투자 임박? | 김성주 국민연금공단 이사장 [더 피플]"
2026-09-03 02:53:43,76585,2537,210,"최대 큰손 국민연금, 본격 코스닥 투자 임박? | 김성주 국민연금공단 이사장 [더 피플]"
2026-09-03 05:17:13,76585,2537,210,"최대 큰손 국민연금, 본격 코스닥 투자 임박? | 김성주 국민연금공단 이사장 [더 피플]"
2026-09-03 07:38:26,76585,2537,210,"최대 큰손 국민연금, 본격 코스닥 투자 임박? | 김성주 국민연금공단 이사장 [더 피플]"
2026-09-03 09:37:54,76585,2537,210,"최대 큰손 국민연금, 본격 코스닥 투자 임박? | 김성주 국민연금공단 이사장 [더 피플]"
2026-09-03 14:01:18,76586,2537,210,"최대 큰손 국민연금, 본격 코스닥 투자 임박? | 김성주 국민연금공단 이사장 [더 피플]"
2026-09-03 18:36:58,76586,2537,210,"최대 큰손 국민연금, 본격 코스닥 투자 임박? | 김성주 국민연금공단 이사장 [더 피플]"
2026-09-03 22:50:50,76587,2537,210,"최대 큰손 국민연금, 본격 코스닥 투자 임박? | 김성주 국민연금공단 이사장 [더 피플]"
2026-09-04 02:19:24,76587,2537,210,"최대 큰손 국민연금, 본격 코스닥 투자 임박? | 김성주 국민연금공단 이사장 [더 피플]"
