timestamp,view_count,like_count,comment_count,title
2026-04-23 19:00:00,0,0,0,골드만삭스도 한 수 배우고 간 국민연금 '역대급' 수익률 비결ㅣ지식인초대석: CEO EP.1 (김성주 이사장)
2026-04-24 19:46:56,95771,1628,235,골드만삭스도 한 수 배우고 간 국민연금 '역대급' 수익률 비결ㅣ지식인초대석: CEO EP.1 (김성주 이사장)
2026-04-24 20:06:27,96818,1640,237,골드만삭스도 한 수 배우고 간 국민연금 '역대급' 수익률 비결ㅣ지식인초대석: CEO EP.1 (김성주 이사장)
2026-04-24 20:06:55,96818,1642,237,골드만삭스도 한 수 배우고 간 국민연금 '역대급' 수익률 비결ㅣ지식인초대석: CEO EP.1 (김성주 이사장)
2026-04-24 20:08:26,96818,1642,237,골드만삭스도 한 수 배우고 간 국민연금 '역대급' 수익률 비결ㅣ지식인초대석: CEO EP.1 (김성주 이사장)
2026-04-24 20:08:50,96818,1642,237,골드만삭스도 한 수 배우고 간 국민연금 '역대급' 수익률 비결ㅣ지식인초대석: CEO EP.1 (김성주 이사장)
2026-04-24 20:37:48,98598,1650,242,골드만삭스도 한 수 배우고 간 국민연금 '역대급' 수익률 비결ㅣ지식인초대석: CEO EP.1 (김성주 이사장)
2026-04-24 20:41:20,98983,1652,242,골드만삭스도 한 수 배우고 간 국민연금 '역대급' 수익률 비결ㅣ지식인초대석: CEO EP.1 (김성주 이사장)
2026-04-24 21:03:43,99995,1662,244,골드만삭스도 한 수 배우고 간 국민연금 '역대급' 수익률 비결ㅣ지식인초대석: CEO EP.1 (김성주 이사장)
2026-04-24 23:00:34,106085,1725,260,골드만삭스도 한 수 배우고 간 국민연금 '역대급' 수익률 비결ㅣ지식인초대석: CEO EP.1 (김성주 이사장)
2026-04-25 00:11:02,109447,1761,264,골드만삭스도 한 수 배우고 간 국민연금 '역대급' 수익률 비결ㅣ지식인초대석: CEO EP.1 (김성주 이사장)
2026-04-25 01:11:57,111855,1781,266,골드만삭스도 한 수 배우고 간 국민연금 '역대급' 수익률 비결ㅣ지식인초대석: CEO EP.1 (김성주 이사장)
2026-04-25 02:11:53,113818,1790,267,골드만삭스도 한 수 배우고 간 국민연금 '역대급' 수익률 비결ㅣ지식인초대석: CEO EP.1 (김성주 이사장)
2026-04-25 02:58:46,116316,1793,269,골드만삭스도 한 수 배우고 간 국민연금 '역대급' 수익률 비결ㅣ지식인초대석: CEO EP.1 (김성주 이사장)
2026-04-25 03:49:29,117891,1804,269,골드만삭스도 한 수 배우고 간 국민연금 '역대급' 수익률 비결ㅣ지식인초대석: CEO EP.1 (김성주 이사장)
2026-04-25 04:40:33,119103,1811,274,골드만삭스도 한 수 배우고 간 국민연금 '역대급' 수익률 비결ㅣ지식인초대석: CEO EP.1 (김성주 이사장)
2026-04-25 05:27:53,120227,1817,275,골드만삭스도 한 수 배우고 간 국민연금 '역대급' 수익률 비결ㅣ지식인초대석: CEO EP.1 (김성주 이사장)
2026-04-25 06:11:51,121628,1822,275,골드만삭스도 한 수 배우고 간 국민연금 '역대급' 수익률 비결ㅣ지식인초대석: CEO EP.1 (김성주 이사장)
2026-04-25 07:00:48,123628,1841,275,골드만삭스도 한 수 배우고 간 국민연금 '역대급' 수익률 비결ㅣ지식인초대석: CEO EP.1 (김성주 이사장)
2026-04-25 07:43:33,125289,1860,280,골드만삭스도 한 수 배우고 간 국민연금 '역대급' 수익률 비결ㅣ지식인초대석: CEO EP.1 (김성주 이사장)
2026-04-25 08:25:48,127312,1879,284,골드만삭스도 한 수 배우고 간 국민연금 '역대급' 수익률 비결ㅣ지식인초대석: CEO EP.1 (김성주 이사장)
2026-04-25 09:00:41,129547,1894,287,골드만삭스도 한 수 배우고 간 국민연금 '역대급' 수익률 비결ㅣ지식인초대석: CEO EP.1 (김성주 이사장)
2026-04-25 10:37:19,135742,1944,291,골드만삭스도 한 수 배우고 간 국민연금 '역대급' 수익률 비결ㅣ지식인초대석: CEO EP.1 (김성주 이사장)
2026-04-25 10:42:24,136067,1948,292,골드만삭스도 한 수 배우고 간 국민연금 '역대급' 수익률 비결ㅣ지식인초대석: CEO EP.1 (김성주 이사장)
2026-04-25 10:46:17,136417,1950,292,골드만삭스도 한 수 배우고 간 국민연금 '역대급' 수익률 비결ㅣ지식인초대석: CEO EP.1 (김성주 이사장)
2026-04-25 10:49:44,136417,1952,292,골드만삭스도 한 수 배우고 간 국민연금 '역대급' 수익률 비결ㅣ지식인초대석: CEO EP.1 (김성주 이사장)
2026-04-25 10:56:45,137181,1959,294,골드만삭스도 한 수 배우고 간 국민연금 '역대급' 수익률 비결ㅣ지식인초대석: CEO EP.1 (김성주 이사장)
2026-04-25 10:57:31,137181,1960,294,골드만삭스도 한 수 배우고 간 국민연금 '역대급' 수익률 비결ㅣ지식인초대석: CEO EP.1 (김성주 이사장)
2026-04-25 11:03:21,137445,1962,294,골드만삭스도 한 수 배우고 간 국민연금 '역대급' 수익률 비결ㅣ지식인초대석: CEO EP.1 (김성주 이사장)
2026-04-25 11:08:28,137706,1965,294,골드만삭스도 한 수 배우고 간 국민연금 '역대급' 수익률 비결ㅣ지식인초대석: CEO EP.1 (김성주 이사장)
2026-04-25 11:14:27,138221,1968,294,골드만삭스도 한 수 배우고 간 국민연금 '역대급' 수익률 비결ㅣ지식인초대석: CEO EP.1 (김성주 이사장)
2026-04-25 11:47:06,140541,1987,296,골드만삭스도 한 수 배우고 간 국민연금 '역대급' 수익률 비결ㅣ지식인초대석: CEO EP.1 (김성주 이사장)
2026-04-25 14:02:52,154232,2057,301,골드만삭스도 한 수 배우고 간 국민연금 '역대급' 수익률 비결ㅣ지식인초대석: CEO EP.1 (김성주 이사장)
2026-04-25 14:51:44,159719,2086,309,골드만삭스도 한 수 배우고 간 국민연금 '역대급' 수익률 비결ㅣ지식인초대석: CEO EP.1 (김성주 이사장)
2026-04-25 15:10:40,161836,2092,310,골드만삭스도 한 수 배우고 간 국민연금 '역대급' 수익률 비결ㅣ지식인초대석: CEO EP.1 (김성주 이사장)
2026-04-25 15:23:12,162869,2097,311,골드만삭스도 한 수 배우고 간 국민연금 '역대급' 수익률 비결ㅣ지식인초대석: CEO EP.1 (김성주 이사장)
2026-04-25 15:23:37,162869,2097,311,골드만삭스도 한 수 배우고 간 국민연금 '역대급' 수익률 비결ㅣ지식인초대석: CEO EP.1 (김성주 이사장)
2026-04-25 15:44:46,165348,2109,315,골드만삭스도 한 수 배우고 간 국민연금 '역대급' 수익률 비결ㅣ지식인초대석: CEO EP.1 (김성주 이사장)
2026-04-25 16:49:12,175554,2134,319,골드만삭스도 한 수 배우고 간 국민연금 '역대급' 수익률 비결ㅣ지식인초대석: CEO EP.1 (김성주 이사장)
2026-04-25 17:37:05,181417,2160,321,골드만삭스도 한 수 배우고 간 국민연금 '역대급' 수익률 비결ㅣ지식인초대석: CEO EP.1 (김성주 이사장)
2026-04-25 18:32:39,186052,2194,323,골드만삭스도 한 수 배우고 간 국민연금 '역대급' 수익률 비결ㅣ지식인초대석: CEO EP.1 (김성주 이사장)
2026-04-25 19:23:51,189110,2220,326,골드만삭스도 한 수 배우고 간 국민연금 '역대급' 수익률 비결ㅣ지식인초대석: CEO EP.1 (김성주 이사장)
2026-04-25 20:08:12,192412,2244,338,골드만삭스도 한 수 배우고 간 국민연금 '역대급' 수익률 비결ㅣ지식인초대석: CEO EP.1 (김성주 이사장)
2026-04-25 20:51:03,195494,2266,344,골드만삭스도 한 수 배우고 간 국민연금 '역대급' 수익률 비결ㅣ지식인초대석: CEO EP.1 (김성주 이사장)
2026-04-25 21:31:24,198502,2289,345,골드만삭스도 한 수 배우고 간 국민연금 '역대급' 수익률 비결ㅣ지식인초대석: CEO EP.1 (김성주 이사장)
2026-04-25 22:45:38,203973,2331,349,골드만삭스도 한 수 배우고 간 국민연금 '역대급' 수익률 비결ㅣ지식인초대석: CEO EP.1 (김성주 이사장)
2026-04-25 23:29:11,207358,2366,352,골드만삭스도 한 수 배우고 간 국민연금 '역대급' 수익률 비결ㅣ지식인초대석: CEO EP.1 (김성주 이사장)
2026-04-26 00:08:38,209999,2384,355,골드만삭스도 한 수 배우고 간 국민연금 '역대급' 수익률 비결ㅣ지식인초대석: CEO EP.1 (김성주 이사장)
2026-04-26 00:53:52,211478,2402,359,골드만삭스도 한 수 배우고 간 국민연금 '역대급' 수익률 비결ㅣ지식인초대석: CEO EP.1 (김성주 이사장)
2026-04-26 01:25:58,212739,2413,361,골드만삭스도 한 수 배우고 간 국민연금 '역대급' 수익률 비결ㅣ지식인초대석: CEO EP.1 (김성주 이사장)
2026-04-26 02:06:15,214805,2423,363,골드만삭스도 한 수 배우고 간 국민연금 '역대급' 수익률 비결ㅣ지식인초대석: CEO EP.1 (김성주 이사장)
2026-04-26 02:52:49,231477,2430,367,골드만삭스도 한 수 배우고 간 국민연금 '역대급' 수익률 비결ㅣ지식인초대석: CEO EP.1 (김성주 이사장)
2026-04-26 03:30:38,235727,2434,373,골드만삭스도 한 수 배우고 간 국민연금 '역대급' 수익률 비결ㅣ지식인초대석: CEO EP.1 (김성주 이사장)
2026-04-26 04:26:57,240462,2442,375,골드만삭스도 한 수 배우고 간 국민연금 '역대급' 수익률 비결ㅣ지식인초대석: CEO EP.1 (김성주 이사장)
2026-04-26 04:59:58,242312,2447,376,골드만삭스도 한 수 배우고 간 국민연금 '역대급' 수익률 비결ㅣ지식인초대석: CEO EP.1 (김성주 이사장)
2026-04-26 05:41:01,244494,2461,384,골드만삭스도 한 수 배우고 간 국민연금 '역대급' 수익률 비결ㅣ지식인초대석: CEO EP.1 (김성주 이사장)
2026-04-26 06:20:15,245328,2472,385,골드만삭스도 한 수 배우고 간 국민연금 '역대급' 수익률 비결ㅣ지식인초대석: CEO EP.1 (김성주 이사장)
2026-04-26 06:54:49,246151,2480,386,골드만삭스도 한 수 배우고 간 국민연금 '역대급' 수익률 비결ㅣ지식인초대석: CEO EP.1 (김성주 이사장)
2026-04-26 07:23:16,247053,2491,386,골드만삭스도 한 수 배우고 간 국민연금 '역대급' 수익률 비결ㅣ지식인초대석: CEO EP.1 (김성주 이사장)
2026-04-26 08:00:21,248905,2511,388,골드만삭스도 한 수 배우고 간 국민연금 '역대급' 수익률 비결ㅣ지식인초대석: CEO EP.1 (김성주 이사장)
2026-04-26 08:41:24,251541,2535,391,골드만삭스도 한 수 배우고 간 국민연금 '역대급' 수익률 비결ㅣ지식인초대석: CEO EP.1 (김성주 이사장)
2026-04-26 10:12:51,261379,2607,400,골드만삭스도 한 수 배우고 간 국민연금 '역대급' 수익률 비결ㅣ지식인초대석: CEO EP.1 (김성주 이사장)
2026-04-26 13:31:10,314896,2783,427,골드만삭스도 한 수 배우고 간 국민연금 '역대급' 수익률 비결ㅣ지식인초대석: CEO EP.1 (김성주 이사장)
2026-04-26 14:14:53,330445,2819,431,골드만삭스도 한 수 배우고 간 국민연금 '역대급' 수익률 비결ㅣ지식인초대석: CEO EP.1 (김성주 이사장)
2026-04-26 15:24:09,351092,2891,433,골드만삭스도 한 수 배우고 간 국민연금 '역대급' 수익률 비결ㅣ지식인초대석: CEO EP.1 (김성주 이사장)
2026-04-26 16:57:03,377787,2987,442,골드만삭스도 한 수 배우고 간 국민연금 '역대급' 수익률 비결ㅣ지식인초대석: CEO EP.1 (김성주 이사장)
2026-04-26 17:53:13,393654,3039,446,골드만삭스도 한 수 배우고 간 국민연금 '역대급' 수익률 비결ㅣ지식인초대석: CEO EP.1 (김성주 이사장)
2026-04-26 18:40:16,402479,3093,450,골드만삭스도 한 수 배우고 간 국민연금 '역대급' 수익률 비결ㅣ지식인초대석: CEO EP.1 (김성주 이사장)
2026-04-26 19:28:23,409682,3140,458,골드만삭스도 한 수 배우고 간 국민연금 '역대급' 수익률 비결ㅣ지식인초대석: CEO EP.1 (김성주 이사장)
2026-04-26 20:10:33,418542,3173,465,골드만삭스도 한 수 배우고 간 국민연금 '역대급' 수익률 비결ㅣ지식인초대석: CEO EP.1 (김성주 이사장)
2026-04-26 20:53:28,427487,3202,471,골드만삭스도 한 수 배우고 간 국민연금 '역대급' 수익률 비결ㅣ지식인초대석: CEO EP.1 (김성주 이사장)
2026-04-26 21:33:46,435948,3243,476,골드만삭스도 한 수 배우고 간 국민연금 '역대급' 수익률 비결ㅣ지식인초대석: CEO EP.1 (김성주 이사장)
2026-04-26 22:48:59,454282,3316,482,골드만삭스도 한 수 배우고 간 국민연금 '역대급' 수익률 비결ㅣ지식인초대석: CEO EP.1 (김성주 이사장)
2026-04-26 23:32:11,460437,3347,489,골드만삭스도 한 수 배우고 간 국민연금 '역대급' 수익률 비결ㅣ지식인초대석: CEO EP.1 (김성주 이사장)
2026-04-27 00:11:41,464368,3378,490,골드만삭스도 한 수 배우고 간 국민연금 '역대급' 수익률 비결ㅣ지식인초대석: CEO EP.1 (김성주 이사장)
2026-04-27 00:56:25,469032,3397,494,골드만삭스도 한 수 배우고 간 국민연금 '역대급' 수익률 비결ㅣ지식인초대석: CEO EP.1 (김성주 이사장)
2026-04-27 01:33:13,471180,3413,497,골드만삭스도 한 수 배우고 간 국민연금 '역대급' 수익률 비결ㅣ지식인초대석: CEO EP.1 (김성주 이사장)
2026-04-27 02:11:52,473103,3430,499,골드만삭스도 한 수 배우고 간 국민연금 '역대급' 수익률 비결ㅣ지식인초대석: CEO EP.1 (김성주 이사장)
2026-04-27 02:57:27,482159,3445,501,골드만삭스도 한 수 배우고 간 국민연금 '역대급' 수익률 비결ㅣ지식인초대석: CEO EP.1 (김성주 이사장)
2026-04-27 03:43:26,483255,3450,501,골드만삭스도 한 수 배우고 간 국민연금 '역대급' 수익률 비결ㅣ지식인초대석: CEO EP.1 (김성주 이사장)
2026-04-27 04:34:48,484106,3460,504,골드만삭스도 한 수 배우고 간 국민연금 '역대급' 수익률 비결ㅣ지식인초대석: CEO EP.1 (김성주 이사장)
2026-04-27 05:05:28,484582,3463,504,골드만삭스도 한 수 배우고 간 국민연금 '역대급' 수익률 비결ㅣ지식인초대석: CEO EP.1 (김성주 이사장)
2026-04-27 05:54:03,485180,3480,507,골드만삭스도 한 수 배우고 간 국민연금 '역대급' 수익률 비결ㅣ지식인초대석: CEO EP.1 (김성주 이사장)
2026-04-27 06:25:03,485574,3493,509,골드만삭스도 한 수 배우고 간 국민연금 '역대급' 수익률 비결ㅣ지식인초대석: CEO EP.1 (김성주 이사장)
2026-04-27 06:58:40,486039,3517,512,골드만삭스도 한 수 배우고 간 국민연금 '역대급' 수익률 비결ㅣ지식인초대석: CEO EP.1 (김성주 이사장)
2026-04-27 07:36:29,486703,3546,513,골드만삭스도 한 수 배우고 간 국민연금 '역대급' 수익률 비결ㅣ지식인초대석: CEO EP.1 (김성주 이사장)
2026-04-27 07:44:40,486896,3557,514,골드만삭스도 한 수 배우고 간 국민연금 '역대급' 수익률 비결ㅣ지식인초대석: CEO EP.1 (김성주 이사장)
2026-04-27 08:21:39,488241,3579,515,골드만삭스도 한 수 배우고 간 국민연금 '역대급' 수익률 비결ㅣ지식인초대석: CEO EP.1 (김성주 이사장)
2026-04-27 08:58:52,489915,3614,515,골드만삭스도 한 수 배우고 간 국민연금 '역대급' 수익률 비결ㅣ지식인초대석: CEO EP.1 (김성주 이사장)
2026-04-27 10:44:47,495774,3680,519,골드만삭스도 한 수 배우고 간 국민연금 '역대급' 수익률 비결ㅣ지식인초대석: CEO EP.1 (김성주 이사장)
2026-04-27 11:41:01,497938,3727,523,골드만삭스도 한 수 배우고 간 국민연금 '역대급' 수익률 비결ㅣ지식인초대석: CEO EP.1 (김성주 이사장)
2026-04-27 14:40:44,506650,3863,542,골드만삭스도 한 수 배우고 간 국민연금 '역대급' 수익률 비결ㅣ지식인초대석: CEO EP.1 (김성주 이사장)
2026-04-27 16:55:23,516091,3948,558,골드만삭스도 한 수 배우고 간 국민연금 '역대급' 수익률 비결ㅣ지식인초대석: CEO EP.1 (김성주 이사장)
2026-04-27 19:04:48,522908,4035,566,골드만삭스도 한 수 배우고 간 국민연금 '역대급' 수익률 비결ㅣ지식인초대석: CEO EP.1 (김성주 이사장)
2026-04-27 20:55:09,527908,4072,575,골드만삭스도 한 수 배우고 간 국민연금 '역대급' 수익률 비결ㅣ지식인초대석: CEO EP.1 (김성주 이사장)
2026-04-27 22:13:45,530619,4120,578,골드만삭스도 한 수 배우고 간 국민연금 '역대급' 수익률 비결ㅣ지식인초대석: CEO EP.1 (김성주 이사장)
2026-04-28 00:19:17,536816,4161,583,골드만삭스도 한 수 배우고 간 국민연금 '역대급' 수익률 비결ㅣ지식인초대석: CEO EP.1 (김성주 이사장)
2026-04-28 01:58:21,539783,4189,584,골드만삭스도 한 수 배우고 간 국민연금 '역대급' 수익률 비결ㅣ지식인초대석: CEO EP.1 (김성주 이사장)
2026-04-28 03:03:10,541921,4200,586,골드만삭스도 한 수 배우고 간 국민연금 '역대급' 수익률 비결ㅣ지식인초대석: CEO EP.1 (김성주 이사장)
2026-04-28 04:44:18,543616,4212,588,골드만삭스도 한 수 배우고 간 국민연금 '역대급' 수익률 비결ㅣ지식인초대석: CEO EP.1 (김성주 이사장)
2026-04-28 05:42:46,544398,4230,590,골드만삭스도 한 수 배우고 간 국민연금 '역대급' 수익률 비결ㅣ지식인초대석: CEO EP.1 (김성주 이사장)
2026-04-28 06:41:29,545498,4251,592,골드만삭스도 한 수 배우고 간 국민연금 '역대급' 수익률 비결ㅣ지식인초대석: CEO EP.1 (김성주 이사장)
2026-04-28 07:32:07,546728,4281,593,골드만삭스도 한 수 배우고 간 국민연금 '역대급' 수익률 비결ㅣ지식인초대석: CEO EP.1 (김성주 이사장)
2026-04-28 08:29:25,548343,4319,599,골드만삭스도 한 수 배우고 간 국민연금 '역대급' 수익률 비결ㅣ지식인초대석: CEO EP.1 (김성주 이사장)
2026-04-28 09:12:16,550467,4341,602,골드만삭스도 한 수 배우고 간 국민연금 '역대급' 수익률 비결ㅣ지식인초대석: CEO EP.1 (김성주 이사장)
2026-04-28 13:04:27,562854,4441,610,골드만삭스도 한 수 배우고 간 국민연금 '역대급' 수익률 비결ㅣ지식인초대석: CEO EP.1 (김성주 이사장)
2026-04-28 15:39:03,570783,4496,617,골드만삭스도 한 수 배우고 간 국민연금 '역대급' 수익률 비결ㅣ지식인초대석: CEO EP.1 (김성주 이사장)
2026-04-28 18:06:14,584186,4569,632,골드만삭스도 한 수 배우고 간 국민연금 '역대급' 수익률 비결ㅣ지식인초대석: CEO EP.1 (김성주 이사장)
2026-04-28 20:10:16,601242,4608,632,골드만삭스도 한 수 배우고 간 국민연금 '역대급' 수익률 비결ㅣ지식인초대석: CEO EP.1 (김성주 이사장)
2026-04-28 21:56:45,604259,4636,635,골드만삭스도 한 수 배우고 간 국민연금 '역대급' 수익률 비결ㅣ지식인초대석: CEO EP.1 (김성주 이사장)
2026-04-29 00:21:58,677797,4665,636,골드만삭스도 한 수 배우고 간 국민연금 '역대급' 수익률 비결ㅣ지식인초대석: CEO EP.1 (김성주 이사장)
2026-04-29 02:05:51,679555,4677,636,골드만삭스도 한 수 배우고 간 국민연금 '역대급' 수익률 비결ㅣ지식인초대석: CEO EP.1 (김성주 이사장)
2026-04-29 03:45:40,681371,4683,636,골드만삭스도 한 수 배우고 간 국민연금 '역대급' 수익률 비결ㅣ지식인초대석: CEO EP.1 (김성주 이사장)
2026-04-29 05:06:07,683484,4685,637,골드만삭스도 한 수 배우고 간 국민연금 '역대급' 수익률 비결ㅣ지식인초대석: CEO EP.1 (김성주 이사장)
2026-04-29 06:16:03,684981,4688,638,골드만삭스도 한 수 배우고 간 국민연금 '역대급' 수익률 비결ㅣ지식인초대석: CEO EP.1 (김성주 이사장)
2026-04-29 07:12:25,685696,4695,638,골드만삭스도 한 수 배우고 간 국민연금 '역대급' 수익률 비결ㅣ지식인초대석: CEO EP.1 (김성주 이사장)
2026-04-29 08:09:20,686349,4715,641,골드만삭스도 한 수 배우고 간 국민연금 '역대급' 수익률 비결ㅣ지식인초대석: CEO EP.1 (김성주 이사장)
2026-04-29 09:04:52,687577,4734,641,골드만삭스도 한 수 배우고 간 국민연금 '역대급' 수익률 비결ㅣ지식인초대석: CEO EP.1 (김성주 이사장)
2026-04-29 12:56:27,698456,4797,647,골드만삭스도 한 수 배우고 간 국민연금 '역대급' 수익률 비결ㅣ지식인초대석: CEO EP.1 (김성주 이사장)
2026-04-29 15:18:21,717840,4824,648,골드만삭스도 한 수 배우고 간 국민연금 '역대급' 수익률 비결ㅣ지식인초대석: CEO EP.1 (김성주 이사장)
2026-04-29 17:34:56,736404,4842,650,골드만삭스도 한 수 배우고 간 국민연금 '역대급' 수익률 비결ㅣ지식인초대석: CEO EP.1 (김성주 이사장)
2026-04-29 19:28:15,740019,4864,651,골드만삭스도 한 수 배우고 간 국민연금 '역대급' 수익률 비결ㅣ지식인초대석: CEO EP.1 (김성주 이사장)
2026-04-29 20:58:52,744633,4878,653,골드만삭스도 한 수 배우고 간 국민연금 '역대급' 수익률 비결ㅣ지식인초대석: CEO EP.1 (김성주 이사장)
2026-04-29 22:53:12,757860,4903,655,골드만삭스도 한 수 배우고 간 국민연금 '역대급' 수익률 비결ㅣ지식인초대석: CEO EP.1 (김성주 이사장)
2026-04-30 00:49:01,806388,4912,655,골드만삭스도 한 수 배우고 간 국민연금 '역대급' 수익률 비결ㅣ지식인초대석: CEO EP.1 (김성주 이사장)
2026-04-30 02:10:57,817086,4915,655,골드만삭스도 한 수 배우고 간 국민연금 '역대급' 수익률 비결ㅣ지식인초대석: CEO EP.1 (김성주 이사장)
2026-04-30 03:45:43,824281,4919,655,골드만삭스도 한 수 배우고 간 국민연금 '역대급' 수익률 비결ㅣ지식인초대석: CEO EP.1 (김성주 이사장)
2026-04-30 05:04:02,831971,4922,655,골드만삭스도 한 수 배우고 간 국민연금 '역대급' 수익률 비결ㅣ지식인초대석: CEO EP.1 (김성주 이사장)
2026-04-30 06:15:28,841040,4922,655,골드만삭스도 한 수 배우고 간 국민연금 '역대급' 수익률 비결ㅣ지식인초대석: CEO EP.1 (김성주 이사장)
2026-04-30 07:12:20,845804,4929,655,골드만삭스도 한 수 배우고 간 국민연금 '역대급' 수익률 비결ㅣ지식인초대석: CEO EP.1 (김성주 이사장)
2026-04-30 08:09:36,849505,4944,655,골드만삭스도 한 수 배우고 간 국민연금 '역대급' 수익률 비결ㅣ지식인초대석: CEO EP.1 (김성주 이사장)
2026-04-30 09:05:21,853387,4953,658,골드만삭스도 한 수 배우고 간 국민연금 '역대급' 수익률 비결ㅣ지식인초대석: CEO EP.1 (김성주 이사장)
2026-04-30 12:58:07,874501,4990,659,골드만삭스도 한 수 배우고 간 국민연금 '역대급' 수익률 비결ㅣ지식인초대석: CEO EP.1 (김성주 이사장)
2026-04-30 15:25:10,905080,5007,660,골드만삭스도 한 수 배우고 간 국민연금 '역대급' 수익률 비결ㅣ지식인초대석: CEO EP.1 (김성주 이사장)
2026-04-30 17:38:05,934131,5024,663,골드만삭스도 한 수 배우고 간 국민연금 '역대급' 수익률 비결ㅣ지식인초대석: CEO EP.1 (김성주 이사장)
2026-04-30 19:28:02,944522,5038,664,골드만삭스도 한 수 배우고 간 국민연금 '역대급' 수익률 비결ㅣ지식인초대석: CEO EP.1 (김성주 이사장)
2026-04-30 20:58:07,963935,5041,664,골드만삭스도 한 수 배우고 간 국민연금 '역대급' 수익률 비결ㅣ지식인초대석: CEO EP.1 (김성주 이사장)
2026-04-30 22:47:14,968887,5044,664,골드만삭스도 한 수 배우고 간 국민연금 '역대급' 수익률 비결ㅣ지식인초대석: CEO EP.1 (김성주 이사장)
2026-05-01 00:29:27,971120,5054,665,골드만삭스도 한 수 배우고 간 국민연금 '역대급' 수익률 비결ㅣ지식인초대석: CEO EP.1 (김성주 이사장)
2026-05-01 01:57:00,972081,5064,665,골드만삭스도 한 수 배우고 간 국민연금 '역대급' 수익률 비결ㅣ지식인초대석: CEO EP.1 (김성주 이사장)
2026-05-01 03:06:15,1000743,5066,665,골드만삭스도 한 수 배우고 간 국민연금 '역대급' 수익률 비결ㅣ지식인초대석: CEO EP.1 (김성주 이사장)
2026-05-01 04:46:31,1023332,5069,666,골드만삭스도 한 수 배우고 간 국민연금 '역대급' 수익률 비결ㅣ지식인초대석: CEO EP.1 (김성주 이사장)
2026-05-01 05:44:26,1027192,5072,666,골드만삭스도 한 수 배우고 간 국민연금 '역대급' 수익률 비결ㅣ지식인초대석: CEO EP.1 (김성주 이사장)
2026-05-01 06:40:16,1028649,5076,667,골드만삭스도 한 수 배우고 간 국민연금 '역대급' 수익률 비결ㅣ지식인초대석: CEO EP.1 (김성주 이사장)
2026-05-01 07:33:44,1030145,5082,667,골드만삭스도 한 수 배우고 간 국민연금 '역대급' 수익률 비결ㅣ지식인초대석: CEO EP.1 (김성주 이사장)
2026-05-01 08:29:15,1033925,5090,668,골드만삭스도 한 수 배우고 간 국민연금 '역대급' 수익률 비결ㅣ지식인초대석: CEO EP.1 (김성주 이사장)
2026-05-01 09:13:06,1037668,5095,668,골드만삭스도 한 수 배우고 간 국민연금 '역대급' 수익률 비결ㅣ지식인초대석: CEO EP.1 (김성주 이사장)
2026-05-01 13:16:19,1063596,5136,668,골드만삭스도 한 수 배우고 간 국민연금 '역대급' 수익률 비결ㅣ지식인초대석: CEO EP.1 (김성주 이사장)
2026-05-01 15:45:44,1091153,5152,670,골드만삭스도 한 수 배우고 간 국민연금 '역대급' 수익률 비결ㅣ지식인초대석: CEO EP.1 (김성주 이사장)
2026-05-01 17:33:44,1108187,5165,671,골드만삭스도 한 수 배우고 간 국민연금 '역대급' 수익률 비결ㅣ지식인초대석: CEO EP.1 (김성주 이사장)
2026-05-01 19:08:23,1115514,5176,672,골드만삭스도 한 수 배우고 간 국민연금 '역대급' 수익률 비결ㅣ지식인초대석: CEO EP.1 (김성주 이사장)
2026-05-01 20:20:32,1119247,5176,672,골드만삭스도 한 수 배우고 간 국민연금 '역대급' 수익률 비결ㅣ지식인초대석: CEO EP.1 (김성주 이사장)
2026-05-01 21:09:19,1121969,5181,672,골드만삭스도 한 수 배우고 간 국민연금 '역대급' 수익률 비결ㅣ지식인초대석: CEO EP.1 (김성주 이사장)
2026-05-01 22:51:29,1127764,5184,673,골드만삭스도 한 수 배우고 간 국민연금 '역대급' 수익률 비결ㅣ지식인초대석: CEO EP.1 (김성주 이사장)
2026-05-01 23:42:27,1129568,5189,673,골드만삭스도 한 수 배우고 간 국민연금 '역대급' 수익률 비결ㅣ지식인초대석: CEO EP.1 (김성주 이사장)
2026-05-02 00:38:49,1141881,5191,673,골드만삭스도 한 수 배우고 간 국민연금 '역대급' 수익률 비결ㅣ지식인초대석: CEO EP.1 (김성주 이사장)
2026-05-02 01:35:29,1144166,5192,673,골드만삭스도 한 수 배우고 간 국민연금 '역대급' 수익률 비결ㅣ지식인초대석: CEO EP.1 (김성주 이사장)
2026-05-02 02:35:33,1144633,5191,673,골드만삭스도 한 수 배우고 간 국민연금 '역대급' 수익률 비결ㅣ지식인초대석: CEO EP.1 (김성주 이사장)
2026-05-02 03:42:32,1144765,5192,673,골드만삭스도 한 수 배우고 간 국민연금 '역대급' 수익률 비결ㅣ지식인초대석: CEO EP.1 (김성주 이사장)
2026-05-02 04:50:27,1144855,5193,673,골드만삭스도 한 수 배우고 간 국민연금 '역대급' 수익률 비결ㅣ지식인초대석: CEO EP.1 (김성주 이사장)
2026-05-02 05:37:24,1144916,5193,673,골드만삭스도 한 수 배우고 간 국민연금 '역대급' 수익률 비결ㅣ지식인초대석: CEO EP.1 (김성주 이사장)
2026-05-02 06:31:17,1144969,5193,673,골드만삭스도 한 수 배우고 간 국민연금 '역대급' 수익률 비결ㅣ지식인초대석: CEO EP.1 (김성주 이사장)
2026-05-02 07:25:43,1145031,5194,673,골드만삭스도 한 수 배우고 간 국민연금 '역대급' 수익률 비결ㅣ지식인초대석: CEO EP.1 (김성주 이사장)
2026-05-02 08:12:04,1145098,5195,673,골드만삭스도 한 수 배우고 간 국민연금 '역대급' 수익률 비결ㅣ지식인초대석: CEO EP.1 (김성주 이사장)
2026-05-02 09:04:19,1145232,5196,674,골드만삭스도 한 수 배우고 간 국민연금 '역대급' 수익률 비결ㅣ지식인초대석: CEO EP.1 (김성주 이사장)
2026-05-02 12:41:14,1146209,5214,675,골드만삭스도 한 수 배우고 간 국민연금 '역대급' 수익률 비결ㅣ지식인초대석: CEO EP.1 (김성주 이사장)
2026-05-02 14:54:50,1146944,5222,675,골드만삭스도 한 수 배우고 간 국민연금 '역대급' 수익률 비결ㅣ지식인초대석: CEO EP.1 (김성주 이사장)
2026-05-02 16:16:22,1147406,5231,677,골드만삭스도 한 수 배우고 간 국민연금 '역대급' 수익률 비결ㅣ지식인초대석: CEO EP.1 (김성주 이사장)
2026-05-02 17:44:32,1147771,5246,679,골드만삭스도 한 수 배우고 간 국민연금 '역대급' 수익률 비결ㅣ지식인초대석: CEO EP.1 (김성주 이사장)
2026-05-02 18:46:14,1148071,5248,680,골드만삭스도 한 수 배우고 간 국민연금 '역대급' 수익률 비결ㅣ지식인초대석: CEO EP.1 (김성주 이사장)
2026-05-02 19:35:27,1148317,5254,680,골드만삭스도 한 수 배우고 간 국민연금 '역대급' 수익률 비결ㅣ지식인초대석: CEO EP.1 (김성주 이사장)
2026-05-02 20:26:37,1148566,5258,681,골드만삭스도 한 수 배우고 간 국민연금 '역대급' 수익률 비결ㅣ지식인초대석: CEO EP.1 (김성주 이사장)
2026-05-02 21:04:25,1148720,5261,682,골드만삭스도 한 수 배우고 간 국민연금 '역대급' 수익률 비결ㅣ지식인초대석: CEO EP.1 (김성주 이사장)
2026-05-02 22:41:12,1149184,5264,682,골드만삭스도 한 수 배우고 간 국민연금 '역대급' 수익률 비결ㅣ지식인초대석: CEO EP.1 (김성주 이사장)
2026-05-02 23:32:29,1149464,5267,682,골드만삭스도 한 수 배우고 간 국민연금 '역대급' 수익률 비결ㅣ지식인초대석: CEO EP.1 (김성주 이사장)
2026-05-03 00:24:40,1149935,5271,682,골드만삭스도 한 수 배우고 간 국민연금 '역대급' 수익률 비결ㅣ지식인초대석: CEO EP.1 (김성주 이사장)
2026-05-03 01:04:45,1150086,5273,682,골드만삭스도 한 수 배우고 간 국민연금 '역대급' 수익률 비결ㅣ지식인초대석: CEO EP.1 (김성주 이사장)
2026-05-03 02:01:23,1150306,5277,682,골드만삭스도 한 수 배우고 간 국민연금 '역대급' 수익률 비결ㅣ지식인초대석: CEO EP.1 (김성주 이사장)
2026-05-03 02:51:13,1150424,5277,682,골드만삭스도 한 수 배우고 간 국민연금 '역대급' 수익률 비결ㅣ지식인초대석: CEO EP.1 (김성주 이사장)
2026-05-03 03:37:01,1150537,5278,682,골드만삭스도 한 수 배우고 간 국민연금 '역대급' 수익률 비결ㅣ지식인초대석: CEO EP.1 (김성주 이사장)
2026-05-03 04:38:23,1150656,5279,682,골드만삭스도 한 수 배우고 간 국민연금 '역대급' 수익률 비결ㅣ지식인초대석: CEO EP.1 (김성주 이사장)
2026-05-03 05:07:53,1150676,5279,682,골드만삭스도 한 수 배우고 간 국민연금 '역대급' 수익률 비결ㅣ지식인초대석: CEO EP.1 (김성주 이사장)
2026-05-03 05:57:28,1150726,5281,682,골드만삭스도 한 수 배우고 간 국민연금 '역대급' 수익률 비결ㅣ지식인초대석: CEO EP.1 (김성주 이사장)
2026-05-03 06:35:05,1150770,5282,682,골드만삭스도 한 수 배우고 간 국민연금 '역대급' 수익률 비결ㅣ지식인초대석: CEO EP.1 (김성주 이사장)
2026-05-03 07:09:25,1150815,5282,682,골드만삭스도 한 수 배우고 간 국민연금 '역대급' 수익률 비결ㅣ지식인초대석: CEO EP.1 (김성주 이사장)
2026-05-03 08:01:07,1150902,5283,682,골드만삭스도 한 수 배우고 간 국민연금 '역대급' 수익률 비결ㅣ지식인초대석: CEO EP.1 (김성주 이사장)
2026-05-03 08:51:22,1151005,5287,683,골드만삭스도 한 수 배우고 간 국민연금 '역대급' 수익률 비결ㅣ지식인초대석: CEO EP.1 (김성주 이사장)
2026-05-03 10:22:29,1151385,5302,685,골드만삭스도 한 수 배우고 간 국민연금 '역대급' 수익률 비결ㅣ지식인초대석: CEO EP.1 (김성주 이사장)
2026-05-03 13:51:05,1152980,5334,686,골드만삭스도 한 수 배우고 간 국민연금 '역대급' 수익률 비결ㅣ지식인초대석: CEO EP.1 (김성주 이사장)
2026-05-03 16:10:33,1154182,5347,687,골드만삭스도 한 수 배우고 간 국민연금 '역대급' 수익률 비결ㅣ지식인초대석: CEO EP.1 (김성주 이사장)
2026-05-03 17:55:47,1154989,5361,692,골드만삭스도 한 수 배우고 간 국민연금 '역대급' 수익률 비결ㅣ지식인초대석: CEO EP.1 (김성주 이사장)
2026-05-03 18:58:52,1155502,5371,693,골드만삭스도 한 수 배우고 간 국민연금 '역대급' 수익률 비결ㅣ지식인초대석: CEO EP.1 (김성주 이사장)
2026-05-03 19:54:12,1155909,5379,694,골드만삭스도 한 수 배우고 간 국민연금 '역대급' 수익률 비결ㅣ지식인초대석: CEO EP.1 (김성주 이사장)
2026-05-03 20:32:41,1156255,5386,695,골드만삭스도 한 수 배우고 간 국민연금 '역대급' 수익률 비결ㅣ지식인초대석: CEO EP.1 (김성주 이사장)
2026-05-03 21:08:19,1156526,5389,694,골드만삭스도 한 수 배우고 간 국민연금 '역대급' 수익률 비결ㅣ지식인초대석: CEO EP.1 (김성주 이사장)
2026-05-03 22:45:06,1157207,5392,694,골드만삭스도 한 수 배우고 간 국민연금 '역대급' 수익률 비결ㅣ지식인초대석: CEO EP.1 (김성주 이사장)
2026-05-03 23:34:17,1157493,5394,695,골드만삭스도 한 수 배우고 간 국민연금 '역대급' 수익률 비결ㅣ지식인초대석: CEO EP.1 (김성주 이사장)
2026-05-04 00:24:41,1157766,5399,696,골드만삭스도 한 수 배우고 간 국민연금 '역대급' 수익률 비결ㅣ지식인초대석: CEO EP.1 (김성주 이사장)
2026-05-04 01:04:38,1157921,5399,696,골드만삭스도 한 수 배우고 간 국민연금 '역대급' 수익률 비결ㅣ지식인초대석: CEO EP.1 (김성주 이사장)
2026-05-04 02:02:50,1158273,5401,696,골드만삭스도 한 수 배우고 간 국민연금 '역대급' 수익률 비결ㅣ지식인초대석: CEO EP.1 (김성주 이사장)
2026-05-04 02:53:15,1158464,5401,696,골드만삭스도 한 수 배우고 간 국민연금 '역대급' 수익률 비결ㅣ지식인초대석: CEO EP.1 (김성주 이사장)
2026-05-04 03:38:07,1158599,5401,696,골드만삭스도 한 수 배우고 간 국민연금 '역대급' 수익률 비결ㅣ지식인초대석: CEO EP.1 (김성주 이사장)
2026-05-04 04:38:26,1158700,5404,696,골드만삭스도 한 수 배우고 간 국민연금 '역대급' 수익률 비결ㅣ지식인초대석: CEO EP.1 (김성주 이사장)
2026-05-04 05:22:26,1158770,5405,696,골드만삭스도 한 수 배우고 간 국민연금 '역대급' 수익률 비결ㅣ지식인초대석: CEO EP.1 (김성주 이사장)
2026-05-04 06:05:56,1158835,5405,696,골드만삭스도 한 수 배우고 간 국민연금 '역대급' 수익률 비결ㅣ지식인초대석: CEO EP.1 (김성주 이사장)
2026-05-04 06:55:41,1158908,5409,697,골드만삭스도 한 수 배우고 간 국민연금 '역대급' 수익률 비결ㅣ지식인초대석: CEO EP.1 (김성주 이사장)
2026-05-04 07:30:23,1158966,5411,697,골드만삭스도 한 수 배우고 간 국민연금 '역대급' 수익률 비결ㅣ지식인초대석: CEO EP.1 (김성주 이사장)
2026-05-04 08:11:25,1159079,5415,697,골드만삭스도 한 수 배우고 간 국민연금 '역대급' 수익률 비결ㅣ지식인초대석: CEO EP.1 (김성주 이사장)
2026-05-04 09:01:55,1159274,5419,697,골드만삭스도 한 수 배우고 간 국민연금 '역대급' 수익률 비결ㅣ지식인초대석: CEO EP.1 (김성주 이사장)
2026-05-04 12:53:28,1160361,5427,698,골드만삭스도 한 수 배우고 간 국민연금 '역대급' 수익률 비결ㅣ지식인초대석: CEO EP.1 (김성주 이사장)
2026-05-04 15:31:31,1161183,5438,700,골드만삭스도 한 수 배우고 간 국민연금 '역대급' 수익률 비결ㅣ지식인초대석: CEO EP.1 (김성주 이사장)
2026-05-04 18:04:01,1161875,5453,700,골드만삭스도 한 수 배우고 간 국민연금 '역대급' 수익률 비결ㅣ지식인초대석: CEO EP.1 (김성주 이사장)
2026-05-04 20:11:04,1162544,5461,702,골드만삭스도 한 수 배우고 간 국민연금 '역대급' 수익률 비결ㅣ지식인초대석: CEO EP.1 (김성주 이사장)
2026-05-04 21:54:40,1163040,5473,702,골드만삭스도 한 수 배우고 간 국민연금 '역대급' 수익률 비결ㅣ지식인초대석: CEO EP.1 (김성주 이사장)
2026-05-04 23:59:40,1163724,5483,703,골드만삭스도 한 수 배우고 간 국민연금 '역대급' 수익률 비결ㅣ지식인초대석: CEO EP.1 (김성주 이사장)
2026-05-05 01:46:13,1164163,5489,703,골드만삭스도 한 수 배우고 간 국민연금 '역대급' 수익률 비결ㅣ지식인초대석: CEO EP.1 (김성주 이사장)
2026-05-05 03:06:08,1164455,5489,703,골드만삭스도 한 수 배우고 간 국민연금 '역대급' 수익률 비결ㅣ지식인초대석: CEO EP.1 (김성주 이사장)
2026-05-05 04:52:43,1164646,5489,703,골드만삭스도 한 수 배우고 간 국민연금 '역대급' 수익률 비결ㅣ지식인초대석: CEO EP.1 (김성주 이사장)
2026-05-05 05:54:13,1164738,5491,703,골드만삭스도 한 수 배우고 간 국민연금 '역대급' 수익률 비결ㅣ지식인초대석: CEO EP.1 (김성주 이사장)
2026-05-05 06:49:03,1164812,5492,703,골드만삭스도 한 수 배우고 간 국민연금 '역대급' 수익률 비결ㅣ지식인초대석: CEO EP.1 (김성주 이사장)
2026-05-05 07:42:58,1164904,5496,703,골드만삭스도 한 수 배우고 간 국민연금 '역대급' 수익률 비결ㅣ지식인초대석: CEO EP.1 (김성주 이사장)
2026-05-05 08:34:52,1165020,5499,704,골드만삭스도 한 수 배우고 간 국민연금 '역대급' 수익률 비결ㅣ지식인초대석: CEO EP.1 (김성주 이사장)
2026-05-05 10:13:44,1165313,5511,705,골드만삭스도 한 수 배우고 간 국민연금 '역대급' 수익률 비결ㅣ지식인초대석: CEO EP.1 (김성주 이사장)
2026-05-05 13:26:53,1166299,5529,707,골드만삭스도 한 수 배우고 간 국민연금 '역대급' 수익률 비결ㅣ지식인초대석: CEO EP.1 (김성주 이사장)
2026-05-05 15:33:11,1167074,5539,707,골드만삭스도 한 수 배우고 간 국민연금 '역대급' 수익률 비결ㅣ지식인초대석: CEO EP.1 (김성주 이사장)
2026-05-05 17:35:15,1167733,5543,708,골드만삭스도 한 수 배우고 간 국민연금 '역대급' 수익률 비결ㅣ지식인초대석: CEO EP.1 (김성주 이사장)
2026-05-05 19:22:22,1168281,5549,708,골드만삭스도 한 수 배우고 간 국민연금 '역대급' 수익률 비결ㅣ지식인초대석: CEO EP.1 (김성주 이사장)
2026-05-05 20:43:49,1168689,5553,708,골드만삭스도 한 수 배우고 간 국민연금 '역대급' 수익률 비결ㅣ지식인초대석: CEO EP.1 (김성주 이사장)
2026-05-05 21:55:03,1169094,5560,708,골드만삭스도 한 수 배우고 간 국민연금 '역대급' 수익률 비결ㅣ지식인초대석: CEO EP.1 (김성주 이사장)
2026-05-06 01:24:13,1170104,5571,710,골드만삭스도 한 수 배우고 간 국민연금 '역대급' 수익률 비결ㅣ지식인초대석: CEO EP.1 (김성주 이사장)
2026-05-06 02:56:44,1170521,5575,710,골드만삭스도 한 수 배우고 간 국민연금 '역대급' 수익률 비결ㅣ지식인초대석: CEO EP.1 (김성주 이사장)
2026-05-06 04:08:10,1170676,5575,710,골드만삭스도 한 수 배우고 간 국민연금 '역대급' 수익률 비결ㅣ지식인초대석: CEO EP.1 (김성주 이사장)
2026-05-06 05:18:26,1170752,5575,710,골드만삭스도 한 수 배우고 간 국민연금 '역대급' 수익률 비결ㅣ지식인초대석: CEO EP.1 (김성주 이사장)
2026-05-06 06:16:36,1170799,5579,710,골드만삭스도 한 수 배우고 간 국민연금 '역대급' 수익률 비결ㅣ지식인초대석: CEO EP.1 (김성주 이사장)
2026-05-06 07:13:27,1170853,5578,710,골드만삭스도 한 수 배우고 간 국민연금 '역대급' 수익률 비결ㅣ지식인초대석: CEO EP.1 (김성주 이사장)
2026-05-06 08:10:59,1170957,5581,710,골드만삭스도 한 수 배우고 간 국민연금 '역대급' 수익률 비결ㅣ지식인초대석: CEO EP.1 (김성주 이사장)
2026-05-06 09:00:59,1171082,5584,710,골드만삭스도 한 수 배우고 간 국민연금 '역대급' 수익률 비결ㅣ지식인초대석: CEO EP.1 (김성주 이사장)
2026-05-06 12:36:18,1171896,5596,709,골드만삭스도 한 수 배우고 간 국민연금 '역대급' 수익률 비결ㅣ지식인초대석: CEO EP.1 (김성주 이사장)
2026-05-06 15:18:59,1172413,5604,709,골드만삭스도 한 수 배우고 간 국민연금 '역대급' 수익률 비결ㅣ지식인초대석: CEO EP.1 (김성주 이사장)
2026-05-06 19:36:30,1173191,5612,710,골드만삭스도 한 수 배우고 간 국민연금 '역대급' 수익률 비결ㅣ지식인초대석: CEO EP.1 (김성주 이사장)
2026-05-06 21:17:00,1173508,5619,710,골드만삭스도 한 수 배우고 간 국민연금 '역대급' 수익률 비결ㅣ지식인초대석: CEO EP.1 (김성주 이사장)
2026-05-06 23:48:58,1174044,5627,711,골드만삭스도 한 수 배우고 간 국민연금 '역대급' 수익률 비결ㅣ지식인초대석: CEO EP.1 (김성주 이사장)
2026-05-07 01:20:38,1174430,5631,711,골드만삭스도 한 수 배우고 간 국민연금 '역대급' 수익률 비결ㅣ지식인초대석: CEO EP.1 (김성주 이사장)
2026-05-07 02:54:45,1174741,5634,713,골드만삭스도 한 수 배우고 간 국민연금 '역대급' 수익률 비결ㅣ지식인초대석: CEO EP.1 (김성주 이사장)
2026-05-07 04:15:32,1174903,5635,713,골드만삭스도 한 수 배우고 간 국민연금 '역대급' 수익률 비결ㅣ지식인초대석: CEO EP.1 (김성주 이사장)
2026-05-07 05:47:25,1175000,5636,714,골드만삭스도 한 수 배우고 간 국민연금 '역대급' 수익률 비결ㅣ지식인초대석: CEO EP.1 (김성주 이사장)
2026-05-07 06:46:29,1175046,5638,714,골드만삭스도 한 수 배우고 간 국민연금 '역대급' 수익률 비결ㅣ지식인초대석: CEO EP.1 (김성주 이사장)
2026-05-07 07:33:21,1175106,5646,714,골드만삭스도 한 수 배우고 간 국민연금 '역대급' 수익률 비결ㅣ지식인초대석: CEO EP.1 (김성주 이사장)
2026-05-07 08:30:03,1175229,5652,714,골드만삭스도 한 수 배우고 간 국민연금 '역대급' 수익률 비결ㅣ지식인초대석: CEO EP.1 (김성주 이사장)
2026-05-07 09:12:27,1175383,5655,715,골드만삭스도 한 수 배우고 간 국민연금 '역대급' 수익률 비결ㅣ지식인초대석: CEO EP.1 (김성주 이사장)
2026-05-07 13:03:48,1176267,5666,718,골드만삭스도 한 수 배우고 간 국민연금 '역대급' 수익률 비결ㅣ지식인초대석: CEO EP.1 (김성주 이사장)
2026-05-07 15:46:40,1176897,5671,721,골드만삭스도 한 수 배우고 간 국민연금 '역대급' 수익률 비결ㅣ지식인초대석: CEO EP.1 (김성주 이사장)
2026-05-07 18:16:49,1177396,5671,723,골드만삭스도 한 수 배우고 간 국민연금 '역대급' 수익률 비결ㅣ지식인초대석: CEO EP.1 (김성주 이사장)
2026-05-07 20:20:35,1177818,5678,724,골드만삭스도 한 수 배우고 간 국민연금 '역대급' 수익률 비결ㅣ지식인초대석: CEO EP.1 (김성주 이사장)
2026-05-07 22:10:30,1178204,5687,725,골드만삭스도 한 수 배우고 간 국민연금 '역대급' 수익률 비결ㅣ지식인초대석: CEO EP.1 (김성주 이사장)
2026-05-08 00:33:28,1178793,5693,726,골드만삭스도 한 수 배우고 간 국민연금 '역대급' 수익률 비결ㅣ지식인초대석: CEO EP.1 (김성주 이사장)
2026-05-08 02:19:31,1179156,5698,726,골드만삭스도 한 수 배우고 간 국민연금 '역대급' 수익률 비결ㅣ지식인초대석: CEO EP.1 (김성주 이사장)
2026-05-08 04:03:11,1179356,5698,726,골드만삭스도 한 수 배우고 간 국민연금 '역대급' 수익률 비결ㅣ지식인초대석: CEO EP.1 (김성주 이사장)
2026-05-08 05:21:21,1179439,5699,726,골드만삭스도 한 수 배우고 간 국민연금 '역대급' 수익률 비결ㅣ지식인초대석: CEO EP.1 (김성주 이사장)
2026-05-08 06:16:51,1179470,5699,726,골드만삭스도 한 수 배우고 간 국민연금 '역대급' 수익률 비결ㅣ지식인초대석: CEO EP.1 (김성주 이사장)
2026-05-08 07:17:35,1179497,5699,726,골드만삭스도 한 수 배우고 간 국민연금 '역대급' 수익률 비결ㅣ지식인초대석: CEO EP.1 (김성주 이사장)
2026-05-08 08:13:07,1179570,5704,726,골드만삭스도 한 수 배우고 간 국민연금 '역대급' 수익률 비결ㅣ지식인초대석: CEO EP.1 (김성주 이사장)
2026-05-08 09:06:06,1179682,5709,726,골드만삭스도 한 수 배우고 간 국민연금 '역대급' 수익률 비결ㅣ지식인초대석: CEO EP.1 (김성주 이사장)
2026-05-08 12:49:08,1180330,5721,729,골드만삭스도 한 수 배우고 간 국민연금 '역대급' 수익률 비결ㅣ지식인초대석: CEO EP.1 (김성주 이사장)
2026-05-08 14:48:42,1180732,5725,729,골드만삭스도 한 수 배우고 간 국민연금 '역대급' 수익률 비결ㅣ지식인초대석: CEO EP.1 (김성주 이사장)
2026-05-08 16:10:05,1181082,5730,729,골드만삭스도 한 수 배우고 간 국민연금 '역대급' 수익률 비결ㅣ지식인초대석: CEO EP.1 (김성주 이사장)
2026-05-08 17:47:07,1181416,5738,729,골드만삭스도 한 수 배우고 간 국민연금 '역대급' 수익률 비결ㅣ지식인초대석: CEO EP.1 (김성주 이사장)
2026-05-08 19:09:58,1181700,5747,730,골드만삭스도 한 수 배우고 간 국민연금 '역대급' 수익률 비결ㅣ지식인초대석: CEO EP.1 (김성주 이사장)
2026-05-08 20:43:15,1182101,5749,730,골드만삭스도 한 수 배우고 간 국민연금 '역대급' 수익률 비결ㅣ지식인초대석: CEO EP.1 (김성주 이사장)
2026-05-08 21:59:05,1182369,5755,733,골드만삭스도 한 수 배우고 간 국민연금 '역대급' 수익률 비결ㅣ지식인초대석: CEO EP.1 (김성주 이사장)
2026-05-08 23:51:17,1182723,5759,733,골드만삭스도 한 수 배우고 간 국민연금 '역대급' 수익률 비결ㅣ지식인초대석: CEO EP.1 (김성주 이사장)
2026-05-09 01:04:45,1182999,5764,733,골드만삭스도 한 수 배우고 간 국민연금 '역대급' 수익률 비결ㅣ지식인초대석: CEO EP.1 (김성주 이사장)
2026-05-09 02:40:37,1183265,5766,734,골드만삭스도 한 수 배우고 간 국민연금 '역대급' 수익률 비결ㅣ지식인초대석: CEO EP.1 (김성주 이사장)
2026-05-09 03:56:26,1183393,5770,734,골드만삭스도 한 수 배우고 간 국민연금 '역대급' 수익률 비결ㅣ지식인초대석: CEO EP.1 (김성주 이사장)
2026-05-09 05:04:05,1183488,5770,735,골드만삭스도 한 수 배우고 간 국민연금 '역대급' 수익률 비결ㅣ지식인초대석: CEO EP.1 (김성주 이사장)
2026-05-09 06:12:18,1183569,5771,735,골드만삭스도 한 수 배우고 간 국민연금 '역대급' 수익률 비결ㅣ지식인초대석: CEO EP.1 (김성주 이사장)
2026-05-09 07:10:33,1183643,5773,735,골드만삭스도 한 수 배우고 간 국민연금 '역대급' 수익률 비결ㅣ지식인초대석: CEO EP.1 (김성주 이사장)
2026-05-09 08:08:38,1183706,5776,736,골드만삭스도 한 수 배우고 간 국민연금 '역대급' 수익률 비결ㅣ지식인초대석: CEO EP.1 (김성주 이사장)
2026-05-09 09:07:19,1183841,5782,737,골드만삭스도 한 수 배우고 간 국민연금 '역대급' 수익률 비결ㅣ지식인초대석: CEO EP.1 (김성주 이사장)
2026-05-09 12:51:32,1184867,5796,740,골드만삭스도 한 수 배우고 간 국민연금 '역대급' 수익률 비결ㅣ지식인초대석: CEO EP.1 (김성주 이사장)
2026-05-09 15:06:28,1185568,5805,741,골드만삭스도 한 수 배우고 간 국민연금 '역대급' 수익률 비결ㅣ지식인초대석: CEO EP.1 (김성주 이사장)
2026-05-09 17:07:06,1186127,5813,741,골드만삭스도 한 수 배우고 간 국민연금 '역대급' 수익률 비결ㅣ지식인초대석: CEO EP.1 (김성주 이사장)
2026-05-09 18:41:40,1186566,5824,743,골드만삭스도 한 수 배우고 간 국민연금 '역대급' 수익률 비결ㅣ지식인초대석: CEO EP.1 (김성주 이사장)
2026-05-09 19:35:32,1186769,5825,743,골드만삭스도 한 수 배우고 간 국민연금 '역대급' 수익률 비결ㅣ지식인초대석: CEO EP.1 (김성주 이사장)
2026-05-09 20:28:20,1186940,5827,743,골드만삭스도 한 수 배우고 간 국민연금 '역대급' 수익률 비결ㅣ지식인초대석: CEO EP.1 (김성주 이사장)
2026-05-09 21:08:24,1187090,5835,743,골드만삭스도 한 수 배우고 간 국민연금 '역대급' 수익률 비결ㅣ지식인초대석: CEO EP.1 (김성주 이사장)
2026-05-09 22:48:31,1187491,5839,745,골드만삭스도 한 수 배우고 간 국민연금 '역대급' 수익률 비결ㅣ지식인초대석: CEO EP.1 (김성주 이사장)
2026-05-09 23:39:00,1187700,5840,745,골드만삭스도 한 수 배우고 간 국민연금 '역대급' 수익률 비결ㅣ지식인초대석: CEO EP.1 (김성주 이사장)
2026-05-10 00:33:37,1187952,5843,746,골드만삭스도 한 수 배우고 간 국민연금 '역대급' 수익률 비결ㅣ지식인초대석: CEO EP.1 (김성주 이사장)
2026-05-10 01:30:17,1188120,5845,747,골드만삭스도 한 수 배우고 간 국민연금 '역대급' 수익률 비결ㅣ지식인초대석: CEO EP.1 (김성주 이사장)
2026-05-10 02:28:57,1188283,5846,747,골드만삭스도 한 수 배우고 간 국민연금 '역대급' 수익률 비결ㅣ지식인초대석: CEO EP.1 (김성주 이사장)
2026-05-10 03:12:59,1188413,5847,747,골드만삭스도 한 수 배우고 간 국민연금 '역대급' 수익률 비결ㅣ지식인초대석: CEO EP.1 (김성주 이사장)
2026-05-10 04:32:18,1188589,5848,747,골드만삭스도 한 수 배우고 간 국민연금 '역대급' 수익률 비결ㅣ지식인초대석: CEO EP.1 (김성주 이사장)
2026-05-10 05:10:04,1188653,5848,747,골드만삭스도 한 수 배우고 간 국민연금 '역대급' 수익률 비결ㅣ지식인초대석: CEO EP.1 (김성주 이사장)
2026-05-10 06:00:30,1188708,5850,747,골드만삭스도 한 수 배우고 간 국민연금 '역대급' 수익률 비결ㅣ지식인초대석: CEO EP.1 (김성주 이사장)
2026-05-10 06:49:54,1188770,5853,747,골드만삭스도 한 수 배우고 간 국민연금 '역대급' 수익률 비결ㅣ지식인초대석: CEO EP.1 (김성주 이사장)
2026-05-10 07:28:08,1188817,5858,748,골드만삭스도 한 수 배우고 간 국민연금 '역대급' 수익률 비결ㅣ지식인초대석: CEO EP.1 (김성주 이사장)
2026-05-10 08:11:53,1188906,5863,748,골드만삭스도 한 수 배우고 간 국민연금 '역대급' 수익률 비결ㅣ지식인초대석: CEO EP.1 (김성주 이사장)
2026-05-10 09:02:24,1189089,5870,750,골드만삭스도 한 수 배우고 간 국민연금 '역대급' 수익률 비결ㅣ지식인초대석: CEO EP.1 (김성주 이사장)
2026-05-10 13:02:38,1190816,5900,756,골드만삭스도 한 수 배우고 간 국민연금 '역대급' 수익률 비결ㅣ지식인초대석: CEO EP.1 (김성주 이사장)
2026-05-10 15:39:27,1191783,5907,757,골드만삭스도 한 수 배우고 간 국민연금 '역대급' 수익률 비결ㅣ지식인초대석: CEO EP.1 (김성주 이사장)
2026-05-10 17:28:14,1192375,5915,758,골드만삭스도 한 수 배우고 간 국민연금 '역대급' 수익률 비결ㅣ지식인초대석: CEO EP.1 (김성주 이사장)
2026-05-10 18:52:46,1192798,5925,759,골드만삭스도 한 수 배우고 간 국민연금 '역대급' 수익률 비결ㅣ지식인초대석: CEO EP.1 (김성주 이사장)
2026-05-10 19:49:39,1193096,5927,763,골드만삭스도 한 수 배우고 간 국민연금 '역대급' 수익률 비결ㅣ지식인초대석: CEO EP.1 (김성주 이사장)
2026-05-10 20:37:17,1193361,5933,763,골드만삭스도 한 수 배우고 간 국민연금 '역대급' 수익률 비결ㅣ지식인초대석: CEO EP.1 (김성주 이사장)
2026-05-10 21:36:20,1193659,5938,763,골드만삭스도 한 수 배우고 간 국민연금 '역대급' 수익률 비결ㅣ지식인초대석: CEO EP.1 (김성주 이사장)
2026-05-10 23:03:28,1194058,5943,763,골드만삭스도 한 수 배우고 간 국민연금 '역대급' 수익률 비결ㅣ지식인초대석: CEO EP.1 (김성주 이사장)
2026-05-11 00:03:09,1194348,5947,764,골드만삭스도 한 수 배우고 간 국민연금 '역대급' 수익률 비결ㅣ지식인초대석: CEO EP.1 (김성주 이사장)
2026-05-11 01:01:13,1194596,5950,764,골드만삭스도 한 수 배우고 간 국민연금 '역대급' 수익률 비결ㅣ지식인초대석: CEO EP.1 (김성주 이사장)
2026-05-11 02:01:22,1194788,5952,764,골드만삭스도 한 수 배우고 간 국민연금 '역대급' 수익률 비결ㅣ지식인초대석: CEO EP.1 (김성주 이사장)
2026-05-11 02:55:29,1194940,5953,764,골드만삭스도 한 수 배우고 간 국민연금 '역대급' 수익률 비결ㅣ지식인초대석: CEO EP.1 (김성주 이사장)
2026-05-11 03:44:21,1195014,5953,764,골드만삭스도 한 수 배우고 간 국민연금 '역대급' 수익률 비결ㅣ지식인초대석: CEO EP.1 (김성주 이사장)
2026-05-11 04:45:47,1195118,5955,764,골드만삭스도 한 수 배우고 간 국민연금 '역대급' 수익률 비결ㅣ지식인초대석: CEO EP.1 (김성주 이사장)
2026-05-11 05:30:21,1195176,5958,764,골드만삭스도 한 수 배우고 간 국민연금 '역대급' 수익률 비결ㅣ지식인초대석: CEO EP.1 (김성주 이사장)
2026-05-11 06:13:13,1195213,5958,764,골드만삭스도 한 수 배우고 간 국민연금 '역대급' 수익률 비결ㅣ지식인초대석: CEO EP.1 (김성주 이사장)
2026-05-11 07:04:17,1195290,5961,766,골드만삭스도 한 수 배우고 간 국민연금 '역대급' 수익률 비결ㅣ지식인초대석: CEO EP.1 (김성주 이사장)
2026-05-11 07:59:56,1195401,5967,766,골드만삭스도 한 수 배우고 간 국민연금 '역대급' 수익률 비결ㅣ지식인초대석: CEO EP.1 (김성주 이사장)
2026-05-11 08:54:28,1195632,5970,767,골드만삭스도 한 수 배우고 간 국민연금 '역대급' 수익률 비결ㅣ지식인초대석: CEO EP.1 (김성주 이사장)
2026-05-11 10:45:34,1196251,5982,767,골드만삭스도 한 수 배우고 간 국민연금 '역대급' 수익률 비결ㅣ지식인초대석: CEO EP.1 (김성주 이사장)
2026-05-11 14:43:54,1197097,6001,761,골드만삭스도 한 수 배우고 간 국민연금 '역대급' 수익률 비결ㅣ지식인초대석: CEO EP.1 (김성주 이사장)
2026-05-11 17:46:43,1197600,6006,762,골드만삭스도 한 수 배우고 간 국민연금 '역대급' 수익률 비결ㅣ지식인초대석: CEO EP.1 (김성주 이사장)
2026-05-11 20:49:07,1198128,6023,763,골드만삭스도 한 수 배우고 간 국민연금 '역대급' 수익률 비결ㅣ지식인초대석: CEO EP.1 (김성주 이사장)
2026-05-11 23:12:33,1198589,6029,764,골드만삭스도 한 수 배우고 간 국민연금 '역대급' 수익률 비결ㅣ지식인초대석: CEO EP.1 (김성주 이사장)
2026-05-12 01:44:13,1199015,6037,764,골드만삭스도 한 수 배우고 간 국민연금 '역대급' 수익률 비결ㅣ지식인초대석: CEO EP.1 (김성주 이사장)
2026-05-12 03:25:03,1199215,6037,764,골드만삭스도 한 수 배우고 간 국민연금 '역대급' 수익률 비결ㅣ지식인초대석: CEO EP.1 (김성주 이사장)
2026-05-12 05:10:54,1199329,6038,764,골드만삭스도 한 수 배우고 간 국민연금 '역대급' 수익률 비결ㅣ지식인초대석: CEO EP.1 (김성주 이사장)
2026-05-12 06:40:04,1199434,6041,765,골드만삭스도 한 수 배우고 간 국민연금 '역대급' 수익률 비결ㅣ지식인초대석: CEO EP.1 (김성주 이사장)
2026-05-12 07:37:21,1199515,6044,768,골드만삭스도 한 수 배우고 간 국민연금 '역대급' 수익률 비결ㅣ지식인초대석: CEO EP.1 (김성주 이사장)
2026-05-12 08:35:23,1199664,6047,768,골드만삭스도 한 수 배우고 간 국민연금 '역대급' 수익률 비결ㅣ지식인초대석: CEO EP.1 (김성주 이사장)
2026-05-12 10:19:32,1200070,6056,768,골드만삭스도 한 수 배우고 간 국민연금 '역대급' 수익률 비결ㅣ지식인초대석: CEO EP.1 (김성주 이사장)
2026-05-12 13:49:41,1200830,6071,768,골드만삭스도 한 수 배우고 간 국민연금 '역대급' 수익률 비결ㅣ지식인초대석: CEO EP.1 (김성주 이사장)
2026-05-12 16:33:16,1201391,6079,770,골드만삭스도 한 수 배우고 간 국민연금 '역대급' 수익률 비결ㅣ지식인초대석: CEO EP.1 (김성주 이사장)
2026-05-12 19:07:22,1201941,6091,772,골드만삭스도 한 수 배우고 간 국민연금 '역대급' 수익률 비결ㅣ지식인초대석: CEO EP.1 (김성주 이사장)
2026-05-12 21:07:15,1202334,6100,777,골드만삭스도 한 수 배우고 간 국민연금 '역대급' 수익률 비결ㅣ지식인초대석: CEO EP.1 (김성주 이사장)
2026-05-12 23:46:41,1202870,6109,779,골드만삭스도 한 수 배우고 간 국민연금 '역대급' 수익률 비결ㅣ지식인초대석: CEO EP.1 (김성주 이사장)
2026-05-13 01:57:41,1203266,6120,778,골드만삭스도 한 수 배우고 간 국민연금 '역대급' 수익률 비결ㅣ지식인초대석: CEO EP.1 (김성주 이사장)
2026-05-13 03:53:14,1203449,6120,778,골드만삭스도 한 수 배우고 간 국민연금 '역대급' 수익률 비결ㅣ지식인초대석: CEO EP.1 (김성주 이사장)
2026-05-13 05:21:51,1203511,6122,778,골드만삭스도 한 수 배우고 간 국민연금 '역대급' 수익률 비결ㅣ지식인초대석: CEO EP.1 (김성주 이사장)
2026-05-13 06:44:23,1203576,6125,778,골드만삭스도 한 수 배우고 간 국민연금 '역대급' 수익률 비결ㅣ지식인초대석: CEO EP.1 (김성주 이사장)
2026-05-13 07:46:01,1203658,6127,778,골드만삭스도 한 수 배우고 간 국민연금 '역대급' 수익률 비결ㅣ지식인초대석: CEO EP.1 (김성주 이사장)
2026-05-13 08:42:40,1203740,6129,778,골드만삭스도 한 수 배우고 간 국민연금 '역대급' 수익률 비결ㅣ지식인초대석: CEO EP.1 (김성주 이사장)
2026-05-13 10:28:24,1204055,6133,778,골드만삭스도 한 수 배우고 간 국민연금 '역대급' 수익률 비결ㅣ지식인초대석: CEO EP.1 (김성주 이사장)
2026-05-13 14:07:08,1204628,6150,778,골드만삭스도 한 수 배우고 간 국민연금 '역대급' 수익률 비결ㅣ지식인초대석: CEO EP.1 (김성주 이사장)
2026-05-13 17:08:52,1205124,6159,778,골드만삭스도 한 수 배우고 간 국민연금 '역대급' 수익률 비결ㅣ지식인초대석: CEO EP.1 (김성주 이사장)
2026-05-13 19:40:00,1205542,6168,778,골드만삭스도 한 수 배우고 간 국민연금 '역대급' 수익률 비결ㅣ지식인초대석: CEO EP.1 (김성주 이사장)
2026-05-13 21:30:15,1205888,6175,779,골드만삭스도 한 수 배우고 간 국민연금 '역대급' 수익률 비결ㅣ지식인초대석: CEO EP.1 (김성주 이사장)
2026-05-14 00:25:02,1206395,6179,779,골드만삭스도 한 수 배우고 간 국민연금 '역대급' 수익률 비결ㅣ지식인초대석: CEO EP.1 (김성주 이사장)
2026-05-14 02:31:00,1206748,6181,779,골드만삭스도 한 수 배우고 간 국민연금 '역대급' 수익률 비결ㅣ지식인초대석: CEO EP.1 (김성주 이사장)
2026-05-14 04:18:11,1206920,6183,779,골드만삭스도 한 수 배우고 간 국민연금 '역대급' 수익률 비결ㅣ지식인초대석: CEO EP.1 (김성주 이사장)
2026-05-14 05:56:59,1207006,6183,779,골드만삭스도 한 수 배우고 간 국민연금 '역대급' 수익률 비결ㅣ지식인초대석: CEO EP.1 (김성주 이사장)
2026-05-14 07:06:02,1207068,6184,779,골드만삭스도 한 수 배우고 간 국민연금 '역대급' 수익률 비결ㅣ지식인초대석: CEO EP.1 (김성주 이사장)
2026-05-14 08:16:47,1207176,6187,779,골드만삭스도 한 수 배우고 간 국민연금 '역대급' 수익률 비결ㅣ지식인초대석: CEO EP.1 (김성주 이사장)
2026-05-14 09:16:28,1207331,6190,779,골드만삭스도 한 수 배우고 간 국민연금 '역대급' 수익률 비결ㅣ지식인초대석: CEO EP.1 (김성주 이사장)
2026-05-14 13:13:51,1208024,6206,780,골드만삭스도 한 수 배우고 간 국민연금 '역대급' 수익률 비결ㅣ지식인초대석: CEO EP.1 (김성주 이사장)
2026-05-14 16:20:57,1208554,6214,780,골드만삭스도 한 수 배우고 간 국민연금 '역대급' 수익률 비결ㅣ지식인초대석: CEO EP.1 (김성주 이사장)
2026-05-14 18:41:39,1208982,6222,781,골드만삭스도 한 수 배우고 간 국민연금 '역대급' 수익률 비결ㅣ지식인초대석: CEO EP.1 (김성주 이사장)
2026-05-14 20:28:42,1209323,6225,781,골드만삭스도 한 수 배우고 간 국민연금 '역대급' 수익률 비결ㅣ지식인초대석: CEO EP.1 (김성주 이사장)
2026-05-14 22:14:09,1209688,6227,781,골드만삭스도 한 수 배우고 간 국민연금 '역대급' 수익률 비결ㅣ지식인초대석: CEO EP.1 (김성주 이사장)
2026-05-15 00:32:37,1210131,6233,783,골드만삭스도 한 수 배우고 간 국민연금 '역대급' 수익률 비결ㅣ지식인초대석: CEO EP.1 (김성주 이사장)
2026-05-15 02:21:20,1210511,6236,783,골드만삭스도 한 수 배우고 간 국민연금 '역대급' 수익률 비결ㅣ지식인초대석: CEO EP.1 (김성주 이사장)
2026-05-15 04:12:46,1210769,6241,783,골드만삭스도 한 수 배우고 간 국민연금 '역대급' 수익률 비결ㅣ지식인초대석: CEO EP.1 (김성주 이사장)
2026-05-15 05:44:44,1210896,6242,783,골드만삭스도 한 수 배우고 간 국민연금 '역대급' 수익률 비결ㅣ지식인초대석: CEO EP.1 (김성주 이사장)
2026-05-15 06:50:31,1210974,6244,783,골드만삭스도 한 수 배우고 간 국민연금 '역대급' 수익률 비결ㅣ지식인초대석: CEO EP.1 (김성주 이사장)
2026-05-15 07:44:40,1211061,6245,783,골드만삭스도 한 수 배우고 간 국민연금 '역대급' 수익률 비결ㅣ지식인초대석: CEO EP.1 (김성주 이사장)
2026-05-15 08:37:44,1211160,6248,784,골드만삭스도 한 수 배우고 간 국민연금 '역대급' 수익률 비결ㅣ지식인초대석: CEO EP.1 (김성주 이사장)
2026-05-15 10:27:48,1211602,6256,784,골드만삭스도 한 수 배우고 간 국민연금 '역대급' 수익률 비결ㅣ지식인초대석: CEO EP.1 (김성주 이사장)
2026-05-15 14:09:38,1212307,6267,782,골드만삭스도 한 수 배우고 간 국민연금 '역대급' 수익률 비결ㅣ지식인초대석: CEO EP.1 (김성주 이사장)
2026-05-15 17:15:17,1212912,6278,785,골드만삭스도 한 수 배우고 간 국민연금 '역대급' 수익률 비결ㅣ지식인초대석: CEO EP.1 (김성주 이사장)
2026-05-15 19:38:22,1213309,6287,785,골드만삭스도 한 수 배우고 간 국민연금 '역대급' 수익률 비결ㅣ지식인초대석: CEO EP.1 (김성주 이사장)
2026-05-15 21:20:15,1213591,6292,785,골드만삭스도 한 수 배우고 간 국민연금 '역대급' 수익률 비결ㅣ지식인초대석: CEO EP.1 (김성주 이사장)
2026-05-15 23:39:49,1213893,6299,784,골드만삭스도 한 수 배우고 간 국민연금 '역대급' 수익률 비결ㅣ지식인초대석: CEO EP.1 (김성주 이사장)
2026-05-16 01:22:48,1214177,6302,785,골드만삭스도 한 수 배우고 간 국민연금 '역대급' 수익률 비결ㅣ지식인초대석: CEO EP.1 (김성주 이사장)
2026-05-16 02:55:46,1214327,6303,785,골드만삭스도 한 수 배우고 간 국민연금 '역대급' 수익률 비결ㅣ지식인초대석: CEO EP.1 (김성주 이사장)
2026-05-16 04:16:18,1214425,6304,785,골드만삭스도 한 수 배우고 간 국민연금 '역대급' 수익률 비결ㅣ지식인초대석: CEO EP.1 (김성주 이사장)
2026-05-16 05:35:30,1214446,6305,785,골드만삭스도 한 수 배우고 간 국민연금 '역대급' 수익률 비결ㅣ지식인초대석: CEO EP.1 (김성주 이사장)
2026-05-16 06:37:49,1214508,6306,785,골드만삭스도 한 수 배우고 간 국민연금 '역대급' 수익률 비결ㅣ지식인초대석: CEO EP.1 (김성주 이사장)
2026-05-16 07:33:46,1214550,6308,785,골드만삭스도 한 수 배우고 간 국민연금 '역대급' 수익률 비결ㅣ지식인초대석: CEO EP.1 (김성주 이사장)
2026-05-16 08:30:42,1214620,6311,785,골드만삭스도 한 수 배우고 간 국민연금 '역대급' 수익률 비결ㅣ지식인초대석: CEO EP.1 (김성주 이사장)
2026-05-16 10:16:08,1214817,6314,785,골드만삭스도 한 수 배우고 간 국민연금 '역대급' 수익률 비결ㅣ지식인초대석: CEO EP.1 (김성주 이사장)
2026-05-16 13:39:25,1215391,6320,786,골드만삭스도 한 수 배우고 간 국민연금 '역대급' 수익률 비결ㅣ지식인초대석: CEO EP.1 (김성주 이사장)
2026-05-16 16:01:14,1215740,6324,787,골드만삭스도 한 수 배우고 간 국민연금 '역대급' 수익률 비결ㅣ지식인초대석: CEO EP.1 (김성주 이사장)
2026-05-16 17:50:49,1216001,6330,787,골드만삭스도 한 수 배우고 간 국민연금 '역대급' 수익률 비결ㅣ지식인초대석: CEO EP.1 (김성주 이사장)
2026-05-16 19:04:51,1216168,6330,787,골드만삭스도 한 수 배우고 간 국민연금 '역대급' 수익률 비결ㅣ지식인초대석: CEO EP.1 (김성주 이사장)
2026-05-16 20:12:24,1216291,6332,787,골드만삭스도 한 수 배우고 간 국민연금 '역대급' 수익률 비결ㅣ지식인초대석: CEO EP.1 (김성주 이사장)
2026-05-16 21:04:36,1216380,6335,787,골드만삭스도 한 수 배우고 간 국민연금 '역대급' 수익률 비결ㅣ지식인초대석: CEO EP.1 (김성주 이사장)
2026-05-16 22:52:42,1216581,6336,787,골드만삭스도 한 수 배우고 간 국민연금 '역대급' 수익률 비결ㅣ지식인초대석: CEO EP.1 (김성주 이사장)
2026-05-16 23:44:35,1216667,6338,787,골드만삭스도 한 수 배우고 간 국민연금 '역대급' 수익률 비결ㅣ지식인초대석: CEO EP.1 (김성주 이사장)
2026-05-17 00:41:11,1216780,6340,787,골드만삭스도 한 수 배우고 간 국민연금 '역대급' 수익률 비결ㅣ지식인초대석: CEO EP.1 (김성주 이사장)
2026-05-17 01:35:13,1216892,6341,787,골드만삭스도 한 수 배우고 간 국민연금 '역대급' 수익률 비결ㅣ지식인초대석: CEO EP.1 (김성주 이사장)
2026-05-17 02:32:43,1216978,6342,788,골드만삭스도 한 수 배우고 간 국민연금 '역대급' 수익률 비결ㅣ지식인초대석: CEO EP.1 (김성주 이사장)
2026-05-17 03:33:17,1217036,6343,788,골드만삭스도 한 수 배우고 간 국민연금 '역대급' 수익률 비결ㅣ지식인초대석: CEO EP.1 (김성주 이사장)
2026-05-17 04:41:23,1217081,6343,788,골드만삭스도 한 수 배우고 간 국민연금 '역대급' 수익률 비결ㅣ지식인초대석: CEO EP.1 (김성주 이사장)
2026-05-17 05:26:11,1217081,6343,788,골드만삭스도 한 수 배우고 간 국민연금 '역대급' 수익률 비결ㅣ지식인초대석: CEO EP.1 (김성주 이사장)
2026-05-17 06:08:34,1217081,6343,788,골드만삭스도 한 수 배우고 간 국민연금 '역대급' 수익률 비결ㅣ지식인초대석: CEO EP.1 (김성주 이사장)
2026-05-17 07:01:18,1217153,6346,788,골드만삭스도 한 수 배우고 간 국민연금 '역대급' 수익률 비결ㅣ지식인초대석: CEO EP.1 (김성주 이사장)
2026-05-17 07:53:49,1217186,6348,788,골드만삭스도 한 수 배우고 간 국민연금 '역대급' 수익률 비결ㅣ지식인초대석: CEO EP.1 (김성주 이사장)
2026-05-17 08:37:39,1217220,6349,788,골드만삭스도 한 수 배우고 간 국민연금 '역대급' 수익률 비결ㅣ지식인초대석: CEO EP.1 (김성주 이사장)
2026-05-17 10:28:35,1217376,6353,789,골드만삭스도 한 수 배우고 간 국민연금 '역대급' 수익률 비결ㅣ지식인초대석: CEO EP.1 (김성주 이사장)
2026-05-17 14:08:24,1217780,6358,789,골드만삭스도 한 수 배우고 간 국민연금 '역대급' 수익률 비결ㅣ지식인초대석: CEO EP.1 (김성주 이사장)
2026-05-17 16:42:03,1218115,6366,789,골드만삭스도 한 수 배우고 간 국민연금 '역대급' 수익률 비결ㅣ지식인초대석: CEO EP.1 (김성주 이사장)
2026-05-17 18:23:36,1218337,6371,789,골드만삭스도 한 수 배우고 간 국민연금 '역대급' 수익률 비결ㅣ지식인초대석: CEO EP.1 (김성주 이사장)
2026-05-17 19:45:40,1218505,6375,789,골드만삭스도 한 수 배우고 간 국민연금 '역대급' 수익률 비결ㅣ지식인초대석: CEO EP.1 (김성주 이사장)
2026-05-17 20:45:19,1218640,6378,790,골드만삭스도 한 수 배우고 간 국민연금 '역대급' 수익률 비결ㅣ지식인초대석: CEO EP.1 (김성주 이사장)
2026-05-17 21:40:15,1218720,6378,790,골드만삭스도 한 수 배우고 간 국민연금 '역대급' 수익률 비결ㅣ지식인초대석: CEO EP.1 (김성주 이사장)
2026-05-17 23:08:59,1218868,6382,790,골드만삭스도 한 수 배우고 간 국민연금 '역대급' 수익률 비결ㅣ지식인초대석: CEO EP.1 (김성주 이사장)
2026-05-18 00:14:39,1218969,6384,790,골드만삭스도 한 수 배우고 간 국민연금 '역대급' 수익률 비결ㅣ지식인초대석: CEO EP.1 (김성주 이사장)
2026-05-18 01:11:26,1219063,6384,790,골드만삭스도 한 수 배우고 간 국민연금 '역대급' 수익률 비결ㅣ지식인초대석: CEO EP.1 (김성주 이사장)
2026-05-18 02:12:24,1219150,6385,790,골드만삭스도 한 수 배우고 간 국민연금 '역대급' 수익률 비결ㅣ지식인초대석: CEO EP.1 (김성주 이사장)
2026-05-18 03:09:05,1219174,6385,790,골드만삭스도 한 수 배우고 간 국민연금 '역대급' 수익률 비결ㅣ지식인초대석: CEO EP.1 (김성주 이사장)
2026-05-18 04:33:11,1219225,6386,790,골드만삭스도 한 수 배우고 간 국민연금 '역대급' 수익률 비결ㅣ지식인초대석: CEO EP.1 (김성주 이사장)
2026-05-18 05:25:46,1219225,6386,790,골드만삭스도 한 수 배우고 간 국민연금 '역대급' 수익률 비결ㅣ지식인초대석: CEO EP.1 (김성주 이사장)
2026-05-18 06:11:51,1219225,6386,790,골드만삭스도 한 수 배우고 간 국민연금 '역대급' 수익률 비결ㅣ지식인초대석: CEO EP.1 (김성주 이사장)
2026-05-18 07:07:22,1219278,6387,790,골드만삭스도 한 수 배우고 간 국민연금 '역대급' 수익률 비결ㅣ지식인초대석: CEO EP.1 (김성주 이사장)
2026-05-18 08:07:15,1219311,6388,790,골드만삭스도 한 수 배우고 간 국민연금 '역대급' 수익률 비결ㅣ지식인초대석: CEO EP.1 (김성주 이사장)
2026-05-18 09:07:34,1219359,6389,790,골드만삭스도 한 수 배우고 간 국민연금 '역대급' 수익률 비결ㅣ지식인초대석: CEO EP.1 (김성주 이사장)
2026-05-18 13:37:58,1219603,6395,790,골드만삭스도 한 수 배우고 간 국민연금 '역대급' 수익률 비결ㅣ지식인초대석: CEO EP.1 (김성주 이사장)
2026-05-18 17:33:43,1219814,6400,790,골드만삭스도 한 수 배우고 간 국민연금 '역대급' 수익률 비결ㅣ지식인초대석: CEO EP.1 (김성주 이사장)
2026-05-18 21:00:48,1220028,6402,791,골드만삭스도 한 수 배우고 간 국민연금 '역대급' 수익률 비결ㅣ지식인초대석: CEO EP.1 (김성주 이사장)
2026-05-19 00:40:23,1220255,6407,791,골드만삭스도 한 수 배우고 간 국민연금 '역대급' 수익률 비결ㅣ지식인초대석: CEO EP.1 (김성주 이사장)
2026-05-19 02:47:15,1220292,6407,791,골드만삭스도 한 수 배우고 간 국민연금 '역대급' 수익률 비결ㅣ지식인초대석: CEO EP.1 (김성주 이사장)
2026-05-19 04:16:45,1220408,6407,791,골드만삭스도 한 수 배우고 간 국민연금 '역대급' 수익률 비결ㅣ지식인초대석: CEO EP.1 (김성주 이사장)
2026-05-19 05:47:58,1220430,6408,791,골드만삭스도 한 수 배우고 간 국민연금 '역대급' 수익률 비결ㅣ지식인초대석: CEO EP.1 (김성주 이사장)
2026-05-19 06:52:54,1220444,6409,791,골드만삭스도 한 수 배우고 간 국민연금 '역대급' 수익률 비결ㅣ지식인초대석: CEO EP.1 (김성주 이사장)
2026-05-19 07:44:07,1220444,6409,791,골드만삭스도 한 수 배우고 간 국민연금 '역대급' 수익률 비결ㅣ지식인초대석: CEO EP.1 (김성주 이사장)
2026-05-19 08:45:32,1220444,6409,791,골드만삭스도 한 수 배우고 간 국민연금 '역대급' 수익률 비결ㅣ지식인초대석: CEO EP.1 (김성주 이사장)
2026-05-19 10:48:09,1220573,6410,791,골드만삭스도 한 수 배우고 간 국민연금 '역대급' 수익률 비결ㅣ지식인초대석: CEO EP.1 (김성주 이사장)
2026-05-19 14:51:42,1220767,6413,792,골드만삭스도 한 수 배우고 간 국민연금 '역대급' 수익률 비결ㅣ지식인초대석: CEO EP.1 (김성주 이사장)
2026-05-19 17:50:39,1220928,6414,792,골드만삭스도 한 수 배우고 간 국민연금 '역대급' 수익률 비결ㅣ지식인초대석: CEO EP.1 (김성주 이사장)
2026-05-19 20:48:03,1221097,6414,792,골드만삭스도 한 수 배우고 간 국민연금 '역대급' 수익률 비결ㅣ지식인초대석: CEO EP.1 (김성주 이사장)
2026-05-19 23:18:03,1221214,6414,792,골드만삭스도 한 수 배우고 간 국민연금 '역대급' 수익률 비결ㅣ지식인초대석: CEO EP.1 (김성주 이사장)
2026-05-20 02:17:19,1221372,6416,792,골드만삭스도 한 수 배우고 간 국민연금 '역대급' 수익률 비결ㅣ지식인초대석: CEO EP.1 (김성주 이사장)
2026-05-20 04:19:07,1221372,6416,792,골드만삭스도 한 수 배우고 간 국민연금 '역대급' 수익률 비결ㅣ지식인초대석: CEO EP.1 (김성주 이사장)
2026-05-20 05:53:02,1221428,6416,792,골드만삭스도 한 수 배우고 간 국민연금 '역대급' 수익률 비결ㅣ지식인초대석: CEO EP.1 (김성주 이사장)
2026-05-20 07:01:56,1221428,6416,792,골드만삭스도 한 수 배우고 간 국민연금 '역대급' 수익률 비결ㅣ지식인초대석: CEO EP.1 (김성주 이사장)
2026-05-20 08:11:48,1221463,6418,792,골드만삭스도 한 수 배우고 간 국민연금 '역대급' 수익률 비결ㅣ지식인초대석: CEO EP.1 (김성주 이사장)
2026-05-20 09:17:12,1221485,6419,793,골드만삭스도 한 수 배우고 간 국민연금 '역대급' 수익률 비결ㅣ지식인초대석: CEO EP.1 (김성주 이사장)
2026-05-20 13:38:22,1221647,6421,794,골드만삭스도 한 수 배우고 간 국민연금 '역대급' 수익률 비결ㅣ지식인초대석: CEO EP.1 (김성주 이사장)
2026-05-20 17:03:20,1221792,6422,793,골드만삭스도 한 수 배우고 간 국민연금 '역대급' 수익률 비결ㅣ지식인초대석: CEO EP.1 (김성주 이사장)
2026-05-20 20:15:44,1221917,6428,793,골드만삭스도 한 수 배우고 간 국민연금 '역대급' 수익률 비결ㅣ지식인초대석: CEO EP.1 (김성주 이사장)
2026-05-20 22:46:57,1222029,6428,793,골드만삭스도 한 수 배우고 간 국민연금 '역대급' 수익률 비결ㅣ지식인초대석: CEO EP.1 (김성주 이사장)
2026-05-21 01:39:14,1222132,6428,793,골드만삭스도 한 수 배우고 간 국민연금 '역대급' 수익률 비결ㅣ지식인초대석: CEO EP.1 (김성주 이사장)
2026-05-21 04:04:42,1222132,6428,793,골드만삭스도 한 수 배우고 간 국민연금 '역대급' 수익률 비결ㅣ지식인초대석: CEO EP.1 (김성주 이사장)
2026-05-21 06:05:40,1222204,6429,793,골드만삭스도 한 수 배우고 간 국민연금 '역대급' 수익률 비결ㅣ지식인초대석: CEO EP.1 (김성주 이사장)
2026-05-21 07:40:38,1222204,6429,793,골드만삭스도 한 수 배우고 간 국민연금 '역대급' 수익률 비결ㅣ지식인초대석: CEO EP.1 (김성주 이사장)
2026-05-21 08:52:21,1222204,6429,793,골드만삭스도 한 수 배우고 간 국민연금 '역대급' 수익률 비결ㅣ지식인초대석: CEO EP.1 (김성주 이사장)
2026-05-21 10:50:13,1222278,6429,794,골드만삭스도 한 수 배우고 간 국민연금 '역대급' 수익률 비결ㅣ지식인초대석: CEO EP.1 (김성주 이사장)
2026-05-21 14:56:13,1222411,6433,794,골드만삭스도 한 수 배우고 간 국민연금 '역대급' 수익률 비결ㅣ지식인초대석: CEO EP.1 (김성주 이사장)
2026-05-21 17:57:59,1222527,6433,794,골드만삭스도 한 수 배우고 간 국민연금 '역대급' 수익률 비결ㅣ지식인초대석: CEO EP.1 (김성주 이사장)
2026-05-21 21:11:40,1222673,6433,794,골드만삭스도 한 수 배우고 간 국민연금 '역대급' 수익률 비결ㅣ지식인초대석: CEO EP.1 (김성주 이사장)
2026-05-22 00:50:35,1222861,6435,793,골드만삭스도 한 수 배우고 간 국민연금 '역대급' 수익률 비결ㅣ지식인초대석: CEO EP.1 (김성주 이사장)
2026-05-22 02:47:08,1222967,6436,792,골드만삭스도 한 수 배우고 간 국민연금 '역대급' 수익률 비결ㅣ지식인초대석: CEO EP.1 (김성주 이사장)
2026-05-22 04:30:01,1223007,6436,792,골드만삭스도 한 수 배우고 간 국민연금 '역대급' 수익률 비결ㅣ지식인초대석: CEO EP.1 (김성주 이사장)
2026-05-22 06:12:37,1223007,6436,792,골드만삭스도 한 수 배우고 간 국민연금 '역대급' 수익률 비결ㅣ지식인초대석: CEO EP.1 (김성주 이사장)
2026-05-22 07:40:16,1223053,6436,792,골드만삭스도 한 수 배우고 간 국민연금 '역대급' 수익률 비결ㅣ지식인초대석: CEO EP.1 (김성주 이사장)
2026-05-22 08:39:18,1223089,6436,792,골드만삭스도 한 수 배우고 간 국민연금 '역대급' 수익률 비결ㅣ지식인초대석: CEO EP.1 (김성주 이사장)
2026-05-22 10:33:34,1223129,6437,792,골드만삭스도 한 수 배우고 간 국민연금 '역대급' 수익률 비결ㅣ지식인초대석: CEO EP.1 (김성주 이사장)
2026-05-22 14:44:24,1223254,6437,792,골드만삭스도 한 수 배우고 간 국민연금 '역대급' 수익률 비결ㅣ지식인초대석: CEO EP.1 (김성주 이사장)
2026-05-22 17:39:15,1223351,6438,791,골드만삭스도 한 수 배우고 간 국민연금 '역대급' 수익률 비결ㅣ지식인초대석: CEO EP.1 (김성주 이사장)
2026-05-22 20:27:53,1223504,6442,791,골드만삭스도 한 수 배우고 간 국민연금 '역대급' 수익률 비결ㅣ지식인초대석: CEO EP.1 (김성주 이사장)
2026-05-22 22:42:11,1223602,6445,791,골드만삭스도 한 수 배우고 간 국민연금 '역대급' 수익률 비결ㅣ지식인초대석: CEO EP.1 (김성주 이사장)
2026-05-23 01:05:13,1223712,6447,791,골드만삭스도 한 수 배우고 간 국민연금 '역대급' 수익률 비결ㅣ지식인초대석: CEO EP.1 (김성주 이사장)
2026-05-23 03:00:03,1223744,6447,791,골드만삭스도 한 수 배우고 간 국민연금 '역대급' 수익률 비결ㅣ지식인초대석: CEO EP.1 (김성주 이사장)
2026-05-23 04:48:51,1223744,6447,791,골드만삭스도 한 수 배우고 간 국민연금 '역대급' 수익률 비결ㅣ지식인초대석: CEO EP.1 (김성주 이사장)
2026-05-23 06:00:18,1223849,6447,791,골드만삭스도 한 수 배우고 간 국민연금 '역대급' 수익률 비결ㅣ지식인초대석: CEO EP.1 (김성주 이사장)
2026-05-23 07:09:55,1223846,6447,791,골드만삭스도 한 수 배우고 간 국민연금 '역대급' 수익률 비결ㅣ지식인초대석: CEO EP.1 (김성주 이사장)
2026-05-23 08:17:39,1223895,6447,791,골드만삭스도 한 수 배우고 간 국민연금 '역대급' 수익률 비결ㅣ지식인초대석: CEO EP.1 (김성주 이사장)
2026-05-23 09:16:44,1223895,6447,791,골드만삭스도 한 수 배우고 간 국민연금 '역대급' 수익률 비결ㅣ지식인초대석: CEO EP.1 (김성주 이사장)
2026-05-23 13:09:25,1224081,6451,792,골드만삭스도 한 수 배우고 간 국민연금 '역대급' 수익률 비결ㅣ지식인초대석: CEO EP.1 (김성주 이사장)
2026-05-23 15:43:08,1224231,6451,792,골드만삭스도 한 수 배우고 간 국민연금 '역대급' 수익률 비결ㅣ지식인초대석: CEO EP.1 (김성주 이사장)
2026-05-23 19:18:04,1224409,6452,792,골드만삭스도 한 수 배우고 간 국민연금 '역대급' 수익률 비결ㅣ지식인초대석: CEO EP.1 (김성주 이사장)
2026-05-23 20:37:07,1224409,6452,792,골드만삭스도 한 수 배우고 간 국민연금 '역대급' 수익률 비결ㅣ지식인초대석: CEO EP.1 (김성주 이사장)
2026-05-23 21:40:02,1224501,6453,792,골드만삭스도 한 수 배우고 간 국민연금 '역대급' 수익률 비결ㅣ지식인초대석: CEO EP.1 (김성주 이사장)
2026-05-23 23:12:27,1224550,6453,792,골드만삭스도 한 수 배우고 간 국민연금 '역대급' 수익률 비결ㅣ지식인초대석: CEO EP.1 (김성주 이사장)
2026-05-24 00:18:43,1224596,6453,792,골드만삭스도 한 수 배우고 간 국민연금 '역대급' 수익률 비결ㅣ지식인초대석: CEO EP.1 (김성주 이사장)
2026-05-24 01:15:02,1224627,6453,792,골드만삭스도 한 수 배우고 간 국민연금 '역대급' 수익률 비결ㅣ지식인초대석: CEO EP.1 (김성주 이사장)
2026-05-24 02:17:53,1224667,6453,792,골드만삭스도 한 수 배우고 간 국민연금 '역대급' 수익률 비결ㅣ지식인초대석: CEO EP.1 (김성주 이사장)
2026-05-24 03:12:02,1224697,6453,792,골드만삭스도 한 수 배우고 간 국민연금 '역대급' 수익률 비결ㅣ지식인초대석: CEO EP.1 (김성주 이사장)
2026-05-24 04:36:23,1224712,6453,792,골드만삭스도 한 수 배우고 간 국민연금 '역대급' 수익률 비결ㅣ지식인초대석: CEO EP.1 (김성주 이사장)
2026-05-24 05:29:03,1224712,6453,792,골드만삭스도 한 수 배우고 간 국민연금 '역대급' 수익률 비결ㅣ지식인초대석: CEO EP.1 (김성주 이사장)
2026-05-24 06:25:57,1224712,6453,792,골드만삭스도 한 수 배우고 간 국민연금 '역대급' 수익률 비결ㅣ지식인초대석: CEO EP.1 (김성주 이사장)
2026-05-24 07:12:10,1224763,6453,792,골드만삭스도 한 수 배우고 간 국민연금 '역대급' 수익률 비결ㅣ지식인초대석: CEO EP.1 (김성주 이사장)
2026-05-24 08:09:50,1224771,6454,792,골드만삭스도 한 수 배우고 간 국민연금 '역대급' 수익률 비결ㅣ지식인초대석: CEO EP.1 (김성주 이사장)
2026-05-24 09:09:02,1224772,6454,792,골드만삭스도 한 수 배우고 간 국민연금 '역대급' 수익률 비결ㅣ지식인초대석: CEO EP.1 (김성주 이사장)
2026-05-24 13:36:13,1224902,6456,795,골드만삭스도 한 수 배우고 간 국민연금 '역대급' 수익률 비결ㅣ지식인초대석: CEO EP.1 (김성주 이사장)
2026-05-24 16:38:25,1225004,6458,795,골드만삭스도 한 수 배우고 간 국민연금 '역대급' 수익률 비결ㅣ지식인초대석: CEO EP.1 (김성주 이사장)
2026-05-24 18:30:25,1225062,6460,795,골드만삭스도 한 수 배우고 간 국민연금 '역대급' 수익률 비결ㅣ지식인초대석: CEO EP.1 (김성주 이사장)
2026-05-24 19:55:30,1225071,6460,795,골드만삭스도 한 수 배우고 간 국민연금 '역대급' 수익률 비결ㅣ지식인초대석: CEO EP.1 (김성주 이사장)
2026-05-24 20:57:38,1225131,6461,795,골드만삭스도 한 수 배우고 간 국민연금 '역대급' 수익률 비결ㅣ지식인초대석: CEO EP.1 (김성주 이사장)
2026-05-24 22:15:19,1225141,6462,795,골드만삭스도 한 수 배우고 간 국민연금 '역대급' 수익률 비결ㅣ지식인초대석: CEO EP.1 (김성주 이사장)
2026-05-24 23:43:12,1225204,6464,795,골드만삭스도 한 수 배우고 간 국민연금 '역대급' 수익률 비결ㅣ지식인초대석: CEO EP.1 (김성주 이사장)
2026-05-25 00:47:16,1225239,6465,796,골드만삭스도 한 수 배우고 간 국민연금 '역대급' 수익률 비결ㅣ지식인초대석: CEO EP.1 (김성주 이사장)
2026-05-25 01:44:36,1225262,6466,796,골드만삭스도 한 수 배우고 간 국민연금 '역대급' 수익률 비결ㅣ지식인초대석: CEO EP.1 (김성주 이사장)
2026-05-25 02:41:48,1225276,6466,796,골드만삭스도 한 수 배우고 간 국민연금 '역대급' 수익률 비결ㅣ지식인초대석: CEO EP.1 (김성주 이사장)
2026-05-25 03:46:39,1225316,6466,796,골드만삭스도 한 수 배우고 간 국민연금 '역대급' 수익률 비결ㅣ지식인초대석: CEO EP.1 (김성주 이사장)
2026-05-25 04:52:30,1225331,6466,796,골드만삭스도 한 수 배우고 간 국민연금 '역대급' 수익률 비결ㅣ지식인초대석: CEO EP.1 (김성주 이사장)
2026-05-25 05:39:16,1225331,6466,796,골드만삭스도 한 수 배우고 간 국민연금 '역대급' 수익률 비결ㅣ지식인초대석: CEO EP.1 (김성주 이사장)
2026-05-25 06:36:10,1225331,6466,796,골드만삭스도 한 수 배우고 간 국민연금 '역대급' 수익률 비결ㅣ지식인초대석: CEO EP.1 (김성주 이사장)
2026-05-25 07:36:03,1225331,6466,796,골드만삭스도 한 수 배우고 간 국민연금 '역대급' 수익률 비결ㅣ지식인초대석: CEO EP.1 (김성주 이사장)
2026-05-25 08:38:51,1225374,6466,796,골드만삭스도 한 수 배우고 간 국민연금 '역대급' 수익률 비결ㅣ지식인초대석: CEO EP.1 (김성주 이사장)
2026-05-25 10:35:52,1225374,6466,796,골드만삭스도 한 수 배우고 간 국민연금 '역대급' 수익률 비결ㅣ지식인초대석: CEO EP.1 (김성주 이사장)
2026-05-25 15:06:11,1225575,6470,796,골드만삭스도 한 수 배우고 간 국민연금 '역대급' 수익률 비결ㅣ지식인초대석: CEO EP.1 (김성주 이사장)
2026-05-25 19:43:23,1225803,6472,799,골드만삭스도 한 수 배우고 간 국민연금 '역대급' 수익률 비결ㅣ지식인초대석: CEO EP.1 (김성주 이사장)
2026-05-25 22:48:57,1225955,6474,800,골드만삭스도 한 수 배우고 간 국민연금 '역대급' 수익률 비결ㅣ지식인초대석: CEO EP.1 (김성주 이사장)
2026-05-26 01:10:15,1226058,6474,800,골드만삭스도 한 수 배우고 간 국민연금 '역대급' 수익률 비결ㅣ지식인초대석: CEO EP.1 (김성주 이사장)
2026-05-26 02:53:07,1226103,6473,800,골드만삭스도 한 수 배우고 간 국민연금 '역대급' 수익률 비결ㅣ지식인초대석: CEO EP.1 (김성주 이사장)
2026-05-26 04:09:33,1226146,6474,800,골드만삭스도 한 수 배우고 간 국민연금 '역대급' 수익률 비결ㅣ지식인초대석: CEO EP.1 (김성주 이사장)
2026-05-26 05:41:24,1226146,6474,800,골드만삭스도 한 수 배우고 간 국민연금 '역대급' 수익률 비결ㅣ지식인초대석: CEO EP.1 (김성주 이사장)
2026-05-26 06:50:17,1226146,6474,800,골드만삭스도 한 수 배우고 간 국민연금 '역대급' 수익률 비결ㅣ지식인초대석: CEO EP.1 (김성주 이사장)
2026-05-26 07:45:53,1226176,6474,800,골드만삭스도 한 수 배우고 간 국민연금 '역대급' 수익률 비결ㅣ지식인초대석: CEO EP.1 (김성주 이사장)
2026-05-26 08:46:26,1226176,6474,800,골드만삭스도 한 수 배우고 간 국민연금 '역대급' 수익률 비결ㅣ지식인초대석: CEO EP.1 (김성주 이사장)
2026-05-26 10:31:12,1226248,6474,800,골드만삭스도 한 수 배우고 간 국민연금 '역대급' 수익률 비결ㅣ지식인초대석: CEO EP.1 (김성주 이사장)
2026-05-26 14:42:47,1226317,6476,800,골드만삭스도 한 수 배우고 간 국민연금 '역대급' 수익률 비결ㅣ지식인초대석: CEO EP.1 (김성주 이사장)
2026-05-26 17:54:04,1226432,6475,799,골드만삭스도 한 수 배우고 간 국민연금 '역대급' 수익률 비결ㅣ지식인초대석: CEO EP.1 (김성주 이사장)
2026-05-26 23:27:33,1226511,6476,797,골드만삭스도 한 수 배우고 간 국민연금 '역대급' 수익률 비결ㅣ지식인초대석: CEO EP.1 (김성주 이사장)
2026-05-27 02:41:24,1226589,6476,797,골드만삭스도 한 수 배우고 간 국민연금 '역대급' 수익률 비결ㅣ지식인초대석: CEO EP.1 (김성주 이사장)
2026-05-27 04:37:10,1226645,6476,797,골드만삭스도 한 수 배우고 간 국민연금 '역대급' 수익률 비결ㅣ지식인초대석: CEO EP.1 (김성주 이사장)
2026-05-27 06:15:59,1226660,6476,797,골드만삭스도 한 수 배우고 간 국민연금 '역대급' 수익률 비결ㅣ지식인초대석: CEO EP.1 (김성주 이사장)
2026-05-27 07:40:29,1226672,6476,797,골드만삭스도 한 수 배우고 간 국민연금 '역대급' 수익률 비결ㅣ지식인초대석: CEO EP.1 (김성주 이사장)
2026-05-27 08:45:18,1226672,6476,797,골드만삭스도 한 수 배우고 간 국민연금 '역대급' 수익률 비결ㅣ지식인초대석: CEO EP.1 (김성주 이사장)
2026-05-27 10:52:36,1226738,6475,797,골드만삭스도 한 수 배우고 간 국민연금 '역대급' 수익률 비결ㅣ지식인초대석: CEO EP.1 (김성주 이사장)
2026-05-27 15:04:02,1226827,6476,797,골드만삭스도 한 수 배우고 간 국민연금 '역대급' 수익률 비결ㅣ지식인초대석: CEO EP.1 (김성주 이사장)
2026-05-27 19:14:06,1226941,6479,797,골드만삭스도 한 수 배우고 간 국민연금 '역대급' 수익률 비결ㅣ지식인초대석: CEO EP.1 (김성주 이사장)
2026-05-27 22:48:00,1227020,6479,797,골드만삭스도 한 수 배우고 간 국민연금 '역대급' 수익률 비결ㅣ지식인초대석: CEO EP.1 (김성주 이사장)
2026-05-28 01:52:58,1227135,6479,797,골드만삭스도 한 수 배우고 간 국민연금 '역대급' 수익률 비결ㅣ지식인초대석: CEO EP.1 (김성주 이사장)
2026-05-28 04:09:29,1227185,6480,797,골드만삭스도 한 수 배우고 간 국민연금 '역대급' 수익률 비결ㅣ지식인초대석: CEO EP.1 (김성주 이사장)
2026-05-28 06:07:35,1227193,6480,797,골드만삭스도 한 수 배우고 간 국민연금 '역대급' 수익률 비결ㅣ지식인초대석: CEO EP.1 (김성주 이사장)
2026-05-28 07:48:19,1227193,6480,797,골드만삭스도 한 수 배우고 간 국민연금 '역대급' 수익률 비결ㅣ지식인초대석: CEO EP.1 (김성주 이사장)
2026-05-28 08:49:39,1227247,6480,797,골드만삭스도 한 수 배우고 간 국민연금 '역대급' 수익률 비결ㅣ지식인초대석: CEO EP.1 (김성주 이사장)
2026-05-28 10:27:13,1227299,6481,797,골드만삭스도 한 수 배우고 간 국민연금 '역대급' 수익률 비결ㅣ지식인초대석: CEO EP.1 (김성주 이사장)
2026-05-28 14:43:40,1227379,6482,797,골드만삭스도 한 수 배우고 간 국민연금 '역대급' 수익률 비결ㅣ지식인초대석: CEO EP.1 (김성주 이사장)
2026-05-28 18:04:41,1227506,6484,798,골드만삭스도 한 수 배우고 간 국민연금 '역대급' 수익률 비결ㅣ지식인초대석: CEO EP.1 (김성주 이사장)
2026-05-28 21:39:34,1227601,6484,798,골드만삭스도 한 수 배우고 간 국민연금 '역대급' 수익률 비결ㅣ지식인초대석: CEO EP.1 (김성주 이사장)
2026-05-29 01:41:16,1227719,6485,798,골드만삭스도 한 수 배우고 간 국민연금 '역대급' 수익률 비결ㅣ지식인초대석: CEO EP.1 (김성주 이사장)
2026-05-29 04:18:31,1227737,6486,798,골드만삭스도 한 수 배우고 간 국민연금 '역대급' 수익률 비결ㅣ지식인초대석: CEO EP.1 (김성주 이사장)
2026-05-29 06:23:05,1227802,6486,798,골드만삭스도 한 수 배우고 간 국민연금 '역대급' 수익률 비결ㅣ지식인초대석: CEO EP.1 (김성주 이사장)
2026-05-29 07:48:54,1227824,6486,798,골드만삭스도 한 수 배우고 간 국민연금 '역대급' 수익률 비결ㅣ지식인초대석: CEO EP.1 (김성주 이사장)
2026-05-29 08:56:50,1227862,6488,798,골드만삭스도 한 수 배우고 간 국민연금 '역대급' 수익률 비결ㅣ지식인초대석: CEO EP.1 (김성주 이사장)
2026-05-29 11:35:14,1227939,6489,798,골드만삭스도 한 수 배우고 간 국민연금 '역대급' 수익률 비결ㅣ지식인초대석: CEO EP.1 (김성주 이사장)
2026-05-29 15:40:07,1228047,6489,798,골드만삭스도 한 수 배우고 간 국민연금 '역대급' 수익률 비결ㅣ지식인초대석: CEO EP.1 (김성주 이사장)
2026-05-29 19:33:03,1228133,6491,798,골드만삭스도 한 수 배우고 간 국민연금 '역대급' 수익률 비결ㅣ지식인초대석: CEO EP.1 (김성주 이사장)
2026-05-29 22:45:30,1228237,6493,798,골드만삭스도 한 수 배우고 간 국민연금 '역대급' 수익률 비결ㅣ지식인초대석: CEO EP.1 (김성주 이사장)
2026-05-30 02:02:16,1228372,6494,798,골드만삭스도 한 수 배우고 간 국민연금 '역대급' 수익률 비결ㅣ지식인초대석: CEO EP.1 (김성주 이사장)
2026-05-30 04:36:02,1228479,6496,798,골드만삭스도 한 수 배우고 간 국민연금 '역대급' 수익률 비결ㅣ지식인초대석: CEO EP.1 (김성주 이사장)
2026-05-30 06:24:25,1228479,6496,798,골드만삭스도 한 수 배우고 간 국민연금 '역대급' 수익률 비결ㅣ지식인초대석: CEO EP.1 (김성주 이사장)
2026-05-30 07:45:53,1228519,6496,798,골드만삭스도 한 수 배우고 간 국민연금 '역대급' 수익률 비결ㅣ지식인초대석: CEO EP.1 (김성주 이사장)
2026-05-30 08:54:34,1228544,6497,798,골드만삭스도 한 수 배우고 간 국민연금 '역대급' 수익률 비결ㅣ지식인초대석: CEO EP.1 (김성주 이사장)
2026-05-30 10:48:11,1228596,6498,798,골드만삭스도 한 수 배우고 간 국민연금 '역대급' 수익률 비결ㅣ지식인초대석: CEO EP.1 (김성주 이사장)
2026-05-30 14:36:19,1228694,6498,798,골드만삭스도 한 수 배우고 간 국민연금 '역대급' 수익률 비결ㅣ지식인초대석: CEO EP.1 (김성주 이사장)
2026-05-30 17:05:25,1228694,6498,798,골드만삭스도 한 수 배우고 간 국민연금 '역대급' 수익률 비결ㅣ지식인초대석: CEO EP.1 (김성주 이사장)
2026-05-30 19:09:32,1228852,6499,798,골드만삭스도 한 수 배우고 간 국민연금 '역대급' 수익률 비결ㅣ지식인초대석: CEO EP.1 (김성주 이사장)
2026-05-30 20:43:20,1228868,6499,798,골드만삭스도 한 수 배우고 간 국민연금 '역대급' 수익률 비결ㅣ지식인초대석: CEO EP.1 (김성주 이사장)
2026-05-30 21:48:58,1228925,6498,798,골드만삭스도 한 수 배우고 간 국민연금 '역대급' 수익률 비결ㅣ지식인초대석: CEO EP.1 (김성주 이사장)
2026-05-30 23:19:35,1228974,6499,798,골드만삭스도 한 수 배우고 간 국민연금 '역대급' 수익률 비결ㅣ지식인초대석: CEO EP.1 (김성주 이사장)
2026-05-31 00:39:54,1228997,6500,798,골드만삭스도 한 수 배우고 간 국민연금 '역대급' 수익률 비결ㅣ지식인초대석: CEO EP.1 (김성주 이사장)
2026-05-31 01:39:02,1228997,6500,798,골드만삭스도 한 수 배우고 간 국민연금 '역대급' 수익률 비결ㅣ지식인초대석: CEO EP.1 (김성주 이사장)
2026-05-31 02:42:12,1228997,6500,798,골드만삭스도 한 수 배우고 간 국민연금 '역대급' 수익률 비결ㅣ지식인초대석: CEO EP.1 (김성주 이사장)
2026-05-31 03:45:50,1229071,6500,798,골드만삭스도 한 수 배우고 간 국민연금 '역대급' 수익률 비결ㅣ지식인초대석: CEO EP.1 (김성주 이사장)
2026-05-31 04:55:40,1229071,6500,798,골드만삭스도 한 수 배우고 간 국민연금 '역대급' 수익률 비결ㅣ지식인초대석: CEO EP.1 (김성주 이사장)
2026-05-31 05:43:31,1229071,6500,798,골드만삭스도 한 수 배우고 간 국민연금 '역대급' 수익률 비결ㅣ지식인초대석: CEO EP.1 (김성주 이사장)
2026-05-31 06:41:07,1229103,6500,798,골드만삭스도 한 수 배우고 간 국민연금 '역대급' 수익률 비결ㅣ지식인초대석: CEO EP.1 (김성주 이사장)
2026-05-31 07:36:49,1229101,6500,798,골드만삭스도 한 수 배우고 간 국민연금 '역대급' 수익률 비결ㅣ지식인초대석: CEO EP.1 (김성주 이사장)
2026-05-31 08:37:54,1229103,6500,798,골드만삭스도 한 수 배우고 간 국민연금 '역대급' 수익률 비결ㅣ지식인초대석: CEO EP.1 (김성주 이사장)
2026-05-31 10:37:32,1229123,6500,798,골드만삭스도 한 수 배우고 간 국민연금 '역대급' 수익률 비결ㅣ지식인초대석: CEO EP.1 (김성주 이사장)
2026-05-31 19:52:21,1229421,6503,798,골드만삭스도 한 수 배우고 간 국민연금 '역대급' 수익률 비결ㅣ지식인초대석: CEO EP.1 (김성주 이사장)
2026-05-31 19:53:39,1229421,6503,798,골드만삭스도 한 수 배우고 간 국민연금 '역대급' 수익률 비결ㅣ지식인초대석: CEO EP.1 (김성주 이사장)
2026-05-31 20:15:36,1229434,6502,798,골드만삭스도 한 수 배우고 간 국민연금 '역대급' 수익률 비결ㅣ지식인초대석: CEO EP.1 (김성주 이사장)
2026-05-31 21:49:18,1229499,6503,798,골드만삭스도 한 수 배우고 간 국민연금 '역대급' 수익률 비결ㅣ지식인초대석: CEO EP.1 (김성주 이사장)
2026-05-31 23:23:16,1229579,6504,798,골드만삭스도 한 수 배우고 간 국민연금 '역대급' 수익률 비결ㅣ지식인초대석: CEO EP.1 (김성주 이사장)
2026-06-01 00:44:45,1229639,6504,798,골드만삭스도 한 수 배우고 간 국민연금 '역대급' 수익률 비결ㅣ지식인초대석: CEO EP.1 (김성주 이사장)
2026-06-01 01:47:32,1229658,6504,798,골드만삭스도 한 수 배우고 간 국민연금 '역대급' 수익률 비결ㅣ지식인초대석: CEO EP.1 (김성주 이사장)
2026-06-01 02:47:41,1229658,6504,798,골드만삭스도 한 수 배우고 간 국민연금 '역대급' 수익률 비결ㅣ지식인초대석: CEO EP.1 (김성주 이사장)
2026-06-01 03:55:48,1229658,6504,798,골드만삭스도 한 수 배우고 간 국민연금 '역대급' 수익률 비결ㅣ지식인초대석: CEO EP.1 (김성주 이사장)
2026-06-01 05:03:22,1229741,6504,798,골드만삭스도 한 수 배우고 간 국민연금 '역대급' 수익률 비결ㅣ지식인초대석: CEO EP.1 (김성주 이사장)
2026-06-01 06:12:20,1229759,6504,798,골드만삭스도 한 수 배우고 간 국민연금 '역대급' 수익률 비결ㅣ지식인초대석: CEO EP.1 (김성주 이사장)
2026-06-01 07:14:11,1229768,6506,798,골드만삭스도 한 수 배우고 간 국민연금 '역대급' 수익률 비결ㅣ지식인초대석: CEO EP.1 (김성주 이사장)
2026-06-01 08:19:09,1229780,6507,798,골드만삭스도 한 수 배우고 간 국민연금 '역대급' 수익률 비결ㅣ지식인초대석: CEO EP.1 (김성주 이사장)
2026-06-01 09:18:10,1229807,6507,798,골드만삭스도 한 수 배우고 간 국민연금 '역대급' 수익률 비결ㅣ지식인초대석: CEO EP.1 (김성주 이사장)
2026-06-01 14:20:57,1229916,6509,798,골드만삭스도 한 수 배우고 간 국민연금 '역대급' 수익률 비결ㅣ지식인초대석: CEO EP.1 (김성주 이사장)
2026-06-01 19:35:43,1230028,6510,798,골드만삭스도 한 수 배우고 간 국민연금 '역대급' 수익률 비결ㅣ지식인초대석: CEO EP.1 (김성주 이사장)
2026-06-02 01:25:40,1230116,6510,800,골드만삭스도 한 수 배우고 간 국민연금 '역대급' 수익률 비결ㅣ지식인초대석: CEO EP.1 (김성주 이사장)
2026-06-02 05:42:54,1230236,6510,800,골드만삭스도 한 수 배우고 간 국민연금 '역대급' 수익률 비결ㅣ지식인초대석: CEO EP.1 (김성주 이사장)
2026-06-02 07:51:47,1230261,6511,800,골드만삭스도 한 수 배우고 간 국민연금 '역대급' 수익률 비결ㅣ지식인초대석: CEO EP.1 (김성주 이사장)
2026-06-02 09:02:54,1230261,6511,800,골드만삭스도 한 수 배우고 간 국민연금 '역대급' 수익률 비결ㅣ지식인초대석: CEO EP.1 (김성주 이사장)
2026-06-02 13:55:55,1230331,6512,800,골드만삭스도 한 수 배우고 간 국민연금 '역대급' 수익률 비결ㅣ지식인초대석: CEO EP.1 (김성주 이사장)
2026-06-02 18:03:39,1230394,6513,800,골드만삭스도 한 수 배우고 간 국민연금 '역대급' 수익률 비결ㅣ지식인초대석: CEO EP.1 (김성주 이사장)
2026-06-02 21:49:34,1230455,6513,800,골드만삭스도 한 수 배우고 간 국민연금 '역대급' 수익률 비결ㅣ지식인초대석: CEO EP.1 (김성주 이사장)
2026-06-03 02:11:27,1230556,6515,801,골드만삭스도 한 수 배우고 간 국민연금 '역대급' 수익률 비결ㅣ지식인초대석: CEO EP.1 (김성주 이사장)
2026-06-03 05:19:06,1230575,6515,801,골드만삭스도 한 수 배우고 간 국민연금 '역대급' 수익률 비결ㅣ지식인초대석: CEO EP.1 (김성주 이사장)
2026-06-03 07:31:07,1230617,6515,801,골드만삭스도 한 수 배우고 간 국민연금 '역대급' 수익률 비결ㅣ지식인초대석: CEO EP.1 (김성주 이사장)
2026-06-03 09:14:06,1230644,6516,801,골드만삭스도 한 수 배우고 간 국민연금 '역대급' 수익률 비결ㅣ지식인초대석: CEO EP.1 (김성주 이사장)
2026-06-03 14:18:27,1230741,6516,801,골드만삭스도 한 수 배우고 간 국민연금 '역대급' 수익률 비결ㅣ지식인초대석: CEO EP.1 (김성주 이사장)
2026-06-03 19:12:18,1230847,6518,801,골드만삭스도 한 수 배우고 간 국민연금 '역대급' 수익률 비결ㅣ지식인초대석: CEO EP.1 (김성주 이사장)
2026-06-04 00:04:09,1230933,6519,801,골드만삭스도 한 수 배우고 간 국민연금 '역대급' 수익률 비결ㅣ지식인초대석: CEO EP.1 (김성주 이사장)
2026-06-04 03:55:12,1231037,6520,801,골드만삭스도 한 수 배우고 간 국민연금 '역대급' 수익률 비결ㅣ지식인초대석: CEO EP.1 (김성주 이사장)
2026-06-04 06:43:26,1231048,6521,801,골드만삭스도 한 수 배우고 간 국민연금 '역대급' 수익률 비결ㅣ지식인초대석: CEO EP.1 (김성주 이사장)
2026-06-04 08:23:58,1231062,6521,801,골드만삭스도 한 수 배우고 간 국민연금 '역대급' 수익률 비결ㅣ지식인초대석: CEO EP.1 (김성주 이사장)
2026-06-04 11:02:41,1231108,6521,801,골드만삭스도 한 수 배우고 간 국민연금 '역대급' 수익률 비결ㅣ지식인초대석: CEO EP.1 (김성주 이사장)
2026-06-04 15:52:35,1231178,6523,801,골드만삭스도 한 수 배우고 간 국민연금 '역대급' 수익률 비결ㅣ지식인초대석: CEO EP.1 (김성주 이사장)
2026-06-04 19:31:51,1231274,6524,801,골드만삭스도 한 수 배우고 간 국민연금 '역대급' 수익률 비결ㅣ지식인초대석: CEO EP.1 (김성주 이사장)
2026-06-04 22:43:41,1231337,6528,801,골드만삭스도 한 수 배우고 간 국민연금 '역대급' 수익률 비결ㅣ지식인초대석: CEO EP.1 (김성주 이사장)
2026-06-05 01:36:59,1231390,6526,801,골드만삭스도 한 수 배우고 간 국민연금 '역대급' 수익률 비결ㅣ지식인초대석: CEO EP.1 (김성주 이사장)
2026-06-05 03:38:50,1231390,6526,801,골드만삭스도 한 수 배우고 간 국민연금 '역대급' 수익률 비결ㅣ지식인초대석: CEO EP.1 (김성주 이사장)
2026-06-05 05:38:20,1231420,6526,801,골드만삭스도 한 수 배우고 간 국민연금 '역대급' 수익률 비결ㅣ지식인초대석: CEO EP.1 (김성주 이사장)
2026-06-05 07:10:59,1231453,6526,801,골드만삭스도 한 수 배우고 간 국민연금 '역대급' 수익률 비결ㅣ지식인초대석: CEO EP.1 (김성주 이사장)
2026-06-05 08:36:12,1231457,6526,801,골드만삭스도 한 수 배우고 간 국민연금 '역대급' 수익률 비결ㅣ지식인초대석: CEO EP.1 (김성주 이사장)
2026-06-05 10:40:03,1231501,6526,801,골드만삭스도 한 수 배우고 간 국민연금 '역대급' 수익률 비결ㅣ지식인초대석: CEO EP.1 (김성주 이사장)
2026-06-05 15:07:06,1231531,6526,801,골드만삭스도 한 수 배우고 간 국민연금 '역대급' 수익률 비결ㅣ지식인초대석: CEO EP.1 (김성주 이사장)
2026-06-05 19:12:46,1231660,6526,801,골드만삭스도 한 수 배우고 간 국민연금 '역대급' 수익률 비결ㅣ지식인초대석: CEO EP.1 (김성주 이사장)
2026-06-05 22:25:19,1231723,6526,801,골드만삭스도 한 수 배우고 간 국민연금 '역대급' 수익률 비결ㅣ지식인초대석: CEO EP.1 (김성주 이사장)
2026-06-06 01:11:59,1231841,6528,801,골드만삭스도 한 수 배우고 간 국민연금 '역대급' 수익률 비결ㅣ지식인초대석: CEO EP.1 (김성주 이사장)
2026-06-06 03:08:01,1231883,6529,801,골드만삭스도 한 수 배우고 간 국민연금 '역대급' 수익률 비결ㅣ지식인초대석: CEO EP.1 (김성주 이사장)
2026-06-06 05:07:58,1231883,6529,801,골드만삭스도 한 수 배우고 간 국민연금 '역대급' 수익률 비결ㅣ지식인초대석: CEO EP.1 (김성주 이사장)
2026-06-06 06:42:44,1231923,6529,801,골드만삭스도 한 수 배우고 간 국민연금 '역대급' 수익률 비결ㅣ지식인초대석: CEO EP.1 (김성주 이사장)
2026-06-06 07:47:37,1231939,6530,801,골드만삭스도 한 수 배우고 간 국민연금 '역대급' 수익률 비결ㅣ지식인초대석: CEO EP.1 (김성주 이사장)
2026-06-06 08:53:21,1231958,6531,801,골드만삭스도 한 수 배우고 간 국민연금 '역대급' 수익률 비결ㅣ지식인초대석: CEO EP.1 (김성주 이사장)
2026-06-06 10:52:01,1231995,6531,801,골드만삭스도 한 수 배우고 간 국민연금 '역대급' 수익률 비결ㅣ지식인초대석: CEO EP.1 (김성주 이사장)
2026-06-06 14:43:24,1232089,6532,803,골드만삭스도 한 수 배우고 간 국민연금 '역대급' 수익률 비결ㅣ지식인초대석: CEO EP.1 (김성주 이사장)
2026-06-06 17:14:21,1232121,6532,803,골드만삭스도 한 수 배우고 간 국민연금 '역대급' 수익률 비결ㅣ지식인초대석: CEO EP.1 (김성주 이사장)
2026-06-06 19:23:06,1232194,6532,803,골드만삭스도 한 수 배우고 간 국민연금 '역대급' 수익률 비결ㅣ지식인초대석: CEO EP.1 (김성주 이사장)
2026-06-06 20:50:33,1232222,6532,803,골드만삭스도 한 수 배우고 간 국민연금 '역대급' 수익률 비결ㅣ지식인초대석: CEO EP.1 (김성주 이사장)
2026-06-06 21:58:54,1232258,6532,804,골드만삭스도 한 수 배우고 간 국민연금 '역대급' 수익률 비결ㅣ지식인초대석: CEO EP.1 (김성주 이사장)
2026-06-06 23:43:18,1232286,6533,805,골드만삭스도 한 수 배우고 간 국민연금 '역대급' 수익률 비결ㅣ지식인초대석: CEO EP.1 (김성주 이사장)
2026-06-07 00:57:32,1232309,6532,804,골드만삭스도 한 수 배우고 간 국민연금 '역대급' 수익률 비결ㅣ지식인초대석: CEO EP.1 (김성주 이사장)
2026-06-07 02:12:56,1232331,6533,804,골드만삭스도 한 수 배우고 간 국민연금 '역대급' 수익률 비결ㅣ지식인초대석: CEO EP.1 (김성주 이사장)
2026-06-07 03:21:21,1232340,6533,804,골드만삭스도 한 수 배우고 간 국민연금 '역대급' 수익률 비결ㅣ지식인초대석: CEO EP.1 (김성주 이사장)
2026-06-07 04:50:40,1232340,6533,804,골드만삭스도 한 수 배우고 간 국민연금 '역대급' 수익률 비결ㅣ지식인초대석: CEO EP.1 (김성주 이사장)
2026-06-07 05:50:19,1232377,6533,804,골드만삭스도 한 수 배우고 간 국민연금 '역대급' 수익률 비결ㅣ지식인초대석: CEO EP.1 (김성주 이사장)
2026-06-07 06:48:47,1232377,6533,804,골드만삭스도 한 수 배우고 간 국민연금 '역대급' 수익률 비결ㅣ지식인초대석: CEO EP.1 (김성주 이사장)
2026-06-07 07:47:15,1232386,6532,804,골드만삭스도 한 수 배우고 간 국민연금 '역대급' 수익률 비결ㅣ지식인초대석: CEO EP.1 (김성주 이사장)
2026-06-07 08:47:52,1232394,6532,804,골드만삭스도 한 수 배우고 간 국민연금 '역대급' 수익률 비결ㅣ지식인초대석: CEO EP.1 (김성주 이사장)
2026-06-07 10:59:29,1232422,6532,804,골드만삭스도 한 수 배우고 간 국민연금 '역대급' 수익률 비결ㅣ지식인초대석: CEO EP.1 (김성주 이사장)
2026-06-07 15:32:43,1232491,6532,804,골드만삭스도 한 수 배우고 간 국민연금 '역대급' 수익률 비결ㅣ지식인초대석: CEO EP.1 (김성주 이사장)
2026-06-07 18:48:03,1232538,6533,808,골드만삭스도 한 수 배우고 간 국민연금 '역대급' 수익률 비결ㅣ지식인초대석: CEO EP.1 (김성주 이사장)
2026-06-07 20:28:49,1232538,6533,808,골드만삭스도 한 수 배우고 간 국민연금 '역대급' 수익률 비결ㅣ지식인초대석: CEO EP.1 (김성주 이사장)
2026-06-07 22:04:56,1232628,6534,808,골드만삭스도 한 수 배우고 간 국민연금 '역대급' 수익률 비결ㅣ지식인초대석: CEO EP.1 (김성주 이사장)
2026-06-07 23:57:56,1232654,6534,808,골드만삭스도 한 수 배우고 간 국민연금 '역대급' 수익률 비결ㅣ지식인초대석: CEO EP.1 (김성주 이사장)
2026-06-08 01:16:15,1232654,6534,808,골드만삭스도 한 수 배우고 간 국민연금 '역대급' 수익률 비결ㅣ지식인초대석: CEO EP.1 (김성주 이사장)
2026-06-08 02:42:15,1232700,6534,808,골드만삭스도 한 수 배우고 간 국민연금 '역대급' 수익률 비결ㅣ지식인초대석: CEO EP.1 (김성주 이사장)
2026-06-08 03:57:03,1232743,6535,808,골드만삭스도 한 수 배우고 간 국민연금 '역대급' 수익률 비결ㅣ지식인초대석: CEO EP.1 (김성주 이사장)
2026-06-08 05:09:45,1232743,6535,808,골드만삭스도 한 수 배우고 간 국민연금 '역대급' 수익률 비결ㅣ지식인초대석: CEO EP.1 (김성주 이사장)
2026-06-08 06:35:13,1232767,6535,808,골드만삭스도 한 수 배우고 간 국민연금 '역대급' 수익률 비결ㅣ지식인초대석: CEO EP.1 (김성주 이사장)
2026-06-08 07:41:25,1232768,6535,808,골드만삭스도 한 수 배우고 간 국민연금 '역대급' 수익률 비결ㅣ지식인초대석: CEO EP.1 (김성주 이사장)
2026-06-08 08:44:04,1232767,6535,808,골드만삭스도 한 수 배우고 간 국민연금 '역대급' 수익률 비결ㅣ지식인초대석: CEO EP.1 (김성주 이사장)
2026-06-08 11:02:08,1232796,6535,808,골드만삭스도 한 수 배우고 간 국민연금 '역대급' 수익률 비결ㅣ지식인초대석: CEO EP.1 (김성주 이사장)
2026-06-08 15:56:02,1232837,6538,808,골드만삭스도 한 수 배우고 간 국민연금 '역대급' 수익률 비결ㅣ지식인초대석: CEO EP.1 (김성주 이사장)
2026-06-08 20:52:46,1232933,6540,807,골드만삭스도 한 수 배우고 간 국민연금 '역대급' 수익률 비결ㅣ지식인초대석: CEO EP.1 (김성주 이사장)
2026-06-09 00:19:42,1232987,6542,807,골드만삭스도 한 수 배우고 간 국민연금 '역대급' 수익률 비결ㅣ지식인초대석: CEO EP.1 (김성주 이사장)
2026-06-09 03:09:42,1233025,6542,806,골드만삭스도 한 수 배우고 간 국민연금 '역대급' 수익률 비결ㅣ지식인초대석: CEO EP.1 (김성주 이사장)
2026-06-09 05:35:51,1233025,6542,806,골드만삭스도 한 수 배우고 간 국민연금 '역대급' 수익률 비결ㅣ지식인초대석: CEO EP.1 (김성주 이사장)
2026-06-09 07:13:44,1233037,6542,806,골드만삭스도 한 수 배우고 간 국민연금 '역대급' 수익률 비결ㅣ지식인초대석: CEO EP.1 (김성주 이사장)
2026-06-09 08:37:46,1233037,6542,806,골드만삭스도 한 수 배우고 간 국민연금 '역대급' 수익률 비결ㅣ지식인초대석: CEO EP.1 (김성주 이사장)
2026-06-09 10:30:13,1233054,6542,806,골드만삭스도 한 수 배우고 간 국민연금 '역대급' 수익률 비결ㅣ지식인초대석: CEO EP.1 (김성주 이사장)
2026-06-09 14:47:41,1233088,6542,806,골드만삭스도 한 수 배우고 간 국민연금 '역대급' 수익률 비결ㅣ지식인초대석: CEO EP.1 (김성주 이사장)
2026-06-09 17:51:52,1233112,6542,806,골드만삭스도 한 수 배우고 간 국민연금 '역대급' 수익률 비결ㅣ지식인초대석: CEO EP.1 (김성주 이사장)
2026-06-09 20:49:56,1233149,6542,806,골드만삭스도 한 수 배우고 간 국민연금 '역대급' 수익률 비결ㅣ지식인초대석: CEO EP.1 (김성주 이사장)
2026-06-09 23:09:49,1233169,6542,806,골드만삭스도 한 수 배우고 간 국민연금 '역대급' 수익률 비결ㅣ지식인초대석: CEO EP.1 (김성주 이사장)
2026-06-10 01:46:02,1233206,6542,806,골드만삭스도 한 수 배우고 간 국민연금 '역대급' 수익률 비결ㅣ지식인초대석: CEO EP.1 (김성주 이사장)
2026-06-10 04:01:36,1233206,6542,806,골드만삭스도 한 수 배우고 간 국민연금 '역대급' 수익률 비결ㅣ지식인초대석: CEO EP.1 (김성주 이사장)
2026-06-10 06:04:05,1233222,6542,806,골드만삭스도 한 수 배우고 간 국민연금 '역대급' 수익률 비결ㅣ지식인초대석: CEO EP.1 (김성주 이사장)
2026-06-10 07:44:46,1233229,6542,806,골드만삭스도 한 수 배우고 간 국민연금 '역대급' 수익률 비결ㅣ지식인초대석: CEO EP.1 (김성주 이사장)
2026-06-10 09:00:10,1233229,6542,806,골드만삭스도 한 수 배우고 간 국민연금 '역대급' 수익률 비결ㅣ지식인초대석: CEO EP.1 (김성주 이사장)
2026-06-10 13:15:12,1233265,6543,806,골드만삭스도 한 수 배우고 간 국민연금 '역대급' 수익률 비결ㅣ지식인초대석: CEO EP.1 (김성주 이사장)
2026-06-10 17:18:48,1233314,6544,806,골드만삭스도 한 수 배우고 간 국민연금 '역대급' 수익률 비결ㅣ지식인초대석: CEO EP.1 (김성주 이사장)
2026-06-10 20:49:57,1233332,6544,806,골드만삭스도 한 수 배우고 간 국민연금 '역대급' 수익률 비결ㅣ지식인초대석: CEO EP.1 (김성주 이사장)
2026-06-10 23:43:04,1233364,6544,806,골드만삭스도 한 수 배우고 간 국민연금 '역대급' 수익률 비결ㅣ지식인초대석: CEO EP.1 (김성주 이사장)
2026-06-11 02:45:22,1233382,6544,806,골드만삭스도 한 수 배우고 간 국민연금 '역대급' 수익률 비결ㅣ지식인초대석: CEO EP.1 (김성주 이사장)
2026-06-11 05:00:03,1233399,6544,806,골드만삭스도 한 수 배우고 간 국민연금 '역대급' 수익률 비결ㅣ지식인초대석: CEO EP.1 (김성주 이사장)
2026-06-11 07:08:42,1233399,6544,806,골드만삭스도 한 수 배우고 간 국민연금 '역대급' 수익률 비결ㅣ지식인초대석: CEO EP.1 (김성주 이사장)
2026-06-11 08:48:19,1233411,6545,806,골드만삭스도 한 수 배우고 간 국민연금 '역대급' 수익률 비결ㅣ지식인초대석: CEO EP.1 (김성주 이사장)
2026-06-11 11:06:20,1233411,6545,806,골드만삭스도 한 수 배우고 간 국민연금 '역대급' 수익률 비결ㅣ지식인초대석: CEO EP.1 (김성주 이사장)
2026-06-11 16:01:36,1233449,6545,806,골드만삭스도 한 수 배우고 간 국민연금 '역대급' 수익률 비결ㅣ지식인초대석: CEO EP.1 (김성주 이사장)
2026-06-11 20:43:25,1233471,6546,806,골드만삭스도 한 수 배우고 간 국민연금 '역대급' 수익률 비결ㅣ지식인초대석: CEO EP.1 (김성주 이사장)
2026-06-12 00:06:17,1233500,6547,806,골드만삭스도 한 수 배우고 간 국민연금 '역대급' 수익률 비결ㅣ지식인초대석: CEO EP.1 (김성주 이사장)
2026-06-12 03:27:56,1233519,6547,806,골드만삭스도 한 수 배우고 간 국민연금 '역대급' 수익률 비결ㅣ지식인초대석: CEO EP.1 (김성주 이사장)
2026-06-12 05:43:47,1233519,6547,806,골드만삭스도 한 수 배우고 간 국민연금 '역대급' 수익률 비결ㅣ지식인초대석: CEO EP.1 (김성주 이사장)
2026-06-12 07:30:24,1233531,6548,806,골드만삭스도 한 수 배우고 간 국민연금 '역대급' 수익률 비결ㅣ지식인초대석: CEO EP.1 (김성주 이사장)
2026-06-12 09:05:53,1233533,6548,806,골드만삭스도 한 수 배우고 간 국민연금 '역대급' 수익률 비결ㅣ지식인초대석: CEO EP.1 (김성주 이사장)
2026-06-12 13:59:04,1233558,6548,806,골드만삭스도 한 수 배우고 간 국민연금 '역대급' 수익률 비결ㅣ지식인초대석: CEO EP.1 (김성주 이사장)
2026-06-12 17:59:53,1233576,6548,806,골드만삭스도 한 수 배우고 간 국민연금 '역대급' 수익률 비결ㅣ지식인초대석: CEO EP.1 (김성주 이사장)
2026-06-12 21:23:29,1233614,6548,808,골드만삭스도 한 수 배우고 간 국민연금 '역대급' 수익률 비결ㅣ지식인초대석: CEO EP.1 (김성주 이사장)
2026-06-13 00:44:50,1233638,6548,808,골드만삭스도 한 수 배우고 간 국민연금 '역대급' 수익률 비결ㅣ지식인초대석: CEO EP.1 (김성주 이사장)
2026-06-13 02:54:19,1233640,6548,808,골드만삭스도 한 수 배우고 간 국민연금 '역대급' 수익률 비결ㅣ지식인초대석: CEO EP.1 (김성주 이사장)
2026-06-13 04:52:02,1233655,6548,808,골드만삭스도 한 수 배우고 간 국민연금 '역대급' 수익률 비결ㅣ지식인초대석: CEO EP.1 (김성주 이사장)
2026-06-13 06:22:23,1233655,6548,808,골드만삭스도 한 수 배우고 간 국민연금 '역대급' 수익률 비결ㅣ지식인초대석: CEO EP.1 (김성주 이사장)
2026-06-13 07:52:06,1233667,6549,808,골드만삭스도 한 수 배우고 간 국민연금 '역대급' 수익률 비결ㅣ지식인초대석: CEO EP.1 (김성주 이사장)
2026-06-13 09:09:12,1233669,6549,808,골드만삭스도 한 수 배우고 간 국민연금 '역대급' 수익률 비결ㅣ지식인초대석: CEO EP.1 (김성주 이사장)
2026-06-13 13:47:49,1233705,6548,808,골드만삭스도 한 수 배우고 간 국민연금 '역대급' 수익률 비결ㅣ지식인초대석: CEO EP.1 (김성주 이사장)
2026-06-13 17:13:46,1233727,6549,808,골드만삭스도 한 수 배우고 간 국민연금 '역대급' 수익률 비결ㅣ지식인초대석: CEO EP.1 (김성주 이사장)
2026-06-13 19:39:16,1233766,6549,808,골드만삭스도 한 수 배우고 간 국민연금 '역대급' 수익률 비결ㅣ지식인초대석: CEO EP.1 (김성주 이사장)
2026-06-13 21:13:57,1233769,6549,808,골드만삭스도 한 수 배우고 간 국민연금 '역대급' 수익률 비결ㅣ지식인초대석: CEO EP.1 (김성주 이사장)
2026-06-13 23:27:30,1233793,6549,808,골드만삭스도 한 수 배우고 간 국민연금 '역대급' 수익률 비결ㅣ지식인초대석: CEO EP.1 (김성주 이사장)
2026-06-14 00:57:44,1233793,6549,808,골드만삭스도 한 수 배우고 간 국민연금 '역대급' 수익률 비결ㅣ지식인초대석: CEO EP.1 (김성주 이사장)
2026-06-14 02:22:05,1233815,6549,808,골드만삭스도 한 수 배우고 간 국민연금 '역대급' 수익률 비결ㅣ지식인초대석: CEO EP.1 (김성주 이사장)
2026-06-14 03:49:59,1233815,6549,808,골드만삭스도 한 수 배우고 간 국민연금 '역대급' 수익률 비결ㅣ지식인초대석: CEO EP.1 (김성주 이사장)
2026-06-14 05:09:15,1233827,6549,808,골드만삭스도 한 수 배우고 간 국민연금 '역대급' 수익률 비결ㅣ지식인초대석: CEO EP.1 (김성주 이사장)
2026-06-14 06:36:52,1233826,6549,808,골드만삭스도 한 수 배우고 간 국민연금 '역대급' 수익률 비결ㅣ지식인초대석: CEO EP.1 (김성주 이사장)
2026-06-14 07:43:10,1233827,6549,808,골드만삭스도 한 수 배우고 간 국민연금 '역대급' 수익률 비결ㅣ지식인초대석: CEO EP.1 (김성주 이사장)
2026-06-14 08:47:48,1233831,6549,808,골드만삭스도 한 수 배우고 간 국민연금 '역대급' 수익률 비결ㅣ지식인초대석: CEO EP.1 (김성주 이사장)
2026-06-14 11:04:14,1233836,6549,808,골드만삭스도 한 수 배우고 간 국민연금 '역대급' 수익률 비결ㅣ지식인초대석: CEO EP.1 (김성주 이사장)
2026-06-14 15:53:47,1233888,6550,808,골드만삭스도 한 수 배우고 간 국민연금 '역대급' 수익률 비결ㅣ지식인초대석: CEO EP.1 (김성주 이사장)
2026-06-14 19:18:49,1233920,6550,808,골드만삭스도 한 수 배우고 간 국민연금 '역대급' 수익률 비결ㅣ지식인초대석: CEO EP.1 (김성주 이사장)
2026-06-14 21:18:40,1233959,6550,808,골드만삭스도 한 수 배우고 간 국민연금 '역대급' 수익률 비결ㅣ지식인초대석: CEO EP.1 (김성주 이사장)
2026-06-14 23:34:16,1233986,6550,808,골드만삭스도 한 수 배우고 간 국민연금 '역대급' 수익률 비결ㅣ지식인초대석: CEO EP.1 (김성주 이사장)
2026-06-15 01:08:51,1233985,6550,808,골드만삭스도 한 수 배우고 간 국민연금 '역대급' 수익률 비결ㅣ지식인초대석: CEO EP.1 (김성주 이사장)
2026-06-15 02:44:20,1234007,6550,808,골드만삭스도 한 수 배우고 간 국민연금 '역대급' 수익률 비결ㅣ지식인초대석: CEO EP.1 (김성주 이사장)
2026-06-15 03:59:28,1234007,6550,808,골드만삭스도 한 수 배우고 간 국민연금 '역대급' 수익률 비결ㅣ지식인초대석: CEO EP.1 (김성주 이사장)
2026-06-15 05:21:25,1234022,6550,808,골드만삭스도 한 수 배우고 간 국민연금 '역대급' 수익률 비결ㅣ지식인초대석: CEO EP.1 (김성주 이사장)
2026-06-15 06:46:06,1234022,6550,808,골드만삭스도 한 수 배우고 간 국민연금 '역대급' 수익률 비결ㅣ지식인초대석: CEO EP.1 (김성주 이사장)
2026-06-15 07:53:42,1234027,6549,808,골드만삭스도 한 수 배우고 간 국민연금 '역대급' 수익률 비결ㅣ지식인초대석: CEO EP.1 (김성주 이사장)
2026-06-15 08:59:23,1234027,6549,808,골드만삭스도 한 수 배우고 간 국민연금 '역대급' 수익률 비결ㅣ지식인초대석: CEO EP.1 (김성주 이사장)
2026-06-15 13:48:36,1234051,6549,808,골드만삭스도 한 수 배우고 간 국민연금 '역대급' 수익률 비결ㅣ지식인초대석: CEO EP.1 (김성주 이사장)
2026-06-15 19:47:30,1234089,6549,808,골드만삭스도 한 수 배우고 간 국민연금 '역대급' 수익률 비결ㅣ지식인초대석: CEO EP.1 (김성주 이사장)
2026-06-16 01:11:05,1234129,6549,808,골드만삭스도 한 수 배우고 간 국민연금 '역대급' 수익률 비결ㅣ지식인초대석: CEO EP.1 (김성주 이사장)
2026-06-16 04:55:30,1234147,6549,808,골드만삭스도 한 수 배우고 간 국민연금 '역대급' 수익률 비결ㅣ지식인초대석: CEO EP.1 (김성주 이사장)
2026-06-16 07:12:24,1234157,6549,808,골드만삭스도 한 수 배우고 간 국민연금 '역대급' 수익률 비결ㅣ지식인초대석: CEO EP.1 (김성주 이사장)
2026-06-16 09:02:12,1234164,6549,808,골드만삭스도 한 수 배우고 간 국민연금 '역대급' 수익률 비결ㅣ지식인초대석: CEO EP.1 (김성주 이사장)
2026-06-16 14:24:45,1234186,6548,808,골드만삭스도 한 수 배우고 간 국민연금 '역대급' 수익률 비결ㅣ지식인초대석: CEO EP.1 (김성주 이사장)
2026-06-16 19:23:43,1234226,6548,808,골드만삭스도 한 수 배우고 간 국민연금 '역대급' 수익률 비결ㅣ지식인초대석: CEO EP.1 (김성주 이사장)
2026-06-17 00:24:55,1234279,6548,808,골드만삭스도 한 수 배우고 간 국민연금 '역대급' 수익률 비결ㅣ지식인초대석: CEO EP.1 (김성주 이사장)
2026-06-17 04:01:19,1234323,6549,808,골드만삭스도 한 수 배우고 간 국민연금 '역대급' 수익률 비결ㅣ지식인초대석: CEO EP.1 (김성주 이사장)
2026-06-17 06:44:23,1234323,6549,808,골드만삭스도 한 수 배우고 간 국민연금 '역대급' 수익률 비결ㅣ지식인초대석: CEO EP.1 (김성주 이사장)
2026-06-17 08:11:19,1234329,6549,808,골드만삭스도 한 수 배우고 간 국민연금 '역대급' 수익률 비결ㅣ지식인초대석: CEO EP.1 (김성주 이사장)
2026-06-17 10:41:08,1234347,6549,808,골드만삭스도 한 수 배우고 간 국민연금 '역대급' 수익률 비결ㅣ지식인초대석: CEO EP.1 (김성주 이사장)
2026-06-17 15:50:15,1234369,6550,808,골드만삭스도 한 수 배우고 간 국민연금 '역대급' 수익률 비결ㅣ지식인초대석: CEO EP.1 (김성주 이사장)
2026-06-17 20:24:31,1234405,6550,811,골드만삭스도 한 수 배우고 간 국민연금 '역대급' 수익률 비결ㅣ지식인초대석: CEO EP.1 (김성주 이사장)
2026-06-17 23:32:25,1234406,6550,811,골드만삭스도 한 수 배우고 간 국민연금 '역대급' 수익률 비결ㅣ지식인초대석: CEO EP.1 (김성주 이사장)
2026-06-18 02:33:13,1234442,6551,811,골드만삭스도 한 수 배우고 간 국민연금 '역대급' 수익률 비결ㅣ지식인초대석: CEO EP.1 (김성주 이사장)
2026-06-18 04:39:05,1234454,6552,811,골드만삭스도 한 수 배우고 간 국민연금 '역대급' 수익률 비결ㅣ지식인초대석: CEO EP.1 (김성주 이사장)
2026-06-18 06:34:26,1234454,6552,811,골드만삭스도 한 수 배우고 간 국민연금 '역대급' 수익률 비결ㅣ지식인초대석: CEO EP.1 (김성주 이사장)
2026-06-18 08:04:26,1234470,6553,811,골드만삭스도 한 수 배우고 간 국민연금 '역대급' 수익률 비결ㅣ지식인초대석: CEO EP.1 (김성주 이사장)
2026-06-18 09:24:48,1234470,6553,811,골드만삭스도 한 수 배우고 간 국민연금 '역대급' 수익률 비결ㅣ지식인초대석: CEO EP.1 (김성주 이사장)
2026-06-18 14:13:06,1234503,6553,811,골드만삭스도 한 수 배우고 간 국민연금 '역대급' 수익률 비결ㅣ지식인초대석: CEO EP.1 (김성주 이사장)
2026-06-18 18:46:17,1234545,6552,811,골드만삭스도 한 수 배우고 간 국민연금 '역대급' 수익률 비결ㅣ지식인초대석: CEO EP.1 (김성주 이사장)
2026-06-18 21:42:02,1234572,6552,811,골드만삭스도 한 수 배우고 간 국민연금 '역대급' 수익률 비결ㅣ지식인초대석: CEO EP.1 (김성주 이사장)
2026-06-19 01:16:14,1234592,6552,811,골드만삭스도 한 수 배우고 간 국민연금 '역대급' 수익률 비결ㅣ지식인초대석: CEO EP.1 (김성주 이사장)
2026-06-19 03:37:49,1234608,6552,811,골드만삭스도 한 수 배우고 간 국민연금 '역대급' 수익률 비결ㅣ지식인초대석: CEO EP.1 (김성주 이사장)
2026-06-19 06:10:10,1234608,6552,811,골드만삭스도 한 수 배우고 간 국민연금 '역대급' 수익률 비결ㅣ지식인초대석: CEO EP.1 (김성주 이사장)
2026-06-19 08:03:52,1234618,6552,811,골드만삭스도 한 수 배우고 간 국민연금 '역대급' 수익률 비결ㅣ지식인초대석: CEO EP.1 (김성주 이사장)
2026-06-19 10:49:56,1234629,6552,811,골드만삭스도 한 수 배우고 간 국민연금 '역대급' 수익률 비결ㅣ지식인초대석: CEO EP.1 (김성주 이사장)
2026-06-19 15:52:09,1234644,6551,811,골드만삭스도 한 수 배우고 간 국민연금 '역대급' 수익률 비결ㅣ지식인초대석: CEO EP.1 (김성주 이사장)
2026-06-19 20:09:15,1234684,6551,811,골드만삭스도 한 수 배우고 간 국민연금 '역대급' 수익률 비결ㅣ지식인초대석: CEO EP.1 (김성주 이사장)
2026-06-19 23:20:47,1234702,6551,811,골드만삭스도 한 수 배우고 간 국민연금 '역대급' 수익률 비결ㅣ지식인초대석: CEO EP.1 (김성주 이사장)
2026-06-20 01:43:21,1234721,6552,811,골드만삭스도 한 수 배우고 간 국민연금 '역대급' 수익률 비결ㅣ지식인초대석: CEO EP.1 (김성주 이사장)
2026-06-20 03:26:46,1234721,6552,811,골드만삭스도 한 수 배우고 간 국민연금 '역대급' 수익률 비결ㅣ지식인초대석: CEO EP.1 (김성주 이사장)
2026-06-20 05:13:48,1234735,6552,811,골드만삭스도 한 수 배우고 간 국민연금 '역대급' 수익률 비결ㅣ지식인초대석: CEO EP.1 (김성주 이사장)
2026-06-20 06:35:42,1234735,6552,811,골드만삭스도 한 수 배우고 간 국민연금 '역대급' 수익률 비결ㅣ지식인초대석: CEO EP.1 (김성주 이사장)
2026-06-20 07:33:34,1234735,6552,811,골드만삭스도 한 수 배우고 간 국민연금 '역대급' 수익률 비결ㅣ지식인초대석: CEO EP.1 (김성주 이사장)
2026-06-20 08:42:37,1234747,6552,811,골드만삭스도 한 수 배우고 간 국민연금 '역대급' 수익률 비결ㅣ지식인초대석: CEO EP.1 (김성주 이사장)
2026-06-20 10:51:19,1234762,6553,811,골드만삭스도 한 수 배우고 간 국민연금 '역대급' 수익률 비결ㅣ지식인초대석: CEO EP.1 (김성주 이사장)
2026-06-20 15:06:36,1234793,6554,811,골드만삭스도 한 수 배우고 간 국민연금 '역대급' 수익률 비결ㅣ지식인초대석: CEO EP.1 (김성주 이사장)
2026-06-20 18:35:07,1234832,6554,811,골드만삭스도 한 수 배우고 간 국민연금 '역대급' 수익률 비결ㅣ지식인초대석: CEO EP.1 (김성주 이사장)
2026-06-20 20:32:13,1234829,6554,811,골드만삭스도 한 수 배우고 간 국민연금 '역대급' 수익률 비결ㅣ지식인초대석: CEO EP.1 (김성주 이사장)
2026-06-20 22:08:17,1234869,6554,811,골드만삭스도 한 수 배우고 간 국민연금 '역대급' 수익률 비결ㅣ지식인초대석: CEO EP.1 (김성주 이사장)
2026-06-21 00:10:55,1234907,6554,811,골드만삭스도 한 수 배우고 간 국민연금 '역대급' 수익률 비결ㅣ지식인초대석: CEO EP.1 (김성주 이사장)
2026-06-21 01:48:01,1234908,6554,811,골드만삭스도 한 수 배우고 간 국민연금 '역대급' 수익률 비결ㅣ지식인초대석: CEO EP.1 (김성주 이사장)
2026-06-21 03:02:11,1234929,6554,811,골드만삭스도 한 수 배우고 간 국민연금 '역대급' 수익률 비결ㅣ지식인초대석: CEO EP.1 (김성주 이사장)
2026-06-21 04:49:47,1234929,6554,811,골드만삭스도 한 수 배우고 간 국민연금 '역대급' 수익률 비결ㅣ지식인초대석: CEO EP.1 (김성주 이사장)
2026-06-21 05:58:13,1234955,6554,811,골드만삭스도 한 수 배우고 간 국민연금 '역대급' 수익률 비결ㅣ지식인초대석: CEO EP.1 (김성주 이사장)
2026-06-21 07:07:46,1234955,6554,811,골드만삭스도 한 수 배우고 간 국민연금 '역대급' 수익률 비결ㅣ지식인초대석: CEO EP.1 (김성주 이사장)
2026-06-21 08:23:13,1234954,6554,811,골드만삭스도 한 수 배우고 간 국민연금 '역대급' 수익률 비결ㅣ지식인초대석: CEO EP.1 (김성주 이사장)
2026-06-21 10:44:15,1234979,6554,811,골드만삭스도 한 수 배우고 간 국민연금 '역대급' 수익률 비결ㅣ지식인초대석: CEO EP.1 (김성주 이사장)
2026-06-21 15:32:36,1235019,6554,811,골드만삭스도 한 수 배우고 간 국민연금 '역대급' 수익률 비결ㅣ지식인초대석: CEO EP.1 (김성주 이사장)
2026-06-21 19:20:18,1235089,6554,811,골드만삭스도 한 수 배우고 간 국민연금 '역대급' 수익률 비결ㅣ지식인초대석: CEO EP.1 (김성주 이사장)
2026-06-21 21:22:59,1235089,6554,811,골드만삭스도 한 수 배우고 간 국민연금 '역대급' 수익률 비결ㅣ지식인초대석: CEO EP.1 (김성주 이사장)
2026-06-21 23:37:16,1235153,6553,811,골드만삭스도 한 수 배우고 간 국민연금 '역대급' 수익률 비결ㅣ지식인초대석: CEO EP.1 (김성주 이사장)
2026-06-22 01:18:51,1235180,6552,811,골드만삭스도 한 수 배우고 간 국민연금 '역대급' 수익률 비결ㅣ지식인초대석: CEO EP.1 (김성주 이사장)
2026-06-22 02:57:45,1235183,6552,811,골드만삭스도 한 수 배우고 간 국민연금 '역대급' 수익률 비결ㅣ지식인초대석: CEO EP.1 (김성주 이사장)
2026-06-22 04:28:58,1235210,6552,811,골드만삭스도 한 수 배우고 간 국민연금 '역대급' 수익률 비결ㅣ지식인초대석: CEO EP.1 (김성주 이사장)
2026-06-22 05:53:49,1235216,6551,811,골드만삭스도 한 수 배우고 간 국민연금 '역대급' 수익률 비결ㅣ지식인초대석: CEO EP.1 (김성주 이사장)
2026-06-22 07:07:30,1235217,6551,811,골드만삭스도 한 수 배우고 간 국민연금 '역대급' 수익률 비결ㅣ지식인초대석: CEO EP.1 (김성주 이사장)
2026-06-22 08:41:55,1235217,6551,811,골드만삭스도 한 수 배우고 간 국민연금 '역대급' 수익률 비결ㅣ지식인초대석: CEO EP.1 (김성주 이사장)
2026-06-22 11:09:17,1235247,6551,811,골드만삭스도 한 수 배우고 간 국민연금 '역대급' 수익률 비결ㅣ지식인초대석: CEO EP.1 (김성주 이사장)
2026-06-22 16:39:26,1235277,6551,811,골드만삭스도 한 수 배우고 간 국민연금 '역대급' 수익률 비결ㅣ지식인초대석: CEO EP.1 (김성주 이사장)
2026-06-22 22:17:00,1235340,6551,811,골드만삭스도 한 수 배우고 간 국민연금 '역대급' 수익률 비결ㅣ지식인초대석: CEO EP.1 (김성주 이사장)
2026-06-23 02:55:12,1235376,6551,811,골드만삭스도 한 수 배우고 간 국민연금 '역대급' 수익률 비결ㅣ지식인초대석: CEO EP.1 (김성주 이사장)
2026-06-23 05:36:07,1235376,6551,811,골드만삭스도 한 수 배우고 간 국민연금 '역대급' 수익률 비결ㅣ지식인초대석: CEO EP.1 (김성주 이사장)
2026-06-23 07:24:35,1235393,6551,811,골드만삭스도 한 수 배우고 간 국민연금 '역대급' 수익률 비결ㅣ지식인초대석: CEO EP.1 (김성주 이사장)
2026-06-23 08:48:14,1235393,6551,811,골드만삭스도 한 수 배우고 간 국민연금 '역대급' 수익률 비결ㅣ지식인초대석: CEO EP.1 (김성주 이사장)
2026-06-23 10:50:00,1235412,6551,811,골드만삭스도 한 수 배우고 간 국민연금 '역대급' 수익률 비결ㅣ지식인초대석: CEO EP.1 (김성주 이사장)
2026-06-23 14:55:08,1235427,6551,811,골드만삭스도 한 수 배우고 간 국민연금 '역대급' 수익률 비결ㅣ지식인초대석: CEO EP.1 (김성주 이사장)
2026-06-23 18:24:31,1235480,6552,811,골드만삭스도 한 수 배우고 간 국민연금 '역대급' 수익률 비결ㅣ지식인초대석: CEO EP.1 (김성주 이사장)
2026-06-23 21:19:03,1235561,6551,812,골드만삭스도 한 수 배우고 간 국민연금 '역대급' 수익률 비결ㅣ지식인초대석: CEO EP.1 (김성주 이사장)
2026-06-24 00:27:16,1235606,6552,812,골드만삭스도 한 수 배우고 간 국민연금 '역대급' 수익률 비결ㅣ지식인초대석: CEO EP.1 (김성주 이사장)
2026-06-24 02:25:23,1235606,6552,812,골드만삭스도 한 수 배우고 간 국민연금 '역대급' 수익률 비결ㅣ지식인초대석: CEO EP.1 (김성주 이사장)
2026-06-24 04:23:45,1235644,6553,812,골드만삭스도 한 수 배우고 간 국민연금 '역대급' 수익률 비결ㅣ지식인초대석: CEO EP.1 (김성주 이사장)
2026-06-24 06:10:39,1235644,6553,812,골드만삭스도 한 수 배우고 간 국민연금 '역대급' 수익률 비결ㅣ지식인초대석: CEO EP.1 (김성주 이사장)
2026-06-24 07:37:18,1235655,6553,812,골드만삭스도 한 수 배우고 간 국민연금 '역대급' 수익률 비결ㅣ지식인초대석: CEO EP.1 (김성주 이사장)
2026-06-24 08:38:50,1235665,6554,812,골드만삭스도 한 수 배우고 간 국민연금 '역대급' 수익률 비결ㅣ지식인초대석: CEO EP.1 (김성주 이사장)
2026-06-24 10:29:37,1235666,6554,812,골드만삭스도 한 수 배우고 간 국민연금 '역대급' 수익률 비결ㅣ지식인초대석: CEO EP.1 (김성주 이사장)
2026-06-24 14:41:13,1235720,6555,812,골드만삭스도 한 수 배우고 간 국민연금 '역대급' 수익률 비결ㅣ지식인초대석: CEO EP.1 (김성주 이사장)
2026-06-24 17:43:21,1235739,6556,812,골드만삭스도 한 수 배우고 간 국민연금 '역대급' 수익률 비결ㅣ지식인초대석: CEO EP.1 (김성주 이사장)
2026-06-24 20:30:27,1235797,6556,812,골드만삭스도 한 수 배우고 간 국민연금 '역대급' 수익률 비결ㅣ지식인초대석: CEO EP.1 (김성주 이사장)
2026-06-24 22:38:13,1235822,6557,812,골드만삭스도 한 수 배우고 간 국민연금 '역대급' 수익률 비결ㅣ지식인초대석: CEO EP.1 (김성주 이사장)
2026-06-25 00:58:20,1235855,6557,812,골드만삭스도 한 수 배우고 간 국민연금 '역대급' 수익률 비결ㅣ지식인초대석: CEO EP.1 (김성주 이사장)
2026-06-25 02:54:52,1235874,6557,812,골드만삭스도 한 수 배우고 간 국민연금 '역대급' 수익률 비결ㅣ지식인초대석: CEO EP.1 (김성주 이사장)
2026-06-25 04:27:15,1235874,6557,812,골드만삭스도 한 수 배우고 간 국민연금 '역대급' 수익률 비결ㅣ지식인초대석: CEO EP.1 (김성주 이사장)
2026-06-25 06:09:41,1235899,6557,812,골드만삭스도 한 수 배우고 간 국민연금 '역대급' 수익률 비결ㅣ지식인초대석: CEO EP.1 (김성주 이사장)
2026-06-25 07:38:57,1235898,6557,812,골드만삭스도 한 수 배우고 간 국민연금 '역대급' 수익률 비결ㅣ지식인초대석: CEO EP.1 (김성주 이사장)
2026-06-25 08:47:35,1235913,6557,812,골드만삭스도 한 수 배우고 간 국민연금 '역대급' 수익률 비결ㅣ지식인초대석: CEO EP.1 (김성주 이사장)
2026-06-25 10:51:22,1235939,6558,812,골드만삭스도 한 수 배우고 간 국민연금 '역대급' 수익률 비결ㅣ지식인초대석: CEO EP.1 (김성주 이사장)
2026-06-25 14:53:52,1235975,6558,811,골드만삭스도 한 수 배우고 간 국민연금 '역대급' 수익률 비결ㅣ지식인초대석: CEO EP.1 (김성주 이사장)
2026-06-25 17:45:02,1236000,6558,811,골드만삭스도 한 수 배우고 간 국민연금 '역대급' 수익률 비결ㅣ지식인초대석: CEO EP.1 (김성주 이사장)
2026-06-25 20:26:45,1236034,6558,811,골드만삭스도 한 수 배우고 간 국민연금 '역대급' 수익률 비결ㅣ지식인초대석: CEO EP.1 (김성주 이사장)
2026-06-25 22:35:02,1236070,6559,811,골드만삭스도 한 수 배우고 간 국민연금 '역대급' 수익률 비결ㅣ지식인초대석: CEO EP.1 (김성주 이사장)
2026-06-26 01:06:27,1236089,6560,811,골드만삭스도 한 수 배우고 간 국민연금 '역대급' 수익률 비결ㅣ지식인초대석: CEO EP.1 (김성주 이사장)
2026-06-26 03:23:00,1236118,6560,811,골드만삭스도 한 수 배우고 간 국민연금 '역대급' 수익률 비결ㅣ지식인초대석: CEO EP.1 (김성주 이사장)
2026-06-26 05:26:46,1236123,6560,811,골드만삭스도 한 수 배우고 간 국민연금 '역대급' 수익률 비결ㅣ지식인초대석: CEO EP.1 (김성주 이사장)
2026-06-26 07:00:17,1236133,6560,811,골드만삭스도 한 수 배우고 간 국민연금 '역대급' 수익률 비결ㅣ지식인초대석: CEO EP.1 (김성주 이사장)
2026-06-26 08:23:40,1236133,6560,811,골드만삭스도 한 수 배우고 간 국민연금 '역대급' 수익률 비결ㅣ지식인초대석: CEO EP.1 (김성주 이사장)
2026-06-26 10:34:39,1236147,6560,811,골드만삭스도 한 수 배우고 간 국민연금 '역대급' 수익률 비결ㅣ지식인초대석: CEO EP.1 (김성주 이사장)
2026-06-26 14:53:04,1236182,6560,811,골드만삭스도 한 수 배우고 간 국민연금 '역대급' 수익률 비결ㅣ지식인초대석: CEO EP.1 (김성주 이사장)
2026-06-26 17:44:05,1236221,6560,811,골드만삭스도 한 수 배우고 간 국민연금 '역대급' 수익률 비결ㅣ지식인초대석: CEO EP.1 (김성주 이사장)
2026-06-26 20:33:05,1236254,6560,811,골드만삭스도 한 수 배우고 간 국민연금 '역대급' 수익률 비결ㅣ지식인초대석: CEO EP.1 (김성주 이사장)
2026-06-26 22:34:44,1236254,6560,811,골드만삭스도 한 수 배우고 간 국민연금 '역대급' 수익률 비결ㅣ지식인초대석: CEO EP.1 (김성주 이사장)
2026-06-27 00:56:59,1236286,6560,811,골드만삭스도 한 수 배우고 간 국민연금 '역대급' 수익률 비결ㅣ지식인초대석: CEO EP.1 (김성주 이사장)
2026-06-27 02:44:49,1236308,6560,811,골드만삭스도 한 수 배우고 간 국민연금 '역대급' 수익률 비결ㅣ지식인초대석: CEO EP.1 (김성주 이사장)
2026-06-27 04:23:18,1236308,6560,811,골드만삭스도 한 수 배우고 간 국민연금 '역대급' 수익률 비결ㅣ지식인초대석: CEO EP.1 (김성주 이사장)
2026-06-27 06:00:35,1236319,6560,811,골드만삭스도 한 수 배우고 간 국민연금 '역대급' 수익률 비결ㅣ지식인초대석: CEO EP.1 (김성주 이사장)
2026-06-27 07:19:25,1236324,6560,811,골드만삭스도 한 수 배우고 간 국민연금 '역대급' 수익률 비결ㅣ지식인초대석: CEO EP.1 (김성주 이사장)
2026-06-27 08:37:57,1236332,6561,811,골드만삭스도 한 수 배우고 간 국민연금 '역대급' 수익률 비결ㅣ지식인초대석: CEO EP.1 (김성주 이사장)
2026-06-27 10:32:05,1236342,6561,811,골드만삭스도 한 수 배우고 간 국민연금 '역대급' 수익률 비결ㅣ지식인초대석: CEO EP.1 (김성주 이사장)
2026-06-27 14:32:37,1236359,6562,811,골드만삭스도 한 수 배우고 간 국민연금 '역대급' 수익률 비결ㅣ지식인초대석: CEO EP.1 (김성주 이사장)
2026-06-27 17:11:51,1236386,6563,811,골드만삭스도 한 수 배우고 간 국민연금 '역대급' 수익률 비결ㅣ지식인초대석: CEO EP.1 (김성주 이사장)
2026-06-27 19:23:07,1236433,6563,811,골드만삭스도 한 수 배우고 간 국민연금 '역대급' 수익률 비결ㅣ지식인초대석: CEO EP.1 (김성주 이사장)
2026-06-27 20:50:25,1236435,6563,811,골드만삭스도 한 수 배우고 간 국민연금 '역대급' 수익률 비결ㅣ지식인초대석: CEO EP.1 (김성주 이사장)
2026-06-27 22:00:04,1236448,6563,811,골드만삭스도 한 수 배우고 간 국민연금 '역대급' 수익률 비결ㅣ지식인초대석: CEO EP.1 (김성주 이사장)
2026-06-27 23:46:12,1236448,6563,811,골드만삭스도 한 수 배우고 간 국민연금 '역대급' 수익률 비결ㅣ지식인초대석: CEO EP.1 (김성주 이사장)
2026-06-28 00:54:18,1236475,6563,811,골드만삭스도 한 수 배우고 간 국민연금 '역대급' 수익률 비결ㅣ지식인초대석: CEO EP.1 (김성주 이사장)
2026-06-28 01:55:54,1236474,6563,811,골드만삭스도 한 수 배우고 간 국민연금 '역대급' 수익률 비결ㅣ지식인초대석: CEO EP.1 (김성주 이사장)
2026-06-28 02:57:28,1236474,6563,811,골드만삭스도 한 수 배우고 간 국민연금 '역대급' 수익률 비결ㅣ지식인초대석: CEO EP.1 (김성주 이사장)
2026-06-28 04:18:13,1236508,6563,811,골드만삭스도 한 수 배우고 간 국민연금 '역대급' 수익률 비결ㅣ지식인초대석: CEO EP.1 (김성주 이사장)
2026-06-28 05:34:39,1236511,6563,811,골드만삭스도 한 수 배우고 간 국민연금 '역대급' 수익률 비결ㅣ지식인초대석: CEO EP.1 (김성주 이사장)
2026-06-28 06:41:06,1236507,6563,811,골드만삭스도 한 수 배우고 간 국민연금 '역대급' 수익률 비결ㅣ지식인초대석: CEO EP.1 (김성주 이사장)
2026-06-28 07:43:31,1236528,6563,811,골드만삭스도 한 수 배우고 간 국민연금 '역대급' 수익률 비결ㅣ지식인초대석: CEO EP.1 (김성주 이사장)
2026-06-28 08:42:16,1236528,6563,811,골드만삭스도 한 수 배우고 간 국민연금 '역대급' 수익률 비결ㅣ지식인초대석: CEO EP.1 (김성주 이사장)
2026-06-28 10:52:10,1236537,6563,811,골드만삭스도 한 수 배우고 간 국민연금 '역대급' 수익률 비결ㅣ지식인초대석: CEO EP.1 (김성주 이사장)
2026-06-28 15:03:47,1236551,6563,811,골드만삭스도 한 수 배우고 간 국민연금 '역대급' 수익률 비결ㅣ지식인초대석: CEO EP.1 (김성주 이사장)
2026-06-28 18:27:41,1236600,6564,811,골드만삭스도 한 수 배우고 간 국민연금 '역대급' 수익률 비결ㅣ지식인초대석: CEO EP.1 (김성주 이사장)
2026-06-28 20:20:17,1236600,6564,811,골드만삭스도 한 수 배우고 간 국민연금 '역대급' 수익률 비결ㅣ지식인초대석: CEO EP.1 (김성주 이사장)
2026-06-28 21:48:29,1236616,6564,811,골드만삭스도 한 수 배우고 간 국민연금 '역대급' 수익률 비결ㅣ지식인초대석: CEO EP.1 (김성주 이사장)
2026-06-28 23:28:12,1236616,6564,811,골드만삭스도 한 수 배우고 간 국민연금 '역대급' 수익률 비결ㅣ지식인초대석: CEO EP.1 (김성주 이사장)
2026-06-29 00:50:17,1236648,6564,811,골드만삭스도 한 수 배우고 간 국민연금 '역대급' 수익률 비결ㅣ지식인초대석: CEO EP.1 (김성주 이사장)
2026-06-29 01:51:19,1236648,6564,811,골드만삭스도 한 수 배우고 간 국민연금 '역대급' 수익률 비결ㅣ지식인초대석: CEO EP.1 (김성주 이사장)
2026-06-29 02:55:10,1236648,6564,811,골드만삭스도 한 수 배우고 간 국민연금 '역대급' 수익률 비결ㅣ지식인초대석: CEO EP.1 (김성주 이사장)
2026-06-29 04:05:42,1236666,6564,811,골드만삭스도 한 수 배우고 간 국민연금 '역대급' 수익률 비결ㅣ지식인초대석: CEO EP.1 (김성주 이사장)
2026-06-29 05:21:32,1236666,6564,811,골드만삭스도 한 수 배우고 간 국민연금 '역대급' 수익률 비결ㅣ지식인초대석: CEO EP.1 (김성주 이사장)
2026-06-29 06:33:08,1236680,6564,811,골드만삭스도 한 수 배우고 간 국민연금 '역대급' 수익률 비결ㅣ지식인초대석: CEO EP.1 (김성주 이사장)
2026-06-29 07:38:25,1236683,6564,811,골드만삭스도 한 수 배우고 간 국민연금 '역대급' 수익률 비결ㅣ지식인초대석: CEO EP.1 (김성주 이사장)
2026-06-29 08:44:28,1236682,6564,811,골드만삭스도 한 수 배우고 간 국민연금 '역대급' 수익률 비결ㅣ지식인초대석: CEO EP.1 (김성주 이사장)
2026-06-29 10:56:02,1236700,6565,811,골드만삭스도 한 수 배우고 간 국민연금 '역대급' 수익률 비결ㅣ지식인초대석: CEO EP.1 (김성주 이사장)
2026-06-29 15:40:43,1236749,6567,811,골드만삭스도 한 수 배우고 간 국민연금 '역대급' 수익률 비결ㅣ지식인초대석: CEO EP.1 (김성주 이사장)
2026-06-29 20:35:14,1236787,6568,811,골드만삭스도 한 수 배우고 간 국민연금 '역대급' 수익률 비결ㅣ지식인초대석: CEO EP.1 (김성주 이사장)
2026-06-30 00:02:04,1236818,6568,811,골드만삭스도 한 수 배우고 간 국민연금 '역대급' 수익률 비결ㅣ지식인초대석: CEO EP.1 (김성주 이사장)
2026-06-30 02:45:27,1236846,6568,811,골드만삭스도 한 수 배우고 간 국민연금 '역대급' 수익률 비결ㅣ지식인초대석: CEO EP.1 (김성주 이사장)
2026-06-30 04:26:40,1236863,6568,811,골드만삭스도 한 수 배우고 간 국민연금 '역대급' 수익률 비결ㅣ지식인초대석: CEO EP.1 (김성주 이사장)
2026-06-30 06:07:15,1236863,6568,811,골드만삭스도 한 수 배우고 간 국민연금 '역대급' 수익률 비결ㅣ지식인초대석: CEO EP.1 (김성주 이사장)
2026-06-30 07:19:01,1236869,6568,811,골드만삭스도 한 수 배우고 간 국민연금 '역대급' 수익률 비결ㅣ지식인초대석: CEO EP.1 (김성주 이사장)
2026-06-30 08:32:31,1236868,6568,811,골드만삭스도 한 수 배우고 간 국민연금 '역대급' 수익률 비결ㅣ지식인초대석: CEO EP.1 (김성주 이사장)
2026-06-30 10:32:52,1236881,6568,811,골드만삭스도 한 수 배우고 간 국민연금 '역대급' 수익률 비결ㅣ지식인초대석: CEO EP.1 (김성주 이사장)
2026-06-30 14:50:24,1236903,6568,811,골드만삭스도 한 수 배우고 간 국민연금 '역대급' 수익률 비결ㅣ지식인초대석: CEO EP.1 (김성주 이사장)
2026-06-30 17:48:25,1236940,6568,811,골드만삭스도 한 수 배우고 간 국민연금 '역대급' 수익률 비결ㅣ지식인초대석: CEO EP.1 (김성주 이사장)
2026-06-30 20:34:51,1236963,6569,811,골드만삭스도 한 수 배우고 간 국민연금 '역대급' 수익률 비결ㅣ지식인초대석: CEO EP.1 (김성주 이사장)
2026-06-30 22:27:06,1236984,6569,811,골드만삭스도 한 수 배우고 간 국민연금 '역대급' 수익률 비결ㅣ지식인초대석: CEO EP.1 (김성주 이사장)
2026-07-01 01:02:50,1236982,6569,811,골드만삭스도 한 수 배우고 간 국민연금 '역대급' 수익률 비결ㅣ지식인초대석: CEO EP.1 (김성주 이사장)
2026-07-01 03:07:03,1237005,6569,811,골드만삭스도 한 수 배우고 간 국민연금 '역대급' 수익률 비결ㅣ지식인초대석: CEO EP.1 (김성주 이사장)
2026-07-01 05:14:48,1237011,6569,811,골드만삭스도 한 수 배우고 간 국민연금 '역대급' 수익률 비결ㅣ지식인초대석: CEO EP.1 (김성주 이사장)
2026-07-01 06:47:51,1237011,6569,811,골드만삭스도 한 수 배우고 간 국민연금 '역대급' 수익률 비결ㅣ지식인초대석: CEO EP.1 (김성주 이사장)
2026-07-01 07:59:18,1237024,6569,812,골드만삭스도 한 수 배우고 간 국민연금 '역대급' 수익률 비결ㅣ지식인초대석: CEO EP.1 (김성주 이사장)
2026-07-01 09:08:54,1237025,6569,812,골드만삭스도 한 수 배우고 간 국민연금 '역대급' 수익률 비결ㅣ지식인초대석: CEO EP.1 (김성주 이사장)
2026-07-01 13:51:52,1237052,6569,813,골드만삭스도 한 수 배우고 간 국민연금 '역대급' 수익률 비결ㅣ지식인초대석: CEO EP.1 (김성주 이사장)
2026-07-01 17:42:31,1237075,6569,814,골드만삭스도 한 수 배우고 간 국민연금 '역대급' 수익률 비결ㅣ지식인초대석: CEO EP.1 (김성주 이사장)
2026-07-01 20:43:41,1237077,6569,814,골드만삭스도 한 수 배우고 간 국민연금 '역대급' 수익률 비결ㅣ지식인초대석: CEO EP.1 (김성주 이사장)
2026-07-01 22:55:26,1237096,6569,814,골드만삭스도 한 수 배우고 간 국민연금 '역대급' 수익률 비결ㅣ지식인초대석: CEO EP.1 (김성주 이사장)
2026-07-02 01:19:58,1237104,6569,814,골드만삭스도 한 수 배우고 간 국민연금 '역대급' 수익률 비결ㅣ지식인초대석: CEO EP.1 (김성주 이사장)
2026-07-02 03:19:17,1237137,6569,814,골드만삭스도 한 수 배우고 간 국민연금 '역대급' 수익률 비결ㅣ지식인초대석: CEO EP.1 (김성주 이사장)
2026-07-02 05:18:38,1237134,6569,814,골드만삭스도 한 수 배우고 간 국민연금 '역대급' 수익률 비결ㅣ지식인초대석: CEO EP.1 (김성주 이사장)
2026-07-02 06:52:25,1237143,6569,814,골드만삭스도 한 수 배우고 간 국민연금 '역대급' 수익률 비결ㅣ지식인초대석: CEO EP.1 (김성주 이사장)
2026-07-02 07:57:54,1237143,6569,814,골드만삭스도 한 수 배우고 간 국민연금 '역대급' 수익률 비결ㅣ지식인초대석: CEO EP.1 (김성주 이사장)
2026-07-02 09:06:32,1237143,6569,814,골드만삭스도 한 수 배우고 간 국민연금 '역대급' 수익률 비결ㅣ지식인초대석: CEO EP.1 (김성주 이사장)
2026-07-02 13:18:08,1237165,6570,814,골드만삭스도 한 수 배우고 간 국민연금 '역대급' 수익률 비결ㅣ지식인초대석: CEO EP.1 (김성주 이사장)
2026-07-02 16:46:15,1237194,6571,814,골드만삭스도 한 수 배우고 간 국민연금 '역대급' 수익률 비결ㅣ지식인초대석: CEO EP.1 (김성주 이사장)
2026-07-02 19:22:35,1237197,6571,815,골드만삭스도 한 수 배우고 간 국민연금 '역대급' 수익률 비결ㅣ지식인초대석: CEO EP.1 (김성주 이사장)
2026-07-02 21:24:17,1237228,6571,815,골드만삭스도 한 수 배우고 간 국민연금 '역대급' 수익률 비결ㅣ지식인초대석: CEO EP.1 (김성주 이사장)
2026-07-02 23:35:09,1237247,6571,815,골드만삭스도 한 수 배우고 간 국민연금 '역대급' 수익률 비결ㅣ지식인초대석: CEO EP.1 (김성주 이사장)
2026-07-03 01:23:23,1237247,6571,815,골드만삭스도 한 수 배우고 간 국민연금 '역대급' 수익률 비결ㅣ지식인초대석: CEO EP.1 (김성주 이사장)
2026-07-03 03:08:21,1237286,6571,815,골드만삭스도 한 수 배우고 간 국민연금 '역대급' 수익률 비결ㅣ지식인초대석: CEO EP.1 (김성주 이사장)
2026-07-03 04:47:37,1237286,6571,815,골드만삭스도 한 수 배우고 간 국민연금 '역대급' 수익률 비결ㅣ지식인초대석: CEO EP.1 (김성주 이사장)
2026-07-03 05:46:21,1237299,6570,815,골드만삭스도 한 수 배우고 간 국민연금 '역대급' 수익률 비결ㅣ지식인초대석: CEO EP.1 (김성주 이사장)
2026-07-03 06:52:08,1237299,6570,815,골드만삭스도 한 수 배우고 간 국민연금 '역대급' 수익률 비결ㅣ지식인초대석: CEO EP.1 (김성주 이사장)
2026-07-03 07:52:30,1237299,6570,815,골드만삭스도 한 수 배우고 간 국민연금 '역대급' 수익률 비결ㅣ지식인초대석: CEO EP.1 (김성주 이사장)
2026-07-03 08:51:36,1237308,6570,815,골드만삭스도 한 수 배우고 간 국민연금 '역대급' 수익률 비결ㅣ지식인초대석: CEO EP.1 (김성주 이사장)
2026-07-03 10:23:02,1237308,6570,815,골드만삭스도 한 수 배우고 간 국민연금 '역대급' 수익률 비결ㅣ지식인초대석: CEO EP.1 (김성주 이사장)
2026-07-03 14:04:28,1237333,6570,815,골드만삭스도 한 수 배우고 간 국민연금 '역대급' 수익률 비결ㅣ지식인초대석: CEO EP.1 (김성주 이사장)
2026-07-03 17:20:42,1237345,6570,815,골드만삭스도 한 수 배우고 간 국민연금 '역대급' 수익률 비결ㅣ지식인초대석: CEO EP.1 (김성주 이사장)
2026-07-03 20:04:10,1237376,6570,814,골드만삭스도 한 수 배우고 간 국민연금 '역대급' 수익률 비결ㅣ지식인초대석: CEO EP.1 (김성주 이사장)
2026-07-03 22:03:35,1237383,6569,814,골드만삭스도 한 수 배우고 간 국민연금 '역대급' 수익률 비결ㅣ지식인초대석: CEO EP.1 (김성주 이사장)
2026-07-04 00:19:49,1237398,6569,814,골드만삭스도 한 수 배우고 간 국민연금 '역대급' 수익률 비결ㅣ지식인초대석: CEO EP.1 (김성주 이사장)
2026-07-04 01:48:29,1237415,6569,815,골드만삭스도 한 수 배우고 간 국민연금 '역대급' 수익률 비결ㅣ지식인초대석: CEO EP.1 (김성주 이사장)
2026-07-04 03:04:27,1237415,6569,815,골드만삭스도 한 수 배우고 간 국민연금 '역대급' 수익률 비결ㅣ지식인초대석: CEO EP.1 (김성주 이사장)
2026-07-04 04:43:38,1237426,6569,815,골드만삭스도 한 수 배우고 간 국민연금 '역대급' 수익률 비결ㅣ지식인초대석: CEO EP.1 (김성주 이사장)
2026-07-04 05:44:13,1237426,6569,815,골드만삭스도 한 수 배우고 간 국민연금 '역대급' 수익률 비결ㅣ지식인초대석: CEO EP.1 (김성주 이사장)
2026-07-04 06:46:30,1237426,6569,815,골드만삭스도 한 수 배우고 간 국민연금 '역대급' 수익률 비결ㅣ지식인초대석: CEO EP.1 (김성주 이사장)
2026-07-04 07:45:03,1237435,6569,815,골드만삭스도 한 수 배우고 간 국민연금 '역대급' 수익률 비결ㅣ지식인초대석: CEO EP.1 (김성주 이사장)
2026-07-04 08:44:52,1237434,6569,815,골드만삭스도 한 수 배우고 간 국민연금 '역대급' 수익률 비결ㅣ지식인초대석: CEO EP.1 (김성주 이사장)
2026-07-04 10:18:38,1237448,6569,815,골드만삭스도 한 수 배우고 간 국민연금 '역대급' 수익률 비결ㅣ지식인초대석: CEO EP.1 (김성주 이사장)
2026-07-04 13:55:52,1237468,6570,815,골드만삭스도 한 수 배우고 간 국민연금 '역대급' 수익률 비결ㅣ지식인초대석: CEO EP.1 (김성주 이사장)
2026-07-04 16:39:53,1237495,6570,815,골드만삭스도 한 수 배우고 간 국민연금 '역대급' 수익률 비결ㅣ지식인초대석: CEO EP.1 (김성주 이사장)
2026-07-04 18:51:03,1237532,6570,815,골드만삭스도 한 수 배우고 간 국민연금 '역대급' 수익률 비결ㅣ지식인초대석: CEO EP.1 (김성주 이사장)
2026-07-04 20:14:03,1237532,6570,815,골드만삭스도 한 수 배우고 간 국민연금 '역대급' 수익률 비결ㅣ지식인초대석: CEO EP.1 (김성주 이사장)
2026-07-04 21:18:45,1237532,6570,815,골드만삭스도 한 수 배우고 간 국민연금 '역대급' 수익률 비결ㅣ지식인초대석: CEO EP.1 (김성주 이사장)
2026-07-04 23:03:14,1237552,6570,815,골드만삭스도 한 수 배우고 간 국민연금 '역대급' 수익률 비결ㅣ지식인초대석: CEO EP.1 (김성주 이사장)
2026-07-05 00:16:00,1237552,6570,815,골드만삭스도 한 수 배우고 간 국민연금 '역대급' 수익률 비결ㅣ지식인초대석: CEO EP.1 (김성주 이사장)
2026-07-05 01:16:50,1237577,6570,815,골드만삭스도 한 수 배우고 간 국민연금 '역대급' 수익률 비결ㅣ지식인초대석: CEO EP.1 (김성주 이사장)
2026-07-05 02:30:02,1237577,6570,815,골드만삭스도 한 수 배우고 간 국민연금 '역대급' 수익률 비결ㅣ지식인초대석: CEO EP.1 (김성주 이사장)
2026-07-05 03:33:49,1237577,6570,815,골드만삭스도 한 수 배우고 간 국민연금 '역대급' 수익률 비결ㅣ지식인초대석: CEO EP.1 (김성주 이사장)
2026-07-05 04:48:03,1237599,6570,815,골드만삭스도 한 수 배우고 간 국민연금 '역대급' 수익률 비결ㅣ지식인초대석: CEO EP.1 (김성주 이사장)
2026-07-05 05:38:19,1237603,6570,815,골드만삭스도 한 수 배우고 간 국민연금 '역대급' 수익률 비결ㅣ지식인초대석: CEO EP.1 (김성주 이사장)
2026-07-05 06:36:28,1237603,6570,815,골드만삭스도 한 수 배우고 간 국민연금 '역대급' 수익률 비결ㅣ지식인초대석: CEO EP.1 (김성주 이사장)
2026-07-05 07:35:04,1237616,6570,815,골드만삭스도 한 수 배우고 간 국민연금 '역대급' 수익률 비결ㅣ지식인초대석: CEO EP.1 (김성주 이사장)
2026-07-05 08:38:39,1237616,6570,815,골드만삭스도 한 수 배우고 간 국민연금 '역대급' 수익률 비결ㅣ지식인초대석: CEO EP.1 (김성주 이사장)
2026-07-05 10:22:21,1237638,6570,815,골드만삭스도 한 수 배우고 간 국민연금 '역대급' 수익률 비결ㅣ지식인초대석: CEO EP.1 (김성주 이사장)
2026-07-05 14:13:16,1237664,6570,815,골드만삭스도 한 수 배우고 간 국민연금 '역대급' 수익률 비결ㅣ지식인초대석: CEO EP.1 (김성주 이사장)
2026-07-05 17:17:44,1237712,6570,815,골드만삭스도 한 수 배우고 간 국민연금 '역대급' 수익률 비결ㅣ지식인초대석: CEO EP.1 (김성주 이사장)
2026-07-05 19:30:37,1237755,6570,815,골드만삭스도 한 수 배우고 간 국민연금 '역대급' 수익률 비결ㅣ지식인초대석: CEO EP.1 (김성주 이사장)
2026-07-05 20:57:07,1237755,6570,815,골드만삭스도 한 수 배우고 간 국민연금 '역대급' 수익률 비결ㅣ지식인초대석: CEO EP.1 (김성주 이사장)
2026-07-05 22:25:11,1237781,6570,815,골드만삭스도 한 수 배우고 간 국민연금 '역대급' 수익률 비결ㅣ지식인초대석: CEO EP.1 (김성주 이사장)
2026-07-05 23:56:25,1237777,6570,815,골드만삭스도 한 수 배우고 간 국민연금 '역대급' 수익률 비결ㅣ지식인초대석: CEO EP.1 (김성주 이사장)
2026-07-06 01:03:20,1237802,6570,815,골드만삭스도 한 수 배우고 간 국민연금 '역대급' 수익률 비결ㅣ지식인초대석: CEO EP.1 (김성주 이사장)
2026-07-06 02:22:56,1237810,6570,815,골드만삭스도 한 수 배우고 간 국민연금 '역대급' 수익률 비결ㅣ지식인초대석: CEO EP.1 (김성주 이사장)
2026-07-06 03:33:35,1237805,6570,815,골드만삭스도 한 수 배우고 간 국민연금 '역대급' 수익률 비결ㅣ지식인초대석: CEO EP.1 (김성주 이사장)
2026-07-06 04:53:56,1237821,6570,815,골드만삭스도 한 수 배우고 간 국민연금 '역대급' 수익률 비결ㅣ지식인초대석: CEO EP.1 (김성주 이사장)
2026-07-06 05:44:47,1237821,6570,815,골드만삭스도 한 수 배우고 간 국민연금 '역대급' 수익률 비결ㅣ지식인초대석: CEO EP.1 (김성주 이사장)
2026-07-06 06:42:44,1237827,6570,815,골드만삭스도 한 수 배우고 간 국민연금 '역대급' 수익률 비결ㅣ지식인초대석: CEO EP.1 (김성주 이사장)
2026-07-06 07:39:57,1237827,6570,815,골드만삭스도 한 수 배우고 간 국민연금 '역대급' 수익률 비결ㅣ지식인초대석: CEO EP.1 (김성주 이사장)
2026-07-06 08:43:15,1237833,6570,815,골드만삭스도 한 수 배우고 간 국민연금 '역대급' 수익률 비결ㅣ지식인초대석: CEO EP.1 (김성주 이사장)
2026-07-06 10:24:02,1237838,6570,815,골드만삭스도 한 수 배우고 간 국민연금 '역대급' 수익률 비결ㅣ지식인초대석: CEO EP.1 (김성주 이사장)
2026-07-06 14:45:34,1237847,6570,815,골드만삭스도 한 수 배우고 간 국민연금 '역대급' 수익률 비결ㅣ지식인초대석: CEO EP.1 (김성주 이사장)
2026-07-06 18:45:20,1237874,6570,815,골드만삭스도 한 수 배우고 간 국민연금 '역대급' 수익률 비결ㅣ지식인초대석: CEO EP.1 (김성주 이사장)
2026-07-06 22:32:05,1237896,6570,815,골드만삭스도 한 수 배우고 간 국민연금 '역대급' 수익률 비결ㅣ지식인초대석: CEO EP.1 (김성주 이사장)
2026-07-07 01:41:05,1237908,6570,815,골드만삭스도 한 수 배우고 간 국민연금 '역대급' 수익률 비결ㅣ지식인초대석: CEO EP.1 (김성주 이사장)
2026-07-07 03:30:37,1237921,6570,815,골드만삭스도 한 수 배우고 간 국민연금 '역대급' 수익률 비결ㅣ지식인초대석: CEO EP.1 (김성주 이사장)
2026-07-07 05:27:23,1237921,6570,815,골드만삭스도 한 수 배우고 간 국민연금 '역대급' 수익률 비결ㅣ지식인초대석: CEO EP.1 (김성주 이사장)
2026-07-07 06:55:06,1237930,6570,815,골드만삭스도 한 수 배우고 간 국민연금 '역대급' 수익률 비결ㅣ지식인초대석: CEO EP.1 (김성주 이사장)
2026-07-07 07:59:36,1237930,6570,815,골드만삭스도 한 수 배우고 간 국민연금 '역대급' 수익률 비결ㅣ지식인초대석: CEO EP.1 (김성주 이사장)
2026-07-07 09:12:34,1237937,6570,814,골드만삭스도 한 수 배우고 간 국민연금 '역대급' 수익률 비결ㅣ지식인초대석: CEO EP.1 (김성주 이사장)
2026-07-07 13:16:35,1237955,6570,814,골드만삭스도 한 수 배우고 간 국민연금 '역대급' 수익률 비결ㅣ지식인초대석: CEO EP.1 (김성주 이사장)
2026-07-07 16:54:21,1237969,6570,814,골드만삭스도 한 수 배우고 간 국민연금 '역대급' 수익률 비결ㅣ지식인초대석: CEO EP.1 (김성주 이사장)
2026-07-07 19:44:51,1238008,6570,814,골드만삭스도 한 수 배우고 간 국민연금 '역대급' 수익률 비결ㅣ지식인초대석: CEO EP.1 (김성주 이사장)
2026-07-07 22:06:48,1238027,6569,813,골드만삭스도 한 수 배우고 간 국민연금 '역대급' 수익률 비결ㅣ지식인초대석: CEO EP.1 (김성주 이사장)
2026-07-08 00:49:16,1238038,6569,813,골드만삭스도 한 수 배우고 간 국민연금 '역대급' 수익률 비결ㅣ지식인초대석: CEO EP.1 (김성주 이사장)
2026-07-08 02:47:08,1238046,6569,813,골드만삭스도 한 수 배우고 간 국민연금 '역대급' 수익률 비결ㅣ지식인초대석: CEO EP.1 (김성주 이사장)
2026-07-08 04:26:40,1238052,6569,813,골드만삭스도 한 수 배우고 간 국민연금 '역대급' 수익률 비결ㅣ지식인초대석: CEO EP.1 (김성주 이사장)
2026-07-08 06:04:52,1238059,6569,810,골드만삭스도 한 수 배우고 간 국민연금 '역대급' 수익률 비결ㅣ지식인초대석: CEO EP.1 (김성주 이사장)
2026-07-08 07:19:44,1238059,6569,810,골드만삭스도 한 수 배우고 간 국민연금 '역대급' 수익률 비결ㅣ지식인초대석: CEO EP.1 (김성주 이사장)
2026-07-08 08:17:41,1238067,6569,810,골드만삭스도 한 수 배우고 간 국민연금 '역대급' 수익률 비결ㅣ지식인초대석: CEO EP.1 (김성주 이사장)
2026-07-08 09:15:05,1238067,6569,810,골드만삭스도 한 수 배우고 간 국민연금 '역대급' 수익률 비결ㅣ지식인초대석: CEO EP.1 (김성주 이사장)
2026-07-08 12:46:39,1238084,6569,810,골드만삭스도 한 수 배우고 간 국민연금 '역대급' 수익률 비결ㅣ지식인초대석: CEO EP.1 (김성주 이사장)
2026-07-08 15:17:07,1238099,6569,810,골드만삭스도 한 수 배우고 간 국민연금 '역대급' 수익률 비결ㅣ지식인초대석: CEO EP.1 (김성주 이사장)
2026-07-08 17:46:50,1238111,6569,810,골드만삭스도 한 수 배우고 간 국민연금 '역대급' 수익률 비결ㅣ지식인초대석: CEO EP.1 (김성주 이사장)
2026-07-08 19:50:51,1238111,6569,810,골드만삭스도 한 수 배우고 간 국민연금 '역대급' 수익률 비결ㅣ지식인초대석: CEO EP.1 (김성주 이사장)
2026-07-08 21:09:52,1238121,6569,810,골드만삭스도 한 수 배우고 간 국민연금 '역대급' 수익률 비결ㅣ지식인초대석: CEO EP.1 (김성주 이사장)
2026-07-08 23:38:59,1238143,6569,810,골드만삭스도 한 수 배우고 간 국민연금 '역대급' 수익률 비결ㅣ지식인초대석: CEO EP.1 (김성주 이사장)
2026-07-09 01:18:37,1238148,6569,810,골드만삭스도 한 수 배우고 간 국민연금 '역대급' 수익률 비결ㅣ지식인초대석: CEO EP.1 (김성주 이사장)
2026-07-09 02:54:35,1238157,6569,810,골드만삭스도 한 수 배우고 간 국민연금 '역대급' 수익률 비결ㅣ지식인초대석: CEO EP.1 (김성주 이사장)
2026-07-09 04:07:13,1238163,0,0,골드만삭스도 한 수 배우고 간 국민연금 '역대급' 수익률 비결ㅣ지식인초대석: CEO EP.1 (김성주 이사장)
2026-07-09 05:35:59,1238175,6569,810,골드만삭스도 한 수 배우고 간 국민연금 '역대급' 수익률 비결ㅣ지식인초대석: CEO EP.1 (김성주 이사장)
2026-07-09 06:46:12,1238171,6569,810,골드만삭스도 한 수 배우고 간 국민연금 '역대급' 수익률 비결ㅣ지식인초대석: CEO EP.1 (김성주 이사장)
2026-07-09 07:45:40,1238175,6569,810,골드만삭스도 한 수 배우고 간 국민연금 '역대급' 수익률 비결ㅣ지식인초대석: CEO EP.1 (김성주 이사장)
2026-07-09 08:48:17,1238185,6569,810,골드만삭스도 한 수 배우고 간 국민연금 '역대급' 수익률 비결ㅣ지식인초대석: CEO EP.1 (김성주 이사장)
2026-07-09 10:20:35,1238184,6569,810,골드만삭스도 한 수 배우고 간 국민연금 '역대급' 수익률 비결ㅣ지식인초대석: CEO EP.1 (김성주 이사장)
2026-07-09 14:12:56,1238220,6569,812,골드만삭스도 한 수 배우고 간 국민연금 '역대급' 수익률 비결ㅣ지식인초대석: CEO EP.1 (김성주 이사장)
2026-07-09 17:55:13,1238252,6569,812,골드만삭스도 한 수 배우고 간 국민연금 '역대급' 수익률 비결ㅣ지식인초대석: CEO EP.1 (김성주 이사장)
2026-07-09 20:41:45,1238269,6569,811,골드만삭스도 한 수 배우고 간 국민연금 '역대급' 수익률 비결ㅣ지식인초대석: CEO EP.1 (김성주 이사장)
2026-07-09 23:11:57,1238274,6568,811,골드만삭스도 한 수 배우고 간 국민연금 '역대급' 수익률 비결ㅣ지식인초대석: CEO EP.1 (김성주 이사장)
2026-07-10 01:40:23,1238295,6568,811,골드만삭스도 한 수 배우고 간 국민연금 '역대급' 수익률 비결ㅣ지식인초대석: CEO EP.1 (김성주 이사장)
2026-07-10 03:25:29,1238304,6568,811,골드만삭스도 한 수 배우고 간 국민연금 '역대급' 수익률 비결ㅣ지식인초대석: CEO EP.1 (김성주 이사장)
2026-07-10 05:15:55,1238314,6568,811,골드만삭스도 한 수 배우고 간 국민연금 '역대급' 수익률 비결ㅣ지식인초대석: CEO EP.1 (김성주 이사장)
2026-07-10 06:47:52,1238314,6568,811,골드만삭스도 한 수 배우고 간 국민연금 '역대급' 수익률 비결ㅣ지식인초대석: CEO EP.1 (김성주 이사장)
2026-07-10 07:58:14,1238315,6568,811,골드만삭스도 한 수 배우고 간 국민연금 '역대급' 수익률 비결ㅣ지식인초대석: CEO EP.1 (김성주 이사장)
2026-07-10 09:05:22,1238320,6568,811,골드만삭스도 한 수 배우고 간 국민연금 '역대급' 수익률 비결ㅣ지식인초대석: CEO EP.1 (김성주 이사장)
2026-07-10 13:08:17,1238342,6568,811,골드만삭스도 한 수 배우고 간 국민연금 '역대급' 수익률 비결ㅣ지식인초대석: CEO EP.1 (김성주 이사장)
2026-07-10 16:49:39,1238380,6567,811,골드만삭스도 한 수 배우고 간 국민연금 '역대급' 수익률 비결ㅣ지식인초대석: CEO EP.1 (김성주 이사장)
2026-07-10 19:39:39,1238386,6567,812,골드만삭스도 한 수 배우고 간 국민연금 '역대급' 수익률 비결ㅣ지식인초대석: CEO EP.1 (김성주 이사장)
2026-07-10 21:57:15,1238402,6567,812,골드만삭스도 한 수 배우고 간 국민연금 '역대급' 수익률 비결ㅣ지식인초대석: CEO EP.1 (김성주 이사장)
2026-07-11 00:30:30,1238402,6567,812,골드만삭스도 한 수 배우고 간 국민연금 '역대급' 수익률 비결ㅣ지식인초대석: CEO EP.1 (김성주 이사장)
2026-07-11 02:21:14,1238414,6567,812,골드만삭스도 한 수 배우고 간 국민연금 '역대급' 수익률 비결ㅣ지식인초대석: CEO EP.1 (김성주 이사장)
2026-07-11 03:52:28,1238414,6567,812,골드만삭스도 한 수 배우고 간 국민연금 '역대급' 수익률 비결ㅣ지식인초대석: CEO EP.1 (김성주 이사장)
2026-07-11 05:09:25,1238427,6567,812,골드만삭스도 한 수 배우고 간 국민연금 '역대급' 수익률 비결ㅣ지식인초대석: CEO EP.1 (김성주 이사장)
2026-07-11 06:19:00,1238430,6567,812,골드만삭스도 한 수 배우고 간 국민연금 '역대급' 수익률 비결ㅣ지식인초대석: CEO EP.1 (김성주 이사장)
2026-07-11 07:28:22,1238430,6567,812,골드만삭스도 한 수 배우고 간 국민연금 '역대급' 수익률 비결ㅣ지식인초대석: CEO EP.1 (김성주 이사장)
2026-07-11 08:28:59,1238430,6567,812,골드만삭스도 한 수 배우고 간 국민연금 '역대급' 수익률 비결ㅣ지식인초대석: CEO EP.1 (김성주 이사장)
2026-07-11 09:57:23,1238431,6567,812,골드만삭스도 한 수 배우고 간 국민연금 '역대급' 수익률 비결ㅣ지식인초대석: CEO EP.1 (김성주 이사장)
2026-07-11 13:11:30,1238438,6567,810,골드만삭스도 한 수 배우고 간 국민연금 '역대급' 수익률 비결ㅣ지식인초대석: CEO EP.1 (김성주 이사장)
2026-07-11 15:25:58,1238450,6567,810,골드만삭스도 한 수 배우고 간 국민연금 '역대급' 수익률 비결ㅣ지식인초대석: CEO EP.1 (김성주 이사장)
2026-07-11 17:18:31,1238460,6566,810,골드만삭스도 한 수 배우고 간 국민연금 '역대급' 수익률 비결ㅣ지식인초대석: CEO EP.1 (김성주 이사장)
2026-07-11 18:51:58,1238461,6566,810,골드만삭스도 한 수 배우고 간 국민연금 '역대급' 수익률 비결ㅣ지식인초대석: CEO EP.1 (김성주 이사장)
2026-07-11 19:48:33,1238461,6566,810,골드만삭스도 한 수 배우고 간 국민연금 '역대급' 수익률 비결ㅣ지식인초대석: CEO EP.1 (김성주 이사장)
2026-07-11 20:38:22,1238461,6566,810,골드만삭스도 한 수 배우고 간 국민연금 '역대급' 수익률 비결ㅣ지식인초대석: CEO EP.1 (김성주 이사장)
2026-07-11 21:37:40,1238474,6567,810,골드만삭스도 한 수 배우고 간 국민연금 '역대급' 수익률 비결ㅣ지식인초대석: CEO EP.1 (김성주 이사장)
2026-07-11 23:07:22,1238474,6567,810,골드만삭스도 한 수 배우고 간 국민연금 '역대급' 수익률 비결ㅣ지식인초대석: CEO EP.1 (김성주 이사장)
2026-07-12 00:11:32,1238474,6567,810,골드만삭스도 한 수 배우고 간 국민연금 '역대급' 수익률 비결ㅣ지식인초대석: CEO EP.1 (김성주 이사장)
2026-07-12 01:09:32,1238480,6567,810,골드만삭스도 한 수 배우고 간 국민연금 '역대급' 수익률 비결ㅣ지식인초대석: CEO EP.1 (김성주 이사장)
2026-07-12 02:13:28,1238479,6567,810,골드만삭스도 한 수 배우고 간 국민연금 '역대급' 수익률 비결ㅣ지식인초대석: CEO EP.1 (김성주 이사장)
2026-07-12 03:07:04,1238479,6567,810,골드만삭스도 한 수 배우고 간 국민연금 '역대급' 수익률 비결ㅣ지식인초대석: CEO EP.1 (김성주 이사장)
2026-07-12 04:22:03,1238483,6567,810,골드만삭스도 한 수 배우고 간 국민연금 '역대급' 수익률 비결ㅣ지식인초대석: CEO EP.1 (김성주 이사장)
2026-07-12 05:13:13,1238490,6567,810,골드만삭스도 한 수 배우고 간 국민연금 '역대급' 수익률 비결ㅣ지식인초대석: CEO EP.1 (김성주 이사장)
2026-07-12 06:06:45,1238498,6567,810,골드만삭스도 한 수 배우고 간 국민연금 '역대급' 수익률 비결ㅣ지식인초대석: CEO EP.1 (김성주 이사장)
2026-07-12 07:02:35,1238498,6566,810,골드만삭스도 한 수 배우고 간 국민연금 '역대급' 수익률 비결ㅣ지식인초대석: CEO EP.1 (김성주 이사장)
2026-07-12 07:59:49,1238499,6566,810,골드만삭스도 한 수 배우고 간 국민연금 '역대급' 수익률 비결ㅣ지식인초대석: CEO EP.1 (김성주 이사장)
2026-07-12 09:00:55,1238499,6566,810,골드만삭스도 한 수 배우고 간 국민연금 '역대급' 수익률 비결ㅣ지식인초대석: CEO EP.1 (김성주 이사장)
2026-07-12 12:38:31,1238499,6566,810,골드만삭스도 한 수 배우고 간 국민연금 '역대급' 수익률 비결ㅣ지식인초대석: CEO EP.1 (김성주 이사장)
2026-07-12 15:19:26,1238518,6566,811,골드만삭스도 한 수 배우고 간 국민연금 '역대급' 수익률 비결ㅣ지식인초대석: CEO EP.1 (김성주 이사장)
2026-07-12 17:33:55,1238518,6566,811,골드만삭스도 한 수 배우고 간 국민연금 '역대급' 수익률 비결ㅣ지식인초대석: CEO EP.1 (김성주 이사장)
2026-07-12 19:09:57,1238536,6566,811,골드만삭스도 한 수 배우고 간 국민연금 '역대급' 수익률 비결ㅣ지식인초대석: CEO EP.1 (김성주 이사장)
2026-07-12 20:25:21,1238536,6566,811,골드만삭스도 한 수 배우고 간 국민연금 '역대급' 수익률 비결ㅣ지식인초대석: CEO EP.1 (김성주 이사장)
2026-07-12 21:12:49,1238536,6566,811,골드만삭스도 한 수 배우고 간 국민연금 '역대급' 수익률 비결ㅣ지식인초대석: CEO EP.1 (김성주 이사장)
2026-07-12 22:56:36,1238551,6566,811,골드만삭스도 한 수 배우고 간 국민연금 '역대급' 수익률 비결ㅣ지식인초대석: CEO EP.1 (김성주 이사장)
2026-07-12 23:50:41,1238551,6566,811,골드만삭스도 한 수 배우고 간 국민연금 '역대급' 수익률 비결ㅣ지식인초대석: CEO EP.1 (김성주 이사장)
2026-07-13 00:44:16,1238567,6567,811,골드만삭스도 한 수 배우고 간 국민연금 '역대급' 수익률 비결ㅣ지식인초대석: CEO EP.1 (김성주 이사장)
2026-07-13 01:36:34,1238567,6567,811,골드만삭스도 한 수 배우고 간 국민연금 '역대급' 수익률 비결ㅣ지식인초대석: CEO EP.1 (김성주 이사장)
2026-07-13 02:39:23,1238567,6567,811,골드만삭스도 한 수 배우고 간 국민연금 '역대급' 수익률 비결ㅣ지식인초대석: CEO EP.1 (김성주 이사장)
2026-07-13 03:34:10,1238567,6567,811,골드만삭스도 한 수 배우고 간 국민연금 '역대급' 수익률 비결ㅣ지식인초대석: CEO EP.1 (김성주 이사장)
2026-07-13 04:44:20,1238580,6567,811,골드만삭스도 한 수 배우고 간 국민연금 '역대급' 수익률 비결ㅣ지식인초대석: CEO EP.1 (김성주 이사장)
2026-07-13 05:28:16,1238574,6567,811,골드만삭스도 한 수 배우고 간 국민연금 '역대급' 수익률 비결ㅣ지식인초대석: CEO EP.1 (김성주 이사장)
2026-07-13 06:23:19,1238580,6567,811,골드만삭스도 한 수 배우고 간 국민연금 '역대급' 수익률 비결ㅣ지식인초대석: CEO EP.1 (김성주 이사장)
2026-07-13 07:11:50,1238586,6567,811,골드만삭스도 한 수 배우고 간 국민연금 '역대급' 수익률 비결ㅣ지식인초대석: CEO EP.1 (김성주 이사장)
2026-07-13 08:08:49,1238584,6567,811,골드만삭스도 한 수 배우고 간 국민연금 '역대급' 수익률 비결ㅣ지식인초대석: CEO EP.1 (김성주 이사장)
2026-07-13 09:08:03,1238587,6567,811,골드만삭스도 한 수 배우고 간 국민연금 '역대급' 수익률 비결ㅣ지식인초대석: CEO EP.1 (김성주 이사장)
2026-07-13 12:54:05,1238588,6567,811,골드만삭스도 한 수 배우고 간 국민연금 '역대급' 수익률 비결ㅣ지식인초대석: CEO EP.1 (김성주 이사장)
2026-07-13 15:43:41,1238598,6567,811,골드만삭스도 한 수 배우고 간 국민연금 '역대급' 수익률 비결ㅣ지식인초대석: CEO EP.1 (김성주 이사장)
2026-07-13 18:59:32,1238611,6566,811,골드만삭스도 한 수 배우고 간 국민연금 '역대급' 수익률 비결ㅣ지식인초대석: CEO EP.1 (김성주 이사장)
2026-07-13 21:34:04,1238626,6566,811,골드만삭스도 한 수 배우고 간 국민연금 '역대급' 수익률 비결ㅣ지식인초대석: CEO EP.1 (김성주 이사장)
2026-07-14 00:29:54,1238635,6566,811,골드만삭스도 한 수 배우고 간 국민연금 '역대급' 수익률 비결ㅣ지식인초대석: CEO EP.1 (김성주 이사장)
2026-07-14 02:31:12,1238641,6566,811,골드만삭스도 한 수 배우고 간 국민연금 '역대급' 수익률 비결ㅣ지식인초대석: CEO EP.1 (김성주 이사장)
2026-07-14 03:57:26,1238641,6566,811,골드만삭스도 한 수 배우고 간 국민연금 '역대급' 수익률 비결ㅣ지식인초대석: CEO EP.1 (김성주 이사장)
2026-07-14 05:13:07,1238643,6566,811,골드만삭스도 한 수 배우고 간 국민연금 '역대급' 수익률 비결ㅣ지식인초대석: CEO EP.1 (김성주 이사장)
2026-07-14 06:13:12,1238643,6566,811,골드만삭스도 한 수 배우고 간 국민연금 '역대급' 수익률 비결ㅣ지식인초대석: CEO EP.1 (김성주 이사장)
2026-07-14 07:09:44,1238643,6566,811,골드만삭스도 한 수 배우고 간 국민연금 '역대급' 수익률 비결ㅣ지식인초대석: CEO EP.1 (김성주 이사장)
2026-07-14 08:11:06,1238643,6566,811,골드만삭스도 한 수 배우고 간 국민연금 '역대급' 수익률 비결ㅣ지식인초대석: CEO EP.1 (김성주 이사장)
2026-07-14 09:06:18,1238646,6566,811,골드만삭스도 한 수 배우고 간 국민연금 '역대급' 수익률 비결ㅣ지식인초대석: CEO EP.1 (김성주 이사장)
2026-07-14 12:27:23,1238656,6566,811,골드만삭스도 한 수 배우고 간 국민연금 '역대급' 수익률 비결ㅣ지식인초대석: CEO EP.1 (김성주 이사장)
2026-07-14 14:51:46,1238656,6566,811,골드만삭스도 한 수 배우고 간 국민연금 '역대급' 수익률 비결ㅣ지식인초대석: CEO EP.1 (김성주 이사장)
2026-07-14 16:30:34,1238673,6566,811,골드만삭스도 한 수 배우고 간 국민연금 '역대급' 수익률 비결ㅣ지식인초대석: CEO EP.1 (김성주 이사장)
2026-07-14 18:27:02,1238677,6566,811,골드만삭스도 한 수 배우고 간 국민연금 '역대급' 수익률 비결ㅣ지식인초대석: CEO EP.1 (김성주 이사장)
2026-07-14 20:06:30,1238677,6566,811,골드만삭스도 한 수 배우고 간 국민연금 '역대급' 수익률 비결ㅣ지식인초대석: CEO EP.1 (김성주 이사장)
2026-07-14 21:20:58,1238688,6566,811,골드만삭스도 한 수 배우고 간 국민연금 '역대급' 수익률 비결ㅣ지식인초대석: CEO EP.1 (김성주 이사장)
2026-07-14 23:18:39,1238694,6565,811,골드만삭스도 한 수 배우고 간 국민연금 '역대급' 수익률 비결ㅣ지식인초대석: CEO EP.1 (김성주 이사장)
2026-07-15 00:51:20,1238694,6565,811,골드만삭스도 한 수 배우고 간 국민연금 '역대급' 수익률 비결ㅣ지식인초대석: CEO EP.1 (김성주 이사장)
2026-07-15 01:57:01,1238694,6565,811,골드만삭스도 한 수 배우고 간 국민연금 '역대급' 수익률 비결ㅣ지식인초대석: CEO EP.1 (김성주 이사장)
2026-07-15 02:59:18,1238708,6565,811,골드만삭스도 한 수 배우고 간 국민연금 '역대급' 수익률 비결ㅣ지식인초대석: CEO EP.1 (김성주 이사장)
2026-07-15 04:23:43,1238714,6565,811,골드만삭스도 한 수 배우고 간 국민연금 '역대급' 수익률 비결ㅣ지식인초대석: CEO EP.1 (김성주 이사장)
2026-07-15 05:34:56,1238717,6565,811,골드만삭스도 한 수 배우고 간 국민연금 '역대급' 수익률 비결ㅣ지식인초대석: CEO EP.1 (김성주 이사장)
2026-07-15 06:33:31,1238717,6565,811,골드만삭스도 한 수 배우고 간 국민연금 '역대급' 수익률 비결ㅣ지식인초대석: CEO EP.1 (김성주 이사장)
2026-07-15 07:34:40,1238717,6565,811,골드만삭스도 한 수 배우고 간 국민연금 '역대급' 수익률 비결ㅣ지식인초대석: CEO EP.1 (김성주 이사장)
2026-07-15 08:28:09,1238727,6565,811,골드만삭스도 한 수 배우고 간 국민연금 '역대급' 수익률 비결ㅣ지식인초대석: CEO EP.1 (김성주 이사장)
2026-07-15 09:50:28,1238733,6565,811,골드만삭스도 한 수 배우고 간 국민연금 '역대급' 수익률 비결ㅣ지식인초대석: CEO EP.1 (김성주 이사장)
2026-07-15 12:49:54,1238736,6565,811,골드만삭스도 한 수 배우고 간 국민연금 '역대급' 수익률 비결ㅣ지식인초대석: CEO EP.1 (김성주 이사장)
2026-07-15 15:02:13,1238742,6565,811,골드만삭스도 한 수 배우고 간 국민연금 '역대급' 수익률 비결ㅣ지식인초대석: CEO EP.1 (김성주 이사장)
2026-07-15 17:29:09,1238750,6565,811,골드만삭스도 한 수 배우고 간 국민연금 '역대급' 수익률 비결ㅣ지식인초대석: CEO EP.1 (김성주 이사장)
2026-07-15 19:21:38,1238760,6564,811,골드만삭스도 한 수 배우고 간 국민연금 '역대급' 수익률 비결ㅣ지식인초대석: CEO EP.1 (김성주 이사장)
2026-07-15 20:53:57,1238760,6564,811,골드만삭스도 한 수 배우고 간 국민연금 '역대급' 수익률 비결ㅣ지식인초대석: CEO EP.1 (김성주 이사장)
2026-07-15 22:05:32,1238772,6564,811,골드만삭스도 한 수 배우고 간 국민연금 '역대급' 수익률 비결ㅣ지식인초대석: CEO EP.1 (김성주 이사장)
2026-07-16 00:00:00,1238772,6564,811,골드만삭스도 한 수 배우고 간 국민연금 '역대급' 수익률 비결ㅣ지식인초대석: CEO EP.1 (김성주 이사장)
2026-07-16 01:27:05,1238783,6564,811,골드만삭스도 한 수 배우고 간 국민연금 '역대급' 수익률 비결ㅣ지식인초대석: CEO EP.1 (김성주 이사장)
2026-07-16 02:46:26,1238786,6564,811,골드만삭스도 한 수 배우고 간 국민연금 '역대급' 수익률 비결ㅣ지식인초대석: CEO EP.1 (김성주 이사장)
2026-07-16 03:47:15,1238786,6564,811,골드만삭스도 한 수 배우고 간 국민연금 '역대급' 수익률 비결ㅣ지식인초대석: CEO EP.1 (김성주 이사장)
2026-07-16 04:55:28,1238786,6564,811,골드만삭스도 한 수 배우고 간 국민연금 '역대급' 수익률 비결ㅣ지식인초대석: CEO EP.1 (김성주 이사장)
2026-07-16 05:52:03,1238788,6564,811,골드만삭스도 한 수 배우고 간 국민연금 '역대급' 수익률 비결ㅣ지식인초대석: CEO EP.1 (김성주 이사장)
2026-07-16 06:43:51,1238790,6564,811,골드만삭스도 한 수 배우고 간 국민연금 '역대급' 수익률 비결ㅣ지식인초대석: CEO EP.1 (김성주 이사장)
2026-07-16 07:41:08,1238790,6564,811,골드만삭스도 한 수 배우고 간 국민연금 '역대급' 수익률 비결ㅣ지식인초대석: CEO EP.1 (김성주 이사장)
2026-07-16 08:40:08,1238793,6564,811,골드만삭스도 한 수 배우고 간 국민연금 '역대급' 수익률 비결ㅣ지식인초대석: CEO EP.1 (김성주 이사장)
2026-07-16 10:06:22,1238793,6564,811,골드만삭스도 한 수 배우고 간 국민연금 '역대급' 수익률 비결ㅣ지식인초대석: CEO EP.1 (김성주 이사장)
2026-07-16 13:20:32,1238811,6565,811,골드만삭스도 한 수 배우고 간 국민연금 '역대급' 수익률 비결ㅣ지식인초대석: CEO EP.1 (김성주 이사장)
2026-07-16 15:36:36,1238811,6565,811,골드만삭스도 한 수 배우고 간 국민연금 '역대급' 수익률 비결ㅣ지식인초대석: CEO EP.1 (김성주 이사장)
2026-07-16 17:58:47,1238826,6565,811,골드만삭스도 한 수 배우고 간 국민연금 '역대급' 수익률 비결ㅣ지식인초대석: CEO EP.1 (김성주 이사장)
2026-07-16 20:01:50,1238834,6565,811,골드만삭스도 한 수 배우고 간 국민연금 '역대급' 수익률 비결ㅣ지식인초대석: CEO EP.1 (김성주 이사장)
2026-07-16 21:26:08,1238833,6565,811,골드만삭스도 한 수 배우고 간 국민연금 '역대급' 수익률 비결ㅣ지식인초대석: CEO EP.1 (김성주 이사장)
2026-07-16 23:31:47,1238848,6565,811,골드만삭스도 한 수 배우고 간 국민연금 '역대급' 수익률 비결ㅣ지식인초대석: CEO EP.1 (김성주 이사장)
2026-07-17 00:59:38,1238849,6565,811,골드만삭스도 한 수 배우고 간 국민연금 '역대급' 수익률 비결ㅣ지식인초대석: CEO EP.1 (김성주 이사장)
2026-07-17 02:21:29,1238855,6565,811,골드만삭스도 한 수 배우고 간 국민연금 '역대급' 수익률 비결ㅣ지식인초대석: CEO EP.1 (김성주 이사장)
2026-07-17 03:36:02,1238856,6565,811,골드만삭스도 한 수 배우고 간 국민연금 '역대급' 수익률 비결ㅣ지식인초대석: CEO EP.1 (김성주 이사장)
2026-07-17 04:44:14,1238861,6565,811,골드만삭스도 한 수 배우고 간 국민연금 '역대급' 수익률 비결ㅣ지식인초대석: CEO EP.1 (김성주 이사장)
2026-07-17 05:35:33,1238861,6565,811,골드만삭스도 한 수 배우고 간 국민연금 '역대급' 수익률 비결ㅣ지식인초대석: CEO EP.1 (김성주 이사장)
2026-07-17 06:40:50,1238861,6565,811,골드만삭스도 한 수 배우고 간 국민연금 '역대급' 수익률 비결ㅣ지식인초대석: CEO EP.1 (김성주 이사장)
2026-07-17 07:36:51,1238861,6565,811,골드만삭스도 한 수 배우고 간 국민연금 '역대급' 수익률 비결ㅣ지식인초대석: CEO EP.1 (김성주 이사장)
2026-07-17 08:32:31,1238862,6565,811,골드만삭스도 한 수 배우고 간 국민연금 '역대급' 수익률 비결ㅣ지식인초대석: CEO EP.1 (김성주 이사장)
2026-07-17 10:06:05,1238862,6565,811,골드만삭스도 한 수 배우고 간 국민연금 '역대급' 수익률 비결ㅣ지식인초대석: CEO EP.1 (김성주 이사장)
2026-07-17 13:18:55,1238866,6565,811,골드만삭스도 한 수 배우고 간 국민연금 '역대급' 수익률 비결ㅣ지식인초대석: CEO EP.1 (김성주 이사장)
2026-07-17 15:31:28,1238886,6565,811,골드만삭스도 한 수 배우고 간 국민연금 '역대급' 수익률 비결ㅣ지식인초대석: CEO EP.1 (김성주 이사장)
2026-07-17 17:37:38,1238886,6565,811,골드만삭스도 한 수 배우고 간 국민연금 '역대급' 수익률 비결ㅣ지식인초대석: CEO EP.1 (김성주 이사장)
2026-07-17 19:23:20,1238900,6565,811,골드만삭스도 한 수 배우고 간 국민연금 '역대급' 수익률 비결ㅣ지식인초대석: CEO EP.1 (김성주 이사장)
2026-07-17 20:47:09,1238904,6565,811,골드만삭스도 한 수 배우고 간 국민연금 '역대급' 수익률 비결ㅣ지식인초대석: CEO EP.1 (김성주 이사장)
2026-07-17 21:50:30,1238900,6565,811,골드만삭스도 한 수 배우고 간 국민연금 '역대급' 수익률 비결ㅣ지식인초대석: CEO EP.1 (김성주 이사장)
2026-07-17 23:21:13,1238907,6565,811,골드만삭스도 한 수 배우고 간 국민연금 '역대급' 수익률 비결ㅣ지식인초대석: CEO EP.1 (김성주 이사장)
2026-07-18 00:49:43,1238909,6565,811,골드만삭스도 한 수 배우고 간 국민연금 '역대급' 수익률 비결ㅣ지식인초대석: CEO EP.1 (김성주 이사장)
2026-07-18 01:53:25,1238910,6565,811,골드만삭스도 한 수 배우고 간 국민연금 '역대급' 수익률 비결ㅣ지식인초대석: CEO EP.1 (김성주 이사장)
2026-07-18 02:54:11,1238916,6565,811,골드만삭스도 한 수 배우고 간 국민연금 '역대급' 수익률 비결ㅣ지식인초대석: CEO EP.1 (김성주 이사장)
2026-07-18 03:51:28,1238913,6565,811,골드만삭스도 한 수 배우고 간 국민연금 '역대급' 수익률 비결ㅣ지식인초대석: CEO EP.1 (김성주 이사장)
2026-07-18 04:53:57,1238916,6565,811,골드만삭스도 한 수 배우고 간 국민연금 '역대급' 수익률 비결ㅣ지식인초대석: CEO EP.1 (김성주 이사장)
2026-07-18 05:41:22,1238916,6565,811,골드만삭스도 한 수 배우고 간 국민연금 '역대급' 수익률 비결ㅣ지식인초대석: CEO EP.1 (김성주 이사장)
2026-07-18 06:32:17,1238918,6565,811,골드만삭스도 한 수 배우고 간 국민연금 '역대급' 수익률 비결ㅣ지식인초대석: CEO EP.1 (김성주 이사장)
2026-07-18 07:26:11,1238917,6565,811,골드만삭스도 한 수 배우고 간 국민연금 '역대급' 수익률 비결ㅣ지식인초대석: CEO EP.1 (김성주 이사장)
2026-07-18 08:21:34,1238918,6565,811,골드만삭스도 한 수 배우고 간 국민연금 '역대급' 수익률 비결ㅣ지식인초대석: CEO EP.1 (김성주 이사장)
2026-07-18 09:13:03,1238918,6565,811,골드만삭스도 한 수 배우고 간 국민연금 '역대급' 수익률 비결ㅣ지식인초대석: CEO EP.1 (김성주 이사장)
2026-07-18 12:31:45,1238928,6565,811,골드만삭스도 한 수 배우고 간 국민연금 '역대급' 수익률 비결ㅣ지식인초대석: CEO EP.1 (김성주 이사장)
2026-07-18 14:48:47,1238928,6565,811,골드만삭스도 한 수 배우고 간 국민연금 '역대급' 수익률 비결ㅣ지식인초대석: CEO EP.1 (김성주 이사장)
2026-07-18 16:20:35,1238940,6565,811,골드만삭스도 한 수 배우고 간 국민연금 '역대급' 수익률 비결ㅣ지식인초대석: CEO EP.1 (김성주 이사장)
2026-07-18 18:03:01,1238940,6565,811,골드만삭스도 한 수 배우고 간 국민연금 '역대급' 수익률 비결ㅣ지식인초대석: CEO EP.1 (김성주 이사장)
2026-07-18 19:26:13,1238951,6565,811,골드만삭스도 한 수 배우고 간 국민연금 '역대급' 수익률 비결ㅣ지식인초대석: CEO EP.1 (김성주 이사장)
2026-07-18 20:29:08,1238954,6565,811,골드만삭스도 한 수 배우고 간 국민연금 '역대급' 수익률 비결ㅣ지식인초대석: CEO EP.1 (김성주 이사장)
2026-07-18 21:27:48,1238960,6566,811,골드만삭스도 한 수 배우고 간 국민연금 '역대급' 수익률 비결ㅣ지식인초대석: CEO EP.1 (김성주 이사장)
2026-07-18 22:56:39,1238961,6566,811,골드만삭스도 한 수 배우고 간 국민연금 '역대급' 수익률 비결ㅣ지식인초대석: CEO EP.1 (김성주 이사장)
2026-07-18 23:48:01,1238961,6566,811,골드만삭스도 한 수 배우고 간 국민연금 '역대급' 수익률 비결ㅣ지식인초대석: CEO EP.1 (김성주 이사장)
2026-07-19 00:40:23,1238961,6566,811,골드만삭스도 한 수 배우고 간 국민연금 '역대급' 수익률 비결ㅣ지식인초대석: CEO EP.1 (김성주 이사장)
2026-07-19 01:35:34,1238969,6566,811,골드만삭스도 한 수 배우고 간 국민연금 '역대급' 수익률 비결ㅣ지식인초대석: CEO EP.1 (김성주 이사장)
2026-07-19 02:37:16,1238968,6566,811,골드만삭스도 한 수 배우고 간 국민연금 '역대급' 수익률 비결ㅣ지식인초대석: CEO EP.1 (김성주 이사장)
2026-07-19 03:33:26,1238969,6566,811,골드만삭스도 한 수 배우고 간 국민연금 '역대급' 수익률 비결ㅣ지식인초대석: CEO EP.1 (김성주 이사장)
2026-07-19 04:45:28,1238973,6566,811,골드만삭스도 한 수 배우고 간 국민연금 '역대급' 수익률 비결ㅣ지식인초대석: CEO EP.1 (김성주 이사장)
2026-07-19 05:32:01,1238973,6566,811,골드만삭스도 한 수 배우고 간 국민연금 '역대급' 수익률 비결ㅣ지식인초대석: CEO EP.1 (김성주 이사장)
2026-07-19 06:27:02,1238973,6566,811,골드만삭스도 한 수 배우고 간 국민연금 '역대급' 수익률 비결ㅣ지식인초대석: CEO EP.1 (김성주 이사장)
2026-07-19 07:13:28,1238974,6566,811,골드만삭스도 한 수 배우고 간 국민연금 '역대급' 수익률 비결ㅣ지식인초대석: CEO EP.1 (김성주 이사장)
2026-07-19 08:11:28,1238974,6566,811,골드만삭스도 한 수 배우고 간 국민연금 '역대급' 수익률 비결ㅣ지식인초대석: CEO EP.1 (김성주 이사장)
2026-07-19 09:09:05,1238976,6566,811,골드만삭스도 한 수 배우고 간 국민연금 '역대급' 수익률 비결ㅣ지식인초대석: CEO EP.1 (김성주 이사장)
2026-07-19 12:48:37,1238984,6566,811,골드만삭스도 한 수 배우고 간 국민연금 '역대급' 수익률 비결ㅣ지식인초대석: CEO EP.1 (김성주 이사장)
2026-07-19 15:17:40,1238989,6566,811,골드만삭스도 한 수 배우고 간 국민연금 '역대급' 수익률 비결ㅣ지식인초대석: CEO EP.1 (김성주 이사장)
2026-07-19 17:36:44,1239003,6566,811,골드만삭스도 한 수 배우고 간 국민연금 '역대급' 수익률 비결ㅣ지식인초대석: CEO EP.1 (김성주 이사장)
2026-07-19 19:11:24,1239009,6566,811,골드만삭스도 한 수 배우고 간 국민연금 '역대급' 수익률 비결ㅣ지식인초대석: CEO EP.1 (김성주 이사장)
2026-07-19 20:24:50,1239014,6566,811,골드만삭스도 한 수 배우고 간 국민연금 '역대급' 수익률 비결ㅣ지식인초대석: CEO EP.1 (김성주 이사장)
2026-07-19 21:11:25,1239023,6566,811,골드만삭스도 한 수 배우고 간 국민연금 '역대급' 수익률 비결ㅣ지식인초대석: CEO EP.1 (김성주 이사장)
2026-07-19 22:51:50,1239034,6566,811,골드만삭스도 한 수 배우고 간 국민연금 '역대급' 수익률 비결ㅣ지식인초대석: CEO EP.1 (김성주 이사장)
2026-07-19 23:43:44,1239038,6566,811,골드만삭스도 한 수 배우고 간 국민연금 '역대급' 수익률 비결ㅣ지식인초대석: CEO EP.1 (김성주 이사장)
2026-07-20 00:39:37,1239038,6566,811,골드만삭스도 한 수 배우고 간 국민연금 '역대급' 수익률 비결ㅣ지식인초대석: CEO EP.1 (김성주 이사장)
2026-07-20 01:33:12,1239038,6566,811,골드만삭스도 한 수 배우고 간 국민연금 '역대급' 수익률 비결ㅣ지식인초대석: CEO EP.1 (김성주 이사장)
2026-07-20 02:35:05,1239038,6566,811,골드만삭스도 한 수 배우고 간 국민연금 '역대급' 수익률 비결ㅣ지식인초대석: CEO EP.1 (김성주 이사장)
2026-07-20 03:33:17,1239048,6566,811,골드만삭스도 한 수 배우고 간 국민연금 '역대급' 수익률 비결ㅣ지식인초대석: CEO EP.1 (김성주 이사장)
2026-07-20 04:45:49,1239048,6566,811,골드만삭스도 한 수 배우고 간 국민연금 '역대급' 수익률 비결ㅣ지식인초대석: CEO EP.1 (김성주 이사장)
2026-07-20 05:30:38,1239046,6566,811,골드만삭스도 한 수 배우고 간 국민연금 '역대급' 수익률 비결ㅣ지식인초대석: CEO EP.1 (김성주 이사장)
2026-07-20 06:27:37,1239048,6566,811,골드만삭스도 한 수 배우고 간 국민연금 '역대급' 수익률 비결ㅣ지식인초대석: CEO EP.1 (김성주 이사장)
2026-07-20 07:25:41,1239048,6566,811,골드만삭스도 한 수 배우고 간 국민연금 '역대급' 수익률 비결ㅣ지식인초대석: CEO EP.1 (김성주 이사장)
2026-07-20 08:26:02,1239049,6566,811,골드만삭스도 한 수 배우고 간 국민연금 '역대급' 수익률 비결ㅣ지식인초대석: CEO EP.1 (김성주 이사장)
2026-07-20 10:02:29,1239051,6566,811,골드만삭스도 한 수 배우고 간 국민연금 '역대급' 수익률 비결ㅣ지식인초대석: CEO EP.1 (김성주 이사장)
2026-07-20 13:43:27,1239057,6566,811,골드만삭스도 한 수 배우고 간 국민연금 '역대급' 수익률 비결ㅣ지식인초대석: CEO EP.1 (김성주 이사장)
2026-07-20 16:46:12,1239066,6566,811,골드만삭스도 한 수 배우고 간 국민연금 '역대급' 수익률 비결ㅣ지식인초대석: CEO EP.1 (김성주 이사장)
2026-07-20 19:32:15,1239066,6566,811,골드만삭스도 한 수 배우고 간 국민연금 '역대급' 수익률 비결ㅣ지식인초대석: CEO EP.1 (김성주 이사장)
2026-07-20 21:35:12,1239075,6566,811,골드만삭스도 한 수 배우고 간 국민연금 '역대급' 수익률 비결ㅣ지식인초대석: CEO EP.1 (김성주 이사장)
2026-07-20 23:51:43,1239078,6566,811,골드만삭스도 한 수 배우고 간 국민연금 '역대급' 수익률 비결ㅣ지식인초대석: CEO EP.1 (김성주 이사장)
2026-07-21 01:17:45,1239078,6566,811,골드만삭스도 한 수 배우고 간 국민연금 '역대급' 수익률 비결ㅣ지식인초대석: CEO EP.1 (김성주 이사장)
2026-07-21 03:23:14,1239085,6565,811,골드만삭스도 한 수 배우고 간 국민연금 '역대급' 수익률 비결ㅣ지식인초대석: CEO EP.1 (김성주 이사장)
2026-07-21 05:01:20,1239085,6565,811,골드만삭스도 한 수 배우고 간 국민연금 '역대급' 수익률 비결ㅣ지식인초대석: CEO EP.1 (김성주 이사장)
2026-07-21 06:17:57,1239088,6565,811,골드만삭스도 한 수 배우고 간 국민연금 '역대급' 수익률 비결ㅣ지식인초대석: CEO EP.1 (김성주 이사장)
2026-07-21 07:15:21,1239088,6565,811,골드만삭스도 한 수 배우고 간 국민연금 '역대급' 수익률 비결ㅣ지식인초대석: CEO EP.1 (김성주 이사장)
2026-07-21 08:16:05,1239088,6565,811,골드만삭스도 한 수 배우고 간 국민연금 '역대급' 수익률 비결ㅣ지식인초대석: CEO EP.1 (김성주 이사장)
2026-07-21 09:12:28,1239089,6565,811,골드만삭스도 한 수 배우고 간 국민연금 '역대급' 수익률 비결ㅣ지식인초대석: CEO EP.1 (김성주 이사장)
2026-07-21 12:44:35,1239093,6565,811,골드만삭스도 한 수 배우고 간 국민연금 '역대급' 수익률 비결ㅣ지식인초대석: CEO EP.1 (김성주 이사장)
2026-07-21 15:17:04,1239102,6564,811,골드만삭스도 한 수 배우고 간 국민연금 '역대급' 수익률 비결ㅣ지식인초대석: CEO EP.1 (김성주 이사장)
2026-07-21 17:48:33,1239102,6564,811,골드만삭스도 한 수 배우고 간 국민연금 '역대급' 수익률 비결ㅣ지식인초대석: CEO EP.1 (김성주 이사장)
2026-07-21 19:53:02,1239109,6564,811,골드만삭스도 한 수 배우고 간 국민연금 '역대급' 수익률 비결ㅣ지식인초대석: CEO EP.1 (김성주 이사장)
2026-07-21 21:16:08,1239109,6564,811,골드만삭스도 한 수 배우고 간 국민연금 '역대급' 수익률 비결ㅣ지식인초대석: CEO EP.1 (김성주 이사장)
2026-07-21 23:25:41,1239112,6564,811,골드만삭스도 한 수 배우고 간 국민연금 '역대급' 수익률 비결ㅣ지식인초대석: CEO EP.1 (김성주 이사장)
2026-07-22 01:00:02,1239112,6564,811,골드만삭스도 한 수 배우고 간 국민연금 '역대급' 수익률 비결ㅣ지식인초대석: CEO EP.1 (김성주 이사장)
2026-07-22 02:25:56,1239117,6564,811,골드만삭스도 한 수 배우고 간 국민연금 '역대급' 수익률 비결ㅣ지식인초대석: CEO EP.1 (김성주 이사장)
2026-07-22 03:48:25,1239117,6564,811,골드만삭스도 한 수 배우고 간 국민연금 '역대급' 수익률 비결ㅣ지식인초대석: CEO EP.1 (김성주 이사장)
2026-07-22 05:07:51,1239116,6564,811,골드만삭스도 한 수 배우고 간 국민연금 '역대급' 수익률 비결ㅣ지식인초대석: CEO EP.1 (김성주 이사장)
2026-07-22 06:23:40,1239117,6564,811,골드만삭스도 한 수 배우고 간 국민연금 '역대급' 수익률 비결ㅣ지식인초대석: CEO EP.1 (김성주 이사장)
2026-07-22 07:24:00,1239116,6564,811,골드만삭스도 한 수 배우고 간 국민연금 '역대급' 수익률 비결ㅣ지식인초대석: CEO EP.1 (김성주 이사장)
2026-07-22 08:26:06,1239117,6564,811,골드만삭스도 한 수 배우고 간 국민연금 '역대급' 수익률 비결ㅣ지식인초대석: CEO EP.1 (김성주 이사장)
2026-07-22 09:14:32,1239117,6564,811,골드만삭스도 한 수 배우고 간 국민연금 '역대급' 수익률 비결ㅣ지식인초대석: CEO EP.1 (김성주 이사장)
2026-07-22 12:48:26,1239118,6564,811,골드만삭스도 한 수 배우고 간 국민연금 '역대급' 수익률 비결ㅣ지식인초대석: CEO EP.1 (김성주 이사장)
2026-07-22 15:17:01,1239129,6564,811,골드만삭스도 한 수 배우고 간 국민연금 '역대급' 수익률 비결ㅣ지식인초대석: CEO EP.1 (김성주 이사장)
2026-07-22 17:47:00,1239135,6564,811,골드만삭스도 한 수 배우고 간 국민연금 '역대급' 수익률 비결ㅣ지식인초대석: CEO EP.1 (김성주 이사장)
2026-07-22 19:53:36,1239139,6564,811,골드만삭스도 한 수 배우고 간 국민연금 '역대급' 수익률 비결ㅣ지식인초대석: CEO EP.1 (김성주 이사장)
2026-07-22 21:19:42,1239140,6563,811,골드만삭스도 한 수 배우고 간 국민연금 '역대급' 수익률 비결ㅣ지식인초대석: CEO EP.1 (김성주 이사장)
2026-07-22 23:29:59,1239141,6563,811,골드만삭스도 한 수 배우고 간 국민연금 '역대급' 수익률 비결ㅣ지식인초대석: CEO EP.1 (김성주 이사장)
2026-07-23 01:01:41,1239144,6563,811,골드만삭스도 한 수 배우고 간 국민연금 '역대급' 수익률 비결ㅣ지식인초대석: CEO EP.1 (김성주 이사장)
2026-07-23 02:34:09,1239143,6563,811,골드만삭스도 한 수 배우고 간 국민연금 '역대급' 수익률 비결ㅣ지식인초대석: CEO EP.1 (김성주 이사장)
2026-07-23 03:44:11,1239144,6563,811,골드만삭스도 한 수 배우고 간 국민연금 '역대급' 수익률 비결ㅣ지식인초대석: CEO EP.1 (김성주 이사장)
2026-07-23 04:58:41,1239151,6563,811,골드만삭스도 한 수 배우고 간 국민연금 '역대급' 수익률 비결ㅣ지식인초대석: CEO EP.1 (김성주 이사장)
2026-07-23 06:09:25,1239151,6563,811,골드만삭스도 한 수 배우고 간 국민연금 '역대급' 수익률 비결ㅣ지식인초대석: CEO EP.1 (김성주 이사장)
2026-07-23 07:15:03,1239153,6563,811,골드만삭스도 한 수 배우고 간 국민연금 '역대급' 수익률 비결ㅣ지식인초대석: CEO EP.1 (김성주 이사장)
2026-07-23 08:17:03,1239154,6563,811,골드만삭스도 한 수 배우고 간 국민연금 '역대급' 수익률 비결ㅣ지식인초대석: CEO EP.1 (김성주 이사장)
2026-07-23 09:15:02,1239154,6563,811,골드만삭스도 한 수 배우고 간 국민연금 '역대급' 수익률 비결ㅣ지식인초대석: CEO EP.1 (김성주 이사장)
2026-07-23 12:46:39,1239160,6563,811,골드만삭스도 한 수 배우고 간 국민연금 '역대급' 수익률 비결ㅣ지식인초대석: CEO EP.1 (김성주 이사장)
2026-07-23 15:20:18,1239171,6562,811,골드만삭스도 한 수 배우고 간 국민연금 '역대급' 수익률 비결ㅣ지식인초대석: CEO EP.1 (김성주 이사장)
2026-07-23 18:02:45,1239164,6563,811,골드만삭스도 한 수 배우고 간 국민연금 '역대급' 수익률 비결ㅣ지식인초대석: CEO EP.1 (김성주 이사장)
2026-07-23 20:17:29,1239185,6562,811,골드만삭스도 한 수 배우고 간 국민연금 '역대급' 수익률 비결ㅣ지식인초대석: CEO EP.1 (김성주 이사장)
2026-07-23 21:51:21,1239190,6562,811,골드만삭스도 한 수 배우고 간 국민연금 '역대급' 수익률 비결ㅣ지식인초대석: CEO EP.1 (김성주 이사장)
2026-07-23 23:56:05,1239189,6562,811,골드만삭스도 한 수 배우고 간 국민연금 '역대급' 수익률 비결ㅣ지식인초대석: CEO EP.1 (김성주 이사장)
2026-07-24 01:22:46,1239194,6561,811,골드만삭스도 한 수 배우고 간 국민연금 '역대급' 수익률 비결ㅣ지식인초대석: CEO EP.1 (김성주 이사장)
2026-07-24 02:51:57,1239195,6561,811,골드만삭스도 한 수 배우고 간 국민연금 '역대급' 수익률 비결ㅣ지식인초대석: CEO EP.1 (김성주 이사장)
2026-07-24 03:53:47,1239195,6561,811,골드만삭스도 한 수 배우고 간 국민연금 '역대급' 수익률 비결ㅣ지식인초대석: CEO EP.1 (김성주 이사장)
2026-07-24 05:06:16,1239197,6561,811,골드만삭스도 한 수 배우고 간 국민연금 '역대급' 수익률 비결ㅣ지식인초대석: CEO EP.1 (김성주 이사장)
2026-07-24 06:18:16,1239197,6561,811,골드만삭스도 한 수 배우고 간 국민연금 '역대급' 수익률 비결ㅣ지식인초대석: CEO EP.1 (김성주 이사장)
2026-07-24 07:17:47,1239197,6561,811,골드만삭스도 한 수 배우고 간 국민연금 '역대급' 수익률 비결ㅣ지식인초대석: CEO EP.1 (김성주 이사장)
2026-07-24 08:14:39,1239199,6561,811,골드만삭스도 한 수 배우고 간 국민연금 '역대급' 수익률 비결ㅣ지식인초대석: CEO EP.1 (김성주 이사장)
2026-07-24 09:12:02,1239200,6561,811,골드만삭스도 한 수 배우고 간 국민연금 '역대급' 수익률 비결ㅣ지식인초대석: CEO EP.1 (김성주 이사장)
2026-07-24 12:42:55,1239204,6561,811,골드만삭스도 한 수 배우고 간 국민연금 '역대급' 수익률 비결ㅣ지식인초대석: CEO EP.1 (김성주 이사장)
2026-07-24 15:13:52,1239206,6561,811,골드만삭스도 한 수 배우고 간 국민연금 '역대급' 수익률 비결ㅣ지식인초대석: CEO EP.1 (김성주 이사장)
2026-07-24 17:42:56,1239213,6561,811,골드만삭스도 한 수 배우고 간 국민연금 '역대급' 수익률 비결ㅣ지식인초대석: CEO EP.1 (김성주 이사장)
2026-07-24 19:48:10,1239217,6561,811,골드만삭스도 한 수 배우고 간 국민연금 '역대급' 수익률 비결ㅣ지식인초대석: CEO EP.1 (김성주 이사장)
2026-07-24 21:08:48,1239221,6562,811,골드만삭스도 한 수 배우고 간 국민연금 '역대급' 수익률 비결ㅣ지식인초대석: CEO EP.1 (김성주 이사장)
2026-07-24 23:07:53,1239222,6562,811,골드만삭스도 한 수 배우고 간 국민연금 '역대급' 수익률 비결ㅣ지식인초대석: CEO EP.1 (김성주 이사장)
2026-07-25 00:41:46,1239222,6562,811,골드만삭스도 한 수 배우고 간 국민연금 '역대급' 수익률 비결ㅣ지식인초대석: CEO EP.1 (김성주 이사장)
2026-07-25 02:11:34,1239225,6562,811,골드만삭스도 한 수 배우고 간 국민연금 '역대급' 수익률 비결ㅣ지식인초대석: CEO EP.1 (김성주 이사장)
2026-07-25 03:45:18,1239225,6562,811,골드만삭스도 한 수 배우고 간 국민연금 '역대급' 수익률 비결ㅣ지식인초대석: CEO EP.1 (김성주 이사장)
2026-07-25 05:03:48,1239236,6562,811,골드만삭스도 한 수 배우고 간 국민연금 '역대급' 수익률 비결ㅣ지식인초대석: CEO EP.1 (김성주 이사장)
2026-07-25 06:15:36,1239236,6562,811,골드만삭스도 한 수 배우고 간 국민연금 '역대급' 수익률 비결ㅣ지식인초대석: CEO EP.1 (김성주 이사장)
2026-07-25 07:28:45,1239239,6562,811,골드만삭스도 한 수 배우고 간 국민연금 '역대급' 수익률 비결ㅣ지식인초대석: CEO EP.1 (김성주 이사장)
2026-07-25 08:33:04,1239239,6562,811,골드만삭스도 한 수 배우고 간 국민연금 '역대급' 수익률 비결ㅣ지식인초대석: CEO EP.1 (김성주 이사장)
2026-07-25 10:05:12,1239239,6562,811,골드만삭스도 한 수 배우고 간 국민연금 '역대급' 수익률 비결ㅣ지식인초대석: CEO EP.1 (김성주 이사장)
2026-07-25 13:20:31,1239243,6562,811,골드만삭스도 한 수 배우고 간 국민연금 '역대급' 수익률 비결ㅣ지식인초대석: CEO EP.1 (김성주 이사장)
2026-07-25 15:33:11,1239245,6562,811,골드만삭스도 한 수 배우고 간 국민연금 '역대급' 수익률 비결ㅣ지식인초대석: CEO EP.1 (김성주 이사장)
2026-07-25 17:33:21,1239245,6562,811,골드만삭스도 한 수 배우고 간 국민연금 '역대급' 수익률 비결ㅣ지식인초대석: CEO EP.1 (김성주 이사장)
2026-07-25 19:11:55,1239245,6562,811,골드만삭스도 한 수 배우고 간 국민연금 '역대급' 수익률 비결ㅣ지식인초대석: CEO EP.1 (김성주 이사장)
2026-07-25 20:33:27,1239247,6562,811,골드만삭스도 한 수 배우고 간 국민연금 '역대급' 수익률 비결ㅣ지식인초대석: CEO EP.1 (김성주 이사장)
2026-07-25 23:13:25,1239249,6562,811,골드만삭스도 한 수 배우고 간 국민연금 '역대급' 수익률 비결ㅣ지식인초대석: CEO EP.1 (김성주 이사장)
2026-07-26 00:19:43,1239249,6562,811,골드만삭스도 한 수 배우고 간 국민연금 '역대급' 수익률 비결ㅣ지식인초대석: CEO EP.1 (김성주 이사장)
2026-07-26 01:14:49,1239251,6562,811,골드만삭스도 한 수 배우고 간 국민연금 '역대급' 수익률 비결ㅣ지식인초대석: CEO EP.1 (김성주 이사장)
2026-07-26 02:17:22,1239256,6562,811,골드만삭스도 한 수 배우고 간 국민연금 '역대급' 수익률 비결ㅣ지식인초대석: CEO EP.1 (김성주 이사장)
2026-07-26 03:10:59,1239256,6562,811,골드만삭스도 한 수 배우고 간 국민연금 '역대급' 수익률 비결ㅣ지식인초대석: CEO EP.1 (김성주 이사장)
2026-07-26 04:33:07,1239258,6562,811,골드만삭스도 한 수 배우고 간 국민연금 '역대급' 수익률 비결ㅣ지식인초대석: CEO EP.1 (김성주 이사장)
2026-07-26 05:29:03,1239258,6562,811,골드만삭스도 한 수 배우고 간 국민연금 '역대급' 수익률 비결ㅣ지식인초대석: CEO EP.1 (김성주 이사장)
2026-07-26 06:26:00,1239260,6562,811,골드만삭스도 한 수 배우고 간 국민연금 '역대급' 수익률 비결ㅣ지식인초대석: CEO EP.1 (김성주 이사장)
2026-07-26 07:25:15,1239260,6562,811,골드만삭스도 한 수 배우고 간 국민연금 '역대급' 수익률 비결ㅣ지식인초대석: CEO EP.1 (김성주 이사장)
2026-07-26 08:27:46,1239260,6562,811,골드만삭스도 한 수 배우고 간 국민연금 '역대급' 수익률 비결ㅣ지식인초대석: CEO EP.1 (김성주 이사장)
2026-07-26 10:06:30,1239261,6562,811,골드만삭스도 한 수 배우고 간 국민연금 '역대급' 수익률 비결ㅣ지식인초대석: CEO EP.1 (김성주 이사장)
2026-07-26 13:36:25,1239264,6562,811,골드만삭스도 한 수 배우고 간 국민연금 '역대급' 수익률 비결ㅣ지식인초대석: CEO EP.1 (김성주 이사장)
2026-07-26 16:15:09,1239268,6562,811,골드만삭스도 한 수 배우고 간 국민연금 '역대급' 수익률 비결ㅣ지식인초대석: CEO EP.1 (김성주 이사장)
2026-07-26 18:25:11,1239274,6562,811,골드만삭스도 한 수 배우고 간 국민연금 '역대급' 수익률 비결ㅣ지식인초대석: CEO EP.1 (김성주 이사장)
2026-07-26 19:57:30,1239275,6562,811,골드만삭스도 한 수 배우고 간 국민연금 '역대급' 수익률 비결ㅣ지식인초대석: CEO EP.1 (김성주 이사장)
2026-07-26 21:01:52,1239274,6562,811,골드만삭스도 한 수 배우고 간 국민연금 '역대급' 수익률 비결ㅣ지식인초대석: CEO EP.1 (김성주 이사장)
2026-07-26 22:47:31,1239275,6562,811,골드만삭스도 한 수 배우고 간 국민연금 '역대급' 수익률 비결ㅣ지식인초대석: CEO EP.1 (김성주 이사장)
2026-07-26 23:52:45,1239282,6562,811,골드만삭스도 한 수 배우고 간 국민연금 '역대급' 수익률 비결ㅣ지식인초대석: CEO EP.1 (김성주 이사장)
2026-07-27 00:50:19,1239284,6562,811,골드만삭스도 한 수 배우고 간 국민연금 '역대급' 수익률 비결ㅣ지식인초대석: CEO EP.1 (김성주 이사장)
2026-07-27 01:40:13,1239284,6562,811,골드만삭스도 한 수 배우고 간 국민연금 '역대급' 수익률 비결ㅣ지식인초대석: CEO EP.1 (김성주 이사장)
2026-07-27 02:41:51,1239284,6562,811,골드만삭스도 한 수 배우고 간 국민연금 '역대급' 수익률 비결ㅣ지식인초대석: CEO EP.1 (김성주 이사장)
2026-07-27 03:42:18,1239284,6562,811,골드만삭스도 한 수 배우고 간 국민연금 '역대급' 수익률 비결ㅣ지식인초대석: CEO EP.1 (김성주 이사장)
2026-07-27 04:53:28,1239289,6562,811,골드만삭스도 한 수 배우고 간 국민연금 '역대급' 수익률 비결ㅣ지식인초대석: CEO EP.1 (김성주 이사장)
2026-07-27 05:42:46,1239289,6562,811,골드만삭스도 한 수 배우고 간 국민연금 '역대급' 수익률 비결ㅣ지식인초대석: CEO EP.1 (김성주 이사장)
2026-07-27 06:39:46,1239289,6562,811,골드만삭스도 한 수 배우고 간 국민연금 '역대급' 수익률 비결ㅣ지식인초대석: CEO EP.1 (김성주 이사장)
2026-07-27 07:39:41,1239290,6562,811,골드만삭스도 한 수 배우고 간 국민연금 '역대급' 수익률 비결ㅣ지식인초대석: CEO EP.1 (김성주 이사장)
2026-07-27 08:39:07,1239290,6562,811,골드만삭스도 한 수 배우고 간 국민연금 '역대급' 수익률 비결ㅣ지식인초대석: CEO EP.1 (김성주 이사장)
2026-07-27 10:16:12,1239290,6562,811,골드만삭스도 한 수 배우고 간 국민연금 '역대급' 수익률 비결ㅣ지식인초대석: CEO EP.1 (김성주 이사장)
2026-07-27 13:54:52,1239294,6562,811,골드만삭스도 한 수 배우고 간 국민연금 '역대급' 수익률 비결ㅣ지식인초대석: CEO EP.1 (김성주 이사장)
2026-07-27 17:22:17,1239295,6562,811,골드만삭스도 한 수 배우고 간 국민연금 '역대급' 수익률 비결ㅣ지식인초대석: CEO EP.1 (김성주 이사장)
2026-07-27 20:45:53,1239300,6562,811,골드만삭스도 한 수 배우고 간 국민연금 '역대급' 수익률 비결ㅣ지식인초대석: CEO EP.1 (김성주 이사장)
2026-07-27 22:59:53,1239302,6562,811,골드만삭스도 한 수 배우고 간 국민연금 '역대급' 수익률 비결ㅣ지식인초대석: CEO EP.1 (김성주 이사장)
2026-07-28 01:24:42,1239302,6562,811,골드만삭스도 한 수 배우고 간 국민연금 '역대급' 수익률 비결ㅣ지식인초대석: CEO EP.1 (김성주 이사장)
2026-07-28 03:00:32,1239304,6562,811,골드만삭스도 한 수 배우고 간 국민연금 '역대급' 수익률 비결ㅣ지식인초대석: CEO EP.1 (김성주 이사장)
2026-07-28 04:44:03,1239306,6562,811,골드만삭스도 한 수 배우고 간 국민연금 '역대급' 수익률 비결ㅣ지식인초대석: CEO EP.1 (김성주 이사장)
2026-07-28 05:54:22,1239311,6562,811,골드만삭스도 한 수 배우고 간 국민연금 '역대급' 수익률 비결ㅣ지식인초대석: CEO EP.1 (김성주 이사장)
2026-07-28 06:56:15,1239311,6562,811,골드만삭스도 한 수 배우고 간 국민연금 '역대급' 수익률 비결ㅣ지식인초대석: CEO EP.1 (김성주 이사장)
2026-07-28 07:56:15,1239311,6562,811,골드만삭스도 한 수 배우고 간 국민연금 '역대급' 수익률 비결ㅣ지식인초대석: CEO EP.1 (김성주 이사장)
2026-07-28 08:58:00,1239315,6562,811,골드만삭스도 한 수 배우고 간 국민연금 '역대급' 수익률 비결ㅣ지식인초대석: CEO EP.1 (김성주 이사장)
2026-07-28 11:29:35,1239315,6562,811,골드만삭스도 한 수 배우고 간 국민연금 '역대급' 수익률 비결ㅣ지식인초대석: CEO EP.1 (김성주 이사장)
2026-07-28 14:31:46,1239320,6562,811,골드만삭스도 한 수 배우고 간 국민연금 '역대급' 수익률 비결ㅣ지식인초대석: CEO EP.1 (김성주 이사장)
2026-07-28 17:01:58,1239320,6562,811,골드만삭스도 한 수 배우고 간 국민연금 '역대급' 수익률 비결ㅣ지식인초대석: CEO EP.1 (김성주 이사장)
2026-07-28 19:43:21,1239322,6562,811,골드만삭스도 한 수 배우고 간 국민연금 '역대급' 수익률 비결ㅣ지식인초대석: CEO EP.1 (김성주 이사장)
2026-07-28 21:25:27,1239328,6562,810,골드만삭스도 한 수 배우고 간 국민연금 '역대급' 수익률 비결ㅣ지식인초대석: CEO EP.1 (김성주 이사장)
2026-07-28 23:57:41,1239329,6562,810,골드만삭스도 한 수 배우고 간 국민연금 '역대급' 수익률 비결ㅣ지식인초대석: CEO EP.1 (김성주 이사장)
2026-07-29 01:39:59,1239331,6562,810,골드만삭스도 한 수 배우고 간 국민연금 '역대급' 수익률 비결ㅣ지식인초대석: CEO EP.1 (김성주 이사장)
2026-07-29 03:02:19,1239332,6562,810,골드만삭스도 한 수 배우고 간 국민연금 '역대급' 수익률 비결ㅣ지식인초대석: CEO EP.1 (김성주 이사장)
2026-07-29 04:45:23,1239337,6562,810,골드만삭스도 한 수 배우고 간 국민연금 '역대급' 수익률 비결ㅣ지식인초대석: CEO EP.1 (김성주 이사장)
2026-07-29 05:49:09,1239338,6562,810,골드만삭스도 한 수 배우고 간 국민연금 '역대급' 수익률 비결ㅣ지식인초대석: CEO EP.1 (김성주 이사장)
2026-07-29 06:50:01,1239341,6562,810,골드만삭스도 한 수 배우고 간 국민연금 '역대급' 수익률 비결ㅣ지식인초대석: CEO EP.1 (김성주 이사장)
2026-07-29 07:45:17,1239341,6562,810,골드만삭스도 한 수 배우고 간 국민연금 '역대급' 수익률 비결ㅣ지식인초대석: CEO EP.1 (김성주 이사장)
2026-07-29 08:42:50,1239342,6562,810,골드만삭스도 한 수 배우고 간 국민연금 '역대급' 수익률 비결ㅣ지식인초대석: CEO EP.1 (김성주 이사장)
2026-07-29 10:09:27,1239344,6562,810,골드만삭스도 한 수 배우고 간 국민연금 '역대급' 수익률 비결ㅣ지식인초대석: CEO EP.1 (김성주 이사장)
2026-07-29 13:27:42,1239347,6562,810,골드만삭스도 한 수 배우고 간 국민연금 '역대급' 수익률 비결ㅣ지식인초대석: CEO EP.1 (김성주 이사장)
2026-07-29 16:18:18,1239355,6562,810,골드만삭스도 한 수 배우고 간 국민연금 '역대급' 수익률 비결ㅣ지식인초대석: CEO EP.1 (김성주 이사장)
2026-07-29 18:59:56,1239366,6562,810,골드만삭스도 한 수 배우고 간 국민연금 '역대급' 수익률 비결ㅣ지식인초대석: CEO EP.1 (김성주 이사장)
2026-07-29 21:04:28,1239367,6562,810,골드만삭스도 한 수 배우고 간 국민연금 '역대급' 수익률 비결ㅣ지식인초대석: CEO EP.1 (김성주 이사장)
2026-07-29 23:27:44,1239373,6562,810,골드만삭스도 한 수 배우고 간 국민연금 '역대급' 수익률 비결ㅣ지식인초대석: CEO EP.1 (김성주 이사장)
2026-07-30 01:00:36,1239373,6562,810,골드만삭스도 한 수 배우고 간 국민연금 '역대급' 수익률 비결ㅣ지식인초대석: CEO EP.1 (김성주 이사장)
2026-07-30 02:21:08,1239381,6562,810,골드만삭스도 한 수 배우고 간 국민연금 '역대급' 수익률 비결ㅣ지식인초대석: CEO EP.1 (김성주 이사장)
2026-07-30 03:16:58,1239381,6562,810,골드만삭스도 한 수 배우고 간 국민연금 '역대급' 수익률 비결ㅣ지식인초대석: CEO EP.1 (김성주 이사장)
2026-07-30 04:47:11,1239387,6562,810,골드만삭스도 한 수 배우고 간 국민연금 '역대급' 수익률 비결ㅣ지식인초대석: CEO EP.1 (김성주 이사장)
2026-07-30 05:38:56,1239387,6562,810,골드만삭스도 한 수 배우고 간 국민연금 '역대급' 수익률 비결ㅣ지식인초대석: CEO EP.1 (김성주 이사장)
2026-07-30 06:33:50,1239387,6562,810,골드만삭스도 한 수 배우고 간 국민연금 '역대급' 수익률 비결ㅣ지식인초대석: CEO EP.1 (김성주 이사장)
2026-07-30 07:33:06,1239387,6562,810,골드만삭스도 한 수 배우고 간 국민연금 '역대급' 수익률 비결ㅣ지식인초대석: CEO EP.1 (김성주 이사장)
2026-07-30 08:35:30,1239388,6562,810,골드만삭스도 한 수 배우고 간 국민연금 '역대급' 수익률 비결ㅣ지식인초대석: CEO EP.1 (김성주 이사장)
2026-07-30 09:58:47,1239389,6562,810,골드만삭스도 한 수 배우고 간 국민연금 '역대급' 수익률 비결ㅣ지식인초대석: CEO EP.1 (김성주 이사장)
2026-07-30 12:57:39,1239393,6562,810,골드만삭스도 한 수 배우고 간 국민연금 '역대급' 수익률 비결ㅣ지식인초대석: CEO EP.1 (김성주 이사장)
2026-07-30 15:26:38,1239393,6562,810,골드만삭스도 한 수 배우고 간 국민연금 '역대급' 수익률 비결ㅣ지식인초대석: CEO EP.1 (김성주 이사장)
2026-07-30 18:11:34,1239397,6562,810,골드만삭스도 한 수 배우고 간 국민연금 '역대급' 수익률 비결ㅣ지식인초대석: CEO EP.1 (김성주 이사장)
2026-07-30 20:20:41,1239401,6562,810,골드만삭스도 한 수 배우고 간 국민연금 '역대급' 수익률 비결ㅣ지식인초대석: CEO EP.1 (김성주 이사장)
2026-07-30 21:56:39,1239402,6562,810,골드만삭스도 한 수 배우고 간 국민연금 '역대급' 수익률 비결ㅣ지식인초대석: CEO EP.1 (김성주 이사장)
2026-07-31 00:07:08,1239408,6562,810,골드만삭스도 한 수 배우고 간 국민연금 '역대급' 수익률 비결ㅣ지식인초대석: CEO EP.1 (김성주 이사장)
2026-07-31 03:03:22,1239412,6562,810,골드만삭스도 한 수 배우고 간 국민연금 '역대급' 수익률 비결ㅣ지식인초대석: CEO EP.1 (김성주 이사장)
2026-07-31 04:45:19,1239412,6562,810,골드만삭스도 한 수 배우고 간 국민연금 '역대급' 수익률 비결ㅣ지식인초대석: CEO EP.1 (김성주 이사장)
2026-07-31 05:47:31,1239416,6562,810,골드만삭스도 한 수 배우고 간 국민연금 '역대급' 수익률 비결ㅣ지식인초대석: CEO EP.1 (김성주 이사장)
2026-07-31 06:51:09,1239416,6562,810,골드만삭스도 한 수 배우고 간 국민연금 '역대급' 수익률 비결ㅣ지식인초대석: CEO EP.1 (김성주 이사장)
2026-07-31 07:51:39,1239416,6562,810,골드만삭스도 한 수 배우고 간 국민연금 '역대급' 수익률 비결ㅣ지식인초대석: CEO EP.1 (김성주 이사장)
2026-07-31 08:46:30,1239421,6562,810,골드만삭스도 한 수 배우고 간 국민연금 '역대급' 수익률 비결ㅣ지식인초대석: CEO EP.1 (김성주 이사장)
2026-07-31 10:16:25,1239419,6562,810,골드만삭스도 한 수 배우고 간 국민연금 '역대급' 수익률 비결ㅣ지식인초대석: CEO EP.1 (김성주 이사장)
2026-07-31 13:44:59,1239425,6562,810,골드만삭스도 한 수 배우고 간 국민연금 '역대급' 수익률 비결ㅣ지식인초대석: CEO EP.1 (김성주 이사장)
2026-07-31 16:36:24,1239446,6562,809,골드만삭스도 한 수 배우고 간 국민연금 '역대급' 수익률 비결ㅣ지식인초대석: CEO EP.1 (김성주 이사장)
2026-07-31 19:11:09,1239451,6562,809,골드만삭스도 한 수 배우고 간 국민연금 '역대급' 수익률 비결ㅣ지식인초대석: CEO EP.1 (김성주 이사장)
2026-07-31 21:14:55,1239464,6562,809,골드만삭스도 한 수 배우고 간 국민연금 '역대급' 수익률 비결ㅣ지식인초대석: CEO EP.1 (김성주 이사장)
2026-07-31 23:37:09,1239480,6562,809,골드만삭스도 한 수 배우고 간 국민연금 '역대급' 수익률 비결ㅣ지식인초대석: CEO EP.1 (김성주 이사장)
2026-08-01 01:20:06,1239480,6562,809,골드만삭스도 한 수 배우고 간 국민연금 '역대급' 수익률 비결ㅣ지식인초대석: CEO EP.1 (김성주 이사장)
2026-08-01 02:57:45,1239493,6562,809,골드만삭스도 한 수 배우고 간 국민연금 '역대급' 수익률 비결ㅣ지식인초대석: CEO EP.1 (김성주 이사장)
2026-08-01 04:22:22,1239493,6562,809,골드만삭스도 한 수 배우고 간 국민연금 '역대급' 수익률 비결ㅣ지식인초대석: CEO EP.1 (김성주 이사장)
2026-08-01 05:38:54,1239493,6562,809,골드만삭스도 한 수 배우고 간 국민연금 '역대급' 수익률 비결ㅣ지식인초대석: CEO EP.1 (김성주 이사장)
2026-08-01 06:44:40,1239497,6562,809,골드만삭스도 한 수 배우고 간 국민연금 '역대급' 수익률 비결ㅣ지식인초대석: CEO EP.1 (김성주 이사장)
2026-08-01 07:43:22,1239500,6562,809,골드만삭스도 한 수 배우고 간 국민연금 '역대급' 수익률 비결ㅣ지식인초대석: CEO EP.1 (김성주 이사장)
2026-08-01 08:42:30,1239499,6562,809,골드만삭스도 한 수 배우고 간 국민연금 '역대급' 수익률 비결ㅣ지식인초대석: CEO EP.1 (김성주 이사장)
2026-08-01 10:14:34,1239500,6562,809,골드만삭스도 한 수 배우고 간 국민연금 '역대급' 수익률 비결ㅣ지식인초대석: CEO EP.1 (김성주 이사장)
2026-08-01 13:36:10,1239506,6562,809,골드만삭스도 한 수 배우고 간 국민연금 '역대급' 수익률 비결ㅣ지식인초대석: CEO EP.1 (김성주 이사장)
2026-08-01 16:08:49,1239521,6562,809,골드만삭스도 한 수 배우고 간 국민연금 '역대급' 수익률 비결ㅣ지식인초대석: CEO EP.1 (김성주 이사장)
2026-08-01 18:17:42,1239521,6562,809,골드만삭스도 한 수 배우고 간 국민연금 '역대급' 수익률 비결ㅣ지식인초대석: CEO EP.1 (김성주 이사장)
2026-08-01 19:51:45,1239540,6562,809,골드만삭스도 한 수 배우고 간 국민연금 '역대급' 수익률 비결ㅣ지식인초대석: CEO EP.1 (김성주 이사장)
2026-08-01 20:52:01,1239540,6562,809,골드만삭스도 한 수 배우고 간 국민연금 '역대급' 수익률 비결ㅣ지식인초대석: CEO EP.1 (김성주 이사장)
2026-08-01 21:44:16,1239555,6562,809,골드만삭스도 한 수 배우고 간 국민연금 '역대급' 수익률 비결ㅣ지식인초대석: CEO EP.1 (김성주 이사장)
2026-08-01 23:14:58,1239560,6562,809,골드만삭스도 한 수 배우고 간 국민연금 '역대급' 수익률 비결ㅣ지식인초대석: CEO EP.1 (김성주 이사장)
2026-08-02 00:28:06,1239563,6562,809,골드만삭스도 한 수 배우고 간 국민연금 '역대급' 수익률 비결ㅣ지식인초대석: CEO EP.1 (김성주 이사장)
2026-08-02 01:28:55,1239560,6562,809,골드만삭스도 한 수 배우고 간 국민연금 '역대급' 수익률 비결ㅣ지식인초대석: CEO EP.1 (김성주 이사장)
2026-08-02 02:32:14,1239580,6561,809,골드만삭스도 한 수 배우고 간 국민연금 '역대급' 수익률 비결ㅣ지식인초대석: CEO EP.1 (김성주 이사장)
2026-08-02 03:32:09,1239569,6561,809,골드만삭스도 한 수 배우고 간 국민연금 '역대급' 수익률 비결ㅣ지식인초대석: CEO EP.1 (김성주 이사장)
2026-08-02 04:46:58,1239569,6561,809,골드만삭스도 한 수 배우고 간 국민연금 '역대급' 수익률 비결ㅣ지식인초대석: CEO EP.1 (김성주 이사장)
2026-08-02 05:34:40,1239585,6561,809,골드만삭스도 한 수 배우고 간 국민연금 '역대급' 수익률 비결ㅣ지식인초대석: CEO EP.1 (김성주 이사장)
2026-08-02 06:29:55,1239585,6561,809,골드만삭스도 한 수 배우고 간 국민연금 '역대급' 수익률 비결ㅣ지식인초대석: CEO EP.1 (김성주 이사장)
2026-08-02 07:28:11,1239585,6561,809,골드만삭스도 한 수 배우고 간 국민연금 '역대급' 수익률 비결ㅣ지식인초대석: CEO EP.1 (김성주 이사장)
2026-08-02 08:28:40,1239588,6561,809,골드만삭스도 한 수 배우고 간 국민연금 '역대급' 수익률 비결ㅣ지식인초대석: CEO EP.1 (김성주 이사장)
2026-08-02 10:06:46,1239588,6561,809,골드만삭스도 한 수 배우고 간 국민연금 '역대급' 수익률 비결ㅣ지식인초대석: CEO EP.1 (김성주 이사장)
2026-08-02 13:33:37,1239596,6561,809,골드만삭스도 한 수 배우고 간 국민연금 '역대급' 수익률 비결ㅣ지식인초대석: CEO EP.1 (김성주 이사장)
2026-08-02 16:10:50,1239605,6561,809,골드만삭스도 한 수 배우고 간 국민연금 '역대급' 수익률 비결ㅣ지식인초대석: CEO EP.1 (김성주 이사장)
2026-08-02 18:19:34,1239614,6561,809,골드만삭스도 한 수 배우고 간 국민연금 '역대급' 수익률 비결ㅣ지식인초대석: CEO EP.1 (김성주 이사장)
2026-08-02 19:53:37,1239619,6561,809,골드만삭스도 한 수 배우고 간 국민연금 '역대급' 수익률 비결ㅣ지식인초대석: CEO EP.1 (김성주 이사장)
2026-08-02 20:50:58,1239614,6561,809,골드만삭스도 한 수 배우고 간 국민연금 '역대급' 수익률 비결ㅣ지식인초대석: CEO EP.1 (김성주 이사장)
2026-08-02 21:45:28,1239633,6561,809,골드만삭스도 한 수 배우고 간 국민연금 '역대급' 수익률 비결ㅣ지식인초대석: CEO EP.1 (김성주 이사장)
2026-08-02 23:16:12,1239633,6561,809,골드만삭스도 한 수 배우고 간 국민연금 '역대급' 수익률 비결ㅣ지식인초대석: CEO EP.1 (김성주 이사장)
2026-08-03 00:30:26,1239636,6561,809,골드만삭스도 한 수 배우고 간 국민연금 '역대급' 수익률 비결ㅣ지식인초대석: CEO EP.1 (김성주 이사장)
