timestamp,view_count,like_count,comment_count,title
2026-02-20 17:30:00,0,0,0,"""21세기 말까지 기금 소진 걱정 끝"" 김성주 이사장이 밝힌 1400조 국민연금의 미래 시나리오 #국민연금 #연금고갈 #2099년 #목표 수익률5.5% #연금개혁 #김성주이사장"
2026-02-21 09:48:40,127,13,0,"""21세기 말까지 기금 소진 걱정 끝"" 김성주 이사장이 밝힌 1400조 국민연금의 미래 시나리오 #국민연금 #연금고갈 #2099년 #목표 수익률5.5% #연금개혁 #김성주이사장"
2026-02-21 09:52:16,127,13,0,"""21세기 말까지 기금 소진 걱정 끝"" 김성주 이사장이 밝힌 1400조 국민연금의 미래 시나리오 #국민연금 #연금고갈 #2099년 #목표 수익률5.5% #연금개혁 #김성주이사장"
2026-02-21 11:42:21,126,13,0,"""21세기 말까지 기금 소진 걱정 끝"" 김성주 이사장이 밝힌 1400조 국민연금의 미래 시나리오 #국민연금 #연금고갈 #2099년 #목표 수익률5.5% #연금개혁 #김성주이사장"
2026-02-21 13:19:28,160,13,0,"""21세기 말까지 기금 소진 걱정 끝"" 김성주 이사장이 밝힌 1400조 국민연금의 미래 시나리오 #국민연금 #연금고갈 #2099년 #목표 수익률5.5% #연금개혁 #김성주이사장"
2026-02-21 14:14:04,169,14,0,"""21세기 말까지 기금 소진 걱정 끝"" 김성주 이사장이 밝힌 1400조 국민연금의 미래 시나리오 #국민연금 #연금고갈 #2099년 #목표 수익률5.5% #연금개혁 #김성주이사장"
2026-02-21 14:56:14,169,14,0,"""21세기 말까지 기금 소진 걱정 끝"" 김성주 이사장이 밝힌 1400조 국민연금의 미래 시나리오 #국민연금 #연금고갈 #2099년 #목표 수익률5.5% #연금개혁 #김성주이사장"
2026-02-21 15:32:38,181,15,1,"""21세기 말까지 기금 소진 걱정 끝"" 김성주 이사장이 밝힌 1400조 국민연금의 미래 시나리오 #국민연금 #연금고갈 #2099년 #목표 수익률5.5% #연금개혁 #김성주이사장"
2026-02-21 16:09:34,181,15,1,"""21세기 말까지 기금 소진 걱정 끝"" 김성주 이사장이 밝힌 1400조 국민연금의 미래 시나리오 #국민연금 #연금고갈 #2099년 #목표 수익률5.5% #연금개혁 #김성주이사장"
2026-02-21 16:43:23,169,14,0,"""21세기 말까지 기금 소진 걱정 끝"" 김성주 이사장이 밝힌 1400조 국민연금의 미래 시나리오 #국민연금 #연금고갈 #2099년 #목표 수익률5.5% #연금개혁 #김성주이사장"
2026-02-21 16:57:52,178,15,1,"""21세기 말까지 기금 소진 걱정 끝"" 김성주 이사장이 밝힌 1400조 국민연금의 미래 시나리오 #국민연금 #연금고갈 #2099년 #목표 수익률5.5% #연금개혁 #김성주이사장"
2026-02-21 17:27:00,181,15,1,"""21세기 말까지 기금 소진 걱정 끝"" 김성주 이사장이 밝힌 1400조 국민연금의 미래 시나리오 #국민연금 #연금고갈 #2099년 #목표 수익률5.5% #연금개혁 #김성주이사장"
2026-02-21 17:54:04,181,15,1,"""21세기 말까지 기금 소진 걱정 끝"" 김성주 이사장이 밝힌 1400조 국민연금의 미래 시나리오 #국민연금 #연금고갈 #2099년 #목표 수익률5.5% #연금개혁 #김성주이사장"
2026-02-21 18:17:27,178,15,1,"""21세기 말까지 기금 소진 걱정 끝"" 김성주 이사장이 밝힌 1400조 국민연금의 미래 시나리오 #국민연금 #연금고갈 #2099년 #목표 수익률5.5% #연금개혁 #김성주이사장"
2026-02-21 18:46:46,200,15,1,"""21세기 말까지 기금 소진 걱정 끝"" 김성주 이사장이 밝힌 1400조 국민연금의 미래 시나리오 #국민연금 #연금고갈 #2099년 #목표 수익률5.5% #연금개혁 #김성주이사장"
2026-02-21 18:59:24,187,15,1,"""21세기 말까지 기금 소진 걱정 끝"" 김성주 이사장이 밝힌 1400조 국민연금의 미래 시나리오 #국민연금 #연금고갈 #2099년 #목표 수익률5.5% #연금개혁 #김성주이사장"
2026-02-21 19:27:39,187,15,1,"""21세기 말까지 기금 소진 걱정 끝"" 김성주 이사장이 밝힌 1400조 국민연금의 미래 시나리오 #국민연금 #연금고갈 #2099년 #목표 수익률5.5% #연금개혁 #김성주이사장"
2026-02-21 19:51:43,200,15,1,"""21세기 말까지 기금 소진 걱정 끝"" 김성주 이사장이 밝힌 1400조 국민연금의 미래 시나리오 #국민연금 #연금고갈 #2099년 #목표 수익률5.5% #연금개혁 #김성주이사장"
2026-02-21 20:10:20,210,15,1,"""21세기 말까지 기금 소진 걱정 끝"" 김성주 이사장이 밝힌 1400조 국민연금의 미래 시나리오 #국민연금 #연금고갈 #2099년 #목표 수익률5.5% #연금개혁 #김성주이사장"
2026-02-21 20:33:55,210,15,1,"""21세기 말까지 기금 소진 걱정 끝"" 김성주 이사장이 밝힌 1400조 국민연금의 미래 시나리오 #국민연금 #연금고갈 #2099년 #목표 수익률5.5% #연금개혁 #김성주이사장"
2026-02-21 20:48:09,210,15,1,"""21세기 말까지 기금 소진 걱정 끝"" 김성주 이사장이 밝힌 1400조 국민연금의 미래 시나리오 #국민연금 #연금고갈 #2099년 #목표 수익률5.5% #연금개혁 #김성주이사장"
2026-02-21 20:57:08,200,15,1,"""21세기 말까지 기금 소진 걱정 끝"" 김성주 이사장이 밝힌 1400조 국민연금의 미래 시나리오 #국민연금 #연금고갈 #2099년 #목표 수익률5.5% #연금개혁 #김성주이사장"
2026-02-21 21:35:49,204,15,1,"""21세기 말까지 기금 소진 걱정 끝"" 김성주 이사장이 밝힌 1400조 국민연금의 미래 시나리오 #국민연금 #연금고갈 #2099년 #목표 수익률5.5% #연금개혁 #김성주이사장"
2026-02-21 22:27:13,222,15,1,"""21세기 말까지 기금 소진 걱정 끝"" 김성주 이사장이 밝힌 1400조 국민연금의 미래 시나리오 #국민연금 #연금고갈 #2099년 #목표 수익률5.5% #연금개혁 #김성주이사장"
2026-02-21 22:57:15,222,15,1,"""21세기 말까지 기금 소진 걱정 끝"" 김성주 이사장이 밝힌 1400조 국민연금의 미래 시나리오 #국민연금 #연금고갈 #2099년 #목표 수익률5.5% #연금개혁 #김성주이사장"
2026-02-21 23:21:31,222,15,1,"""21세기 말까지 기금 소진 걱정 끝"" 김성주 이사장이 밝힌 1400조 국민연금의 미래 시나리오 #국민연금 #연금고갈 #2099년 #목표 수익률5.5% #연금개혁 #김성주이사장"
2026-02-21 23:48:11,222,15,1,"""21세기 말까지 기금 소진 걱정 끝"" 김성주 이사장이 밝힌 1400조 국민연금의 미래 시나리오 #국민연금 #연금고갈 #2099년 #목표 수익률5.5% #연금개혁 #김성주이사장"
2026-02-22 00:01:15,227,15,1,"""21세기 말까지 기금 소진 걱정 끝"" 김성주 이사장이 밝힌 1400조 국민연금의 미래 시나리오 #국민연금 #연금고갈 #2099년 #목표 수익률5.5% #연금개혁 #김성주이사장"
2026-02-22 00:31:36,222,15,1,"""21세기 말까지 기금 소진 걱정 끝"" 김성주 이사장이 밝힌 1400조 국민연금의 미래 시나리오 #국민연금 #연금고갈 #2099년 #목표 수익률5.5% #연금개혁 #김성주이사장"
2026-02-22 00:50:16,222,15,1,"""21세기 말까지 기금 소진 걱정 끝"" 김성주 이사장이 밝힌 1400조 국민연금의 미래 시나리오 #국민연금 #연금고갈 #2099년 #목표 수익률5.5% #연금개혁 #김성주이사장"
2026-02-22 01:01:02,222,15,1,"""21세기 말까지 기금 소진 걱정 끝"" 김성주 이사장이 밝힌 1400조 국민연금의 미래 시나리오 #국민연금 #연금고갈 #2099년 #목표 수익률5.5% #연금개혁 #김성주이사장"
2026-02-22 01:36:16,227,15,1,"""21세기 말까지 기금 소진 걱정 끝"" 김성주 이사장이 밝힌 1400조 국민연금의 미래 시나리오 #국민연금 #연금고갈 #2099년 #목표 수익률5.5% #연금개혁 #김성주이사장"
2026-02-22 01:58:26,231,15,1,"""21세기 말까지 기금 소진 걱정 끝"" 김성주 이사장이 밝힌 1400조 국민연금의 미래 시나리오 #국민연금 #연금고갈 #2099년 #목표 수익률5.5% #연금개혁 #김성주이사장"
2026-02-22 02:24:27,231,15,1,"""21세기 말까지 기금 소진 걱정 끝"" 김성주 이사장이 밝힌 1400조 국민연금의 미래 시나리오 #국민연금 #연금고갈 #2099년 #목표 수익률5.5% #연금개혁 #김성주이사장"
2026-02-22 02:46:54,236,15,1,"""21세기 말까지 기금 소진 걱정 끝"" 김성주 이사장이 밝힌 1400조 국민연금의 미래 시나리오 #국민연금 #연금고갈 #2099년 #목표 수익률5.5% #연금개혁 #김성주이사장"
2026-02-22 02:59:40,233,15,1,"""21세기 말까지 기금 소진 걱정 끝"" 김성주 이사장이 밝힌 1400조 국민연금의 미래 시나리오 #국민연금 #연금고갈 #2099년 #목표 수익률5.5% #연금개혁 #김성주이사장"
2026-02-22 03:37:40,231,15,1,"""21세기 말까지 기금 소진 걱정 끝"" 김성주 이사장이 밝힌 1400조 국민연금의 미래 시나리오 #국민연금 #연금고갈 #2099년 #목표 수익률5.5% #연금개혁 #김성주이사장"
2026-02-22 04:03:15,236,15,1,"""21세기 말까지 기금 소진 걱정 끝"" 김성주 이사장이 밝힌 1400조 국민연금의 미래 시나리오 #국민연금 #연금고갈 #2099년 #목표 수익률5.5% #연금개혁 #김성주이사장"
2026-02-22 04:32:55,236,15,1,"""21세기 말까지 기금 소진 걱정 끝"" 김성주 이사장이 밝힌 1400조 국민연금의 미래 시나리오 #국민연금 #연금고갈 #2099년 #목표 수익률5.5% #연금개혁 #김성주이사장"
2026-02-22 04:48:34,231,15,1,"""21세기 말까지 기금 소진 걱정 끝"" 김성주 이사장이 밝힌 1400조 국민연금의 미래 시나리오 #국민연금 #연금고갈 #2099년 #목표 수익률5.5% #연금개혁 #김성주이사장"
2026-02-22 04:57:28,231,15,1,"""21세기 말까지 기금 소진 걱정 끝"" 김성주 이사장이 밝힌 1400조 국민연금의 미래 시나리오 #국민연금 #연금고갈 #2099년 #목표 수익률5.5% #연금개혁 #김성주이사장"
2026-02-22 05:19:53,242,15,1,"""21세기 말까지 기금 소진 걱정 끝"" 김성주 이사장이 밝힌 1400조 국민연금의 미래 시나리오 #국민연금 #연금고갈 #2099년 #목표 수익률5.5% #연금개혁 #김성주이사장"
2026-02-22 05:43:51,239,15,1,"""21세기 말까지 기금 소진 걱정 끝"" 김성주 이사장이 밝힌 1400조 국민연금의 미래 시나리오 #국민연금 #연금고갈 #2099년 #목표 수익률5.5% #연금개혁 #김성주이사장"
2026-02-22 05:57:49,239,15,1,"""21세기 말까지 기금 소진 걱정 끝"" 김성주 이사장이 밝힌 1400조 국민연금의 미래 시나리오 #국민연금 #연금고갈 #2099년 #목표 수익률5.5% #연금개혁 #김성주이사장"
2026-02-22 06:19:48,239,15,1,"""21세기 말까지 기금 소진 걱정 끝"" 김성주 이사장이 밝힌 1400조 국민연금의 미래 시나리오 #국민연금 #연금고갈 #2099년 #목표 수익률5.5% #연금개혁 #김성주이사장"
2026-02-22 06:41:17,242,15,1,"""21세기 말까지 기금 소진 걱정 끝"" 김성주 이사장이 밝힌 1400조 국민연금의 미래 시나리오 #국민연금 #연금고갈 #2099년 #목표 수익률5.5% #연금개혁 #김성주이사장"
2026-02-22 06:54:30,239,15,1,"""21세기 말까지 기금 소진 걱정 끝"" 김성주 이사장이 밝힌 1400조 국민연금의 미래 시나리오 #국민연금 #연금고갈 #2099년 #목표 수익률5.5% #연금개혁 #김성주이사장"
2026-02-22 07:11:08,239,15,1,"""21세기 말까지 기금 소진 걱정 끝"" 김성주 이사장이 밝힌 1400조 국민연금의 미래 시나리오 #국민연금 #연금고갈 #2099년 #목표 수익률5.5% #연금개혁 #김성주이사장"
2026-02-22 07:40:30,242,15,1,"""21세기 말까지 기금 소진 걱정 끝"" 김성주 이사장이 밝힌 1400조 국민연금의 미래 시나리오 #국민연금 #연금고갈 #2099년 #목표 수익률5.5% #연금개혁 #김성주이사장"
2026-02-22 07:57:11,242,15,1,"""21세기 말까지 기금 소진 걱정 끝"" 김성주 이사장이 밝힌 1400조 국민연금의 미래 시나리오 #국민연금 #연금고갈 #2099년 #목표 수익률5.5% #연금개혁 #김성주이사장"
2026-02-22 08:19:11,242,15,1,"""21세기 말까지 기금 소진 걱정 끝"" 김성주 이사장이 밝힌 1400조 국민연금의 미래 시나리오 #국민연금 #연금고갈 #2099년 #목표 수익률5.5% #연금개혁 #김성주이사장"
2026-02-22 08:41:35,246,15,1,"""21세기 말까지 기금 소진 걱정 끝"" 김성주 이사장이 밝힌 1400조 국민연금의 미래 시나리오 #국민연금 #연금고갈 #2099년 #목표 수익률5.5% #연금개혁 #김성주이사장"
2026-02-22 08:55:16,246,15,1,"""21세기 말까지 기금 소진 걱정 끝"" 김성주 이사장이 밝힌 1400조 국민연금의 미래 시나리오 #국민연금 #연금고갈 #2099년 #목표 수익률5.5% #연금개혁 #김성주이사장"
2026-02-22 10:09:28,246,15,1,"""21세기 말까지 기금 소진 걱정 끝"" 김성주 이사장이 밝힌 1400조 국민연금의 미래 시나리오 #국민연금 #연금고갈 #2099년 #목표 수익률5.5% #연금개혁 #김성주이사장"
2026-02-22 12:43:35,255,15,1,"""21세기 말까지 기금 소진 걱정 끝"" 김성주 이사장이 밝힌 1400조 국민연금의 미래 시나리오 #국민연금 #연금고갈 #2099년 #목표 수익률5.5% #연금개혁 #김성주이사장"
2026-02-22 14:07:30,252,15,1,"""21세기 말까지 기금 소진 걱정 끝"" 김성주 이사장이 밝힌 1400조 국민연금의 미래 시나리오 #국민연금 #연금고갈 #2099년 #목표 수익률5.5% #연금개혁 #김성주이사장"
2026-02-22 15:02:03,255,15,1,"""21세기 말까지 기금 소진 걱정 끝"" 김성주 이사장이 밝힌 1400조 국민연금의 미래 시나리오 #국민연금 #연금고갈 #2099년 #목표 수익률5.5% #연금개혁 #김성주이사장"
2026-02-22 15:59:10,257,15,1,"""21세기 말까지 기금 소진 걱정 끝"" 김성주 이사장이 밝힌 1400조 국민연금의 미래 시나리오 #국민연금 #연금고갈 #2099년 #목표 수익률5.5% #연금개혁 #김성주이사장"
2026-02-22 16:35:55,257,15,1,"""21세기 말까지 기금 소진 걱정 끝"" 김성주 이사장이 밝힌 1400조 국민연금의 미래 시나리오 #국민연금 #연금고갈 #2099년 #목표 수익률5.5% #연금개혁 #김성주이사장"
2026-02-22 16:57:09,257,15,1,"""21세기 말까지 기금 소진 걱정 끝"" 김성주 이사장이 밝힌 1400조 국민연금의 미래 시나리오 #국민연금 #연금고갈 #2099년 #목표 수익률5.5% #연금개혁 #김성주이사장"
2026-02-22 17:25:22,257,15,1,"""21세기 말까지 기금 소진 걱정 끝"" 김성주 이사장이 밝힌 1400조 국민연금의 미래 시나리오 #국민연금 #연금고갈 #2099년 #목표 수익률5.5% #연금개혁 #김성주이사장"
2026-02-22 17:53:52,257,15,1,"""21세기 말까지 기금 소진 걱정 끝"" 김성주 이사장이 밝힌 1400조 국민연금의 미래 시나리오 #국민연금 #연금고갈 #2099년 #목표 수익률5.5% #연금개혁 #김성주이사장"
2026-02-22 18:18:05,266,15,1,"""21세기 말까지 기금 소진 걱정 끝"" 김성주 이사장이 밝힌 1400조 국민연금의 미래 시나리오 #국민연금 #연금고갈 #2099년 #목표 수익률5.5% #연금개혁 #김성주이사장"
2026-02-22 18:48:04,257,15,1,"""21세기 말까지 기금 소진 걱정 끝"" 김성주 이사장이 밝힌 1400조 국민연금의 미래 시나리오 #국민연금 #연금고갈 #2099년 #목표 수익률5.5% #연금개혁 #김성주이사장"
2026-02-22 19:00:16,266,15,1,"""21세기 말까지 기금 소진 걱정 끝"" 김성주 이사장이 밝힌 1400조 국민연금의 미래 시나리오 #국민연금 #연금고갈 #2099년 #목표 수익률5.5% #연금개혁 #김성주이사장"
2026-02-22 19:29:07,266,15,1,"""21세기 말까지 기금 소진 걱정 끝"" 김성주 이사장이 밝힌 1400조 국민연금의 미래 시나리오 #국민연금 #연금고갈 #2099년 #목표 수익률5.5% #연금개혁 #김성주이사장"
2026-02-22 19:52:38,266,15,1,"""21세기 말까지 기금 소진 걱정 끝"" 김성주 이사장이 밝힌 1400조 국민연금의 미래 시나리오 #국민연금 #연금고갈 #2099년 #목표 수익률5.5% #연금개혁 #김성주이사장"
2026-02-22 20:10:56,266,15,1,"""21세기 말까지 기금 소진 걱정 끝"" 김성주 이사장이 밝힌 1400조 국민연금의 미래 시나리오 #국민연금 #연금고갈 #2099년 #목표 수익률5.5% #연금개혁 #김성주이사장"
2026-02-22 20:33:57,266,15,1,"""21세기 말까지 기금 소진 걱정 끝"" 김성주 이사장이 밝힌 1400조 국민연금의 미래 시나리오 #국민연금 #연금고갈 #2099년 #목표 수익률5.5% #연금개혁 #김성주이사장"
2026-02-22 20:47:51,268,15,1,"""21세기 말까지 기금 소진 걱정 끝"" 김성주 이사장이 밝힌 1400조 국민연금의 미래 시나리오 #국민연금 #연금고갈 #2099년 #목표 수익률5.5% #연금개혁 #김성주이사장"
2026-02-22 20:57:39,266,15,1,"""21세기 말까지 기금 소진 걱정 끝"" 김성주 이사장이 밝힌 1400조 국민연금의 미래 시나리오 #국민연금 #연금고갈 #2099년 #목표 수익률5.5% #연금개혁 #김성주이사장"
2026-02-22 21:40:40,270,15,1,"""21세기 말까지 기금 소진 걱정 끝"" 김성주 이사장이 밝힌 1400조 국민연금의 미래 시나리오 #국민연금 #연금고갈 #2099년 #목표 수익률5.5% #연금개혁 #김성주이사장"
2026-02-22 22:30:38,270,15,1,"""21세기 말까지 기금 소진 걱정 끝"" 김성주 이사장이 밝힌 1400조 국민연금의 미래 시나리오 #국민연금 #연금고갈 #2099년 #목표 수익률5.5% #연금개혁 #김성주이사장"
2026-02-22 22:59:19,270,15,1,"""21세기 말까지 기금 소진 걱정 끝"" 김성주 이사장이 밝힌 1400조 국민연금의 미래 시나리오 #국민연금 #연금고갈 #2099년 #목표 수익률5.5% #연금개혁 #김성주이사장"
2026-02-22 23:27:17,270,15,1,"""21세기 말까지 기금 소진 걱정 끝"" 김성주 이사장이 밝힌 1400조 국민연금의 미래 시나리오 #국민연금 #연금고갈 #2099년 #목표 수익률5.5% #연금개혁 #김성주이사장"
2026-02-22 23:51:23,270,15,1,"""21세기 말까지 기금 소진 걱정 끝"" 김성주 이사장이 밝힌 1400조 국민연금의 미래 시나리오 #국민연금 #연금고갈 #2099년 #목표 수익률5.5% #연금개혁 #김성주이사장"
2026-02-23 00:03:00,273,15,1,"""21세기 말까지 기금 소진 걱정 끝"" 김성주 이사장이 밝힌 1400조 국민연금의 미래 시나리오 #국민연금 #연금고갈 #2099년 #목표 수익률5.5% #연금개혁 #김성주이사장"
2026-02-23 00:34:33,273,15,1,"""21세기 말까지 기금 소진 걱정 끝"" 김성주 이사장이 밝힌 1400조 국민연금의 미래 시나리오 #국민연금 #연금고갈 #2099년 #목표 수익률5.5% #연금개혁 #김성주이사장"
2026-02-23 00:52:35,273,15,1,"""21세기 말까지 기금 소진 걱정 끝"" 김성주 이사장이 밝힌 1400조 국민연금의 미래 시나리오 #국민연금 #연금고갈 #2099년 #목표 수익률5.5% #연금개혁 #김성주이사장"
2026-02-23 01:13:33,273,15,1,"""21세기 말까지 기금 소진 걱정 끝"" 김성주 이사장이 밝힌 1400조 국민연금의 미래 시나리오 #국민연금 #연금고갈 #2099년 #목표 수익률5.5% #연금개혁 #김성주이사장"
2026-02-23 01:48:44,275,15,1,"""21세기 말까지 기금 소진 걱정 끝"" 김성주 이사장이 밝힌 1400조 국민연금의 미래 시나리오 #국민연금 #연금고갈 #2099년 #목표 수익률5.5% #연금개혁 #김성주이사장"
2026-02-23 02:12:23,275,15,1,"""21세기 말까지 기금 소진 걱정 끝"" 김성주 이사장이 밝힌 1400조 국민연금의 미래 시나리오 #국민연금 #연금고갈 #2099년 #목표 수익률5.5% #연금개혁 #김성주이사장"
2026-02-23 02:41:02,275,15,1,"""21세기 말까지 기금 소진 걱정 끝"" 김성주 이사장이 밝힌 1400조 국민연금의 미래 시나리오 #국민연금 #연금고갈 #2099년 #목표 수익률5.5% #연금개혁 #김성주이사장"
2026-02-23 02:56:43,275,15,1,"""21세기 말까지 기금 소진 걱정 끝"" 김성주 이사장이 밝힌 1400조 국민연금의 미래 시나리오 #국민연금 #연금고갈 #2099년 #목표 수익률5.5% #연금개혁 #김성주이사장"
2026-02-23 03:26:08,275,15,1,"""21세기 말까지 기금 소진 걱정 끝"" 김성주 이사장이 밝힌 1400조 국민연금의 미래 시나리오 #국민연금 #연금고갈 #2099년 #목표 수익률5.5% #연금개혁 #김성주이사장"
2026-02-23 03:59:26,276,15,1,"""21세기 말까지 기금 소진 걱정 끝"" 김성주 이사장이 밝힌 1400조 국민연금의 미래 시나리오 #국민연금 #연금고갈 #2099년 #목표 수익률5.5% #연금개혁 #김성주이사장"
2026-02-23 04:25:34,275,15,1,"""21세기 말까지 기금 소진 걱정 끝"" 김성주 이사장이 밝힌 1400조 국민연금의 미래 시나리오 #국민연금 #연금고갈 #2099년 #목표 수익률5.5% #연금개혁 #김성주이사장"
2026-02-23 04:43:27,275,15,1,"""21세기 말까지 기금 소진 걱정 끝"" 김성주 이사장이 밝힌 1400조 국민연금의 미래 시나리오 #국민연금 #연금고갈 #2099년 #목표 수익률5.5% #연금개혁 #김성주이사장"
2026-02-23 04:55:22,276,15,1,"""21세기 말까지 기금 소진 걱정 끝"" 김성주 이사장이 밝힌 1400조 국민연금의 미래 시나리오 #국민연금 #연금고갈 #2099년 #목표 수익률5.5% #연금개혁 #김성주이사장"
2026-02-23 05:14:42,276,15,1,"""21세기 말까지 기금 소진 걱정 끝"" 김성주 이사장이 밝힌 1400조 국민연금의 미래 시나리오 #국민연금 #연금고갈 #2099년 #목표 수익률5.5% #연금개혁 #김성주이사장"
2026-02-23 05:43:58,276,15,1,"""21세기 말까지 기금 소진 걱정 끝"" 김성주 이사장이 밝힌 1400조 국민연금의 미래 시나리오 #국민연금 #연금고갈 #2099년 #목표 수익률5.5% #연금개혁 #김성주이사장"
2026-02-23 05:59:27,276,15,1,"""21세기 말까지 기금 소진 걱정 끝"" 김성주 이사장이 밝힌 1400조 국민연금의 미래 시나리오 #국민연금 #연금고갈 #2099년 #목표 수익률5.5% #연금개혁 #김성주이사장"
2026-02-23 06:26:09,276,15,1,"""21세기 말까지 기금 소진 걱정 끝"" 김성주 이사장이 밝힌 1400조 국민연금의 미래 시나리오 #국민연금 #연금고갈 #2099년 #목표 수익률5.5% #연금개혁 #김성주이사장"
2026-02-23 06:45:21,276,15,1,"""21세기 말까지 기금 소진 걱정 끝"" 김성주 이사장이 밝힌 1400조 국민연금의 미래 시나리오 #국민연금 #연금고갈 #2099년 #목표 수익률5.5% #연금개혁 #김성주이사장"
2026-02-23 06:57:48,276,15,1,"""21세기 말까지 기금 소진 걱정 끝"" 김성주 이사장이 밝힌 1400조 국민연금의 미래 시나리오 #국민연금 #연금고갈 #2099년 #목표 수익률5.5% #연금개혁 #김성주이사장"
2026-02-23 07:20:49,276,15,1,"""21세기 말까지 기금 소진 걱정 끝"" 김성주 이사장이 밝힌 1400조 국민연금의 미래 시나리오 #국민연금 #연금고갈 #2099년 #목표 수익률5.5% #연금개혁 #김성주이사장"
2026-02-23 07:46:24,276,15,1,"""21세기 말까지 기금 소진 걱정 끝"" 김성주 이사장이 밝힌 1400조 국민연금의 미래 시나리오 #국민연금 #연금고갈 #2099년 #목표 수익률5.5% #연금개혁 #김성주이사장"
2026-02-23 08:00:43,278,15,1,"""21세기 말까지 기금 소진 걱정 끝"" 김성주 이사장이 밝힌 1400조 국민연금의 미래 시나리오 #국민연금 #연금고갈 #2099년 #목표 수익률5.5% #연금개혁 #김성주이사장"
2026-02-23 08:30:55,276,15,1,"""21세기 말까지 기금 소진 걱정 끝"" 김성주 이사장이 밝힌 1400조 국민연금의 미래 시나리오 #국민연금 #연금고갈 #2099년 #목표 수익률5.5% #연금개혁 #김성주이사장"
2026-02-23 08:51:19,276,15,1,"""21세기 말까지 기금 소진 걱정 끝"" 김성주 이사장이 밝힌 1400조 국민연금의 미래 시나리오 #국민연금 #연금고갈 #2099년 #목표 수익률5.5% #연금개혁 #김성주이사장"
2026-02-23 09:01:42,278,15,1,"""21세기 말까지 기금 소진 걱정 끝"" 김성주 이사장이 밝힌 1400조 국민연금의 미래 시나리오 #국민연금 #연금고갈 #2099년 #목표 수익률5.5% #연금개혁 #김성주이사장"
2026-02-23 11:48:57,281,15,1,"""21세기 말까지 기금 소진 걱정 끝"" 김성주 이사장이 밝힌 1400조 국민연금의 미래 시나리오 #국민연금 #연금고갈 #2099년 #목표 수익률5.5% #연금개혁 #김성주이사장"
2026-02-23 13:49:47,281,15,1,"""21세기 말까지 기금 소진 걱정 끝"" 김성주 이사장이 밝힌 1400조 국민연금의 미래 시나리오 #국민연금 #연금고갈 #2099년 #목표 수익률5.5% #연금개혁 #김성주이사장"
2026-02-23 14:56:35,286,15,1,"""21세기 말까지 기금 소진 걱정 끝"" 김성주 이사장이 밝힌 1400조 국민연금의 미래 시나리오 #국민연금 #연금고갈 #2099년 #목표 수익률5.5% #연금개혁 #김성주이사장"
2026-02-23 15:56:47,287,15,1,"""21세기 말까지 기금 소진 걱정 끝"" 김성주 이사장이 밝힌 1400조 국민연금의 미래 시나리오 #국민연금 #연금고갈 #2099년 #목표 수익률5.5% #연금개혁 #김성주이사장"
2026-02-23 16:50:08,287,15,1,"""21세기 말까지 기금 소진 걱정 끝"" 김성주 이사장이 밝힌 1400조 국민연금의 미래 시나리오 #국민연금 #연금고갈 #2099년 #목표 수익률5.5% #연금개혁 #김성주이사장"
2026-02-23 17:32:27,286,15,1,"""21세기 말까지 기금 소진 걱정 끝"" 김성주 이사장이 밝힌 1400조 국민연금의 미래 시나리오 #국민연금 #연금고갈 #2099년 #목표 수익률5.5% #연금개혁 #김성주이사장"
2026-02-23 18:31:22,287,15,1,"""21세기 말까지 기금 소진 걱정 끝"" 김성주 이사장이 밝힌 1400조 국민연금의 미래 시나리오 #국민연금 #연금고갈 #2099년 #목표 수익률5.5% #연금개혁 #김성주이사장"
2026-02-23 19:29:12,291,15,1,"""21세기 말까지 기금 소진 걱정 끝"" 김성주 이사장이 밝힌 1400조 국민연금의 미래 시나리오 #국민연금 #연금고갈 #2099년 #목표 수익률5.5% #연금개혁 #김성주이사장"
2026-02-23 20:12:22,294,15,1,"""21세기 말까지 기금 소진 걱정 끝"" 김성주 이사장이 밝힌 1400조 국민연금의 미래 시나리오 #국민연금 #연금고갈 #2099년 #목표 수익률5.5% #연금개혁 #김성주이사장"
2026-02-23 20:53:22,294,15,1,"""21세기 말까지 기금 소진 걱정 끝"" 김성주 이사장이 밝힌 1400조 국민연금의 미래 시나리오 #국민연금 #연금고갈 #2099년 #목표 수익률5.5% #연금개혁 #김성주이사장"
2026-02-23 21:31:36,295,15,1,"""21세기 말까지 기금 소진 걱정 끝"" 김성주 이사장이 밝힌 1400조 국민연금의 미래 시나리오 #국민연금 #연금고갈 #2099년 #목표 수익률5.5% #연금개혁 #김성주이사장"
2026-02-23 22:49:44,298,15,1,"""21세기 말까지 기금 소진 걱정 끝"" 김성주 이사장이 밝힌 1400조 국민연금의 미래 시나리오 #국민연금 #연금고갈 #2099년 #목표 수익률5.5% #연금개혁 #김성주이사장"
2026-02-23 23:36:40,295,15,1,"""21세기 말까지 기금 소진 걱정 끝"" 김성주 이사장이 밝힌 1400조 국민연금의 미래 시나리오 #국민연금 #연금고갈 #2099년 #목표 수익률5.5% #연금개혁 #김성주이사장"
2026-02-24 00:28:10,299,15,1,"""21세기 말까지 기금 소진 걱정 끝"" 김성주 이사장이 밝힌 1400조 국민연금의 미래 시나리오 #국민연금 #연금고갈 #2099년 #목표 수익률5.5% #연금개혁 #김성주이사장"
2026-02-24 01:12:21,299,15,1,"""21세기 말까지 기금 소진 걱정 끝"" 김성주 이사장이 밝힌 1400조 국민연금의 미래 시나리오 #국민연금 #연금고갈 #2099년 #목표 수익률5.5% #연금개혁 #김성주이사장"
2026-02-24 02:18:10,301,15,1,"""21세기 말까지 기금 소진 걱정 끝"" 김성주 이사장이 밝힌 1400조 국민연금의 미래 시나리오 #국민연금 #연금고갈 #2099년 #목표 수익률5.5% #연금개혁 #김성주이사장"
2026-02-24 03:13:07,301,15,1,"""21세기 말까지 기금 소진 걱정 끝"" 김성주 이사장이 밝힌 1400조 국민연금의 미래 시나리오 #국민연금 #연금고갈 #2099년 #목표 수익률5.5% #연금개혁 #김성주이사장"
2026-02-24 04:22:47,302,15,1,"""21세기 말까지 기금 소진 걱정 끝"" 김성주 이사장이 밝힌 1400조 국민연금의 미래 시나리오 #국민연금 #연금고갈 #2099년 #목표 수익률5.5% #연금개혁 #김성주이사장"
2026-02-24 05:05:14,302,15,1,"""21세기 말까지 기금 소진 걱정 끝"" 김성주 이사장이 밝힌 1400조 국민연금의 미래 시나리오 #국민연금 #연금고갈 #2099년 #목표 수익률5.5% #연금개혁 #김성주이사장"
2026-02-24 05:57:53,302,15,1,"""21세기 말까지 기금 소진 걱정 끝"" 김성주 이사장이 밝힌 1400조 국민연금의 미래 시나리오 #국민연금 #연금고갈 #2099년 #목표 수익률5.5% #연금개혁 #김성주이사장"
2026-02-24 06:40:45,302,15,1,"""21세기 말까지 기금 소진 걱정 끝"" 김성주 이사장이 밝힌 1400조 국민연금의 미래 시나리오 #국민연금 #연금고갈 #2099년 #목표 수익률5.5% #연금개혁 #김성주이사장"
2026-02-24 07:24:42,302,15,1,"""21세기 말까지 기금 소진 걱정 끝"" 김성주 이사장이 밝힌 1400조 국민연금의 미래 시나리오 #국민연금 #연금고갈 #2099년 #목표 수익률5.5% #연금개혁 #김성주이사장"
2026-02-24 08:05:37,302,15,1,"""21세기 말까지 기금 소진 걱정 끝"" 김성주 이사장이 밝힌 1400조 국민연금의 미래 시나리오 #국민연금 #연금고갈 #2099년 #목표 수익률5.5% #연금개혁 #김성주이사장"
2026-02-24 08:42:00,302,15,1,"""21세기 말까지 기금 소진 걱정 끝"" 김성주 이사장이 밝힌 1400조 국민연금의 미래 시나리오 #국민연금 #연금고갈 #2099년 #목표 수익률5.5% #연금개혁 #김성주이사장"
2026-02-24 08:59:24,302,15,1,"""21세기 말까지 기금 소진 걱정 끝"" 김성주 이사장이 밝힌 1400조 국민연금의 미래 시나리오 #국민연금 #연금고갈 #2099년 #목표 수익률5.5% #연금개혁 #김성주이사장"
2026-02-24 11:09:39,302,15,1,"""21세기 말까지 기금 소진 걱정 끝"" 김성주 이사장이 밝힌 1400조 국민연금의 미래 시나리오 #국민연금 #연금고갈 #2099년 #목표 수익률5.5% #연금개혁 #김성주이사장"
2026-02-24 13:26:05,303,15,1,"""21세기 말까지 기금 소진 걱정 끝"" 김성주 이사장이 밝힌 1400조 국민연금의 미래 시나리오 #국민연금 #연금고갈 #2099년 #목표 수익률5.5% #연금개혁 #김성주이사장"
2026-02-24 14:39:38,303,15,1,"""21세기 말까지 기금 소진 걱정 끝"" 김성주 이사장이 밝힌 1400조 국민연금의 미래 시나리오 #국민연금 #연금고갈 #2099년 #목표 수익률5.5% #연금개혁 #김성주이사장"
2026-02-24 15:39:06,306,15,1,"""21세기 말까지 기금 소진 걱정 끝"" 김성주 이사장이 밝힌 1400조 국민연금의 미래 시나리오 #국민연금 #연금고갈 #2099년 #목표 수익률5.5% #연금개혁 #김성주이사장"
2026-02-24 16:36:16,306,15,1,"""21세기 말까지 기금 소진 걱정 끝"" 김성주 이사장이 밝힌 1400조 국민연금의 미래 시나리오 #국민연금 #연금고갈 #2099년 #목표 수익률5.5% #연금개혁 #김성주이사장"
2026-02-24 17:08:05,306,15,1,"""21세기 말까지 기금 소진 걱정 끝"" 김성주 이사장이 밝힌 1400조 국민연금의 미래 시나리오 #국민연금 #연금고갈 #2099년 #목표 수익률5.5% #연금개혁 #김성주이사장"
2026-02-24 18:03:53,306,15,1,"""21세기 말까지 기금 소진 걱정 끝"" 김성주 이사장이 밝힌 1400조 국민연금의 미래 시나리오 #국민연금 #연금고갈 #2099년 #목표 수익률5.5% #연금개혁 #김성주이사장"
2026-02-24 19:02:09,307,15,1,"""21세기 말까지 기금 소진 걱정 끝"" 김성주 이사장이 밝힌 1400조 국민연금의 미래 시나리오 #국민연금 #연금고갈 #2099년 #목표 수익률5.5% #연금개혁 #김성주이사장"
2026-02-24 19:57:19,308,15,1,"""21세기 말까지 기금 소진 걱정 끝"" 김성주 이사장이 밝힌 1400조 국민연금의 미래 시나리오 #국민연금 #연금고갈 #2099년 #목표 수익률5.5% #연금개혁 #김성주이사장"
2026-02-24 20:37:04,308,15,1,"""21세기 말까지 기금 소진 걱정 끝"" 김성주 이사장이 밝힌 1400조 국민연금의 미래 시나리오 #국민연금 #연금고갈 #2099년 #목표 수익률5.5% #연금개혁 #김성주이사장"
2026-02-24 21:04:58,307,15,1,"""21세기 말까지 기금 소진 걱정 끝"" 김성주 이사장이 밝힌 1400조 국민연금의 미래 시나리오 #국민연금 #연금고갈 #2099년 #목표 수익률5.5% #연금개혁 #김성주이사장"
2026-02-24 22:39:34,308,15,1,"""21세기 말까지 기금 소진 걱정 끝"" 김성주 이사장이 밝힌 1400조 국민연금의 미래 시나리오 #국민연금 #연금고갈 #2099년 #목표 수익률5.5% #연금개혁 #김성주이사장"
2026-02-24 23:36:08,308,15,1,"""21세기 말까지 기금 소진 걱정 끝"" 김성주 이사장이 밝힌 1400조 국민연금의 미래 시나리오 #국민연금 #연금고갈 #2099년 #목표 수익률5.5% #연금개혁 #김성주이사장"
2026-02-25 00:34:07,308,15,1,"""21세기 말까지 기금 소진 걱정 끝"" 김성주 이사장이 밝힌 1400조 국민연금의 미래 시나리오 #국민연금 #연금고갈 #2099년 #목표 수익률5.5% #연금개혁 #김성주이사장"
2026-02-25 01:38:46,308,15,1,"""21세기 말까지 기금 소진 걱정 끝"" 김성주 이사장이 밝힌 1400조 국민연금의 미래 시나리오 #국민연금 #연금고갈 #2099년 #목표 수익률5.5% #연금개혁 #김성주이사장"
2026-02-25 02:38:39,310,15,1,"""21세기 말까지 기금 소진 걱정 끝"" 김성주 이사장이 밝힌 1400조 국민연금의 미래 시나리오 #국민연금 #연금고갈 #2099년 #목표 수익률5.5% #연금개혁 #김성주이사장"
2026-02-25 03:34:57,310,15,1,"""21세기 말까지 기금 소진 걱정 끝"" 김성주 이사장이 밝힌 1400조 국민연금의 미래 시나리오 #국민연금 #연금고갈 #2099년 #목표 수익률5.5% #연금개혁 #김성주이사장"
2026-02-25 04:33:35,310,15,1,"""21세기 말까지 기금 소진 걱정 끝"" 김성주 이사장이 밝힌 1400조 국민연금의 미래 시나리오 #국민연금 #연금고갈 #2099년 #목표 수익률5.5% #연금개혁 #김성주이사장"
2026-02-25 05:00:09,310,15,1,"""21세기 말까지 기금 소진 걱정 끝"" 김성주 이사장이 밝힌 1400조 국민연금의 미래 시나리오 #국민연금 #연금고갈 #2099년 #목표 수익률5.5% #연금개혁 #김성주이사장"
2026-02-25 05:39:24,310,15,1,"""21세기 말까지 기금 소진 걱정 끝"" 김성주 이사장이 밝힌 1400조 국민연금의 미래 시나리오 #국민연금 #연금고갈 #2099년 #목표 수익률5.5% #연금개혁 #김성주이사장"
2026-02-25 06:06:43,310,15,1,"""21세기 말까지 기금 소진 걱정 끝"" 김성주 이사장이 밝힌 1400조 국민연금의 미래 시나리오 #국민연금 #연금고갈 #2099년 #목표 수익률5.5% #연금개혁 #김성주이사장"
2026-02-25 06:48:35,310,15,1,"""21세기 말까지 기금 소진 걱정 끝"" 김성주 이사장이 밝힌 1400조 국민연금의 미래 시나리오 #국민연금 #연금고갈 #2099년 #목표 수익률5.5% #연금개혁 #김성주이사장"
2026-02-25 07:17:47,310,15,1,"""21세기 말까지 기금 소진 걱정 끝"" 김성주 이사장이 밝힌 1400조 국민연금의 미래 시나리오 #국민연금 #연금고갈 #2099년 #목표 수익률5.5% #연금개혁 #김성주이사장"
2026-02-25 07:54:50,310,15,1,"""21세기 말까지 기금 소진 걱정 끝"" 김성주 이사장이 밝힌 1400조 국민연금의 미래 시나리오 #국민연금 #연금고갈 #2099년 #목표 수익률5.5% #연금개혁 #김성주이사장"
2026-02-25 08:20:06,310,15,1,"""21세기 말까지 기금 소진 걱정 끝"" 김성주 이사장이 밝힌 1400조 국민연금의 미래 시나리오 #국민연금 #연금고갈 #2099년 #목표 수익률5.5% #연금개혁 #김성주이사장"
2026-02-25 08:49:37,310,15,1,"""21세기 말까지 기금 소진 걱정 끝"" 김성주 이사장이 밝힌 1400조 국민연금의 미래 시나리오 #국민연금 #연금고갈 #2099년 #목표 수익률5.5% #연금개혁 #김성주이사장"
2026-02-25 09:59:35,310,15,1,"""21세기 말까지 기금 소진 걱정 끝"" 김성주 이사장이 밝힌 1400조 국민연금의 미래 시나리오 #국민연금 #연금고갈 #2099년 #목표 수익률5.5% #연금개혁 #김성주이사장"
2026-02-25 12:35:54,310,15,1,"""21세기 말까지 기금 소진 걱정 끝"" 김성주 이사장이 밝힌 1400조 국민연금의 미래 시나리오 #국민연금 #연금고갈 #2099년 #목표 수익률5.5% #연금개혁 #김성주이사장"
2026-02-25 14:13:08,317,15,1,"""21세기 말까지 기금 소진 걱정 끝"" 김성주 이사장이 밝힌 1400조 국민연금의 미래 시나리오 #국민연금 #연금고갈 #2099년 #목표 수익률5.5% #연금개혁 #김성주이사장"
2026-02-25 15:15:43,317,15,1,"""21세기 말까지 기금 소진 걱정 끝"" 김성주 이사장이 밝힌 1400조 국민연금의 미래 시나리오 #국민연금 #연금고갈 #2099년 #목표 수익률5.5% #연금개혁 #김성주이사장"
2026-02-25 16:17:19,317,15,1,"""21세기 말까지 기금 소진 걱정 끝"" 김성주 이사장이 밝힌 1400조 국민연금의 미래 시나리오 #국민연금 #연금고갈 #2099년 #목표 수익률5.5% #연금개혁 #김성주이사장"
2026-02-25 17:02:48,321,15,1,"""21세기 말까지 기금 소진 걱정 끝"" 김성주 이사장이 밝힌 1400조 국민연금의 미래 시나리오 #국민연금 #연금고갈 #2099년 #목표 수익률5.5% #연금개혁 #김성주이사장"
2026-02-25 18:00:55,322,15,1,"""21세기 말까지 기금 소진 걱정 끝"" 김성주 이사장이 밝힌 1400조 국민연금의 미래 시나리오 #국민연금 #연금고갈 #2099년 #목표 수익률5.5% #연금개혁 #김성주이사장"
2026-02-25 18:59:59,322,15,1,"""21세기 말까지 기금 소진 걱정 끝"" 김성주 이사장이 밝힌 1400조 국민연금의 미래 시나리오 #국민연금 #연금고갈 #2099년 #목표 수익률5.5% #연금개혁 #김성주이사장"
2026-02-25 19:53:26,324,15,1,"""21세기 말까지 기금 소진 걱정 끝"" 김성주 이사장이 밝힌 1400조 국민연금의 미래 시나리오 #국민연금 #연금고갈 #2099년 #목표 수익률5.5% #연금개혁 #김성주이사장"
2026-02-25 20:30:27,323,15,1,"""21세기 말까지 기금 소진 걱정 끝"" 김성주 이사장이 밝힌 1400조 국민연금의 미래 시나리오 #국민연금 #연금고갈 #2099년 #목표 수익률5.5% #연금개혁 #김성주이사장"
2026-02-25 21:01:03,324,15,1,"""21세기 말까지 기금 소진 걱정 끝"" 김성주 이사장이 밝힌 1400조 국민연금의 미래 시나리오 #국민연금 #연금고갈 #2099년 #목표 수익률5.5% #연금개혁 #김성주이사장"
2026-02-25 22:18:09,323,15,1,"""21세기 말까지 기금 소진 걱정 끝"" 김성주 이사장이 밝힌 1400조 국민연금의 미래 시나리오 #국민연금 #연금고갈 #2099년 #목표 수익률5.5% #연금개혁 #김성주이사장"
2026-02-25 23:16:58,324,15,1,"""21세기 말까지 기금 소진 걱정 끝"" 김성주 이사장이 밝힌 1400조 국민연금의 미래 시나리오 #국민연금 #연금고갈 #2099년 #목표 수익률5.5% #연금개혁 #김성주이사장"
2026-02-26 00:12:04,325,15,1,"""21세기 말까지 기금 소진 걱정 끝"" 김성주 이사장이 밝힌 1400조 국민연금의 미래 시나리오 #국민연금 #연금고갈 #2099년 #목표 수익률5.5% #연금개혁 #김성주이사장"
2026-02-26 01:19:12,325,15,1,"""21세기 말까지 기금 소진 걱정 끝"" 김성주 이사장이 밝힌 1400조 국민연금의 미래 시나리오 #국민연금 #연금고갈 #2099년 #목표 수익률5.5% #연금개혁 #김성주이사장"
2026-02-26 02:30:43,327,15,1,"""21세기 말까지 기금 소진 걱정 끝"" 김성주 이사장이 밝힌 1400조 국민연금의 미래 시나리오 #국민연금 #연금고갈 #2099년 #목표 수익률5.5% #연금개혁 #김성주이사장"
2026-02-26 03:36:16,327,15,1,"""21세기 말까지 기금 소진 걱정 끝"" 김성주 이사장이 밝힌 1400조 국민연금의 미래 시나리오 #국민연금 #연금고갈 #2099년 #목표 수익률5.5% #연금개혁 #김성주이사장"
2026-02-26 04:34:47,327,15,1,"""21세기 말까지 기금 소진 걱정 끝"" 김성주 이사장이 밝힌 1400조 국민연금의 미래 시나리오 #국민연금 #연금고갈 #2099년 #목표 수익률5.5% #연금개혁 #김성주이사장"
2026-02-26 05:01:04,327,15,1,"""21세기 말까지 기금 소진 걱정 끝"" 김성주 이사장이 밝힌 1400조 국민연금의 미래 시나리오 #국민연금 #연금고갈 #2099년 #목표 수익률5.5% #연금개혁 #김성주이사장"
2026-02-26 05:41:35,327,15,1,"""21세기 말까지 기금 소진 걱정 끝"" 김성주 이사장이 밝힌 1400조 국민연금의 미래 시나리오 #국민연금 #연금고갈 #2099년 #목표 수익률5.5% #연금개혁 #김성주이사장"
2026-02-26 06:06:10,327,15,1,"""21세기 말까지 기금 소진 걱정 끝"" 김성주 이사장이 밝힌 1400조 국민연금의 미래 시나리오 #국민연금 #연금고갈 #2099년 #목표 수익률5.5% #연금개혁 #김성주이사장"
2026-02-26 06:46:58,327,15,1,"""21세기 말까지 기금 소진 걱정 끝"" 김성주 이사장이 밝힌 1400조 국민연금의 미래 시나리오 #국민연금 #연금고갈 #2099년 #목표 수익률5.5% #연금개혁 #김성주이사장"
2026-02-26 07:03:55,327,15,1,"""21세기 말까지 기금 소진 걱정 끝"" 김성주 이사장이 밝힌 1400조 국민연금의 미래 시나리오 #국민연금 #연금고갈 #2099년 #목표 수익률5.5% #연금개혁 #김성주이사장"
2026-02-26 07:46:08,327,15,1,"""21세기 말까지 기금 소진 걱정 끝"" 김성주 이사장이 밝힌 1400조 국민연금의 미래 시나리오 #국민연금 #연금고갈 #2099년 #목표 수익률5.5% #연금개혁 #김성주이사장"
2026-02-26 08:16:18,327,15,1,"""21세기 말까지 기금 소진 걱정 끝"" 김성주 이사장이 밝힌 1400조 국민연금의 미래 시나리오 #국민연금 #연금고갈 #2099년 #목표 수익률5.5% #연금개혁 #김성주이사장"
2026-02-26 08:45:46,327,15,1,"""21세기 말까지 기금 소진 걱정 끝"" 김성주 이사장이 밝힌 1400조 국민연금의 미래 시나리오 #국민연금 #연금고갈 #2099년 #목표 수익률5.5% #연금개혁 #김성주이사장"
2026-02-26 09:01:39,327,15,1,"""21세기 말까지 기금 소진 걱정 끝"" 김성주 이사장이 밝힌 1400조 국민연금의 미래 시나리오 #국민연금 #연금고갈 #2099년 #목표 수익률5.5% #연금개혁 #김성주이사장"
2026-02-26 11:40:23,331,15,1,"""21세기 말까지 기금 소진 걱정 끝"" 김성주 이사장이 밝힌 1400조 국민연금의 미래 시나리오 #국민연금 #연금고갈 #2099년 #목표 수익률5.5% #연금개혁 #김성주이사장"
2026-02-26 13:29:48,332,15,1,"""21세기 말까지 기금 소진 걱정 끝"" 김성주 이사장이 밝힌 1400조 국민연금의 미래 시나리오 #국민연금 #연금고갈 #2099년 #목표 수익률5.5% #연금개혁 #김성주이사장"
2026-02-26 14:40:03,332,15,1,"""21세기 말까지 기금 소진 걱정 끝"" 김성주 이사장이 밝힌 1400조 국민연금의 미래 시나리오 #국민연금 #연금고갈 #2099년 #목표 수익률5.5% #연금개혁 #김성주이사장"
2026-02-26 15:37:34,332,15,1,"""21세기 말까지 기금 소진 걱정 끝"" 김성주 이사장이 밝힌 1400조 국민연금의 미래 시나리오 #국민연금 #연금고갈 #2099년 #목표 수익률5.5% #연금개혁 #김성주이사장"
2026-02-26 16:35:58,332,15,1,"""21세기 말까지 기금 소진 걱정 끝"" 김성주 이사장이 밝힌 1400조 국민연금의 미래 시나리오 #국민연금 #연금고갈 #2099년 #목표 수익률5.5% #연금개혁 #김성주이사장"
2026-02-26 17:07:03,332,15,1,"""21세기 말까지 기금 소진 걱정 끝"" 김성주 이사장이 밝힌 1400조 국민연금의 미래 시나리오 #국민연금 #연금고갈 #2099년 #목표 수익률5.5% #연금개혁 #김성주이사장"
2026-02-26 18:02:08,333,15,1,"""21세기 말까지 기금 소진 걱정 끝"" 김성주 이사장이 밝힌 1400조 국민연금의 미래 시나리오 #국민연금 #연금고갈 #2099년 #목표 수익률5.5% #연금개혁 #김성주이사장"
2026-02-26 18:58:51,333,15,1,"""21세기 말까지 기금 소진 걱정 끝"" 김성주 이사장이 밝힌 1400조 국민연금의 미래 시나리오 #국민연금 #연금고갈 #2099년 #목표 수익률5.5% #연금개혁 #김성주이사장"
2026-02-26 19:44:37,333,15,1,"""21세기 말까지 기금 소진 걱정 끝"" 김성주 이사장이 밝힌 1400조 국민연금의 미래 시나리오 #국민연금 #연금고갈 #2099년 #목표 수익률5.5% #연금개혁 #김성주이사장"
2026-02-26 20:27:47,337,15,1,"""21세기 말까지 기금 소진 걱정 끝"" 김성주 이사장이 밝힌 1400조 국민연금의 미래 시나리오 #국민연금 #연금고갈 #2099년 #목표 수익률5.5% #연금개혁 #김성주이사장"
2026-02-26 20:59:28,337,16,2,"""21세기 말까지 기금 소진 걱정 끝"" 김성주 이사장이 밝힌 1400조 국민연금의 미래 시나리오 #국민연금 #연금고갈 #2099년 #목표 수익률5.5% #연금개혁 #김성주이사장"
2026-02-26 22:08:38,337,16,2,"""21세기 말까지 기금 소진 걱정 끝"" 김성주 이사장이 밝힌 1400조 국민연금의 미래 시나리오 #국민연금 #연금고갈 #2099년 #목표 수익률5.5% #연금개혁 #김성주이사장"
2026-02-26 23:14:28,337,17,2,"""21세기 말까지 기금 소진 걱정 끝"" 김성주 이사장이 밝힌 1400조 국민연금의 미래 시나리오 #국민연금 #연금고갈 #2099년 #목표 수익률5.5% #연금개혁 #김성주이사장"
2026-02-27 00:06:29,337,17,2,"""21세기 말까지 기금 소진 걱정 끝"" 김성주 이사장이 밝힌 1400조 국민연금의 미래 시나리오 #국민연금 #연금고갈 #2099년 #목표 수익률5.5% #연금개혁 #김성주이사장"
2026-02-27 01:02:47,339,17,2,"""21세기 말까지 기금 소진 걱정 끝"" 김성주 이사장이 밝힌 1400조 국민연금의 미래 시나리오 #국민연금 #연금고갈 #2099년 #목표 수익률5.5% #연금개혁 #김성주이사장"
2026-02-27 02:09:34,339,17,2,"""21세기 말까지 기금 소진 걱정 끝"" 김성주 이사장이 밝힌 1400조 국민연금의 미래 시나리오 #국민연금 #연금고갈 #2099년 #목표 수익률5.5% #연금개혁 #김성주이사장"
2026-02-27 03:03:29,339,17,2,"""21세기 말까지 기금 소진 걱정 끝"" 김성주 이사장이 밝힌 1400조 국민연금의 미래 시나리오 #국민연금 #연금고갈 #2099년 #목표 수익률5.5% #연금개혁 #김성주이사장"
2026-02-27 04:05:04,339,17,2,"""21세기 말까지 기금 소진 걱정 끝"" 김성주 이사장이 밝힌 1400조 국민연금의 미래 시나리오 #국민연금 #연금고갈 #2099년 #목표 수익률5.5% #연금개혁 #김성주이사장"
2026-02-27 04:49:50,339,17,2,"""21세기 말까지 기금 소진 걱정 끝"" 김성주 이사장이 밝힌 1400조 국민연금의 미래 시나리오 #국민연금 #연금고갈 #2099년 #목표 수익률5.5% #연금개혁 #김성주이사장"
2026-02-27 05:20:49,341,17,2,"""21세기 말까지 기금 소진 걱정 끝"" 김성주 이사장이 밝힌 1400조 국민연금의 미래 시나리오 #국민연금 #연금고갈 #2099년 #목표 수익률5.5% #연금개혁 #김성주이사장"
2026-02-27 05:58:43,341,17,2,"""21세기 말까지 기금 소진 걱정 끝"" 김성주 이사장이 밝힌 1400조 국민연금의 미래 시나리오 #국민연금 #연금고갈 #2099년 #목표 수익률5.5% #연금개혁 #김성주이사장"
2026-02-27 06:31:08,341,17,2,"""21세기 말까지 기금 소진 걱정 끝"" 김성주 이사장이 밝힌 1400조 국민연금의 미래 시나리오 #국민연금 #연금고갈 #2099년 #목표 수익률5.5% #연금개혁 #김성주이사장"
2026-02-27 06:57:08,341,17,2,"""21세기 말까지 기금 소진 걱정 끝"" 김성주 이사장이 밝힌 1400조 국민연금의 미래 시나리오 #국민연금 #연금고갈 #2099년 #목표 수익률5.5% #연금개혁 #김성주이사장"
2026-02-27 07:27:45,341,17,2,"""21세기 말까지 기금 소진 걱정 끝"" 김성주 이사장이 밝힌 1400조 국민연금의 미래 시나리오 #국민연금 #연금고갈 #2099년 #목표 수익률5.5% #연금개혁 #김성주이사장"
2026-02-27 08:00:08,341,17,2,"""21세기 말까지 기금 소진 걱정 끝"" 김성주 이사장이 밝힌 1400조 국민연금의 미래 시나리오 #국민연금 #연금고갈 #2099년 #목표 수익률5.5% #연금개혁 #김성주이사장"
2026-02-27 08:33:17,342,17,2,"""21세기 말까지 기금 소진 걱정 끝"" 김성주 이사장이 밝힌 1400조 국민연금의 미래 시나리오 #국민연금 #연금고갈 #2099년 #목표 수익률5.5% #연금개혁 #김성주이사장"
2026-02-27 08:55:52,342,17,2,"""21세기 말까지 기금 소진 걱정 끝"" 김성주 이사장이 밝힌 1400조 국민연금의 미래 시나리오 #국민연금 #연금고갈 #2099년 #목표 수익률5.5% #연금개혁 #김성주이사장"
2026-02-27 10:11:13,342,17,2,"""21세기 말까지 기금 소진 걱정 끝"" 김성주 이사장이 밝힌 1400조 국민연금의 미래 시나리오 #국민연금 #연금고갈 #2099년 #목표 수익률5.5% #연금개혁 #김성주이사장"
2026-02-27 12:37:50,346,17,2,"""21세기 말까지 기금 소진 걱정 끝"" 김성주 이사장이 밝힌 1400조 국민연금의 미래 시나리오 #국민연금 #연금고갈 #2099년 #목표 수익률5.5% #연금개혁 #김성주이사장"
2026-02-27 14:04:47,346,17,2,"""21세기 말까지 기금 소진 걱정 끝"" 김성주 이사장이 밝힌 1400조 국민연금의 미래 시나리오 #국민연금 #연금고갈 #2099년 #목표 수익률5.5% #연금개혁 #김성주이사장"
2026-02-27 15:01:08,347,17,2,"""21세기 말까지 기금 소진 걱정 끝"" 김성주 이사장이 밝힌 1400조 국민연금의 미래 시나리오 #국민연금 #연금고갈 #2099년 #목표 수익률5.5% #연금개혁 #김성주이사장"
2026-02-27 16:02:24,347,17,2,"""21세기 말까지 기금 소진 걱정 끝"" 김성주 이사장이 밝힌 1400조 국민연금의 미래 시나리오 #국민연금 #연금고갈 #2099년 #목표 수익률5.5% #연금개혁 #김성주이사장"
2026-02-27 16:50:56,347,17,2,"""21세기 말까지 기금 소진 걱정 끝"" 김성주 이사장이 밝힌 1400조 국민연금의 미래 시나리오 #국민연금 #연금고갈 #2099년 #목표 수익률5.5% #연금개혁 #김성주이사장"
2026-02-27 17:25:41,347,17,2,"""21세기 말까지 기금 소진 걱정 끝"" 김성주 이사장이 밝힌 1400조 국민연금의 미래 시나리오 #국민연금 #연금고갈 #2099년 #목표 수익률5.5% #연금개혁 #김성주이사장"
2026-02-27 18:03:53,347,17,2,"""21세기 말까지 기금 소진 걱정 끝"" 김성주 이사장이 밝힌 1400조 국민연금의 미래 시나리오 #국민연금 #연금고갈 #2099년 #목표 수익률5.5% #연금개혁 #김성주이사장"
2026-02-27 18:55:23,347,17,2,"""21세기 말까지 기금 소진 걱정 끝"" 김성주 이사장이 밝힌 1400조 국민연금의 미래 시나리오 #국민연금 #연금고갈 #2099년 #목표 수익률5.5% #연금개혁 #김성주이사장"
2026-02-27 19:27:55,347,17,2,"""21세기 말까지 기금 소진 걱정 끝"" 김성주 이사장이 밝힌 1400조 국민연금의 미래 시나리오 #국민연금 #연금고갈 #2099년 #목표 수익률5.5% #연금개혁 #김성주이사장"
2026-02-27 20:05:06,347,17,2,"""21세기 말까지 기금 소진 걱정 끝"" 김성주 이사장이 밝힌 1400조 국민연금의 미래 시나리오 #국민연금 #연금고갈 #2099년 #목표 수익률5.5% #연금개혁 #김성주이사장"
2026-02-27 20:40:26,347,17,2,"""21세기 말까지 기금 소진 걱정 끝"" 김성주 이사장이 밝힌 1400조 국민연금의 미래 시나리오 #국민연금 #연금고갈 #2099년 #목표 수익률5.5% #연금개혁 #김성주이사장"
2026-02-27 20:59:42,347,17,2,"""21세기 말까지 기금 소진 걱정 끝"" 김성주 이사장이 밝힌 1400조 국민연금의 미래 시나리오 #국민연금 #연금고갈 #2099년 #목표 수익률5.5% #연금개혁 #김성주이사장"
2026-02-27 22:02:56,347,17,2,"""21세기 말까지 기금 소진 걱정 끝"" 김성주 이사장이 밝힌 1400조 국민연금의 미래 시나리오 #국민연금 #연금고갈 #2099년 #목표 수익률5.5% #연금개혁 #김성주이사장"
2026-02-27 23:03:03,347,17,2,"""21세기 말까지 기금 소진 걱정 끝"" 김성주 이사장이 밝힌 1400조 국민연금의 미래 시나리오 #국민연금 #연금고갈 #2099년 #목표 수익률5.5% #연금개혁 #김성주이사장"
2026-02-27 23:50:51,347,17,2,"""21세기 말까지 기금 소진 걱정 끝"" 김성주 이사장이 밝힌 1400조 국민연금의 미래 시나리오 #국민연금 #연금고갈 #2099년 #목표 수익률5.5% #연금개혁 #김성주이사장"
2026-02-28 00:26:00,347,17,2,"""21세기 말까지 기금 소진 걱정 끝"" 김성주 이사장이 밝힌 1400조 국민연금의 미래 시나리오 #국민연금 #연금고갈 #2099년 #목표 수익률5.5% #연금개혁 #김성주이사장"
2026-02-28 00:56:59,347,17,2,"""21세기 말까지 기금 소진 걱정 끝"" 김성주 이사장이 밝힌 1400조 국민연금의 미래 시나리오 #국민연금 #연금고갈 #2099년 #목표 수익률5.5% #연금개혁 #김성주이사장"
2026-02-28 01:34:28,347,17,2,"""21세기 말까지 기금 소진 걱정 끝"" 김성주 이사장이 밝힌 1400조 국민연금의 미래 시나리오 #국민연금 #연금고갈 #2099년 #목표 수익률5.5% #연금개혁 #김성주이사장"
2026-02-28 02:06:52,347,17,2,"""21세기 말까지 기금 소진 걱정 끝"" 김성주 이사장이 밝힌 1400조 국민연금의 미래 시나리오 #국민연금 #연금고갈 #2099년 #목표 수익률5.5% #연금개혁 #김성주이사장"
2026-02-28 02:50:12,347,17,2,"""21세기 말까지 기금 소진 걱정 끝"" 김성주 이사장이 밝힌 1400조 국민연금의 미래 시나리오 #국민연금 #연금고갈 #2099년 #목표 수익률5.5% #연금개혁 #김성주이사장"
2026-02-28 03:22:15,347,17,2,"""21세기 말까지 기금 소진 걱정 끝"" 김성주 이사장이 밝힌 1400조 국민연금의 미래 시나리오 #국민연금 #연금고갈 #2099년 #목표 수익률5.5% #연금개혁 #김성주이사장"
2026-02-28 04:05:47,347,17,2,"""21세기 말까지 기금 소진 걱정 끝"" 김성주 이사장이 밝힌 1400조 국민연금의 미래 시나리오 #국민연금 #연금고갈 #2099년 #목표 수익률5.5% #연금개혁 #김성주이사장"
2026-02-28 04:41:36,347,17,2,"""21세기 말까지 기금 소진 걱정 끝"" 김성주 이사장이 밝힌 1400조 국민연금의 미래 시나리오 #국민연금 #연금고갈 #2099년 #목표 수익률5.5% #연금개혁 #김성주이사장"
2026-02-28 04:59:32,347,17,2,"""21세기 말까지 기금 소진 걱정 끝"" 김성주 이사장이 밝힌 1400조 국민연금의 미래 시나리오 #국민연금 #연금고갈 #2099년 #목표 수익률5.5% #연금개혁 #김성주이사장"
2026-02-28 05:28:57,347,17,2,"""21세기 말까지 기금 소진 걱정 끝"" 김성주 이사장이 밝힌 1400조 국민연금의 미래 시나리오 #국민연금 #연금고갈 #2099년 #목표 수익률5.5% #연금개혁 #김성주이사장"
2026-02-28 05:53:29,347,17,2,"""21세기 말까지 기금 소진 걱정 끝"" 김성주 이사장이 밝힌 1400조 국민연금의 미래 시나리오 #국민연금 #연금고갈 #2099년 #목표 수익률5.5% #연금개혁 #김성주이사장"
2026-02-28 06:16:05,347,17,2,"""21세기 말까지 기금 소진 걱정 끝"" 김성주 이사장이 밝힌 1400조 국민연금의 미래 시나리오 #국민연금 #연금고갈 #2099년 #목표 수익률5.5% #연금개혁 #김성주이사장"
2026-02-28 06:45:06,347,17,2,"""21세기 말까지 기금 소진 걱정 끝"" 김성주 이사장이 밝힌 1400조 국민연금의 미래 시나리오 #국민연금 #연금고갈 #2099년 #목표 수익률5.5% #연금개혁 #김성주이사장"
2026-02-28 06:59:05,347,17,2,"""21세기 말까지 기금 소진 걱정 끝"" 김성주 이사장이 밝힌 1400조 국민연금의 미래 시나리오 #국민연금 #연금고갈 #2099년 #목표 수익률5.5% #연금개혁 #김성주이사장"
2026-02-28 07:23:33,347,17,2,"""21세기 말까지 기금 소진 걱정 끝"" 김성주 이사장이 밝힌 1400조 국민연금의 미래 시나리오 #국민연금 #연금고갈 #2099년 #목표 수익률5.5% #연금개혁 #김성주이사장"
2026-02-28 07:46:55,347,17,2,"""21세기 말까지 기금 소진 걱정 끝"" 김성주 이사장이 밝힌 1400조 국민연금의 미래 시나리오 #국민연금 #연금고갈 #2099년 #목표 수익률5.5% #연금개혁 #김성주이사장"
2026-02-28 08:00:18,347,17,2,"""21세기 말까지 기금 소진 걱정 끝"" 김성주 이사장이 밝힌 1400조 국민연금의 미래 시나리오 #국민연금 #연금고갈 #2099년 #목표 수익률5.5% #연금개혁 #김성주이사장"
2026-02-28 08:28:32,347,17,2,"""21세기 말까지 기금 소진 걱정 끝"" 김성주 이사장이 밝힌 1400조 국민연금의 미래 시나리오 #국민연금 #연금고갈 #2099년 #목표 수익률5.5% #연금개혁 #김성주이사장"
2026-02-28 08:47:05,347,17,2,"""21세기 말까지 기금 소진 걱정 끝"" 김성주 이사장이 밝힌 1400조 국민연금의 미래 시나리오 #국민연금 #연금고갈 #2099년 #목표 수익률5.5% #연금개혁 #김성주이사장"
2026-02-28 08:58:35,347,17,2,"""21세기 말까지 기금 소진 걱정 끝"" 김성주 이사장이 밝힌 1400조 국민연금의 미래 시나리오 #국민연금 #연금고갈 #2099년 #목표 수익률5.5% #연금개혁 #김성주이사장"
2026-02-28 10:47:44,347,17,2,"""21세기 말까지 기금 소진 걱정 끝"" 김성주 이사장이 밝힌 1400조 국민연금의 미래 시나리오 #국민연금 #연금고갈 #2099년 #목표 수익률5.5% #연금개혁 #김성주이사장"
2026-02-28 12:32:50,347,17,2,"""21세기 말까지 기금 소진 걱정 끝"" 김성주 이사장이 밝힌 1400조 국민연금의 미래 시나리오 #국민연금 #연금고갈 #2099년 #목표 수익률5.5% #연금개혁 #김성주이사장"
2026-02-28 13:41:52,347,17,2,"""21세기 말까지 기금 소진 걱정 끝"" 김성주 이사장이 밝힌 1400조 국민연금의 미래 시나리오 #국민연금 #연금고갈 #2099년 #목표 수익률5.5% #연금개혁 #김성주이사장"
2026-02-28 14:20:29,349,17,2,"""21세기 말까지 기금 소진 걱정 끝"" 김성주 이사장이 밝힌 1400조 국민연금의 미래 시나리오 #국민연금 #연금고갈 #2099년 #목표 수익률5.5% #연금개혁 #김성주이사장"
2026-02-28 14:51:32,349,17,2,"""21세기 말까지 기금 소진 걱정 끝"" 김성주 이사장이 밝힌 1400조 국민연금의 미래 시나리오 #국민연금 #연금고갈 #2099년 #목표 수익률5.5% #연금개혁 #김성주이사장"
2026-02-28 15:19:43,347,17,2,"""21세기 말까지 기금 소진 걱정 끝"" 김성주 이사장이 밝힌 1400조 국민연금의 미래 시나리오 #국민연금 #연금고갈 #2099년 #목표 수익률5.5% #연금개혁 #김성주이사장"
2026-02-28 15:58:28,349,17,2,"""21세기 말까지 기금 소진 걱정 끝"" 김성주 이사장이 밝힌 1400조 국민연금의 미래 시나리오 #국민연금 #연금고갈 #2099년 #목표 수익률5.5% #연금개혁 #김성주이사장"
2026-02-28 16:25:43,349,17,2,"""21세기 말까지 기금 소진 걱정 끝"" 김성주 이사장이 밝힌 1400조 국민연금의 미래 시나리오 #국민연금 #연금고갈 #2099년 #목표 수익률5.5% #연금개혁 #김성주이사장"
2026-02-28 16:44:54,349,17,2,"""21세기 말까지 기금 소진 걱정 끝"" 김성주 이사장이 밝힌 1400조 국민연금의 미래 시나리오 #국민연금 #연금고갈 #2099년 #목표 수익률5.5% #연금개혁 #김성주이사장"
2026-02-28 16:56:12,349,17,2,"""21세기 말까지 기금 소진 걱정 끝"" 김성주 이사장이 밝힌 1400조 국민연금의 미래 시나리오 #국민연금 #연금고갈 #2099년 #목표 수익률5.5% #연금개혁 #김성주이사장"
2026-02-28 17:19:21,349,17,2,"""21세기 말까지 기금 소진 걱정 끝"" 김성주 이사장이 밝힌 1400조 국민연금의 미래 시나리오 #국민연금 #연금고갈 #2099년 #목표 수익률5.5% #연금개혁 #김성주이사장"
2026-02-28 17:46:40,349,17,2,"""21세기 말까지 기금 소진 걱정 끝"" 김성주 이사장이 밝힌 1400조 국민연금의 미래 시나리오 #국민연금 #연금고갈 #2099년 #목표 수익률5.5% #연금개혁 #김성주이사장"
2026-02-28 18:01:29,349,17,2,"""21세기 말까지 기금 소진 걱정 끝"" 김성주 이사장이 밝힌 1400조 국민연금의 미래 시나리오 #국민연금 #연금고갈 #2099년 #목표 수익률5.5% #연금개혁 #김성주이사장"
2026-02-28 18:33:08,349,17,2,"""21세기 말까지 기금 소진 걱정 끝"" 김성주 이사장이 밝힌 1400조 국민연금의 미래 시나리오 #국민연금 #연금고갈 #2099년 #목표 수익률5.5% #연금개혁 #김성주이사장"
2026-02-28 18:50:31,349,17,2,"""21세기 말까지 기금 소진 걱정 끝"" 김성주 이사장이 밝힌 1400조 국민연금의 미래 시나리오 #국민연금 #연금고갈 #2099년 #목표 수익률5.5% #연금개혁 #김성주이사장"
2026-02-28 18:58:54,349,17,2,"""21세기 말까지 기금 소진 걱정 끝"" 김성주 이사장이 밝힌 1400조 국민연금의 미래 시나리오 #국민연금 #연금고갈 #2099년 #목표 수익률5.5% #연금개혁 #김성주이사장"
2026-02-28 19:22:36,349,17,2,"""21세기 말까지 기금 소진 걱정 끝"" 김성주 이사장이 밝힌 1400조 국민연금의 미래 시나리오 #국민연금 #연금고갈 #2099년 #목표 수익률5.5% #연금개혁 #김성주이사장"
2026-02-28 19:44:18,350,17,2,"""21세기 말까지 기금 소진 걱정 끝"" 김성주 이사장이 밝힌 1400조 국민연금의 미래 시나리오 #국민연금 #연금고갈 #2099년 #목표 수익률5.5% #연금개혁 #김성주이사장"
2026-02-28 19:55:48,349,17,2,"""21세기 말까지 기금 소진 걱정 끝"" 김성주 이사장이 밝힌 1400조 국민연금의 미래 시나리오 #국민연금 #연금고갈 #2099년 #목표 수익률5.5% #연금개혁 #김성주이사장"
2026-02-28 20:11:47,350,17,2,"""21세기 말까지 기금 소진 걱정 끝"" 김성주 이사장이 밝힌 1400조 국민연금의 미래 시나리오 #국민연금 #연금고갈 #2099년 #목표 수익률5.5% #연금개혁 #김성주이사장"
2026-02-28 20:30:39,349,17,2,"""21세기 말까지 기금 소진 걱정 끝"" 김성주 이사장이 밝힌 1400조 국민연금의 미래 시나리오 #국민연금 #연금고갈 #2099년 #목표 수익률5.5% #연금개혁 #김성주이사장"
2026-02-28 20:43:55,349,17,2,"""21세기 말까지 기금 소진 걱정 끝"" 김성주 이사장이 밝힌 1400조 국민연금의 미래 시나리오 #국민연금 #연금고갈 #2099년 #목표 수익률5.5% #연금개혁 #김성주이사장"
2026-02-28 20:52:25,350,17,2,"""21세기 말까지 기금 소진 걱정 끝"" 김성주 이사장이 밝힌 1400조 국민연금의 미래 시나리오 #국민연금 #연금고갈 #2099년 #목표 수익률5.5% #연금개혁 #김성주이사장"
2026-02-28 20:58:52,349,17,2,"""21세기 말까지 기금 소진 걱정 끝"" 김성주 이사장이 밝힌 1400조 국민연금의 미래 시나리오 #국민연금 #연금고갈 #2099년 #목표 수익률5.5% #연금개혁 #김성주이사장"
2026-02-28 21:43:28,350,17,2,"""21세기 말까지 기금 소진 걱정 끝"" 김성주 이사장이 밝힌 1400조 국민연금의 미래 시나리오 #국민연금 #연금고갈 #2099년 #목표 수익률5.5% #연금개혁 #김성주이사장"
2026-02-28 22:25:19,349,17,2,"""21세기 말까지 기금 소진 걱정 끝"" 김성주 이사장이 밝힌 1400조 국민연금의 미래 시나리오 #국민연금 #연금고갈 #2099년 #목표 수익률5.5% #연금개혁 #김성주이사장"
2026-02-28 22:51:24,350,17,2,"""21세기 말까지 기금 소진 걱정 끝"" 김성주 이사장이 밝힌 1400조 국민연금의 미래 시나리오 #국민연금 #연금고갈 #2099년 #목표 수익률5.5% #연금개혁 #김성주이사장"
2026-02-28 23:01:09,350,17,2,"""21세기 말까지 기금 소진 걱정 끝"" 김성주 이사장이 밝힌 1400조 국민연금의 미래 시나리오 #국민연금 #연금고갈 #2099년 #목표 수익률5.5% #연금개혁 #김성주이사장"
2026-02-28 23:28:14,350,17,2,"""21세기 말까지 기금 소진 걱정 끝"" 김성주 이사장이 밝힌 1400조 국민연금의 미래 시나리오 #국민연금 #연금고갈 #2099년 #목표 수익률5.5% #연금개혁 #김성주이사장"
2026-02-28 23:46:25,350,17,2,"""21세기 말까지 기금 소진 걱정 끝"" 김성주 이사장이 밝힌 1400조 국민연금의 미래 시나리오 #국민연금 #연금고갈 #2099년 #목표 수익률5.5% #연금개혁 #김성주이사장"
2026-02-28 23:57:21,350,17,2,"""21세기 말까지 기금 소진 걱정 끝"" 김성주 이사장이 밝힌 1400조 국민연금의 미래 시나리오 #국민연금 #연금고갈 #2099년 #목표 수익률5.5% #연금개혁 #김성주이사장"
2026-03-01 00:17:25,350,17,2,"""21세기 말까지 기금 소진 걱정 끝"" 김성주 이사장이 밝힌 1400조 국민연금의 미래 시나리오 #국민연금 #연금고갈 #2099년 #목표 수익률5.5% #연금개혁 #김성주이사장"
2026-03-01 00:37:29,350,17,2,"""21세기 말까지 기금 소진 걱정 끝"" 김성주 이사장이 밝힌 1400조 국민연금의 미래 시나리오 #국민연금 #연금고갈 #2099년 #목표 수익률5.5% #연금개혁 #김성주이사장"
2026-03-01 00:50:06,350,17,2,"""21세기 말까지 기금 소진 걱정 끝"" 김성주 이사장이 밝힌 1400조 국민연금의 미래 시나리오 #국민연금 #연금고갈 #2099년 #목표 수익률5.5% #연금개혁 #김성주이사장"
2026-03-01 00:58:06,350,17,2,"""21세기 말까지 기금 소진 걱정 끝"" 김성주 이사장이 밝힌 1400조 국민연금의 미래 시나리오 #국민연금 #연금고갈 #2099년 #목표 수익률5.5% #연금개혁 #김성주이사장"
2026-03-01 01:23:12,350,17,2,"""21세기 말까지 기금 소진 걱정 끝"" 김성주 이사장이 밝힌 1400조 국민연금의 미래 시나리오 #국민연금 #연금고갈 #2099년 #목표 수익률5.5% #연금개혁 #김성주이사장"
2026-03-01 01:45:52,350,17,2,"""21세기 말까지 기금 소진 걱정 끝"" 김성주 이사장이 밝힌 1400조 국민연금의 미래 시나리오 #국민연금 #연금고갈 #2099년 #목표 수익률5.5% #연금개혁 #김성주이사장"
2026-03-01 01:58:23,350,17,2,"""21세기 말까지 기금 소진 걱정 끝"" 김성주 이사장이 밝힌 1400조 국민연금의 미래 시나리오 #국민연금 #연금고갈 #2099년 #목표 수익률5.5% #연금개혁 #김성주이사장"
2026-03-01 02:19:04,350,17,2,"""21세기 말까지 기금 소진 걱정 끝"" 김성주 이사장이 밝힌 1400조 국민연금의 미래 시나리오 #국민연금 #연금고갈 #2099년 #목표 수익률5.5% #연금개혁 #김성주이사장"
2026-03-01 02:39:04,350,17,2,"""21세기 말까지 기금 소진 걱정 끝"" 김성주 이사장이 밝힌 1400조 국민연금의 미래 시나리오 #국민연금 #연금고갈 #2099년 #목표 수익률5.5% #연금개혁 #김성주이사장"
2026-03-01 02:51:37,350,17,2,"""21세기 말까지 기금 소진 걱정 끝"" 김성주 이사장이 밝힌 1400조 국민연금의 미래 시나리오 #국민연금 #연금고갈 #2099년 #목표 수익률5.5% #연금개혁 #김성주이사장"
2026-03-01 02:58:30,350,17,2,"""21세기 말까지 기금 소진 걱정 끝"" 김성주 이사장이 밝힌 1400조 국민연금의 미래 시나리오 #국민연금 #연금고갈 #2099년 #목표 수익률5.5% #연금개혁 #김성주이사장"
2026-03-01 03:31:24,350,17,2,"""21세기 말까지 기금 소진 걱정 끝"" 김성주 이사장이 밝힌 1400조 국민연금의 미래 시나리오 #국민연금 #연금고갈 #2099년 #목표 수익률5.5% #연금개혁 #김성주이사장"
2026-03-01 03:56:33,350,17,2,"""21세기 말까지 기금 소진 걱정 끝"" 김성주 이사장이 밝힌 1400조 국민연금의 미래 시나리오 #국민연금 #연금고갈 #2099년 #목표 수익률5.5% #연금개혁 #김성주이사장"
2026-03-01 04:16:18,350,17,2,"""21세기 말까지 기금 소진 걱정 끝"" 김성주 이사장이 밝힌 1400조 국민연금의 미래 시나리오 #국민연금 #연금고갈 #2099년 #목표 수익률5.5% #연금개혁 #김성주이사장"
2026-03-01 04:33:37,350,17,2,"""21세기 말까지 기금 소진 걱정 끝"" 김성주 이사장이 밝힌 1400조 국민연금의 미래 시나리오 #국민연금 #연금고갈 #2099년 #목표 수익률5.5% #연금개혁 #김성주이사장"
2026-03-01 04:45:04,350,17,2,"""21세기 말까지 기금 소진 걱정 끝"" 김성주 이사장이 밝힌 1400조 국민연금의 미래 시나리오 #국민연금 #연금고갈 #2099년 #목표 수익률5.5% #연금개혁 #김성주이사장"
2026-03-01 04:53:11,350,17,2,"""21세기 말까지 기금 소진 걱정 끝"" 김성주 이사장이 밝힌 1400조 국민연금의 미래 시나리오 #국민연금 #연금고갈 #2099년 #목표 수익률5.5% #연금개혁 #김성주이사장"
2026-03-01 05:00:04,350,17,2,"""21세기 말까지 기금 소진 걱정 끝"" 김성주 이사장이 밝힌 1400조 국민연금의 미래 시나리오 #국민연금 #연금고갈 #2099년 #목표 수익률5.5% #연금개혁 #김성주이사장"
2026-03-01 05:29:03,350,17,2,"""21세기 말까지 기금 소진 걱정 끝"" 김성주 이사장이 밝힌 1400조 국민연금의 미래 시나리오 #국민연금 #연금고갈 #2099년 #목표 수익률5.5% #연금개혁 #김성주이사장"
2026-03-01 05:48:12,350,17,2,"""21세기 말까지 기금 소진 걱정 끝"" 김성주 이사장이 밝힌 1400조 국민연금의 미래 시나리오 #국민연금 #연금고갈 #2099년 #목표 수익률5.5% #연금개혁 #김성주이사장"
2026-03-01 05:59:09,350,17,2,"""21세기 말까지 기금 소진 걱정 끝"" 김성주 이사장이 밝힌 1400조 국민연금의 미래 시나리오 #국민연금 #연금고갈 #2099년 #목표 수익률5.5% #연금개혁 #김성주이사장"
2026-03-01 06:21:01,350,17,2,"""21세기 말까지 기금 소진 걱정 끝"" 김성주 이사장이 밝힌 1400조 국민연금의 미래 시나리오 #국민연금 #연금고갈 #2099년 #목표 수익률5.5% #연금개혁 #김성주이사장"
2026-03-01 06:38:28,350,17,2,"""21세기 말까지 기금 소진 걱정 끝"" 김성주 이사장이 밝힌 1400조 국민연금의 미래 시나리오 #국민연금 #연금고갈 #2099년 #목표 수익률5.5% #연금개혁 #김성주이사장"
2026-03-01 06:49:34,350,17,2,"""21세기 말까지 기금 소진 걱정 끝"" 김성주 이사장이 밝힌 1400조 국민연금의 미래 시나리오 #국민연금 #연금고갈 #2099년 #목표 수익률5.5% #연금개혁 #김성주이사장"
2026-03-01 06:56:53,350,17,2,"""21세기 말까지 기금 소진 걱정 끝"" 김성주 이사장이 밝힌 1400조 국민연금의 미래 시나리오 #국민연금 #연금고갈 #2099년 #목표 수익률5.5% #연금개혁 #김성주이사장"
2026-03-01 07:17:20,350,17,2,"""21세기 말까지 기금 소진 걱정 끝"" 김성주 이사장이 밝힌 1400조 국민연금의 미래 시나리오 #국민연금 #연금고갈 #2099년 #목표 수익률5.5% #연금개혁 #김성주이사장"
2026-03-01 07:42:07,350,17,2,"""21세기 말까지 기금 소진 걱정 끝"" 김성주 이사장이 밝힌 1400조 국민연금의 미래 시나리오 #국민연금 #연금고갈 #2099년 #목표 수익률5.5% #연금개혁 #김성주이사장"
2026-03-01 07:55:41,350,17,2,"""21세기 말까지 기금 소진 걱정 끝"" 김성주 이사장이 밝힌 1400조 국민연금의 미래 시나리오 #국민연금 #연금고갈 #2099년 #목표 수익률5.5% #연금개혁 #김성주이사장"
2026-03-01 08:13:31,350,17,2,"""21세기 말까지 기금 소진 걱정 끝"" 김성주 이사장이 밝힌 1400조 국민연금의 미래 시나리오 #국민연금 #연금고갈 #2099년 #목표 수익률5.5% #연금개혁 #김성주이사장"
2026-03-01 08:34:46,350,17,2,"""21세기 말까지 기금 소진 걱정 끝"" 김성주 이사장이 밝힌 1400조 국민연금의 미래 시나리오 #국민연금 #연금고갈 #2099년 #목표 수익률5.5% #연금개혁 #김성주이사장"
2026-03-01 08:48:50,350,17,2,"""21세기 말까지 기금 소진 걱정 끝"" 김성주 이사장이 밝힌 1400조 국민연금의 미래 시나리오 #국민연금 #연금고갈 #2099년 #목표 수익률5.5% #연금개혁 #김성주이사장"
2026-03-01 08:57:39,350,17,2,"""21세기 말까지 기금 소진 걱정 끝"" 김성주 이사장이 밝힌 1400조 국민연금의 미래 시나리오 #국민연금 #연금고갈 #2099년 #목표 수익률5.5% #연금개혁 #김성주이사장"
2026-03-01 10:55:26,350,17,2,"""21세기 말까지 기금 소진 걱정 끝"" 김성주 이사장이 밝힌 1400조 국민연금의 미래 시나리오 #국민연금 #연금고갈 #2099년 #목표 수익률5.5% #연금개혁 #김성주이사장"
2026-03-01 13:13:11,351,17,2,"""21세기 말까지 기금 소진 걱정 끝"" 김성주 이사장이 밝힌 1400조 국민연금의 미래 시나리오 #국민연금 #연금고갈 #2099년 #목표 수익률5.5% #연금개혁 #김성주이사장"
2026-03-01 14:31:31,351,17,2,"""21세기 말까지 기금 소진 걱정 끝"" 김성주 이사장이 밝힌 1400조 국민연금의 미래 시나리오 #국민연금 #연금고갈 #2099년 #목표 수익률5.5% #연금개혁 #김성주이사장"
2026-03-01 15:08:20,351,17,2,"""21세기 말까지 기금 소진 걱정 끝"" 김성주 이사장이 밝힌 1400조 국민연금의 미래 시나리오 #국민연금 #연금고갈 #2099년 #목표 수익률5.5% #연금개혁 #김성주이사장"
2026-03-01 16:01:49,351,17,2,"""21세기 말까지 기금 소진 걱정 끝"" 김성주 이사장이 밝힌 1400조 국민연금의 미래 시나리오 #국민연금 #연금고갈 #2099년 #목표 수익률5.5% #연금개혁 #김성주이사장"
2026-03-01 16:37:12,351,17,2,"""21세기 말까지 기금 소진 걱정 끝"" 김성주 이사장이 밝힌 1400조 국민연금의 미래 시나리오 #국민연금 #연금고갈 #2099년 #목표 수익률5.5% #연금개혁 #김성주이사장"
2026-03-01 16:54:56,351,17,2,"""21세기 말까지 기금 소진 걱정 끝"" 김성주 이사장이 밝힌 1400조 국민연금의 미래 시나리오 #국민연금 #연금고갈 #2099년 #목표 수익률5.5% #연금개혁 #김성주이사장"
2026-03-01 17:18:03,351,17,2,"""21세기 말까지 기금 소진 걱정 끝"" 김성주 이사장이 밝힌 1400조 국민연금의 미래 시나리오 #국민연금 #연금고갈 #2099년 #목표 수익률5.5% #연금개혁 #김성주이사장"
2026-03-01 17:49:04,351,17,2,"""21세기 말까지 기금 소진 걱정 끝"" 김성주 이사장이 밝힌 1400조 국민연금의 미래 시나리오 #국민연금 #연금고갈 #2099년 #목표 수익률5.5% #연금개혁 #김성주이사장"
2026-03-01 18:03:12,351,17,2,"""21세기 말까지 기금 소진 걱정 끝"" 김성주 이사장이 밝힌 1400조 국민연금의 미래 시나리오 #국민연금 #연금고갈 #2099년 #목표 수익률5.5% #연금개혁 #김성주이사장"
2026-03-01 18:39:04,351,17,2,"""21세기 말까지 기금 소진 걱정 끝"" 김성주 이사장이 밝힌 1400조 국민연금의 미래 시나리오 #국민연금 #연금고갈 #2099년 #목표 수익률5.5% #연금개혁 #김성주이사장"
2026-03-01 18:55:16,351,17,2,"""21세기 말까지 기금 소진 걱정 끝"" 김성주 이사장이 밝힌 1400조 국민연금의 미래 시나리오 #국민연금 #연금고갈 #2099년 #목표 수익률5.5% #연금개혁 #김성주이사장"
2026-03-01 19:15:06,351,17,2,"""21세기 말까지 기금 소진 걱정 끝"" 김성주 이사장이 밝힌 1400조 국민연금의 미래 시나리오 #국민연금 #연금고갈 #2099년 #목표 수익률5.5% #연금개혁 #김성주이사장"
2026-03-01 19:44:22,351,17,2,"""21세기 말까지 기금 소진 걱정 끝"" 김성주 이사장이 밝힌 1400조 국민연금의 미래 시나리오 #국민연금 #연금고갈 #2099년 #목표 수익률5.5% #연금개혁 #김성주이사장"
2026-03-01 19:57:57,351,17,2,"""21세기 말까지 기금 소진 걱정 끝"" 김성주 이사장이 밝힌 1400조 국민연금의 미래 시나리오 #국민연금 #연금고갈 #2099년 #목표 수익률5.5% #연금개혁 #김성주이사장"
2026-03-01 20:17:57,351,17,2,"""21세기 말까지 기금 소진 걱정 끝"" 김성주 이사장이 밝힌 1400조 국민연금의 미래 시나리오 #국민연금 #연금고갈 #2099년 #목표 수익률5.5% #연금개혁 #김성주이사장"
2026-03-01 20:35:14,351,17,2,"""21세기 말까지 기금 소진 걱정 끝"" 김성주 이사장이 밝힌 1400조 국민연금의 미래 시나리오 #국민연금 #연금고갈 #2099년 #목표 수익률5.5% #연금개혁 #김성주이사장"
2026-03-01 20:47:57,351,17,2,"""21세기 말까지 기금 소진 걱정 끝"" 김성주 이사장이 밝힌 1400조 국민연금의 미래 시나리오 #국민연금 #연금고갈 #2099년 #목표 수익률5.5% #연금개혁 #김성주이사장"
2026-03-01 20:56:48,351,17,2,"""21세기 말까지 기금 소진 걱정 끝"" 김성주 이사장이 밝힌 1400조 국민연금의 미래 시나리오 #국민연금 #연금고갈 #2099년 #목표 수익률5.5% #연금개혁 #김성주이사장"
2026-03-01 21:34:30,351,17,2,"""21세기 말까지 기금 소진 걱정 끝"" 김성주 이사장이 밝힌 1400조 국민연금의 미래 시나리오 #국민연금 #연금고갈 #2099년 #목표 수익률5.5% #연금개혁 #김성주이사장"
2026-03-01 22:24:14,351,17,2,"""21세기 말까지 기금 소진 걱정 끝"" 김성주 이사장이 밝힌 1400조 국민연금의 미래 시나리오 #국민연금 #연금고갈 #2099년 #목표 수익률5.5% #연금개혁 #김성주이사장"
2026-03-01 22:52:29,351,17,2,"""21세기 말까지 기금 소진 걱정 끝"" 김성주 이사장이 밝힌 1400조 국민연금의 미래 시나리오 #국민연금 #연금고갈 #2099년 #목표 수익률5.5% #연금개혁 #김성주이사장"
2026-03-01 23:12:12,351,17,2,"""21세기 말까지 기금 소진 걱정 끝"" 김성주 이사장이 밝힌 1400조 국민연금의 미래 시나리오 #국민연금 #연금고갈 #2099년 #목표 수익률5.5% #연금개혁 #김성주이사장"
2026-03-01 23:40:24,351,17,2,"""21세기 말까지 기금 소진 걱정 끝"" 김성주 이사장이 밝힌 1400조 국민연금의 미래 시나리오 #국민연금 #연금고갈 #2099년 #목표 수익률5.5% #연금개혁 #김성주이사장"
2026-03-01 23:55:30,351,17,2,"""21세기 말까지 기금 소진 걱정 끝"" 김성주 이사장이 밝힌 1400조 국민연금의 미래 시나리오 #국민연금 #연금고갈 #2099년 #목표 수익률5.5% #연금개혁 #김성주이사장"
2026-03-02 00:13:58,351,17,2,"""21세기 말까지 기금 소진 걱정 끝"" 김성주 이사장이 밝힌 1400조 국민연금의 미래 시나리오 #국민연금 #연금고갈 #2099년 #목표 수익률5.5% #연금개혁 #김성주이사장"
2026-03-02 00:36:49,351,17,2,"""21세기 말까지 기금 소진 걱정 끝"" 김성주 이사장이 밝힌 1400조 국민연금의 미래 시나리오 #국민연금 #연금고갈 #2099년 #목표 수익률5.5% #연금개혁 #김성주이사장"
2026-03-02 00:50:50,351,17,2,"""21세기 말까지 기금 소진 걱정 끝"" 김성주 이사장이 밝힌 1400조 국민연금의 미래 시나리오 #국민연금 #연금고갈 #2099년 #목표 수익률5.5% #연금개혁 #김성주이사장"
2026-03-02 00:59:42,351,17,2,"""21세기 말까지 기금 소진 걱정 끝"" 김성주 이사장이 밝힌 1400조 국민연금의 미래 시나리오 #국민연금 #연금고갈 #2099년 #목표 수익률5.5% #연금개혁 #김성주이사장"
2026-03-02 01:30:53,351,17,2,"""21세기 말까지 기금 소진 걱정 끝"" 김성주 이사장이 밝힌 1400조 국민연금의 미래 시나리오 #국민연금 #연금고갈 #2099년 #목표 수익률5.5% #연금개혁 #김성주이사장"
2026-03-02 01:52:34,351,17,2,"""21세기 말까지 기금 소진 걱정 끝"" 김성주 이사장이 밝힌 1400조 국민연금의 미래 시나리오 #국민연금 #연금고갈 #2099년 #목표 수익률5.5% #연금개혁 #김성주이사장"
2026-03-02 02:11:15,351,17,2,"""21세기 말까지 기금 소진 걱정 끝"" 김성주 이사장이 밝힌 1400조 국민연금의 미래 시나리오 #국민연금 #연금고갈 #2099년 #목표 수익률5.5% #연금개혁 #김성주이사장"
2026-03-02 02:36:37,351,17,2,"""21세기 말까지 기금 소진 걱정 끝"" 김성주 이사장이 밝힌 1400조 국민연금의 미래 시나리오 #국민연금 #연금고갈 #2099년 #목표 수익률5.5% #연금개혁 #김성주이사장"
2026-03-02 02:52:03,351,17,2,"""21세기 말까지 기금 소진 걱정 끝"" 김성주 이사장이 밝힌 1400조 국민연금의 미래 시나리오 #국민연금 #연금고갈 #2099년 #목표 수익률5.5% #연금개혁 #김성주이사장"
2026-03-02 02:59:32,351,17,2,"""21세기 말까지 기금 소진 걱정 끝"" 김성주 이사장이 밝힌 1400조 국민연금의 미래 시나리오 #국민연금 #연금고갈 #2099년 #목표 수익률5.5% #연금개혁 #김성주이사장"
2026-03-02 03:35:52,351,17,2,"""21세기 말까지 기금 소진 걱정 끝"" 김성주 이사장이 밝힌 1400조 국민연금의 미래 시나리오 #국민연금 #연금고갈 #2099년 #목표 수익률5.5% #연금개혁 #김성주이사장"
2026-03-02 03:59:32,351,17,2,"""21세기 말까지 기금 소진 걱정 끝"" 김성주 이사장이 밝힌 1400조 국민연금의 미래 시나리오 #국민연금 #연금고갈 #2099년 #목표 수익률5.5% #연금개혁 #김성주이사장"
2026-03-02 04:23:08,351,17,2,"""21세기 말까지 기금 소진 걱정 끝"" 김성주 이사장이 밝힌 1400조 국민연금의 미래 시나리오 #국민연금 #연금고갈 #2099년 #목표 수익률5.5% #연금개혁 #김성주이사장"
2026-03-02 04:39:41,351,17,2,"""21세기 말까지 기금 소진 걱정 끝"" 김성주 이사장이 밝힌 1400조 국민연금의 미래 시나리오 #국민연금 #연금고갈 #2099년 #목표 수익률5.5% #연금개혁 #김성주이사장"
2026-03-02 04:51:07,351,17,2,"""21세기 말까지 기금 소진 걱정 끝"" 김성주 이사장이 밝힌 1400조 국민연금의 미래 시나리오 #국민연금 #연금고갈 #2099년 #목표 수익률5.5% #연금개혁 #김성주이사장"
2026-03-02 04:58:38,351,17,2,"""21세기 말까지 기금 소진 걱정 끝"" 김성주 이사장이 밝힌 1400조 국민연금의 미래 시나리오 #국민연금 #연금고갈 #2099년 #목표 수익률5.5% #연금개혁 #김성주이사장"
2026-03-02 05:25:28,351,17,2,"""21세기 말까지 기금 소진 걱정 끝"" 김성주 이사장이 밝힌 1400조 국민연금의 미래 시나리오 #국민연금 #연금고갈 #2099년 #목표 수익률5.5% #연금개혁 #김성주이사장"
2026-03-02 05:46:18,351,17,2,"""21세기 말까지 기금 소진 걱정 끝"" 김성주 이사장이 밝힌 1400조 국민연금의 미래 시나리오 #국민연금 #연금고갈 #2099년 #목표 수익률5.5% #연금개혁 #김성주이사장"
2026-03-02 05:59:10,351,17,2,"""21세기 말까지 기금 소진 걱정 끝"" 김성주 이사장이 밝힌 1400조 국민연금의 미래 시나리오 #국민연금 #연금고갈 #2099년 #목표 수익률5.5% #연금개혁 #김성주이사장"
2026-03-02 06:23:04,351,17,2,"""21세기 말까지 기금 소진 걱정 끝"" 김성주 이사장이 밝힌 1400조 국민연금의 미래 시나리오 #국민연금 #연금고갈 #2099년 #목표 수익률5.5% #연금개혁 #김성주이사장"
2026-03-02 06:41:49,351,17,2,"""21세기 말까지 기금 소진 걱정 끝"" 김성주 이사장이 밝힌 1400조 국민연금의 미래 시나리오 #국민연금 #연금고갈 #2099년 #목표 수익률5.5% #연금개혁 #김성주이사장"
2026-03-02 06:53:17,351,17,2,"""21세기 말까지 기금 소진 걱정 끝"" 김성주 이사장이 밝힌 1400조 국민연금의 미래 시나리오 #국민연금 #연금고갈 #2099년 #목표 수익률5.5% #연금개혁 #김성주이사장"
2026-03-02 07:00:23,351,17,2,"""21세기 말까지 기금 소진 걱정 끝"" 김성주 이사장이 밝힌 1400조 국민연금의 미래 시나리오 #국민연금 #연금고갈 #2099년 #목표 수익률5.5% #연금개혁 #김성주이사장"
2026-03-02 07:28:17,351,17,2,"""21세기 말까지 기금 소진 걱정 끝"" 김성주 이사장이 밝힌 1400조 국민연금의 미래 시나리오 #국민연금 #연금고갈 #2099년 #목표 수익률5.5% #연금개혁 #김성주이사장"
2026-03-02 07:49:08,351,17,2,"""21세기 말까지 기금 소진 걱정 끝"" 김성주 이사장이 밝힌 1400조 국민연금의 미래 시나리오 #국민연금 #연금고갈 #2099년 #목표 수익률5.5% #연금개혁 #김성주이사장"
2026-03-02 08:00:31,351,17,2,"""21세기 말까지 기금 소진 걱정 끝"" 김성주 이사장이 밝힌 1400조 국민연금의 미래 시나리오 #국민연금 #연금고갈 #2099년 #목표 수익률5.5% #연금개혁 #김성주이사장"
2026-03-02 08:28:33,351,17,2,"""21세기 말까지 기금 소진 걱정 끝"" 김성주 이사장이 밝힌 1400조 국민연금의 미래 시나리오 #국민연금 #연금고갈 #2099년 #목표 수익률5.5% #연금개혁 #김성주이사장"
2026-03-02 08:46:25,351,17,2,"""21세기 말까지 기금 소진 걱정 끝"" 김성주 이사장이 밝힌 1400조 국민연금의 미래 시나리오 #국민연금 #연금고갈 #2099년 #목표 수익률5.5% #연금개혁 #김성주이사장"
2026-03-02 08:57:50,351,17,2,"""21세기 말까지 기금 소진 걱정 끝"" 김성주 이사장이 밝힌 1400조 국민연금의 미래 시나리오 #국민연금 #연금고갈 #2099년 #목표 수익률5.5% #연금개혁 #김성주이사장"
2026-03-02 10:50:59,352,17,2,"""21세기 말까지 기금 소진 걱정 끝"" 김성주 이사장이 밝힌 1400조 국민연금의 미래 시나리오 #국민연금 #연금고갈 #2099년 #목표 수익률5.5% #연금개혁 #김성주이사장"
2026-03-02 13:00:26,352,17,2,"""21세기 말까지 기금 소진 걱정 끝"" 김성주 이사장이 밝힌 1400조 국민연금의 미래 시나리오 #국민연금 #연금고갈 #2099년 #목표 수익률5.5% #연금개혁 #김성주이사장"
2026-03-02 14:16:29,352,17,2,"""21세기 말까지 기금 소진 걱정 끝"" 김성주 이사장이 밝힌 1400조 국민연금의 미래 시나리오 #국민연금 #연금고갈 #2099년 #목표 수익률5.5% #연금개혁 #김성주이사장"
2026-03-02 15:07:43,352,17,2,"""21세기 말까지 기금 소진 걱정 끝"" 김성주 이사장이 밝힌 1400조 국민연금의 미래 시나리오 #국민연금 #연금고갈 #2099년 #목표 수익률5.5% #연금개혁 #김성주이사장"
2026-03-02 16:13:40,352,17,2,"""21세기 말까지 기금 소진 걱정 끝"" 김성주 이사장이 밝힌 1400조 국민연금의 미래 시나리오 #국민연금 #연금고갈 #2099년 #목표 수익률5.5% #연금개혁 #김성주이사장"
2026-03-02 16:55:38,352,17,2,"""21세기 말까지 기금 소진 걱정 끝"" 김성주 이사장이 밝힌 1400조 국민연금의 미래 시나리오 #국민연금 #연금고갈 #2099년 #목표 수익률5.5% #연금개혁 #김성주이사장"
2026-03-02 17:32:42,352,17,2,"""21세기 말까지 기금 소진 걱정 끝"" 김성주 이사장이 밝힌 1400조 국민연금의 미래 시나리오 #국민연금 #연금고갈 #2099년 #목표 수익률5.5% #연금개혁 #김성주이사장"
2026-03-02 18:11:55,352,17,2,"""21세기 말까지 기금 소진 걱정 끝"" 김성주 이사장이 밝힌 1400조 국민연금의 미래 시나리오 #국민연금 #연금고갈 #2099년 #목표 수익률5.5% #연금개혁 #김성주이사장"
2026-03-02 19:05:36,352,17,2,"""21세기 말까지 기금 소진 걱정 끝"" 김성주 이사장이 밝힌 1400조 국민연금의 미래 시나리오 #국민연금 #연금고갈 #2099년 #목표 수익률5.5% #연금개혁 #김성주이사장"
2026-03-02 19:57:32,352,17,2,"""21세기 말까지 기금 소진 걱정 끝"" 김성주 이사장이 밝힌 1400조 국민연금의 미래 시나리오 #국민연금 #연금고갈 #2099년 #목표 수익률5.5% #연금개혁 #김성주이사장"
2026-03-02 20:29:14,352,17,2,"""21세기 말까지 기금 소진 걱정 끝"" 김성주 이사장이 밝힌 1400조 국민연금의 미래 시나리오 #국민연금 #연금고갈 #2099년 #목표 수익률5.5% #연금개혁 #김성주이사장"
2026-03-02 20:52:51,352,17,2,"""21세기 말까지 기금 소진 걱정 끝"" 김성주 이사장이 밝힌 1400조 국민연금의 미래 시나리오 #국민연금 #연금고갈 #2099년 #목표 수익률5.5% #연금개혁 #김성주이사장"
2026-03-02 21:27:20,352,17,2,"""21세기 말까지 기금 소진 걱정 끝"" 김성주 이사장이 밝힌 1400조 국민연금의 미래 시나리오 #국민연금 #연금고갈 #2099년 #목표 수익률5.5% #연금개혁 #김성주이사장"
2026-03-02 22:38:39,352,17,2,"""21세기 말까지 기금 소진 걱정 끝"" 김성주 이사장이 밝힌 1400조 국민연금의 미래 시나리오 #국민연금 #연금고갈 #2099년 #목표 수익률5.5% #연금개혁 #김성주이사장"
2026-03-02 23:26:33,352,17,2,"""21세기 말까지 기금 소진 걱정 끝"" 김성주 이사장이 밝힌 1400조 국민연금의 미래 시나리오 #국민연금 #연금고갈 #2099년 #목표 수익률5.5% #연금개혁 #김성주이사장"
2026-03-03 00:05:12,352,17,2,"""21세기 말까지 기금 소진 걱정 끝"" 김성주 이사장이 밝힌 1400조 국민연금의 미래 시나리오 #국민연금 #연금고갈 #2099년 #목표 수익률5.5% #연금개혁 #김성주이사장"
2026-03-03 00:52:43,352,17,2,"""21세기 말까지 기금 소진 걱정 끝"" 김성주 이사장이 밝힌 1400조 국민연금의 미래 시나리오 #국민연금 #연금고갈 #2099년 #목표 수익률5.5% #연금개혁 #김성주이사장"
2026-03-03 01:26:35,352,17,2,"""21세기 말까지 기금 소진 걱정 끝"" 김성주 이사장이 밝힌 1400조 국민연금의 미래 시나리오 #국민연금 #연금고갈 #2099년 #목표 수익률5.5% #연금개혁 #김성주이사장"
2026-03-03 02:10:54,352,17,2,"""21세기 말까지 기금 소진 걱정 끝"" 김성주 이사장이 밝힌 1400조 국민연금의 미래 시나리오 #국민연금 #연금고갈 #2099년 #목표 수익률5.5% #연금개혁 #김성주이사장"
2026-03-03 02:58:21,352,17,2,"""21세기 말까지 기금 소진 걱정 끝"" 김성주 이사장이 밝힌 1400조 국민연금의 미래 시나리오 #국민연금 #연금고갈 #2099년 #목표 수익률5.5% #연금개혁 #김성주이사장"
2026-03-03 03:43:39,351,17,2,"""21세기 말까지 기금 소진 걱정 끝"" 김성주 이사장이 밝힌 1400조 국민연금의 미래 시나리오 #국민연금 #연금고갈 #2099년 #목표 수익률5.5% #연금개혁 #김성주이사장"
2026-03-03 04:25:32,352,17,2,"""21세기 말까지 기금 소진 걱정 끝"" 김성주 이사장이 밝힌 1400조 국민연금의 미래 시나리오 #국민연금 #연금고갈 #2099년 #목표 수익률5.5% #연금개혁 #김성주이사장"
2026-03-03 04:54:35,351,17,2,"""21세기 말까지 기금 소진 걱정 끝"" 김성주 이사장이 밝힌 1400조 국민연금의 미래 시나리오 #국민연금 #연금고갈 #2099년 #목표 수익률5.5% #연금개혁 #김성주이사장"
2026-03-03 05:21:47,352,17,2,"""21세기 말까지 기금 소진 걱정 끝"" 김성주 이사장이 밝힌 1400조 국민연금의 미래 시나리오 #국민연금 #연금고갈 #2099년 #목표 수익률5.5% #연금개혁 #김성주이사장"
2026-03-03 05:55:25,351,17,2,"""21세기 말까지 기금 소진 걱정 끝"" 김성주 이사장이 밝힌 1400조 국민연금의 미래 시나리오 #국민연금 #연금고갈 #2099년 #목표 수익률5.5% #연금개혁 #김성주이사장"
2026-03-03 06:24:14,351,17,2,"""21세기 말까지 기금 소진 걱정 끝"" 김성주 이사장이 밝힌 1400조 국민연금의 미래 시나리오 #국민연금 #연금고갈 #2099년 #목표 수익률5.5% #연금개혁 #김성주이사장"
2026-03-03 06:54:08,351,17,2,"""21세기 말까지 기금 소진 걱정 끝"" 김성주 이사장이 밝힌 1400조 국민연금의 미래 시나리오 #국민연금 #연금고갈 #2099년 #목표 수익률5.5% #연금개혁 #김성주이사장"
2026-03-03 07:15:52,351,17,2,"""21세기 말까지 기금 소진 걱정 끝"" 김성주 이사장이 밝힌 1400조 국민연금의 미래 시나리오 #국민연금 #연금고갈 #2099년 #목표 수익률5.5% #연금개혁 #김성주이사장"
2026-03-03 07:48:33,351,17,2,"""21세기 말까지 기금 소진 걱정 끝"" 김성주 이사장이 밝힌 1400조 국민연금의 미래 시나리오 #국민연금 #연금고갈 #2099년 #목표 수익률5.5% #연금개혁 #김성주이사장"
2026-03-03 08:01:07,351,17,2,"""21세기 말까지 기금 소진 걱정 끝"" 김성주 이사장이 밝힌 1400조 국민연금의 미래 시나리오 #국민연금 #연금고갈 #2099년 #목표 수익률5.5% #연금개혁 #김성주이사장"
2026-03-03 08:32:32,351,17,2,"""21세기 말까지 기금 소진 걱정 끝"" 김성주 이사장이 밝힌 1400조 국민연금의 미래 시나리오 #국민연금 #연금고갈 #2099년 #목표 수익률5.5% #연금개혁 #김성주이사장"
2026-03-03 08:53:12,351,17,2,"""21세기 말까지 기금 소진 걱정 끝"" 김성주 이사장이 밝힌 1400조 국민연금의 미래 시나리오 #국민연금 #연금고갈 #2099년 #목표 수익률5.5% #연금개혁 #김성주이사장"
2026-03-03 09:57:41,351,17,2,"""21세기 말까지 기금 소진 걱정 끝"" 김성주 이사장이 밝힌 1400조 국민연금의 미래 시나리오 #국민연금 #연금고갈 #2099년 #목표 수익률5.5% #연금개혁 #김성주이사장"
2026-03-03 12:31:10,351,17,2,"""21세기 말까지 기금 소진 걱정 끝"" 김성주 이사장이 밝힌 1400조 국민연금의 미래 시나리오 #국민연금 #연금고갈 #2099년 #목표 수익률5.5% #연금개혁 #김성주이사장"
2026-03-03 14:04:04,351,17,2,"""21세기 말까지 기금 소진 걱정 끝"" 김성주 이사장이 밝힌 1400조 국민연금의 미래 시나리오 #국민연금 #연금고갈 #2099년 #목표 수익률5.5% #연금개혁 #김성주이사장"
2026-03-03 14:58:34,351,17,2,"""21세기 말까지 기금 소진 걱정 끝"" 김성주 이사장이 밝힌 1400조 국민연금의 미래 시나리오 #국민연금 #연금고갈 #2099년 #목표 수익률5.5% #연금개혁 #김성주이사장"
2026-03-03 15:50:39,351,17,2,"""21세기 말까지 기금 소진 걱정 끝"" 김성주 이사장이 밝힌 1400조 국민연금의 미래 시나리오 #국민연금 #연금고갈 #2099년 #목표 수익률5.5% #연금개혁 #김성주이사장"
2026-03-03 16:32:21,351,17,2,"""21세기 말까지 기금 소진 걱정 끝"" 김성주 이사장이 밝힌 1400조 국민연금의 미래 시나리오 #국민연금 #연금고갈 #2099년 #목표 수익률5.5% #연금개혁 #김성주이사장"
2026-03-03 17:03:01,351,17,2,"""21세기 말까지 기금 소진 걱정 끝"" 김성주 이사장이 밝힌 1400조 국민연금의 미래 시나리오 #국민연금 #연금고갈 #2099년 #목표 수익률5.5% #연금개혁 #김성주이사장"
2026-03-03 17:55:22,351,17,2,"""21세기 말까지 기금 소진 걱정 끝"" 김성주 이사장이 밝힌 1400조 국민연금의 미래 시나리오 #국민연금 #연금고갈 #2099년 #목표 수익률5.5% #연금개혁 #김성주이사장"
2026-03-03 18:31:24,351,17,2,"""21세기 말까지 기금 소진 걱정 끝"" 김성주 이사장이 밝힌 1400조 국민연금의 미래 시나리오 #국민연금 #연금고갈 #2099년 #목표 수익률5.5% #연금개혁 #김성주이사장"
2026-03-03 19:07:32,351,17,2,"""21세기 말까지 기금 소진 걱정 끝"" 김성주 이사장이 밝힌 1400조 국민연금의 미래 시나리오 #국민연금 #연금고갈 #2099년 #목표 수익률5.5% #연금개혁 #김성주이사장"
2026-03-03 19:56:56,351,17,2,"""21세기 말까지 기금 소진 걱정 끝"" 김성주 이사장이 밝힌 1400조 국민연금의 미래 시나리오 #국민연금 #연금고갈 #2099년 #목표 수익률5.5% #연금개혁 #김성주이사장"
2026-03-03 20:28:04,351,17,2,"""21세기 말까지 기금 소진 걱정 끝"" 김성주 이사장이 밝힌 1400조 국민연금의 미래 시나리오 #국민연금 #연금고갈 #2099년 #목표 수익률5.5% #연금개혁 #김성주이사장"
2026-03-03 20:53:17,351,17,2,"""21세기 말까지 기금 소진 걱정 끝"" 김성주 이사장이 밝힌 1400조 국민연금의 미래 시나리오 #국민연금 #연금고갈 #2099년 #목표 수익률5.5% #연금개혁 #김성주이사장"
2026-03-03 21:27:18,352,17,2,"""21세기 말까지 기금 소진 걱정 끝"" 김성주 이사장이 밝힌 1400조 국민연금의 미래 시나리오 #국민연금 #연금고갈 #2099년 #목표 수익률5.5% #연금개혁 #김성주이사장"
2026-03-03 22:36:53,352,17,2,"""21세기 말까지 기금 소진 걱정 끝"" 김성주 이사장이 밝힌 1400조 국민연금의 미래 시나리오 #국민연금 #연금고갈 #2099년 #목표 수익률5.5% #연금개혁 #김성주이사장"
2026-03-03 23:25:17,352,17,2,"""21세기 말까지 기금 소진 걱정 끝"" 김성주 이사장이 밝힌 1400조 국민연금의 미래 시나리오 #국민연금 #연금고갈 #2099년 #목표 수익률5.5% #연금개혁 #김성주이사장"
2026-03-04 00:09:56,352,17,2,"""21세기 말까지 기금 소진 걱정 끝"" 김성주 이사장이 밝힌 1400조 국민연금의 미래 시나리오 #국민연금 #연금고갈 #2099년 #목표 수익률5.5% #연금개혁 #김성주이사장"
2026-03-04 01:01:03,352,17,2,"""21세기 말까지 기금 소진 걱정 끝"" 김성주 이사장이 밝힌 1400조 국민연금의 미래 시나리오 #국민연금 #연금고갈 #2099년 #목표 수익률5.5% #연금개혁 #김성주이사장"
2026-03-04 01:56:23,352,17,2,"""21세기 말까지 기금 소진 걱정 끝"" 김성주 이사장이 밝힌 1400조 국민연금의 미래 시나리오 #국민연금 #연금고갈 #2099년 #목표 수익률5.5% #연금개혁 #김성주이사장"
2026-03-04 02:37:29,352,17,2,"""21세기 말까지 기금 소진 걱정 끝"" 김성주 이사장이 밝힌 1400조 국민연금의 미래 시나리오 #국민연금 #연금고갈 #2099년 #목표 수익률5.5% #연금개혁 #김성주이사장"
2026-03-04 03:09:10,352,17,2,"""21세기 말까지 기금 소진 걱정 끝"" 김성주 이사장이 밝힌 1400조 국민연금의 미래 시나리오 #국민연금 #연금고갈 #2099년 #목표 수익률5.5% #연금개혁 #김성주이사장"
2026-03-04 04:08:30,352,17,2,"""21세기 말까지 기금 소진 걱정 끝"" 김성주 이사장이 밝힌 1400조 국민연금의 미래 시나리오 #국민연금 #연금고갈 #2099년 #목표 수익률5.5% #연금개혁 #김성주이사장"
2026-03-04 04:48:10,352,17,2,"""21세기 말까지 기금 소진 걱정 끝"" 김성주 이사장이 밝힌 1400조 국민연금의 미래 시나리오 #국민연금 #연금고갈 #2099년 #목표 수익률5.5% #연금개혁 #김성주이사장"
2026-03-04 05:03:16,352,17,2,"""21세기 말까지 기금 소진 걱정 끝"" 김성주 이사장이 밝힌 1400조 국민연금의 미래 시나리오 #국민연금 #연금고갈 #2099년 #목표 수익률5.5% #연금개혁 #김성주이사장"
2026-03-04 05:41:33,352,17,2,"""21세기 말까지 기금 소진 걱정 끝"" 김성주 이사장이 밝힌 1400조 국민연금의 미래 시나리오 #국민연금 #연금고갈 #2099년 #목표 수익률5.5% #연금개혁 #김성주이사장"
2026-03-04 06:02:33,352,17,2,"""21세기 말까지 기금 소진 걱정 끝"" 김성주 이사장이 밝힌 1400조 국민연금의 미래 시나리오 #국민연금 #연금고갈 #2099년 #목표 수익률5.5% #연금개혁 #김성주이사장"
2026-03-04 06:42:00,352,17,2,"""21세기 말까지 기금 소진 걱정 끝"" 김성주 이사장이 밝힌 1400조 국민연금의 미래 시나리오 #국민연금 #연금고갈 #2099년 #목표 수익률5.5% #연금개혁 #김성주이사장"
2026-03-04 07:00:32,352,17,2,"""21세기 말까지 기금 소진 걱정 끝"" 김성주 이사장이 밝힌 1400조 국민연금의 미래 시나리오 #국민연금 #연금고갈 #2099년 #목표 수익률5.5% #연금개혁 #김성주이사장"
2026-03-04 07:34:23,352,17,2,"""21세기 말까지 기금 소진 걱정 끝"" 김성주 이사장이 밝힌 1400조 국민연금의 미래 시나리오 #국민연금 #연금고갈 #2099년 #목표 수익률5.5% #연금개혁 #김성주이사장"
2026-03-04 07:56:15,352,17,2,"""21세기 말까지 기금 소진 걱정 끝"" 김성주 이사장이 밝힌 1400조 국민연금의 미래 시나리오 #국민연금 #연금고갈 #2099년 #목표 수익률5.5% #연금개혁 #김성주이사장"
2026-03-04 08:19:10,352,17,2,"""21세기 말까지 기금 소진 걱정 끝"" 김성주 이사장이 밝힌 1400조 국민연금의 미래 시나리오 #국민연금 #연금고갈 #2099년 #목표 수익률5.5% #연금개혁 #김성주이사장"
2026-03-04 08:44:30,352,17,2,"""21세기 말까지 기금 소진 걱정 끝"" 김성주 이사장이 밝힌 1400조 국민연금의 미래 시나리오 #국민연금 #연금고갈 #2099년 #목표 수익률5.5% #연금개혁 #김성주이사장"
2026-03-04 08:58:28,352,17,2,"""21세기 말까지 기금 소진 걱정 끝"" 김성주 이사장이 밝힌 1400조 국민연금의 미래 시나리오 #국민연금 #연금고갈 #2099년 #목표 수익률5.5% #연금개혁 #김성주이사장"
2026-03-04 10:54:35,352,17,2,"""21세기 말까지 기금 소진 걱정 끝"" 김성주 이사장이 밝힌 1400조 국민연금의 미래 시나리오 #국민연금 #연금고갈 #2099년 #목표 수익률5.5% #연금개혁 #김성주이사장"
2026-03-04 12:56:40,352,17,2,"""21세기 말까지 기금 소진 걱정 끝"" 김성주 이사장이 밝힌 1400조 국민연금의 미래 시나리오 #국민연금 #연금고갈 #2099년 #목표 수익률5.5% #연금개혁 #김성주이사장"
2026-03-04 14:05:16,352,17,2,"""21세기 말까지 기금 소진 걱정 끝"" 김성주 이사장이 밝힌 1400조 국민연금의 미래 시나리오 #국민연금 #연금고갈 #2099년 #목표 수익률5.5% #연금개혁 #김성주이사장"
2026-03-04 14:55:06,352,17,2,"""21세기 말까지 기금 소진 걱정 끝"" 김성주 이사장이 밝힌 1400조 국민연금의 미래 시나리오 #국민연금 #연금고갈 #2099년 #목표 수익률5.5% #연금개혁 #김성주이사장"
2026-03-04 15:34:03,352,17,2,"""21세기 말까지 기금 소진 걱정 끝"" 김성주 이사장이 밝힌 1400조 국민연금의 미래 시나리오 #국민연금 #연금고갈 #2099년 #목표 수익률5.5% #연금개혁 #김성주이사장"
2026-03-04 16:24:36,352,17,2,"""21세기 말까지 기금 소진 걱정 끝"" 김성주 이사장이 밝힌 1400조 국민연금의 미래 시나리오 #국민연금 #연금고갈 #2099년 #목표 수익률5.5% #연금개혁 #김성주이사장"
2026-03-04 16:54:40,352,17,2,"""21세기 말까지 기금 소진 걱정 끝"" 김성주 이사장이 밝힌 1400조 국민연금의 미래 시나리오 #국민연금 #연금고갈 #2099년 #목표 수익률5.5% #연금개혁 #김성주이사장"
2026-03-04 17:24:44,352,17,2,"""21세기 말까지 기금 소진 걱정 끝"" 김성주 이사장이 밝힌 1400조 국민연금의 미래 시나리오 #국민연금 #연금고갈 #2099년 #목표 수익률5.5% #연금개혁 #김성주이사장"
2026-03-04 18:00:56,352,17,2,"""21세기 말까지 기금 소진 걱정 끝"" 김성주 이사장이 밝힌 1400조 국민연금의 미래 시나리오 #국민연금 #연금고갈 #2099년 #목표 수익률5.5% #연금개혁 #김성주이사장"
2026-03-04 18:49:21,352,17,2,"""21세기 말까지 기금 소진 걱정 끝"" 김성주 이사장이 밝힌 1400조 국민연금의 미래 시나리오 #국민연금 #연금고갈 #2099년 #목표 수익률5.5% #연금개혁 #김성주이사장"
2026-03-04 19:21:42,352,17,2,"""21세기 말까지 기금 소진 걱정 끝"" 김성주 이사장이 밝힌 1400조 국민연금의 미래 시나리오 #국민연금 #연금고갈 #2099년 #목표 수익률5.5% #연금개혁 #김성주이사장"
2026-03-04 19:59:15,352,17,2,"""21세기 말까지 기금 소진 걱정 끝"" 김성주 이사장이 밝힌 1400조 국민연금의 미래 시나리오 #국민연금 #연금고갈 #2099년 #목표 수익률5.5% #연금개혁 #김성주이사장"
2026-03-04 20:30:38,352,17,2,"""21세기 말까지 기금 소진 걱정 끝"" 김성주 이사장이 밝힌 1400조 국민연금의 미래 시나리오 #국민연금 #연금고갈 #2099년 #목표 수익률5.5% #연금개혁 #김성주이사장"
2026-03-04 20:53:22,352,17,2,"""21세기 말까지 기금 소진 걱정 끝"" 김성주 이사장이 밝힌 1400조 국민연금의 미래 시나리오 #국민연금 #연금고갈 #2099년 #목표 수익률5.5% #연금개혁 #김성주이사장"
2026-03-04 21:25:55,352,17,2,"""21세기 말까지 기금 소진 걱정 끝"" 김성주 이사장이 밝힌 1400조 국민연금의 미래 시나리오 #국민연금 #연금고갈 #2099년 #목표 수익률5.5% #연금개혁 #김성주이사장"
2026-03-04 22:34:49,352,17,2,"""21세기 말까지 기금 소진 걱정 끝"" 김성주 이사장이 밝힌 1400조 국민연금의 미래 시나리오 #국민연금 #연금고갈 #2099년 #목표 수익률5.5% #연금개혁 #김성주이사장"
2026-03-04 23:23:10,353,17,2,"""21세기 말까지 기금 소진 걱정 끝"" 김성주 이사장이 밝힌 1400조 국민연금의 미래 시나리오 #국민연금 #연금고갈 #2099년 #목표 수익률5.5% #연금개혁 #김성주이사장"
2026-03-05 00:00:54,352,17,2,"""21세기 말까지 기금 소진 걱정 끝"" 김성주 이사장이 밝힌 1400조 국민연금의 미래 시나리오 #국민연금 #연금고갈 #2099년 #목표 수익률5.5% #연금개혁 #김성주이사장"
2026-03-05 00:49:52,353,17,2,"""21세기 말까지 기금 소진 걱정 끝"" 김성주 이사장이 밝힌 1400조 국민연금의 미래 시나리오 #국민연금 #연금고갈 #2099년 #목표 수익률5.5% #연금개혁 #김성주이사장"
2026-03-05 01:26:04,353,17,2,"""21세기 말까지 기금 소진 걱정 끝"" 김성주 이사장이 밝힌 1400조 국민연금의 미래 시나리오 #국민연금 #연금고갈 #2099년 #목표 수익률5.5% #연금개혁 #김성주이사장"
2026-03-05 02:06:25,353,17,2,"""21세기 말까지 기금 소진 걱정 끝"" 김성주 이사장이 밝힌 1400조 국민연금의 미래 시나리오 #국민연금 #연금고갈 #2099년 #목표 수익률5.5% #연금개혁 #김성주이사장"
2026-03-05 02:53:37,353,17,2,"""21세기 말까지 기금 소진 걱정 끝"" 김성주 이사장이 밝힌 1400조 국민연금의 미래 시나리오 #국민연금 #연금고갈 #2099년 #목표 수익률5.5% #연금개혁 #김성주이사장"
2026-03-05 03:29:29,353,17,2,"""21세기 말까지 기금 소진 걱정 끝"" 김성주 이사장이 밝힌 1400조 국민연금의 미래 시나리오 #국민연금 #연금고갈 #2099년 #목표 수익률5.5% #연금개혁 #김성주이사장"
2026-03-05 04:12:07,353,17,2,"""21세기 말까지 기금 소진 걱정 끝"" 김성주 이사장이 밝힌 1400조 국민연금의 미래 시나리오 #국민연금 #연금고갈 #2099년 #목표 수익률5.5% #연금개혁 #김성주이사장"
2026-03-05 04:50:25,353,17,2,"""21세기 말까지 기금 소진 걱정 끝"" 김성주 이사장이 밝힌 1400조 국민연금의 미래 시나리오 #국민연금 #연금고갈 #2099년 #목표 수익률5.5% #연금개혁 #김성주이사장"
2026-03-05 05:18:55,353,17,2,"""21세기 말까지 기금 소진 걱정 끝"" 김성주 이사장이 밝힌 1400조 국민연금의 미래 시나리오 #국민연금 #연금고갈 #2099년 #목표 수익률5.5% #연금개혁 #김성주이사장"
2026-03-05 05:50:43,353,17,2,"""21세기 말까지 기금 소진 걱정 끝"" 김성주 이사장이 밝힌 1400조 국민연금의 미래 시나리오 #국민연금 #연금고갈 #2099년 #목표 수익률5.5% #연금개혁 #김성주이사장"
2026-03-05 06:19:41,353,17,2,"""21세기 말까지 기금 소진 걱정 끝"" 김성주 이사장이 밝힌 1400조 국민연금의 미래 시나리오 #국민연금 #연금고갈 #2099년 #목표 수익률5.5% #연금개혁 #김성주이사장"
2026-03-05 06:51:16,353,17,2,"""21세기 말까지 기금 소진 걱정 끝"" 김성주 이사장이 밝힌 1400조 국민연금의 미래 시나리오 #국민연금 #연금고갈 #2099년 #목표 수익률5.5% #연금개혁 #김성주이사장"
2026-03-05 07:16:47,353,17,2,"""21세기 말까지 기금 소진 걱정 끝"" 김성주 이사장이 밝힌 1400조 국민연금의 미래 시나리오 #국민연금 #연금고갈 #2099년 #목표 수익률5.5% #연금개혁 #김성주이사장"
2026-03-05 07:51:09,353,17,2,"""21세기 말까지 기금 소진 걱정 끝"" 김성주 이사장이 밝힌 1400조 국민연금의 미래 시나리오 #국민연금 #연금고갈 #2099년 #목표 수익률5.5% #연금개혁 #김성주이사장"
2026-03-05 08:17:15,353,17,2,"""21세기 말까지 기금 소진 걱정 끝"" 김성주 이사장이 밝힌 1400조 국민연금의 미래 시나리오 #국민연금 #연금고갈 #2099년 #목표 수익률5.5% #연금개혁 #김성주이사장"
2026-03-05 08:46:36,353,17,2,"""21세기 말까지 기금 소진 걱정 끝"" 김성주 이사장이 밝힌 1400조 국민연금의 미래 시나리오 #국민연금 #연금고갈 #2099년 #목표 수익률5.5% #연금개혁 #김성주이사장"
2026-03-05 09:00:02,353,17,2,"""21세기 말까지 기금 소진 걱정 끝"" 김성주 이사장이 밝힌 1400조 국민연금의 미래 시나리오 #국민연금 #연금고갈 #2099년 #목표 수익률5.5% #연금개혁 #김성주이사장"
2026-03-05 11:22:50,353,17,2,"""21세기 말까지 기금 소진 걱정 끝"" 김성주 이사장이 밝힌 1400조 국민연금의 미래 시나리오 #국민연금 #연금고갈 #2099년 #목표 수익률5.5% #연금개혁 #김성주이사장"
2026-03-05 13:21:55,353,17,2,"""21세기 말까지 기금 소진 걱정 끝"" 김성주 이사장이 밝힌 1400조 국민연금의 미래 시나리오 #국민연금 #연금고갈 #2099년 #목표 수익률5.5% #연금개혁 #김성주이사장"
2026-03-05 14:29:15,353,17,2,"""21세기 말까지 기금 소진 걱정 끝"" 김성주 이사장이 밝힌 1400조 국민연금의 미래 시나리오 #국민연금 #연금고갈 #2099년 #목표 수익률5.5% #연금개혁 #김성주이사장"
2026-03-05 15:07:55,353,17,2,"""21세기 말까지 기금 소진 걱정 끝"" 김성주 이사장이 밝힌 1400조 국민연금의 미래 시나리오 #국민연금 #연금고갈 #2099년 #목표 수익률5.5% #연금개혁 #김성주이사장"
2026-03-05 16:07:23,353,17,2,"""21세기 말까지 기금 소진 걱정 끝"" 김성주 이사장이 밝힌 1400조 국민연금의 미래 시나리오 #국민연금 #연금고갈 #2099년 #목표 수익률5.5% #연금개혁 #김성주이사장"
2026-03-05 16:51:24,353,17,2,"""21세기 말까지 기금 소진 걱정 끝"" 김성주 이사장이 밝힌 1400조 국민연금의 미래 시나리오 #국민연금 #연금고갈 #2099년 #목표 수익률5.5% #연금개혁 #김성주이사장"
2026-03-05 17:24:07,353,17,2,"""21세기 말까지 기금 소진 걱정 끝"" 김성주 이사장이 밝힌 1400조 국민연금의 미래 시나리오 #국민연금 #연금고갈 #2099년 #목표 수익률5.5% #연금개혁 #김성주이사장"
2026-03-05 18:03:54,353,17,2,"""21세기 말까지 기금 소진 걱정 끝"" 김성주 이사장이 밝힌 1400조 국민연금의 미래 시나리오 #국민연금 #연금고갈 #2099년 #목표 수익률5.5% #연금개혁 #김성주이사장"
2026-03-05 18:57:16,353,17,2,"""21세기 말까지 기금 소진 걱정 끝"" 김성주 이사장이 밝힌 1400조 국민연금의 미래 시나리오 #국민연금 #연금고갈 #2099년 #목표 수익률5.5% #연금개혁 #김성주이사장"
2026-03-05 19:33:51,353,17,2,"""21세기 말까지 기금 소진 걱정 끝"" 김성주 이사장이 밝힌 1400조 국민연금의 미래 시나리오 #국민연금 #연금고갈 #2099년 #목표 수익률5.5% #연금개혁 #김성주이사장"
2026-03-05 20:08:57,353,17,2,"""21세기 말까지 기금 소진 걱정 끝"" 김성주 이사장이 밝힌 1400조 국민연금의 미래 시나리오 #국민연금 #연금고갈 #2099년 #목표 수익률5.5% #연금개혁 #김성주이사장"
2026-03-05 20:46:48,353,17,2,"""21세기 말까지 기금 소진 걱정 끝"" 김성주 이사장이 밝힌 1400조 국민연금의 미래 시나리오 #국민연금 #연금고갈 #2099년 #목표 수익률5.5% #연금개혁 #김성주이사장"
2026-03-05 21:03:34,353,17,2,"""21세기 말까지 기금 소진 걱정 끝"" 김성주 이사장이 밝힌 1400조 국민연금의 미래 시나리오 #국민연금 #연금고갈 #2099년 #목표 수익률5.5% #연금개혁 #김성주이사장"
2026-03-05 22:21:02,353,17,2,"""21세기 말까지 기금 소진 걱정 끝"" 김성주 이사장이 밝힌 1400조 국민연금의 미래 시나리오 #국민연금 #연금고갈 #2099년 #목표 수익률5.5% #연금개혁 #김성주이사장"
2026-03-05 23:08:56,353,17,2,"""21세기 말까지 기금 소진 걱정 끝"" 김성주 이사장이 밝힌 1400조 국민연금의 미래 시나리오 #국민연금 #연금고갈 #2099년 #목표 수익률5.5% #연금개혁 #김성주이사장"
2026-03-06 00:01:56,353,17,2,"""21세기 말까지 기금 소진 걱정 끝"" 김성주 이사장이 밝힌 1400조 국민연금의 미래 시나리오 #국민연금 #연금고갈 #2099년 #목표 수익률5.5% #연금개혁 #김성주이사장"
2026-03-06 00:57:13,353,17,2,"""21세기 말까지 기금 소진 걱정 끝"" 김성주 이사장이 밝힌 1400조 국민연금의 미래 시나리오 #국민연금 #연금고갈 #2099년 #목표 수익률5.5% #연금개혁 #김성주이사장"
2026-03-06 02:58:43,354,17,2,"""21세기 말까지 기금 소진 걱정 끝"" 김성주 이사장이 밝힌 1400조 국민연금의 미래 시나리오 #국민연금 #연금고갈 #2099년 #목표 수익률5.5% #연금개혁 #김성주이사장"
2026-03-06 04:15:20,353,17,2,"""21세기 말까지 기금 소진 걱정 끝"" 김성주 이사장이 밝힌 1400조 국민연금의 미래 시나리오 #국민연금 #연금고갈 #2099년 #목표 수익률5.5% #연금개혁 #김성주이사장"
2026-03-06 05:00:53,354,17,2,"""21세기 말까지 기금 소진 걱정 끝"" 김성주 이사장이 밝힌 1400조 국민연금의 미래 시나리오 #국민연금 #연금고갈 #2099년 #목표 수익률5.5% #연금개혁 #김성주이사장"
2026-03-06 05:42:09,354,17,2,"""21세기 말까지 기금 소진 걱정 끝"" 김성주 이사장이 밝힌 1400조 국민연금의 미래 시나리오 #국민연금 #연금고갈 #2099년 #목표 수익률5.5% #연금개혁 #김성주이사장"
2026-03-06 06:06:19,354,17,2,"""21세기 말까지 기금 소진 걱정 끝"" 김성주 이사장이 밝힌 1400조 국민연금의 미래 시나리오 #국민연금 #연금고갈 #2099년 #목표 수익률5.5% #연금개혁 #김성주이사장"
2026-03-06 06:48:00,354,17,2,"""21세기 말까지 기금 소진 걱정 끝"" 김성주 이사장이 밝힌 1400조 국민연금의 미래 시나리오 #국민연금 #연금고갈 #2099년 #목표 수익률5.5% #연금개혁 #김성주이사장"
2026-03-06 07:03:24,354,17,2,"""21세기 말까지 기금 소진 걱정 끝"" 김성주 이사장이 밝힌 1400조 국민연금의 미래 시나리오 #국민연금 #연금고갈 #2099년 #목표 수익률5.5% #연금개혁 #김성주이사장"
2026-03-06 08:15:45,354,17,2,"""21세기 말까지 기금 소진 걱정 끝"" 김성주 이사장이 밝힌 1400조 국민연금의 미래 시나리오 #국민연금 #연금고갈 #2099년 #목표 수익률5.5% #연금개혁 #김성주이사장"
2026-03-06 08:57:48,354,17,2,"""21세기 말까지 기금 소진 걱정 끝"" 김성주 이사장이 밝힌 1400조 국민연금의 미래 시나리오 #국민연금 #연금고갈 #2099년 #목표 수익률5.5% #연금개혁 #김성주이사장"
2026-03-06 10:50:22,355,17,2,"""21세기 말까지 기금 소진 걱정 끝"" 김성주 이사장이 밝힌 1400조 국민연금의 미래 시나리오 #국민연금 #연금고갈 #2099년 #목표 수익률5.5% #연금개혁 #김성주이사장"
2026-03-06 12:56:12,355,17,2,"""21세기 말까지 기금 소진 걱정 끝"" 김성주 이사장이 밝힌 1400조 국민연금의 미래 시나리오 #국민연금 #연금고갈 #2099년 #목표 수익률5.5% #연금개혁 #김성주이사장"
2026-03-06 14:05:56,356,17,2,"""21세기 말까지 기금 소진 걱정 끝"" 김성주 이사장이 밝힌 1400조 국민연금의 미래 시나리오 #국민연금 #연금고갈 #2099년 #목표 수익률5.5% #연금개혁 #김성주이사장"
2026-03-06 14:56:23,356,17,2,"""21세기 말까지 기금 소진 걱정 끝"" 김성주 이사장이 밝힌 1400조 국민연금의 미래 시나리오 #국민연금 #연금고갈 #2099년 #목표 수익률5.5% #연금개혁 #김성주이사장"
2026-03-06 15:37:53,356,17,2,"""21세기 말까지 기금 소진 걱정 끝"" 김성주 이사장이 밝힌 1400조 국민연금의 미래 시나리오 #국민연금 #연금고갈 #2099년 #목표 수익률5.5% #연금개혁 #김성주이사장"
2026-03-06 16:26:17,356,17,2,"""21세기 말까지 기금 소진 걱정 끝"" 김성주 이사장이 밝힌 1400조 국민연금의 미래 시나리오 #국민연금 #연금고갈 #2099년 #목표 수익률5.5% #연금개혁 #김성주이사장"
2026-03-06 16:56:15,356,17,2,"""21세기 말까지 기금 소진 걱정 끝"" 김성주 이사장이 밝힌 1400조 국민연금의 미래 시나리오 #국민연금 #연금고갈 #2099년 #목표 수익률5.5% #연금개혁 #김성주이사장"
2026-03-06 17:28:35,356,17,2,"""21세기 말까지 기금 소진 걱정 끝"" 김성주 이사장이 밝힌 1400조 국민연금의 미래 시나리오 #국민연금 #연금고갈 #2099년 #목표 수익률5.5% #연금개혁 #김성주이사장"
2026-03-06 18:03:19,356,17,2,"""21세기 말까지 기금 소진 걱정 끝"" 김성주 이사장이 밝힌 1400조 국민연금의 미래 시나리오 #국민연금 #연금고갈 #2099년 #목표 수익률5.5% #연금개혁 #김성주이사장"
2026-03-06 18:52:25,356,17,2,"""21세기 말까지 기금 소진 걱정 끝"" 김성주 이사장이 밝힌 1400조 국민연금의 미래 시나리오 #국민연금 #연금고갈 #2099년 #목표 수익률5.5% #연금개혁 #김성주이사장"
2026-03-06 19:21:05,356,17,2,"""21세기 말까지 기금 소진 걱정 끝"" 김성주 이사장이 밝힌 1400조 국민연금의 미래 시나리오 #국민연금 #연금고갈 #2099년 #목표 수익률5.5% #연금개혁 #김성주이사장"
2026-03-06 19:58:16,356,17,2,"""21세기 말까지 기금 소진 걱정 끝"" 김성주 이사장이 밝힌 1400조 국민연금의 미래 시나리오 #국민연금 #연금고갈 #2099년 #목표 수익률5.5% #연금개혁 #김성주이사장"
2026-03-06 20:27:03,356,17,2,"""21세기 말까지 기금 소진 걱정 끝"" 김성주 이사장이 밝힌 1400조 국민연금의 미래 시나리오 #국민연금 #연금고갈 #2099년 #목표 수익률5.5% #연금개혁 #김성주이사장"
2026-03-06 20:50:02,356,17,2,"""21세기 말까지 기금 소진 걱정 끝"" 김성주 이사장이 밝힌 1400조 국민연금의 미래 시나리오 #국민연금 #연금고갈 #2099년 #목표 수익률5.5% #연금개혁 #김성주이사장"
2026-03-06 21:02:18,356,17,2,"""21세기 말까지 기금 소진 걱정 끝"" 김성주 이사장이 밝힌 1400조 국민연금의 미래 시나리오 #국민연금 #연금고갈 #2099년 #목표 수익률5.5% #연금개혁 #김성주이사장"
2026-03-06 22:15:58,356,17,2,"""21세기 말까지 기금 소진 걱정 끝"" 김성주 이사장이 밝힌 1400조 국민연금의 미래 시나리오 #국민연금 #연금고갈 #2099년 #목표 수익률5.5% #연금개혁 #김성주이사장"
2026-03-06 23:02:24,356,17,2,"""21세기 말까지 기금 소진 걱정 끝"" 김성주 이사장이 밝힌 1400조 국민연금의 미래 시나리오 #국민연금 #연금고갈 #2099년 #목표 수익률5.5% #연금개혁 #김성주이사장"
2026-03-06 23:47:52,356,17,2,"""21세기 말까지 기금 소진 걱정 끝"" 김성주 이사장이 밝힌 1400조 국민연금의 미래 시나리오 #국민연금 #연금고갈 #2099년 #목표 수익률5.5% #연금개혁 #김성주이사장"
2026-03-07 00:22:28,356,17,2,"""21세기 말까지 기금 소진 걱정 끝"" 김성주 이사장이 밝힌 1400조 국민연금의 미래 시나리오 #국민연금 #연금고갈 #2099년 #목표 수익률5.5% #연금개혁 #김성주이사장"
2026-03-07 00:55:44,356,17,2,"""21세기 말까지 기금 소진 걱정 끝"" 김성주 이사장이 밝힌 1400조 국민연금의 미래 시나리오 #국민연금 #연금고갈 #2099년 #목표 수익률5.5% #연금개혁 #김성주이사장"
2026-03-07 01:28:55,356,17,2,"""21세기 말까지 기금 소진 걱정 끝"" 김성주 이사장이 밝힌 1400조 국민연금의 미래 시나리오 #국민연금 #연금고갈 #2099년 #목표 수익률5.5% #연금개혁 #김성주이사장"
2026-03-07 02:05:51,356,17,2,"""21세기 말까지 기금 소진 걱정 끝"" 김성주 이사장이 밝힌 1400조 국민연금의 미래 시나리오 #국민연금 #연금고갈 #2099년 #목표 수익률5.5% #연금개혁 #김성주이사장"
2026-03-07 02:48:58,356,17,2,"""21세기 말까지 기금 소진 걱정 끝"" 김성주 이사장이 밝힌 1400조 국민연금의 미래 시나리오 #국민연금 #연금고갈 #2099년 #목표 수익률5.5% #연금개혁 #김성주이사장"
2026-03-07 03:25:07,356,17,2,"""21세기 말까지 기금 소진 걱정 끝"" 김성주 이사장이 밝힌 1400조 국민연금의 미래 시나리오 #국민연금 #연금고갈 #2099년 #목표 수익률5.5% #연금개혁 #김성주이사장"
2026-03-07 04:07:12,356,17,2,"""21세기 말까지 기금 소진 걱정 끝"" 김성주 이사장이 밝힌 1400조 국민연금의 미래 시나리오 #국민연금 #연금고갈 #2099년 #목표 수익률5.5% #연금개혁 #김성주이사장"
2026-03-07 04:44:55,356,17,2,"""21세기 말까지 기금 소진 걱정 끝"" 김성주 이사장이 밝힌 1400조 국민연금의 미래 시나리오 #국민연금 #연금고갈 #2099년 #목표 수익률5.5% #연금개혁 #김성주이사장"
2026-03-07 05:01:09,356,17,2,"""21세기 말까지 기금 소진 걱정 끝"" 김성주 이사장이 밝힌 1400조 국민연금의 미래 시나리오 #국민연금 #연금고갈 #2099년 #목표 수익률5.5% #연금개혁 #김성주이사장"
2026-03-07 05:38:27,356,17,2,"""21세기 말까지 기금 소진 걱정 끝"" 김성주 이사장이 밝힌 1400조 국민연금의 미래 시나리오 #국민연금 #연금고갈 #2099년 #목표 수익률5.5% #연금개혁 #김성주이사장"
2026-03-07 05:59:39,356,17,2,"""21세기 말까지 기금 소진 걱정 끝"" 김성주 이사장이 밝힌 1400조 국민연금의 미래 시나리오 #국민연금 #연금고갈 #2099년 #목표 수익률5.5% #연금개혁 #김성주이사장"
2026-03-07 06:31:25,356,17,2,"""21세기 말까지 기금 소진 걱정 끝"" 김성주 이사장이 밝힌 1400조 국민연금의 미래 시나리오 #국민연금 #연금고갈 #2099년 #목표 수익률5.5% #연금개혁 #김성주이사장"
2026-03-07 06:53:00,356,17,2,"""21세기 말까지 기금 소진 걱정 끝"" 김성주 이사장이 밝힌 1400조 국민연금의 미래 시나리오 #국민연금 #연금고갈 #2099년 #목표 수익률5.5% #연금개혁 #김성주이사장"
2026-03-07 07:13:48,356,17,2,"""21세기 말까지 기금 소진 걱정 끝"" 김성주 이사장이 밝힌 1400조 국민연금의 미래 시나리오 #국민연금 #연금고갈 #2099년 #목표 수익률5.5% #연금개혁 #김성주이사장"
2026-03-07 07:48:04,356,17,2,"""21세기 말까지 기금 소진 걱정 끝"" 김성주 이사장이 밝힌 1400조 국민연금의 미래 시나리오 #국민연금 #연금고갈 #2099년 #목표 수익률5.5% #연금개혁 #김성주이사장"
2026-03-07 08:03:32,356,17,2,"""21세기 말까지 기금 소진 걱정 끝"" 김성주 이사장이 밝힌 1400조 국민연금의 미래 시나리오 #국민연금 #연금고갈 #2099년 #목표 수익률5.5% #연금개혁 #김성주이사장"
2026-03-07 08:36:34,356,17,2,"""21세기 말까지 기금 소진 걱정 끝"" 김성주 이사장이 밝힌 1400조 국민연금의 미래 시나리오 #국민연금 #연금고갈 #2099년 #목표 수익률5.5% #연금개혁 #김성주이사장"
2026-03-07 08:54:09,356,17,2,"""21세기 말까지 기금 소진 걱정 끝"" 김성주 이사장이 밝힌 1400조 국민연금의 미래 시나리오 #국민연금 #연금고갈 #2099년 #목표 수익률5.5% #연금개혁 #김성주이사장"
2026-03-07 09:52:45,356,17,2,"""21세기 말까지 기금 소진 걱정 끝"" 김성주 이사장이 밝힌 1400조 국민연금의 미래 시나리오 #국민연금 #연금고갈 #2099년 #목표 수익률5.5% #연금개혁 #김성주이사장"
2026-03-07 12:07:49,356,17,2,"""21세기 말까지 기금 소진 걱정 끝"" 김성주 이사장이 밝힌 1400조 국민연금의 미래 시나리오 #국민연금 #연금고갈 #2099년 #목표 수익률5.5% #연금개혁 #김성주이사장"
2026-03-07 13:38:53,356,17,2,"""21세기 말까지 기금 소진 걱정 끝"" 김성주 이사장이 밝힌 1400조 국민연금의 미래 시나리오 #국민연금 #연금고갈 #2099년 #목표 수익률5.5% #연금개혁 #김성주이사장"
2026-03-07 14:23:35,356,17,2,"""21세기 말까지 기금 소진 걱정 끝"" 김성주 이사장이 밝힌 1400조 국민연금의 미래 시나리오 #국민연금 #연금고갈 #2099년 #목표 수익률5.5% #연금개혁 #김성주이사장"
2026-03-07 14:55:52,356,17,2,"""21세기 말까지 기금 소진 걱정 끝"" 김성주 이사장이 밝힌 1400조 국민연금의 미래 시나리오 #국민연금 #연금고갈 #2099년 #목표 수익률5.5% #연금개혁 #김성주이사장"
2026-03-07 15:27:44,357,17,2,"""21세기 말까지 기금 소진 걱정 끝"" 김성주 이사장이 밝힌 1400조 국민연금의 미래 시나리오 #국민연금 #연금고갈 #2099년 #목표 수익률5.5% #연금개혁 #김성주이사장"
2026-03-07 16:03:35,356,17,2,"""21세기 말까지 기금 소진 걱정 끝"" 김성주 이사장이 밝힌 1400조 국민연금의 미래 시나리오 #국민연금 #연금고갈 #2099년 #목표 수익률5.5% #연금개혁 #김성주이사장"
2026-03-07 16:37:07,357,17,2,"""21세기 말까지 기금 소진 걱정 끝"" 김성주 이사장이 밝힌 1400조 국민연금의 미래 시나리오 #국민연금 #연금고갈 #2099년 #목표 수익률5.5% #연금개혁 #김성주이사장"
2026-03-07 16:53:01,357,17,2,"""21세기 말까지 기금 소진 걱정 끝"" 김성주 이사장이 밝힌 1400조 국민연금의 미래 시나리오 #국민연금 #연금고갈 #2099년 #목표 수익률5.5% #연금개혁 #김성주이사장"
2026-03-07 17:00:52,357,17,2,"""21세기 말까지 기금 소진 걱정 끝"" 김성주 이사장이 밝힌 1400조 국민연금의 미래 시나리오 #국민연금 #연금고갈 #2099년 #목표 수익률5.5% #연금개혁 #김성주이사장"
2026-03-07 17:37:34,357,17,2,"""21세기 말까지 기금 소진 걱정 끝"" 김성주 이사장이 밝힌 1400조 국민연금의 미래 시나리오 #국민연금 #연금고갈 #2099년 #목표 수익률5.5% #연금개혁 #김성주이사장"
2026-03-07 17:58:58,357,17,2,"""21세기 말까지 기금 소진 걱정 끝"" 김성주 이사장이 밝힌 1400조 국민연금의 미래 시나리오 #국민연금 #연금고갈 #2099년 #목표 수익률5.5% #연금개혁 #김성주이사장"
2026-03-07 18:28:28,357,17,2,"""21세기 말까지 기금 소진 걱정 끝"" 김성주 이사장이 밝힌 1400조 국민연금의 미래 시나리오 #국민연금 #연금고갈 #2099년 #목표 수익률5.5% #연금개혁 #김성주이사장"
2026-03-07 18:51:07,357,17,2,"""21세기 말까지 기금 소진 걱정 끝"" 김성주 이사장이 밝힌 1400조 국민연금의 미래 시나리오 #국민연금 #연금고갈 #2099년 #목표 수익률5.5% #연금개혁 #김성주이사장"
2026-03-07 18:59:54,357,17,2,"""21세기 말까지 기금 소진 걱정 끝"" 김성주 이사장이 밝힌 1400조 국민연금의 미래 시나리오 #국민연금 #연금고갈 #2099년 #목표 수익률5.5% #연금개혁 #김성주이사장"
2026-03-07 19:26:33,357,17,2,"""21세기 말까지 기금 소진 걱정 끝"" 김성주 이사장이 밝힌 1400조 국민연금의 미래 시나리오 #국민연금 #연금고갈 #2099년 #목표 수익률5.5% #연금개혁 #김성주이사장"
2026-03-07 19:46:28,357,17,2,"""21세기 말까지 기금 소진 걱정 끝"" 김성주 이사장이 밝힌 1400조 국민연금의 미래 시나리오 #국민연금 #연금고갈 #2099년 #목표 수익률5.5% #연금개혁 #김성주이사장"
2026-03-07 19:58:24,357,17,2,"""21세기 말까지 기금 소진 걱정 끝"" 김성주 이사장이 밝힌 1400조 국민연금의 미래 시나리오 #국민연금 #연금고갈 #2099년 #목표 수익률5.5% #연금개혁 #김성주이사장"
2026-03-07 20:18:48,357,17,2,"""21세기 말까지 기금 소진 걱정 끝"" 김성주 이사장이 밝힌 1400조 국민연금의 미래 시나리오 #국민연금 #연금고갈 #2099년 #목표 수익률5.5% #연금개혁 #김성주이사장"
2026-03-07 20:35:32,357,17,2,"""21세기 말까지 기금 소진 걱정 끝"" 김성주 이사장이 밝힌 1400조 국민연금의 미래 시나리오 #국민연금 #연금고갈 #2099년 #목표 수익률5.5% #연금개혁 #김성주이사장"
2026-03-07 20:48:28,357,17,2,"""21세기 말까지 기금 소진 걱정 끝"" 김성주 이사장이 밝힌 1400조 국민연금의 미래 시나리오 #국민연금 #연금고갈 #2099년 #목표 수익률5.5% #연금개혁 #김성주이사장"
2026-03-07 20:56:48,357,17,2,"""21세기 말까지 기금 소진 걱정 끝"" 김성주 이사장이 밝힌 1400조 국민연금의 미래 시나리오 #국민연금 #연금고갈 #2099년 #목표 수익률5.5% #연금개혁 #김성주이사장"
2026-03-07 21:32:27,357,17,2,"""21세기 말까지 기금 소진 걱정 끝"" 김성주 이사장이 밝힌 1400조 국민연금의 미래 시나리오 #국민연금 #연금고갈 #2099년 #목표 수익률5.5% #연금개혁 #김성주이사장"
2026-03-07 22:23:15,357,17,2,"""21세기 말까지 기금 소진 걱정 끝"" 김성주 이사장이 밝힌 1400조 국민연금의 미래 시나리오 #국민연금 #연금고갈 #2099년 #목표 수익률5.5% #연금개혁 #김성주이사장"
2026-03-07 22:52:02,357,17,2,"""21세기 말까지 기금 소진 걱정 끝"" 김성주 이사장이 밝힌 1400조 국민연금의 미래 시나리오 #국민연금 #연금고갈 #2099년 #목표 수익률5.5% #연금개혁 #김성주이사장"
2026-03-07 23:02:00,357,17,2,"""21세기 말까지 기금 소진 걱정 끝"" 김성주 이사장이 밝힌 1400조 국민연금의 미래 시나리오 #국민연금 #연금고갈 #2099년 #목표 수익률5.5% #연금개혁 #김성주이사장"
2026-03-07 23:32:22,357,17,2,"""21세기 말까지 기금 소진 걱정 끝"" 김성주 이사장이 밝힌 1400조 국민연금의 미래 시나리오 #국민연금 #연금고갈 #2099년 #목표 수익률5.5% #연금개혁 #김성주이사장"
2026-03-07 23:51:07,357,17,2,"""21세기 말까지 기금 소진 걱정 끝"" 김성주 이사장이 밝힌 1400조 국민연금의 미래 시나리오 #국민연금 #연금고갈 #2099년 #목표 수익률5.5% #연금개혁 #김성주이사장"
2026-03-08 00:00:48,357,17,2,"""21세기 말까지 기금 소진 걱정 끝"" 김성주 이사장이 밝힌 1400조 국민연금의 미래 시나리오 #국민연금 #연금고갈 #2099년 #목표 수익률5.5% #연금개혁 #김성주이사장"
2026-03-08 00:28:47,357,17,2,"""21세기 말까지 기금 소진 걱정 끝"" 김성주 이사장이 밝힌 1400조 국민연금의 미래 시나리오 #국민연금 #연금고갈 #2099년 #목표 수익률5.5% #연금개혁 #김성주이사장"
2026-03-08 00:45:30,357,17,2,"""21세기 말까지 기금 소진 걱정 끝"" 김성주 이사장이 밝힌 1400조 국민연금의 미래 시나리오 #국민연금 #연금고갈 #2099년 #목표 수익률5.5% #연금개혁 #김성주이사장"
2026-03-08 00:56:25,357,17,2,"""21세기 말까지 기금 소진 걱정 끝"" 김성주 이사장이 밝힌 1400조 국민연금의 미래 시나리오 #국민연금 #연금고갈 #2099년 #목표 수익률5.5% #연금개혁 #김성주이사장"
2026-03-08 01:19:06,357,17,2,"""21세기 말까지 기금 소진 걱정 끝"" 김성주 이사장이 밝힌 1400조 국민연금의 미래 시나리오 #국민연금 #연금고갈 #2099년 #목표 수익률5.5% #연금개혁 #김성주이사장"
2026-03-08 01:45:56,357,17,2,"""21세기 말까지 기금 소진 걱정 끝"" 김성주 이사장이 밝힌 1400조 국민연금의 미래 시나리오 #국민연금 #연금고갈 #2099년 #목표 수익률5.5% #연금개혁 #김성주이사장"
2026-03-08 01:59:53,357,17,2,"""21세기 말까지 기금 소진 걱정 끝"" 김성주 이사장이 밝힌 1400조 국민연금의 미래 시나리오 #국민연금 #연금고갈 #2099년 #목표 수익률5.5% #연금개혁 #김성주이사장"
2026-03-08 02:23:18,357,17,2,"""21세기 말까지 기금 소진 걱정 끝"" 김성주 이사장이 밝힌 1400조 국민연금의 미래 시나리오 #국민연금 #연금고갈 #2099년 #목표 수익률5.5% #연금개혁 #김성주이사장"
2026-03-08 02:42:14,357,17,2,"""21세기 말까지 기금 소진 걱정 끝"" 김성주 이사장이 밝힌 1400조 국민연금의 미래 시나리오 #국민연금 #연금고갈 #2099년 #목표 수익률5.5% #연금개혁 #김성주이사장"
2026-03-08 02:54:27,357,17,2,"""21세기 말까지 기금 소진 걱정 끝"" 김성주 이사장이 밝힌 1400조 국민연금의 미래 시나리오 #국민연금 #연금고갈 #2099년 #목표 수익률5.5% #연금개혁 #김성주이사장"
2026-03-08 03:15:56,357,17,2,"""21세기 말까지 기금 소진 걱정 끝"" 김성주 이사장이 밝힌 1400조 국민연금의 미래 시나리오 #국민연금 #연금고갈 #2099년 #목표 수익률5.5% #연금개혁 #김성주이사장"
2026-03-08 03:51:01,357,17,2,"""21세기 말까지 기금 소진 걱정 끝"" 김성주 이사장이 밝힌 1400조 국민연금의 미래 시나리오 #국민연금 #연금고갈 #2099년 #목표 수익률5.5% #연금개혁 #김성주이사장"
2026-03-08 04:10:41,357,17,2,"""21세기 말까지 기금 소진 걱정 끝"" 김성주 이사장이 밝힌 1400조 국민연금의 미래 시나리오 #국민연금 #연금고갈 #2099년 #목표 수익률5.5% #연금개혁 #김성주이사장"
2026-03-08 04:31:53,357,17,2,"""21세기 말까지 기금 소진 걱정 끝"" 김성주 이사장이 밝힌 1400조 국민연금의 미래 시나리오 #국민연금 #연금고갈 #2099년 #목표 수익률5.5% #연금개혁 #김성주이사장"
2026-03-08 04:45:37,357,17,2,"""21세기 말까지 기금 소진 걱정 끝"" 김성주 이사장이 밝힌 1400조 국민연금의 미래 시나리오 #국민연금 #연금고갈 #2099년 #목표 수익률5.5% #연금개혁 #김성주이사장"
2026-03-08 04:54:35,357,17,2,"""21세기 말까지 기금 소진 걱정 끝"" 김성주 이사장이 밝힌 1400조 국민연금의 미래 시나리오 #국민연금 #연금고갈 #2099년 #목표 수익률5.5% #연금개혁 #김성주이사장"
2026-03-08 05:11:57,357,17,2,"""21세기 말까지 기금 소진 걱정 끝"" 김성주 이사장이 밝힌 1400조 국민연금의 미래 시나리오 #국민연금 #연금고갈 #2099년 #목표 수익률5.5% #연금개혁 #김성주이사장"
2026-03-08 05:38:33,357,17,2,"""21세기 말까지 기금 소진 걱정 끝"" 김성주 이사장이 밝힌 1400조 국민연금의 미래 시나리오 #국민연금 #연금고갈 #2099년 #목표 수익률5.5% #연금개혁 #김성주이사장"
2026-03-08 05:53:53,357,17,2,"""21세기 말까지 기금 소진 걱정 끝"" 김성주 이사장이 밝힌 1400조 국민연금의 미래 시나리오 #국민연금 #연금고갈 #2099년 #목표 수익률5.5% #연금개혁 #김성주이사장"
2026-03-08 06:01:00,357,17,2,"""21세기 말까지 기금 소진 걱정 끝"" 김성주 이사장이 밝힌 1400조 국민연금의 미래 시나리오 #국민연금 #연금고갈 #2099년 #목표 수익률5.5% #연금개혁 #김성주이사장"
2026-03-08 06:27:05,357,17,2,"""21세기 말까지 기금 소진 걱정 끝"" 김성주 이사장이 밝힌 1400조 국민연금의 미래 시나리오 #국민연금 #연금고갈 #2099년 #목표 수익률5.5% #연금개혁 #김성주이사장"
2026-03-08 06:41:56,357,17,2,"""21세기 말까지 기금 소진 걱정 끝"" 김성주 이사장이 밝힌 1400조 국민연금의 미래 시나리오 #국민연금 #연금고갈 #2099년 #목표 수익률5.5% #연금개혁 #김성주이사장"
2026-03-08 06:52:50,357,17,2,"""21세기 말까지 기금 소진 걱정 끝"" 김성주 이사장이 밝힌 1400조 국민연금의 미래 시나리오 #국민연금 #연금고갈 #2099년 #목표 수익률5.5% #연금개혁 #김성주이사장"
2026-03-08 06:59:34,357,17,2,"""21세기 말까지 기금 소진 걱정 끝"" 김성주 이사장이 밝힌 1400조 국민연금의 미래 시나리오 #국민연금 #연금고갈 #2099년 #목표 수익률5.5% #연금개혁 #김성주이사장"
2026-03-08 07:25:24,357,17,2,"""21세기 말까지 기금 소진 걱정 끝"" 김성주 이사장이 밝힌 1400조 국민연금의 미래 시나리오 #국민연금 #연금고갈 #2099년 #목표 수익률5.5% #연금개혁 #김성주이사장"
2026-03-08 07:45:39,357,17,2,"""21세기 말까지 기금 소진 걱정 끝"" 김성주 이사장이 밝힌 1400조 국민연금의 미래 시나리오 #국민연금 #연금고갈 #2099년 #목표 수익률5.5% #연금개혁 #김성주이사장"
2026-03-08 07:58:06,357,17,2,"""21세기 말까지 기금 소진 걱정 끝"" 김성주 이사장이 밝힌 1400조 국민연금의 미래 시나리오 #국민연금 #연금고갈 #2099년 #목표 수익률5.5% #연금개혁 #김성주이사장"
2026-03-08 08:19:52,357,17,2,"""21세기 말까지 기금 소진 걱정 끝"" 김성주 이사장이 밝힌 1400조 국민연금의 미래 시나리오 #국민연금 #연금고갈 #2099년 #목표 수익률5.5% #연금개혁 #김성주이사장"
2026-03-08 08:39:58,357,17,2,"""21세기 말까지 기금 소진 걱정 끝"" 김성주 이사장이 밝힌 1400조 국민연금의 미래 시나리오 #국민연금 #연금고갈 #2099년 #목표 수익률5.5% #연금개혁 #김성주이사장"
2026-03-08 08:53:20,357,17,2,"""21세기 말까지 기금 소진 걱정 끝"" 김성주 이사장이 밝힌 1400조 국민연금의 미래 시나리오 #국민연금 #연금고갈 #2099년 #목표 수익률5.5% #연금개혁 #김성주이사장"
2026-03-08 09:00:14,357,17,2,"""21세기 말까지 기금 소진 걱정 끝"" 김성주 이사장이 밝힌 1400조 국민연금의 미래 시나리오 #국민연금 #연금고갈 #2099년 #목표 수익률5.5% #연금개혁 #김성주이사장"
2026-03-08 11:26:06,357,17,2,"""21세기 말까지 기금 소진 걱정 끝"" 김성주 이사장이 밝힌 1400조 국민연금의 미래 시나리오 #국민연금 #연금고갈 #2099년 #목표 수익률5.5% #연금개혁 #김성주이사장"
2026-03-08 13:22:25,357,17,2,"""21세기 말까지 기금 소진 걱정 끝"" 김성주 이사장이 밝힌 1400조 국민연금의 미래 시나리오 #국민연금 #연금고갈 #2099년 #목표 수익률5.5% #연금개혁 #김성주이사장"
2026-03-08 14:16:45,357,17,2,"""21세기 말까지 기금 소진 걱정 끝"" 김성주 이사장이 밝힌 1400조 국민연금의 미래 시나리오 #국민연금 #연금고갈 #2099년 #목표 수익률5.5% #연금개혁 #김성주이사장"
2026-03-08 14:58:48,357,17,2,"""21세기 말까지 기금 소진 걱정 끝"" 김성주 이사장이 밝힌 1400조 국민연금의 미래 시나리오 #국민연금 #연금고갈 #2099년 #목표 수익률5.5% #연금개혁 #김성주이사장"
2026-03-08 15:41:13,357,17,2,"""21세기 말까지 기금 소진 걱정 끝"" 김성주 이사장이 밝힌 1400조 국민연금의 미래 시나리오 #국민연금 #연금고갈 #2099년 #목표 수익률5.5% #연금개혁 #김성주이사장"
2026-03-08 16:19:42,357,17,2,"""21세기 말까지 기금 소진 걱정 끝"" 김성주 이사장이 밝힌 1400조 국민연금의 미래 시나리오 #국민연금 #연금고갈 #2099년 #목표 수익률5.5% #연금개혁 #김성주이사장"
2026-03-08 16:46:30,357,17,2,"""21세기 말까지 기금 소진 걱정 끝"" 김성주 이사장이 밝힌 1400조 국민연금의 미래 시나리오 #국민연금 #연금고갈 #2099년 #목표 수익률5.5% #연금개혁 #김성주이사장"
2026-03-08 16:58:34,357,17,2,"""21세기 말까지 기금 소진 걱정 끝"" 김성주 이사장이 밝힌 1400조 국민연금의 미래 시나리오 #국민연금 #연금고갈 #2099년 #목표 수익률5.5% #연금개혁 #김성주이사장"
2026-03-08 17:29:38,357,17,2,"""21세기 말까지 기금 소진 걱정 끝"" 김성주 이사장이 밝힌 1400조 국민연금의 미래 시나리오 #국민연금 #연금고갈 #2099년 #목표 수익률5.5% #연금개혁 #김성주이사장"
2026-03-08 17:55:14,357,17,2,"""21세기 말까지 기금 소진 걱정 끝"" 김성주 이사장이 밝힌 1400조 국민연금의 미래 시나리오 #국민연금 #연금고갈 #2099년 #목표 수익률5.5% #연금개혁 #김성주이사장"
2026-03-08 18:19:18,357,17,2,"""21세기 말까지 기금 소진 걱정 끝"" 김성주 이사장이 밝힌 1400조 국민연금의 미래 시나리오 #국민연금 #연금고갈 #2099년 #목표 수익률5.5% #연금개혁 #김성주이사장"
2026-03-08 18:47:04,357,17,2,"""21세기 말까지 기금 소진 걱정 끝"" 김성주 이사장이 밝힌 1400조 국민연금의 미래 시나리오 #국민연금 #연금고갈 #2099년 #목표 수익률5.5% #연금개혁 #김성주이사장"
2026-03-08 18:59:19,357,17,2,"""21세기 말까지 기금 소진 걱정 끝"" 김성주 이사장이 밝힌 1400조 국민연금의 미래 시나리오 #국민연금 #연금고갈 #2099년 #목표 수익률5.5% #연금개혁 #김성주이사장"
2026-03-08 19:26:07,357,17,2,"""21세기 말까지 기금 소진 걱정 끝"" 김성주 이사장이 밝힌 1400조 국민연금의 미래 시나리오 #국민연금 #연금고갈 #2099년 #목표 수익률5.5% #연금개혁 #김성주이사장"
2026-03-08 19:48:25,357,17,2,"""21세기 말까지 기금 소진 걱정 끝"" 김성주 이사장이 밝힌 1400조 국민연금의 미래 시나리오 #국민연금 #연금고갈 #2099년 #목표 수익률5.5% #연금개혁 #김성주이사장"
2026-03-08 20:00:13,357,17,2,"""21세기 말까지 기금 소진 걱정 끝"" 김성주 이사장이 밝힌 1400조 국민연금의 미래 시나리오 #국민연금 #연금고갈 #2099년 #목표 수익률5.5% #연금개혁 #김성주이사장"
2026-03-08 20:24:41,357,17,2,"""21세기 말까지 기금 소진 걱정 끝"" 김성주 이사장이 밝힌 1400조 국민연금의 미래 시나리오 #국민연금 #연금고갈 #2099년 #목표 수익률5.5% #연금개혁 #김성주이사장"
2026-03-08 20:40:35,357,17,2,"""21세기 말까지 기금 소진 걱정 끝"" 김성주 이사장이 밝힌 1400조 국민연금의 미래 시나리오 #국민연금 #연금고갈 #2099년 #목표 수익률5.5% #연금개혁 #김성주이사장"
2026-03-08 20:52:11,357,17,2,"""21세기 말까지 기금 소진 걱정 끝"" 김성주 이사장이 밝힌 1400조 국민연금의 미래 시나리오 #국민연금 #연금고갈 #2099년 #목표 수익률5.5% #연금개혁 #김성주이사장"
2026-03-08 20:59:20,357,17,2,"""21세기 말까지 기금 소진 걱정 끝"" 김성주 이사장이 밝힌 1400조 국민연금의 미래 시나리오 #국민연금 #연금고갈 #2099년 #목표 수익률5.5% #연금개혁 #김성주이사장"
2026-03-08 21:50:56,357,17,2,"""21세기 말까지 기금 소진 걱정 끝"" 김성주 이사장이 밝힌 1400조 국민연금의 미래 시나리오 #국민연금 #연금고갈 #2099년 #목표 수익률5.5% #연금개혁 #김성주이사장"
2026-03-08 22:31:33,357,17,2,"""21세기 말까지 기금 소진 걱정 끝"" 김성주 이사장이 밝힌 1400조 국민연금의 미래 시나리오 #국민연금 #연금고갈 #2099년 #목표 수익률5.5% #연금개혁 #김성주이사장"
2026-03-08 22:57:17,357,17,2,"""21세기 말까지 기금 소진 걱정 끝"" 김성주 이사장이 밝힌 1400조 국민연금의 미래 시나리오 #국민연금 #연금고갈 #2099년 #목표 수익률5.5% #연금개혁 #김성주이사장"
2026-03-08 23:20:52,357,17,2,"""21세기 말까지 기금 소진 걱정 끝"" 김성주 이사장이 밝힌 1400조 국민연금의 미래 시나리오 #국민연금 #연금고갈 #2099년 #목표 수익률5.5% #연금개혁 #김성주이사장"
2026-03-08 23:46:04,357,17,2,"""21세기 말까지 기금 소진 걱정 끝"" 김성주 이사장이 밝힌 1400조 국민연금의 미래 시나리오 #국민연금 #연금고갈 #2099년 #목표 수익률5.5% #연금개혁 #김성주이사장"
2026-03-08 23:58:54,357,17,2,"""21세기 말까지 기금 소진 걱정 끝"" 김성주 이사장이 밝힌 1400조 국민연금의 미래 시나리오 #국민연금 #연금고갈 #2099년 #목표 수익률5.5% #연금개혁 #김성주이사장"
2026-03-09 00:23:15,357,17,2,"""21세기 말까지 기금 소진 걱정 끝"" 김성주 이사장이 밝힌 1400조 국민연금의 미래 시나리오 #국민연금 #연금고갈 #2099년 #목표 수익률5.5% #연금개혁 #김성주이사장"
2026-03-09 00:42:31,357,17,2,"""21세기 말까지 기금 소진 걱정 끝"" 김성주 이사장이 밝힌 1400조 국민연금의 미래 시나리오 #국민연금 #연금고갈 #2099년 #목표 수익률5.5% #연금개혁 #김성주이사장"
2026-03-09 00:55:07,357,17,2,"""21세기 말까지 기금 소진 걱정 끝"" 김성주 이사장이 밝힌 1400조 국민연금의 미래 시나리오 #국민연금 #연금고갈 #2099년 #목표 수익률5.5% #연금개혁 #김성주이사장"
2026-03-09 01:15:12,357,17,2,"""21세기 말까지 기금 소진 걱정 끝"" 김성주 이사장이 밝힌 1400조 국민연금의 미래 시나리오 #국민연금 #연금고갈 #2099년 #목표 수익률5.5% #연금개혁 #김성주이사장"
2026-03-09 01:46:24,357,17,2,"""21세기 말까지 기금 소진 걱정 끝"" 김성주 이사장이 밝힌 1400조 국민연금의 미래 시나리오 #국민연금 #연금고갈 #2099년 #목표 수익률5.5% #연금개혁 #김성주이사장"
2026-03-09 02:01:34,357,17,2,"""21세기 말까지 기금 소진 걱정 끝"" 김성주 이사장이 밝힌 1400조 국민연금의 미래 시나리오 #국민연금 #연금고갈 #2099년 #목표 수익률5.5% #연금개혁 #김성주이사장"
2026-03-09 02:29:31,357,17,2,"""21세기 말까지 기금 소진 걱정 끝"" 김성주 이사장이 밝힌 1400조 국민연금의 미래 시나리오 #국민연금 #연금고갈 #2099년 #목표 수익률5.5% #연금개혁 #김성주이사장"
2026-03-09 02:48:45,357,17,2,"""21세기 말까지 기금 소진 걱정 끝"" 김성주 이사장이 밝힌 1400조 국민연금의 미래 시나리오 #국민연금 #연금고갈 #2099년 #목표 수익률5.5% #연금개혁 #김성주이사장"
2026-03-09 02:59:08,357,17,2,"""21세기 말까지 기금 소진 걱정 끝"" 김성주 이사장이 밝힌 1400조 국민연금의 미래 시나리오 #국민연금 #연금고갈 #2099년 #목표 수익률5.5% #연금개혁 #김성주이사장"
2026-03-09 03:34:53,357,17,2,"""21세기 말까지 기금 소진 걱정 끝"" 김성주 이사장이 밝힌 1400조 국민연금의 미래 시나리오 #국민연금 #연금고갈 #2099년 #목표 수익률5.5% #연금개혁 #김성주이사장"
2026-03-09 04:00:12,357,17,2,"""21세기 말까지 기금 소진 걱정 끝"" 김성주 이사장이 밝힌 1400조 국민연금의 미래 시나리오 #국민연금 #연금고갈 #2099년 #목표 수익률5.5% #연금개혁 #김성주이사장"
2026-03-09 04:26:44,357,17,2,"""21세기 말까지 기금 소진 걱정 끝"" 김성주 이사장이 밝힌 1400조 국민연금의 미래 시나리오 #국민연금 #연금고갈 #2099년 #목표 수익률5.5% #연금개혁 #김성주이사장"
2026-03-09 04:43:14,357,17,2,"""21세기 말까지 기금 소진 걱정 끝"" 김성주 이사장이 밝힌 1400조 국민연금의 미래 시나리오 #국민연금 #연금고갈 #2099년 #목표 수익률5.5% #연금개혁 #김성주이사장"
2026-03-09 04:53:26,357,17,2,"""21세기 말까지 기금 소진 걱정 끝"" 김성주 이사장이 밝힌 1400조 국민연금의 미래 시나리오 #국민연금 #연금고갈 #2099년 #목표 수익률5.5% #연금개혁 #김성주이사장"
2026-03-09 04:59:58,357,17,2,"""21세기 말까지 기금 소진 걱정 끝"" 김성주 이사장이 밝힌 1400조 국민연금의 미래 시나리오 #국민연금 #연금고갈 #2099년 #목표 수익률5.5% #연금개혁 #김성주이사장"
2026-03-09 05:30:02,357,17,2,"""21세기 말까지 기금 소진 걱정 끝"" 김성주 이사장이 밝힌 1400조 국민연금의 미래 시나리오 #국민연금 #연금고갈 #2099년 #목표 수익률5.5% #연금개혁 #김성주이사장"
2026-03-09 05:50:20,357,17,2,"""21세기 말까지 기금 소진 걱정 끝"" 김성주 이사장이 밝힌 1400조 국민연금의 미래 시나리오 #국민연금 #연금고갈 #2099년 #목표 수익률5.5% #연금개혁 #김성주이사장"
2026-03-09 06:01:27,357,17,2,"""21세기 말까지 기금 소진 걱정 끝"" 김성주 이사장이 밝힌 1400조 국민연금의 미래 시나리오 #국민연금 #연금고갈 #2099년 #목표 수익률5.5% #연금개혁 #김성주이사장"
2026-03-09 06:30:13,357,17,2,"""21세기 말까지 기금 소진 걱정 끝"" 김성주 이사장이 밝힌 1400조 국민연금의 미래 시나리오 #국민연금 #연금고갈 #2099년 #목표 수익률5.5% #연금개혁 #김성주이사장"
2026-03-09 06:47:27,357,17,2,"""21세기 말까지 기금 소진 걱정 끝"" 김성주 이사장이 밝힌 1400조 국민연금의 미래 시나리오 #국민연금 #연금고갈 #2099년 #목표 수익률5.5% #연금개혁 #김성주이사장"
2026-03-09 06:57:32,357,17,2,"""21세기 말까지 기금 소진 걱정 끝"" 김성주 이사장이 밝힌 1400조 국민연금의 미래 시나리오 #국민연금 #연금고갈 #2099년 #목표 수익률5.5% #연금개혁 #김성주이사장"
2026-03-09 07:19:03,357,17,2,"""21세기 말까지 기금 소진 걱정 끝"" 김성주 이사장이 밝힌 1400조 국민연금의 미래 시나리오 #국민연금 #연금고갈 #2099년 #목표 수익률5.5% #연금개혁 #김성주이사장"
2026-03-09 07:44:50,357,17,2,"""21세기 말까지 기금 소진 걱정 끝"" 김성주 이사장이 밝힌 1400조 국민연금의 미래 시나리오 #국민연금 #연금고갈 #2099년 #목표 수익률5.5% #연금개혁 #김성주이사장"
2026-03-09 07:58:26,357,17,2,"""21세기 말까지 기금 소진 걱정 끝"" 김성주 이사장이 밝힌 1400조 국민연금의 미래 시나리오 #국민연금 #연금고갈 #2099년 #목표 수익률5.5% #연금개혁 #김성주이사장"
2026-03-09 08:22:18,357,17,2,"""21세기 말까지 기금 소진 걱정 끝"" 김성주 이사장이 밝힌 1400조 국민연금의 미래 시나리오 #국민연금 #연금고갈 #2099년 #목표 수익률5.5% #연금개혁 #김성주이사장"
2026-03-09 08:42:37,357,17,2,"""21세기 말까지 기금 소진 걱정 끝"" 김성주 이사장이 밝힌 1400조 국민연금의 미래 시나리오 #국민연금 #연금고갈 #2099년 #목표 수익률5.5% #연금개혁 #김성주이사장"
2026-03-09 08:56:24,357,17,2,"""21세기 말까지 기금 소진 걱정 끝"" 김성주 이사장이 밝힌 1400조 국민연금의 미래 시나리오 #국민연금 #연금고갈 #2099년 #목표 수익률5.5% #연금개혁 #김성주이사장"
2026-03-09 10:21:52,357,17,2,"""21세기 말까지 기금 소진 걱정 끝"" 김성주 이사장이 밝힌 1400조 국민연금의 미래 시나리오 #국민연금 #연금고갈 #2099년 #목표 수익률5.5% #연금개혁 #김성주이사장"
2026-03-09 12:42:58,357,17,2,"""21세기 말까지 기금 소진 걱정 끝"" 김성주 이사장이 밝힌 1400조 국민연금의 미래 시나리오 #국민연금 #연금고갈 #2099년 #목표 수익률5.5% #연금개혁 #김성주이사장"
2026-03-09 14:11:37,357,17,2,"""21세기 말까지 기금 소진 걱정 끝"" 김성주 이사장이 밝힌 1400조 국민연금의 미래 시나리오 #국민연금 #연금고갈 #2099년 #목표 수익률5.5% #연금개혁 #김성주이사장"
2026-03-09 15:10:50,357,17,2,"""21세기 말까지 기금 소진 걱정 끝"" 김성주 이사장이 밝힌 1400조 국민연금의 미래 시나리오 #국민연금 #연금고갈 #2099년 #목표 수익률5.5% #연금개혁 #김성주이사장"
2026-03-09 16:16:48,357,17,2,"""21세기 말까지 기금 소진 걱정 끝"" 김성주 이사장이 밝힌 1400조 국민연금의 미래 시나리오 #국민연금 #연금고갈 #2099년 #목표 수익률5.5% #연금개혁 #김성주이사장"
2026-03-09 16:57:57,357,17,2,"""21세기 말까지 기금 소진 걱정 끝"" 김성주 이사장이 밝힌 1400조 국민연금의 미래 시나리오 #국민연금 #연금고갈 #2099년 #목표 수익률5.5% #연금개혁 #김성주이사장"
2026-03-09 17:40:30,357,17,2,"""21세기 말까지 기금 소진 걱정 끝"" 김성주 이사장이 밝힌 1400조 국민연금의 미래 시나리오 #국민연금 #연금고갈 #2099년 #목표 수익률5.5% #연금개혁 #김성주이사장"
2026-03-09 18:31:13,357,17,2,"""21세기 말까지 기금 소진 걱정 끝"" 김성주 이사장이 밝힌 1400조 국민연금의 미래 시나리오 #국민연금 #연금고갈 #2099년 #목표 수익률5.5% #연금개혁 #김성주이사장"
2026-03-09 19:25:45,357,17,2,"""21세기 말까지 기금 소진 걱정 끝"" 김성주 이사장이 밝힌 1400조 국민연금의 미래 시나리오 #국민연금 #연금고갈 #2099년 #목표 수익률5.5% #연금개혁 #김성주이사장"
2026-03-09 20:07:16,357,17,2,"""21세기 말까지 기금 소진 걱정 끝"" 김성주 이사장이 밝힌 1400조 국민연금의 미래 시나리오 #국민연금 #연금고갈 #2099년 #목표 수익률5.5% #연금개혁 #김성주이사장"
2026-03-09 20:46:07,357,17,2,"""21세기 말까지 기금 소진 걱정 끝"" 김성주 이사장이 밝힌 1400조 국민연금의 미래 시나리오 #국민연금 #연금고갈 #2099년 #목표 수익률5.5% #연금개혁 #김성주이사장"
2026-03-09 21:02:49,357,17,2,"""21세기 말까지 기금 소진 걱정 끝"" 김성주 이사장이 밝힌 1400조 국민연금의 미래 시나리오 #국민연금 #연금고갈 #2099년 #목표 수익률5.5% #연금개혁 #김성주이사장"
2026-03-09 22:24:04,357,17,2,"""21세기 말까지 기금 소진 걱정 끝"" 김성주 이사장이 밝힌 1400조 국민연금의 미래 시나리오 #국민연금 #연금고갈 #2099년 #목표 수익률5.5% #연금개혁 #김성주이사장"
2026-03-09 23:14:51,357,17,2,"""21세기 말까지 기금 소진 걱정 끝"" 김성주 이사장이 밝힌 1400조 국민연금의 미래 시나리오 #국민연금 #연금고갈 #2099년 #목표 수익률5.5% #연금개혁 #김성주이사장"
2026-03-10 00:11:35,357,17,2,"""21세기 말까지 기금 소진 걱정 끝"" 김성주 이사장이 밝힌 1400조 국민연금의 미래 시나리오 #국민연금 #연금고갈 #2099년 #목표 수익률5.5% #연금개혁 #김성주이사장"
2026-03-10 01:11:22,357,17,2,"""21세기 말까지 기금 소진 걱정 끝"" 김성주 이사장이 밝힌 1400조 국민연금의 미래 시나리오 #국민연금 #연금고갈 #2099년 #목표 수익률5.5% #연금개혁 #김성주이사장"
2026-03-10 02:08:27,357,17,2,"""21세기 말까지 기금 소진 걱정 끝"" 김성주 이사장이 밝힌 1400조 국민연금의 미래 시나리오 #국민연금 #연금고갈 #2099년 #목표 수익률5.5% #연금개혁 #김성주이사장"
2026-03-10 02:57:50,357,17,2,"""21세기 말까지 기금 소진 걱정 끝"" 김성주 이사장이 밝힌 1400조 국민연금의 미래 시나리오 #국민연금 #연금고갈 #2099년 #목표 수익률5.5% #연금개혁 #김성주이사장"
2026-03-10 03:47:19,357,17,2,"""21세기 말까지 기금 소진 걱정 끝"" 김성주 이사장이 밝힌 1400조 국민연금의 미래 시나리오 #국민연금 #연금고갈 #2099년 #목표 수익률5.5% #연금개혁 #김성주이사장"
2026-03-10 04:29:14,357,17,2,"""21세기 말까지 기금 소진 걱정 끝"" 김성주 이사장이 밝힌 1400조 국민연금의 미래 시나리오 #국민연금 #연금고갈 #2099년 #목표 수익률5.5% #연금개혁 #김성주이사장"
2026-03-10 04:57:31,357,17,2,"""21세기 말까지 기금 소진 걱정 끝"" 김성주 이사장이 밝힌 1400조 국민연금의 미래 시나리오 #국민연금 #연금고갈 #2099년 #목표 수익률5.5% #연금개혁 #김성주이사장"
2026-03-10 05:29:14,357,17,2,"""21세기 말까지 기금 소진 걱정 끝"" 김성주 이사장이 밝힌 1400조 국민연금의 미래 시나리오 #국민연금 #연금고갈 #2099년 #목표 수익률5.5% #연금개혁 #김성주이사장"
2026-03-10 05:59:12,357,17,2,"""21세기 말까지 기금 소진 걱정 끝"" 김성주 이사장이 밝힌 1400조 국민연금의 미래 시나리오 #국민연금 #연금고갈 #2099년 #목표 수익률5.5% #연금개혁 #김성주이사장"
2026-03-10 06:33:42,357,17,2,"""21세기 말까지 기금 소진 걱정 끝"" 김성주 이사장이 밝힌 1400조 국민연금의 미래 시나리오 #국민연금 #연금고갈 #2099년 #목표 수익률5.5% #연금개혁 #김성주이사장"
2026-03-10 06:57:14,357,17,2,"""21세기 말까지 기금 소진 걱정 끝"" 김성주 이사장이 밝힌 1400조 국민연금의 미래 시나리오 #국민연금 #연금고갈 #2099년 #목표 수익률5.5% #연금개혁 #김성주이사장"
2026-03-10 07:23:18,357,17,2,"""21세기 말까지 기금 소진 걱정 끝"" 김성주 이사장이 밝힌 1400조 국민연금의 미래 시나리오 #국민연금 #연금고갈 #2099년 #목표 수익률5.5% #연금개혁 #김성주이사장"
2026-03-10 07:50:32,357,17,2,"""21세기 말까지 기금 소진 걱정 끝"" 김성주 이사장이 밝힌 1400조 국민연금의 미래 시나리오 #국민연금 #연금고갈 #2099년 #목표 수익률5.5% #연금개혁 #김성주이사장"
2026-03-10 08:14:21,357,17,2,"""21세기 말까지 기금 소진 걱정 끝"" 김성주 이사장이 밝힌 1400조 국민연금의 미래 시나리오 #국민연금 #연금고갈 #2099년 #목표 수익률5.5% #연금개혁 #김성주이사장"
2026-03-10 08:43:14,357,17,2,"""21세기 말까지 기금 소진 걱정 끝"" 김성주 이사장이 밝힌 1400조 국민연금의 미래 시나리오 #국민연금 #연금고갈 #2099년 #목표 수익률5.5% #연금개혁 #김성주이사장"
2026-03-10 08:56:47,357,17,2,"""21세기 말까지 기금 소진 걱정 끝"" 김성주 이사장이 밝힌 1400조 국민연금의 미래 시나리오 #국민연금 #연금고갈 #2099년 #목표 수익률5.5% #연금개혁 #김성주이사장"
2026-03-10 10:22:13,357,17,2,"""21세기 말까지 기금 소진 걱정 끝"" 김성주 이사장이 밝힌 1400조 국민연금의 미래 시나리오 #국민연금 #연금고갈 #2099년 #목표 수익률5.5% #연금개혁 #김성주이사장"
2026-03-10 12:34:57,357,17,2,"""21세기 말까지 기금 소진 걱정 끝"" 김성주 이사장이 밝힌 1400조 국민연금의 미래 시나리오 #국민연금 #연금고갈 #2099년 #목표 수익률5.5% #연금개혁 #김성주이사장"
2026-03-10 13:57:53,357,17,2,"""21세기 말까지 기금 소진 걱정 끝"" 김성주 이사장이 밝힌 1400조 국민연금의 미래 시나리오 #국민연금 #연금고갈 #2099년 #목표 수익률5.5% #연금개혁 #김성주이사장"
2026-03-10 14:42:49,357,17,2,"""21세기 말까지 기금 소진 걱정 끝"" 김성주 이사장이 밝힌 1400조 국민연금의 미래 시나리오 #국민연금 #연금고갈 #2099년 #목표 수익률5.5% #연금개혁 #김성주이사장"
2026-03-10 15:29:16,357,17,2,"""21세기 말까지 기금 소진 걱정 끝"" 김성주 이사장이 밝힌 1400조 국민연금의 미래 시나리오 #국민연금 #연금고갈 #2099년 #목표 수익률5.5% #연금개혁 #김성주이사장"
2026-03-10 16:24:30,357,17,2,"""21세기 말까지 기금 소진 걱정 끝"" 김성주 이사장이 밝힌 1400조 국민연금의 미래 시나리오 #국민연금 #연금고갈 #2099년 #목표 수익률5.5% #연금개혁 #김성주이사장"
2026-03-10 16:57:43,357,17,2,"""21세기 말까지 기금 소진 걱정 끝"" 김성주 이사장이 밝힌 1400조 국민연금의 미래 시나리오 #국민연금 #연금고갈 #2099년 #목표 수익률5.5% #연금개혁 #김성주이사장"
2026-03-10 17:36:38,357,17,2,"""21세기 말까지 기금 소진 걱정 끝"" 김성주 이사장이 밝힌 1400조 국민연금의 미래 시나리오 #국민연금 #연금고갈 #2099년 #목표 수익률5.5% #연금개혁 #김성주이사장"
2026-03-10 18:24:46,357,17,2,"""21세기 말까지 기금 소진 걱정 끝"" 김성주 이사장이 밝힌 1400조 국민연금의 미래 시나리오 #국민연금 #연금고갈 #2099년 #목표 수익률5.5% #연금개혁 #김성주이사장"
2026-03-10 19:04:22,357,17,2,"""21세기 말까지 기금 소진 걱정 끝"" 김성주 이사장이 밝힌 1400조 국민연금의 미래 시나리오 #국민연금 #연금고갈 #2099년 #목표 수익률5.5% #연금개혁 #김성주이사장"
2026-03-10 19:55:04,357,17,2,"""21세기 말까지 기금 소진 걱정 끝"" 김성주 이사장이 밝힌 1400조 국민연금의 미래 시나리오 #국민연금 #연금고갈 #2099년 #목표 수익률5.5% #연금개혁 #김성주이사장"
2026-03-10 20:24:22,357,17,2,"""21세기 말까지 기금 소진 걱정 끝"" 김성주 이사장이 밝힌 1400조 국민연금의 미래 시나리오 #국민연금 #연금고갈 #2099년 #목표 수익률5.5% #연금개혁 #김성주이사장"
2026-03-10 20:51:17,357,17,2,"""21세기 말까지 기금 소진 걱정 끝"" 김성주 이사장이 밝힌 1400조 국민연금의 미래 시나리오 #국민연금 #연금고갈 #2099년 #목표 수익률5.5% #연금개혁 #김성주이사장"
2026-03-10 21:27:57,357,17,2,"""21세기 말까지 기금 소진 걱정 끝"" 김성주 이사장이 밝힌 1400조 국민연금의 미래 시나리오 #국민연금 #연금고갈 #2099년 #목표 수익률5.5% #연금개혁 #김성주이사장"
2026-03-10 22:41:52,357,17,2,"""21세기 말까지 기금 소진 걱정 끝"" 김성주 이사장이 밝힌 1400조 국민연금의 미래 시나리오 #국민연금 #연금고갈 #2099년 #목표 수익률5.5% #연금개혁 #김성주이사장"
2026-03-10 23:29:37,357,17,2,"""21세기 말까지 기금 소진 걱정 끝"" 김성주 이사장이 밝힌 1400조 국민연금의 미래 시나리오 #국민연금 #연금고갈 #2099년 #목표 수익률5.5% #연금개혁 #김성주이사장"
2026-03-11 00:31:17,357,17,2,"""21세기 말까지 기금 소진 걱정 끝"" 김성주 이사장이 밝힌 1400조 국민연금의 미래 시나리오 #국민연금 #연금고갈 #2099년 #목표 수익률5.5% #연금개혁 #김성주이사장"
2026-03-11 01:32:57,357,17,2,"""21세기 말까지 기금 소진 걱정 끝"" 김성주 이사장이 밝힌 1400조 국민연금의 미래 시나리오 #국민연금 #연금고갈 #2099년 #목표 수익률5.5% #연금개혁 #김성주이사장"
2026-03-11 02:25:20,357,17,2,"""21세기 말까지 기금 소진 걱정 끝"" 김성주 이사장이 밝힌 1400조 국민연금의 미래 시나리오 #국민연금 #연금고갈 #2099년 #목표 수익률5.5% #연금개혁 #김성주이사장"
2026-03-11 03:05:34,357,17,2,"""21세기 말까지 기금 소진 걱정 끝"" 김성주 이사장이 밝힌 1400조 국민연금의 미래 시나리오 #국민연금 #연금고갈 #2099년 #목표 수익률5.5% #연금개혁 #김성주이사장"
2026-03-11 04:03:54,357,17,2,"""21세기 말까지 기금 소진 걱정 끝"" 김성주 이사장이 밝힌 1400조 국민연금의 미래 시나리오 #국민연금 #연금고갈 #2099년 #목표 수익률5.5% #연금개혁 #김성주이사장"
2026-03-11 04:43:23,357,17,2,"""21세기 말까지 기금 소진 걱정 끝"" 김성주 이사장이 밝힌 1400조 국민연금의 미래 시나리오 #국민연금 #연금고갈 #2099년 #목표 수익률5.5% #연금개혁 #김성주이사장"
2026-03-11 05:03:10,357,17,2,"""21세기 말까지 기금 소진 걱정 끝"" 김성주 이사장이 밝힌 1400조 국민연금의 미래 시나리오 #국민연금 #연금고갈 #2099년 #목표 수익률5.5% #연금개혁 #김성주이사장"
2026-03-11 05:44:27,357,17,2,"""21세기 말까지 기금 소진 걱정 끝"" 김성주 이사장이 밝힌 1400조 국민연금의 미래 시나리오 #국민연금 #연금고갈 #2099년 #목표 수익률5.5% #연금개혁 #김성주이사장"
2026-03-11 06:04:17,357,17,2,"""21세기 말까지 기금 소진 걱정 끝"" 김성주 이사장이 밝힌 1400조 국민연금의 미래 시나리오 #국민연금 #연금고갈 #2099년 #목표 수익률5.5% #연금개혁 #김성주이사장"
2026-03-11 06:37:46,357,17,2,"""21세기 말까지 기금 소진 걱정 끝"" 김성주 이사장이 밝힌 1400조 국민연금의 미래 시나리오 #국민연금 #연금고갈 #2099년 #목표 수익률5.5% #연금개혁 #김성주이사장"
2026-03-11 06:54:59,357,17,2,"""21세기 말까지 기금 소진 걱정 끝"" 김성주 이사장이 밝힌 1400조 국민연금의 미래 시나리오 #국민연금 #연금고갈 #2099년 #목표 수익률5.5% #연금개혁 #김성주이사장"
2026-03-11 07:15:56,357,17,2,"""21세기 말까지 기금 소진 걱정 끝"" 김성주 이사장이 밝힌 1400조 국민연금의 미래 시나리오 #국민연금 #연금고갈 #2099년 #목표 수익률5.5% #연금개혁 #김성주이사장"
2026-03-11 07:47:56,357,17,2,"""21세기 말까지 기금 소진 걱정 끝"" 김성주 이사장이 밝힌 1400조 국민연금의 미래 시나리오 #국민연금 #연금고갈 #2099년 #목표 수익률5.5% #연금개혁 #김성주이사장"
2026-03-11 08:03:22,357,17,2,"""21세기 말까지 기금 소진 걱정 끝"" 김성주 이사장이 밝힌 1400조 국민연금의 미래 시나리오 #국민연금 #연금고갈 #2099년 #목표 수익률5.5% #연금개혁 #김성주이사장"
2026-03-11 08:36:42,357,17,2,"""21세기 말까지 기금 소진 걱정 끝"" 김성주 이사장이 밝힌 1400조 국민연금의 미래 시나리오 #국민연금 #연금고갈 #2099년 #목표 수익률5.5% #연금개혁 #김성주이사장"
2026-03-11 08:54:15,357,17,2,"""21세기 말까지 기금 소진 걱정 끝"" 김성주 이사장이 밝힌 1400조 국민연금의 미래 시나리오 #국민연금 #연금고갈 #2099년 #목표 수익률5.5% #연금개혁 #김성주이사장"
2026-03-11 09:52:44,357,17,2,"""21세기 말까지 기금 소진 걱정 끝"" 김성주 이사장이 밝힌 1400조 국민연금의 미래 시나리오 #국민연금 #연금고갈 #2099년 #목표 수익률5.5% #연금개혁 #김성주이사장"
2026-03-11 12:15:51,357,17,2,"""21세기 말까지 기금 소진 걱정 끝"" 김성주 이사장이 밝힌 1400조 국민연금의 미래 시나리오 #국민연금 #연금고갈 #2099년 #목표 수익률5.5% #연금개혁 #김성주이사장"
2026-03-11 13:53:35,357,17,2,"""21세기 말까지 기금 소진 걱정 끝"" 김성주 이사장이 밝힌 1400조 국민연금의 미래 시나리오 #국민연금 #연금고갈 #2099년 #목표 수익률5.5% #연금개혁 #김성주이사장"
2026-03-11 14:40:00,357,17,2,"""21세기 말까지 기금 소진 걱정 끝"" 김성주 이사장이 밝힌 1400조 국민연금의 미래 시나리오 #국민연금 #연금고갈 #2099년 #목표 수익률5.5% #연금개혁 #김성주이사장"
2026-03-11 15:30:48,357,17,2,"""21세기 말까지 기금 소진 걱정 끝"" 김성주 이사장이 밝힌 1400조 국민연금의 미래 시나리오 #국민연금 #연금고갈 #2099년 #목표 수익률5.5% #연금개혁 #김성주이사장"
2026-03-11 16:27:23,357,17,2,"""21세기 말까지 기금 소진 걱정 끝"" 김성주 이사장이 밝힌 1400조 국민연금의 미래 시나리오 #국민연금 #연금고갈 #2099년 #목표 수익률5.5% #연금개혁 #김성주이사장"
2026-03-11 16:59:49,357,17,2,"""21세기 말까지 기금 소진 걱정 끝"" 김성주 이사장이 밝힌 1400조 국민연금의 미래 시나리오 #국민연금 #연금고갈 #2099년 #목표 수익률5.5% #연금개혁 #김성주이사장"
2026-03-11 17:45:09,357,17,2,"""21세기 말까지 기금 소진 걱정 끝"" 김성주 이사장이 밝힌 1400조 국민연금의 미래 시나리오 #국민연금 #연금고갈 #2099년 #목표 수익률5.5% #연금개혁 #김성주이사장"
2026-03-11 18:27:56,357,17,2,"""21세기 말까지 기금 소진 걱정 끝"" 김성주 이사장이 밝힌 1400조 국민연금의 미래 시나리오 #국민연금 #연금고갈 #2099년 #목표 수익률5.5% #연금개혁 #김성주이사장"
2026-03-11 19:06:16,357,17,2,"""21세기 말까지 기금 소진 걱정 끝"" 김성주 이사장이 밝힌 1400조 국민연금의 미래 시나리오 #국민연금 #연금고갈 #2099년 #목표 수익률5.5% #연금개혁 #김성주이사장"
2026-03-11 19:56:13,357,17,2,"""21세기 말까지 기금 소진 걱정 끝"" 김성주 이사장이 밝힌 1400조 국민연금의 미래 시나리오 #국민연금 #연금고갈 #2099년 #목표 수익률5.5% #연금개혁 #김성주이사장"
2026-03-11 20:27:11,357,17,2,"""21세기 말까지 기금 소진 걱정 끝"" 김성주 이사장이 밝힌 1400조 국민연금의 미래 시나리오 #국민연금 #연금고갈 #2099년 #목표 수익률5.5% #연금개혁 #김성주이사장"
2026-03-11 20:53:19,357,17,2,"""21세기 말까지 기금 소진 걱정 끝"" 김성주 이사장이 밝힌 1400조 국민연금의 미래 시나리오 #국민연금 #연금고갈 #2099년 #목표 수익률5.5% #연금개혁 #김성주이사장"
2026-03-11 21:28:53,357,17,2,"""21세기 말까지 기금 소진 걱정 끝"" 김성주 이사장이 밝힌 1400조 국민연금의 미래 시나리오 #국민연금 #연금고갈 #2099년 #목표 수익률5.5% #연금개혁 #김성주이사장"
2026-03-11 22:44:03,357,17,2,"""21세기 말까지 기금 소진 걱정 끝"" 김성주 이사장이 밝힌 1400조 국민연금의 미래 시나리오 #국민연금 #연금고갈 #2099년 #목표 수익률5.5% #연금개혁 #김성주이사장"
2026-03-11 23:32:00,357,17,2,"""21세기 말까지 기금 소진 걱정 끝"" 김성주 이사장이 밝힌 1400조 국민연금의 미래 시나리오 #국민연금 #연금고갈 #2099년 #목표 수익률5.5% #연금개혁 #김성주이사장"
2026-03-12 00:24:45,358,17,2,"""21세기 말까지 기금 소진 걱정 끝"" 김성주 이사장이 밝힌 1400조 국민연금의 미래 시나리오 #국민연금 #연금고갈 #2099년 #목표 수익률5.5% #연금개혁 #김성주이사장"
2026-03-12 01:07:50,358,17,2,"""21세기 말까지 기금 소진 걱정 끝"" 김성주 이사장이 밝힌 1400조 국민연금의 미래 시나리오 #국민연금 #연금고갈 #2099년 #목표 수익률5.5% #연금개혁 #김성주이사장"
2026-03-12 02:06:56,358,17,2,"""21세기 말까지 기금 소진 걱정 끝"" 김성주 이사장이 밝힌 1400조 국민연금의 미래 시나리오 #국민연금 #연금고갈 #2099년 #목표 수익률5.5% #연금개혁 #김성주이사장"
2026-03-12 02:57:57,358,17,2,"""21세기 말까지 기금 소진 걱정 끝"" 김성주 이사장이 밝힌 1400조 국민연금의 미래 시나리오 #국민연금 #연금고갈 #2099년 #목표 수익률5.5% #연금개혁 #김성주이사장"
2026-03-12 03:49:57,358,17,2,"""21세기 말까지 기금 소진 걱정 끝"" 김성주 이사장이 밝힌 1400조 국민연금의 미래 시나리오 #국민연금 #연금고갈 #2099년 #목표 수익률5.5% #연금개혁 #김성주이사장"
2026-03-12 04:33:14,358,17,2,"""21세기 말까지 기금 소진 걱정 끝"" 김성주 이사장이 밝힌 1400조 국민연금의 미래 시나리오 #국민연금 #연금고갈 #2099년 #목표 수익률5.5% #연금개혁 #김성주이사장"
2026-03-12 05:00:36,358,17,2,"""21세기 말까지 기금 소진 걱정 끝"" 김성주 이사장이 밝힌 1400조 국민연금의 미래 시나리오 #국민연금 #연금고갈 #2099년 #목표 수익률5.5% #연금개혁 #김성주이사장"
2026-03-12 05:38:26,358,17,2,"""21세기 말까지 기금 소진 걱정 끝"" 김성주 이사장이 밝힌 1400조 국민연금의 미래 시나리오 #국민연금 #연금고갈 #2099년 #목표 수익률5.5% #연금개혁 #김성주이사장"
2026-03-12 06:01:30,358,17,2,"""21세기 말까지 기금 소진 걱정 끝"" 김성주 이사장이 밝힌 1400조 국민연금의 미래 시나리오 #국민연금 #연금고갈 #2099년 #목표 수익률5.5% #연금개혁 #김성주이사장"
2026-03-12 06:39:40,358,17,2,"""21세기 말까지 기금 소진 걱정 끝"" 김성주 이사장이 밝힌 1400조 국민연금의 미래 시나리오 #국민연금 #연금고갈 #2099년 #목표 수익률5.5% #연금개혁 #김성주이사장"
2026-03-12 06:59:11,359,17,2,"""21세기 말까지 기금 소진 걱정 끝"" 김성주 이사장이 밝힌 1400조 국민연금의 미래 시나리오 #국민연금 #연금고갈 #2099년 #목표 수익률5.5% #연금개혁 #김성주이사장"
2026-03-12 07:27:02,359,17,2,"""21세기 말까지 기금 소진 걱정 끝"" 김성주 이사장이 밝힌 1400조 국민연금의 미래 시나리오 #국민연금 #연금고갈 #2099년 #목표 수익률5.5% #연금개혁 #김성주이사장"
2026-03-12 07:48:34,358,17,2,"""21세기 말까지 기금 소진 걱정 끝"" 김성주 이사장이 밝힌 1400조 국민연금의 미래 시나리오 #국민연금 #연금고갈 #2099년 #목표 수익률5.5% #연금개혁 #김성주이사장"
2026-03-12 08:00:24,359,17,2,"""21세기 말까지 기금 소진 걱정 끝"" 김성주 이사장이 밝힌 1400조 국민연금의 미래 시나리오 #국민연금 #연금고갈 #2099년 #목표 수익률5.5% #연금개혁 #김성주이사장"
2026-03-12 08:30:09,359,17,2,"""21세기 말까지 기금 소진 걱정 끝"" 김성주 이사장이 밝힌 1400조 국민연금의 미래 시나리오 #국민연금 #연금고갈 #2099년 #목표 수익률5.5% #연금개혁 #김성주이사장"
2026-03-12 08:50:17,359,17,2,"""21세기 말까지 기금 소진 걱정 끝"" 김성주 이사장이 밝힌 1400조 국민연금의 미래 시나리오 #국민연금 #연금고갈 #2099년 #목표 수익률5.5% #연금개혁 #김성주이사장"
2026-03-12 09:01:24,359,17,2,"""21세기 말까지 기금 소진 걱정 끝"" 김성주 이사장이 밝힌 1400조 국민연금의 미래 시나리오 #국민연금 #연금고갈 #2099년 #목표 수익률5.5% #연금개혁 #김성주이사장"
2026-03-12 11:40:05,359,17,2,"""21세기 말까지 기금 소진 걱정 끝"" 김성주 이사장이 밝힌 1400조 국민연금의 미래 시나리오 #국민연금 #연금고갈 #2099년 #목표 수익률5.5% #연금개혁 #김성주이사장"
2026-03-12 13:27:24,359,17,2,"""21세기 말까지 기금 소진 걱정 끝"" 김성주 이사장이 밝힌 1400조 국민연금의 미래 시나리오 #국민연금 #연금고갈 #2099년 #목표 수익률5.5% #연금개혁 #김성주이사장"
2026-03-12 15:29:40,359,17,2,"""21세기 말까지 기금 소진 걱정 끝"" 김성주 이사장이 밝힌 1400조 국민연금의 미래 시나리오 #국민연금 #연금고갈 #2099년 #목표 수익률5.5% #연금개혁 #김성주이사장"
2026-03-12 16:28:49,359,17,2,"""21세기 말까지 기금 소진 걱정 끝"" 김성주 이사장이 밝힌 1400조 국민연금의 미래 시나리오 #국민연금 #연금고갈 #2099년 #목표 수익률5.5% #연금개혁 #김성주이사장"
2026-03-12 17:01:29,359,17,2,"""21세기 말까지 기금 소진 걱정 끝"" 김성주 이사장이 밝힌 1400조 국민연금의 미래 시나리오 #국민연금 #연금고갈 #2099년 #목표 수익률5.5% #연금개혁 #김성주이사장"
2026-03-12 17:53:28,359,17,2,"""21세기 말까지 기금 소진 걱정 끝"" 김성주 이사장이 밝힌 1400조 국민연금의 미래 시나리오 #국민연금 #연금고갈 #2099년 #목표 수익률5.5% #연금개혁 #김성주이사장"
2026-03-12 18:30:31,359,17,2,"""21세기 말까지 기금 소진 걱정 끝"" 김성주 이사장이 밝힌 1400조 국민연금의 미래 시나리오 #국민연금 #연금고갈 #2099년 #목표 수익률5.5% #연금개혁 #김성주이사장"
2026-03-12 19:08:00,359,17,2,"""21세기 말까지 기금 소진 걱정 끝"" 김성주 이사장이 밝힌 1400조 국민연금의 미래 시나리오 #국민연금 #연금고갈 #2099년 #목표 수익률5.5% #연금개혁 #김성주이사장"
2026-03-12 19:57:02,359,17,2,"""21세기 말까지 기금 소진 걱정 끝"" 김성주 이사장이 밝힌 1400조 국민연금의 미래 시나리오 #국민연금 #연금고갈 #2099년 #목표 수익률5.5% #연금개혁 #김성주이사장"
2026-03-12 20:28:20,359,17,2,"""21세기 말까지 기금 소진 걱정 끝"" 김성주 이사장이 밝힌 1400조 국민연금의 미래 시나리오 #국민연금 #연금고갈 #2099년 #목표 수익률5.5% #연금개혁 #김성주이사장"
2026-03-12 20:49:03,359,17,2,"""21세기 말까지 기금 소진 걱정 끝"" 김성주 이사장이 밝힌 1400조 국민연금의 미래 시나리오 #국민연금 #연금고갈 #2099년 #목표 수익률5.5% #연금개혁 #김성주이사장"
2026-03-12 21:01:42,359,17,2,"""21세기 말까지 기금 소진 걱정 끝"" 김성주 이사장이 밝힌 1400조 국민연금의 미래 시나리오 #국민연금 #연금고갈 #2099년 #목표 수익률5.5% #연금개혁 #김성주이사장"
2026-03-12 22:17:25,359,17,2,"""21세기 말까지 기금 소진 걱정 끝"" 김성주 이사장이 밝힌 1400조 국민연금의 미래 시나리오 #국민연금 #연금고갈 #2099년 #목표 수익률5.5% #연금개혁 #김성주이사장"
2026-03-12 23:11:11,359,17,2,"""21세기 말까지 기금 소진 걱정 끝"" 김성주 이사장이 밝힌 1400조 국민연금의 미래 시나리오 #국민연금 #연금고갈 #2099년 #목표 수익률5.5% #연금개혁 #김성주이사장"
2026-03-13 00:07:10,359,17,2,"""21세기 말까지 기금 소진 걱정 끝"" 김성주 이사장이 밝힌 1400조 국민연금의 미래 시나리오 #국민연금 #연금고갈 #2099년 #목표 수익률5.5% #연금개혁 #김성주이사장"
2026-03-13 01:10:46,361,17,2,"""21세기 말까지 기금 소진 걱정 끝"" 김성주 이사장이 밝힌 1400조 국민연금의 미래 시나리오 #국민연금 #연금고갈 #2099년 #목표 수익률5.5% #연금개혁 #김성주이사장"
2026-03-13 02:09:15,359,17,2,"""21세기 말까지 기금 소진 걱정 끝"" 김성주 이사장이 밝힌 1400조 국민연금의 미래 시나리오 #국민연금 #연금고갈 #2099년 #목표 수익률5.5% #연금개혁 #김성주이사장"
2026-03-13 02:59:54,361,17,2,"""21세기 말까지 기금 소진 걱정 끝"" 김성주 이사장이 밝힌 1400조 국민연금의 미래 시나리오 #국민연금 #연금고갈 #2099년 #목표 수익률5.5% #연금개혁 #김성주이사장"
2026-03-13 03:57:21,361,17,2,"""21세기 말까지 기금 소진 걱정 끝"" 김성주 이사장이 밝힌 1400조 국민연금의 미래 시나리오 #국민연금 #연금고갈 #2099년 #목표 수익률5.5% #연금개혁 #김성주이사장"
2026-03-13 04:39:12,361,17,2,"""21세기 말까지 기금 소진 걱정 끝"" 김성주 이사장이 밝힌 1400조 국민연금의 미래 시나리오 #국민연금 #연금고갈 #2099년 #목표 수익률5.5% #연금개혁 #김성주이사장"
2026-03-13 05:02:52,361,17,2,"""21세기 말까지 기금 소진 걱정 끝"" 김성주 이사장이 밝힌 1400조 국민연금의 미래 시나리오 #국민연금 #연금고갈 #2099년 #목표 수익률5.5% #연금개혁 #김성주이사장"
2026-03-13 05:46:46,361,17,2,"""21세기 말까지 기금 소진 걱정 끝"" 김성주 이사장이 밝힌 1400조 국민연금의 미래 시나리오 #국민연금 #연금고갈 #2099년 #목표 수익률5.5% #연금개혁 #김성주이사장"
2026-03-13 06:18:02,361,17,2,"""21세기 말까지 기금 소진 걱정 끝"" 김성주 이사장이 밝힌 1400조 국민연금의 미래 시나리오 #국민연금 #연금고갈 #2099년 #목표 수익률5.5% #연금개혁 #김성주이사장"
2026-03-13 06:49:46,361,17,2,"""21세기 말까지 기금 소진 걱정 끝"" 김성주 이사장이 밝힌 1400조 국민연금의 미래 시나리오 #국민연금 #연금고갈 #2099년 #목표 수익률5.5% #연금개혁 #김성주이사장"
2026-03-13 07:02:32,361,17,2,"""21세기 말까지 기금 소진 걱정 끝"" 김성주 이사장이 밝힌 1400조 국민연금의 미래 시나리오 #국민연금 #연금고갈 #2099년 #목표 수익률5.5% #연금개혁 #김성주이사장"
2026-03-13 07:35:41,361,17,2,"""21세기 말까지 기금 소진 걱정 끝"" 김성주 이사장이 밝힌 1400조 국민연금의 미래 시나리오 #국민연금 #연금고갈 #2099년 #목표 수익률5.5% #연금개혁 #김성주이사장"
2026-03-13 07:57:01,361,17,2,"""21세기 말까지 기금 소진 걱정 끝"" 김성주 이사장이 밝힌 1400조 국민연금의 미래 시나리오 #국민연금 #연금고갈 #2099년 #목표 수익률5.5% #연금개혁 #김성주이사장"
2026-03-13 08:21:59,361,17,2,"""21세기 말까지 기금 소진 걱정 끝"" 김성주 이사장이 밝힌 1400조 국민연금의 미래 시나리오 #국민연금 #연금고갈 #2099년 #목표 수익률5.5% #연금개혁 #김성주이사장"
2026-03-13 08:45:53,361,17,2,"""21세기 말까지 기금 소진 걱정 끝"" 김성주 이사장이 밝힌 1400조 국민연금의 미래 시나리오 #국민연금 #연금고갈 #2099년 #목표 수익률5.5% #연금개혁 #김성주이사장"
2026-03-13 08:59:26,361,17,2,"""21세기 말까지 기금 소진 걱정 끝"" 김성주 이사장이 밝힌 1400조 국민연금의 미래 시나리오 #국민연금 #연금고갈 #2099년 #목표 수익률5.5% #연금개혁 #김성주이사장"
2026-03-13 11:08:36,361,17,2,"""21세기 말까지 기금 소진 걱정 끝"" 김성주 이사장이 밝힌 1400조 국민연금의 미래 시나리오 #국민연금 #연금고갈 #2099년 #목표 수익률5.5% #연금개혁 #김성주이사장"
2026-03-13 13:20:13,361,17,2,"""21세기 말까지 기금 소진 걱정 끝"" 김성주 이사장이 밝힌 1400조 국민연금의 미래 시나리오 #국민연금 #연금고갈 #2099년 #목표 수익률5.5% #연금개혁 #김성주이사장"
2026-03-13 14:29:33,361,17,2,"""21세기 말까지 기금 소진 걱정 끝"" 김성주 이사장이 밝힌 1400조 국민연금의 미래 시나리오 #국민연금 #연금고갈 #2099년 #목표 수익률5.5% #연금개혁 #김성주이사장"
2026-03-13 15:09:01,361,17,2,"""21세기 말까지 기금 소진 걱정 끝"" 김성주 이사장이 밝힌 1400조 국민연금의 미래 시나리오 #국민연금 #연금고갈 #2099년 #목표 수익률5.5% #연금개혁 #김성주이사장"
2026-03-13 16:09:56,361,17,2,"""21세기 말까지 기금 소진 걱정 끝"" 김성주 이사장이 밝힌 1400조 국민연금의 미래 시나리오 #국민연금 #연금고갈 #2099년 #목표 수익률5.5% #연금개혁 #김성주이사장"
2026-03-13 16:52:34,361,17,2,"""21세기 말까지 기금 소진 걱정 끝"" 김성주 이사장이 밝힌 1400조 국민연금의 미래 시나리오 #국민연금 #연금고갈 #2099년 #목표 수익률5.5% #연금개혁 #김성주이사장"
2026-03-13 17:24:39,361,17,2,"""21세기 말까지 기금 소진 걱정 끝"" 김성주 이사장이 밝힌 1400조 국민연금의 미래 시나리오 #국민연금 #연금고갈 #2099년 #목표 수익률5.5% #연금개혁 #김성주이사장"
2026-03-13 18:02:50,361,17,2,"""21세기 말까지 기금 소진 걱정 끝"" 김성주 이사장이 밝힌 1400조 국민연금의 미래 시나리오 #국민연금 #연금고갈 #2099년 #목표 수익률5.5% #연금개혁 #김성주이사장"
2026-03-13 18:52:07,361,17,2,"""21세기 말까지 기금 소진 걱정 끝"" 김성주 이사장이 밝힌 1400조 국민연금의 미래 시나리오 #국민연금 #연금고갈 #2099년 #목표 수익률5.5% #연금개혁 #김성주이사장"
2026-03-13 19:21:39,361,17,2,"""21세기 말까지 기금 소진 걱정 끝"" 김성주 이사장이 밝힌 1400조 국민연금의 미래 시나리오 #국민연금 #연금고갈 #2099년 #목표 수익률5.5% #연금개혁 #김성주이사장"
2026-03-13 19:59:14,361,17,2,"""21세기 말까지 기금 소진 걱정 끝"" 김성주 이사장이 밝힌 1400조 국민연금의 미래 시나리오 #국민연금 #연금고갈 #2099년 #목표 수익률5.5% #연금개혁 #김성주이사장"
2026-03-13 20:32:19,361,17,2,"""21세기 말까지 기금 소진 걱정 끝"" 김성주 이사장이 밝힌 1400조 국민연금의 미래 시나리오 #국민연금 #연금고갈 #2099년 #목표 수익률5.5% #연금개혁 #김성주이사장"
2026-03-13 20:55:50,361,17,2,"""21세기 말까지 기금 소진 걱정 끝"" 김성주 이사장이 밝힌 1400조 국민연금의 미래 시나리오 #국민연금 #연금고갈 #2099년 #목표 수익률5.5% #연금개혁 #김성주이사장"
2026-03-13 21:36:34,361,17,2,"""21세기 말까지 기금 소진 걱정 끝"" 김성주 이사장이 밝힌 1400조 국민연금의 미래 시나리오 #국민연금 #연금고갈 #2099년 #목표 수익률5.5% #연금개혁 #김성주이사장"
2026-03-13 22:43:36,361,17,2,"""21세기 말까지 기금 소진 걱정 끝"" 김성주 이사장이 밝힌 1400조 국민연금의 미래 시나리오 #국민연금 #연금고갈 #2099년 #목표 수익률5.5% #연금개혁 #김성주이사장"
2026-03-13 23:27:40,361,17,2,"""21세기 말까지 기금 소진 걱정 끝"" 김성주 이사장이 밝힌 1400조 국민연금의 미래 시나리오 #국민연금 #연금고갈 #2099년 #목표 수익률5.5% #연금개혁 #김성주이사장"
2026-03-14 00:08:01,361,17,2,"""21세기 말까지 기금 소진 걱정 끝"" 김성주 이사장이 밝힌 1400조 국민연금의 미래 시나리오 #국민연금 #연금고갈 #2099년 #목표 수익률5.5% #연금개혁 #김성주이사장"
2026-03-14 00:55:35,361,17,2,"""21세기 말까지 기금 소진 걱정 끝"" 김성주 이사장이 밝힌 1400조 국민연금의 미래 시나리오 #국민연금 #연금고갈 #2099년 #목표 수익률5.5% #연금개혁 #김성주이사장"
2026-03-14 01:28:42,361,17,2,"""21세기 말까지 기금 소진 걱정 끝"" 김성주 이사장이 밝힌 1400조 국민연금의 미래 시나리오 #국민연금 #연금고갈 #2099년 #목표 수익률5.5% #연금개혁 #김성주이사장"
2026-03-14 02:05:31,361,17,2,"""21세기 말까지 기금 소진 걱정 끝"" 김성주 이사장이 밝힌 1400조 국민연금의 미래 시나리오 #국민연금 #연금고갈 #2099년 #목표 수익률5.5% #연금개혁 #김성주이사장"
2026-03-14 02:48:34,361,17,2,"""21세기 말까지 기금 소진 걱정 끝"" 김성주 이사장이 밝힌 1400조 국민연금의 미래 시나리오 #국민연금 #연금고갈 #2099년 #목표 수익률5.5% #연금개혁 #김성주이사장"
2026-03-14 03:22:27,361,17,2,"""21세기 말까지 기금 소진 걱정 끝"" 김성주 이사장이 밝힌 1400조 국민연금의 미래 시나리오 #국민연금 #연금고갈 #2099년 #목표 수익률5.5% #연금개혁 #김성주이사장"
2026-03-14 04:04:07,361,17,2,"""21세기 말까지 기금 소진 걱정 끝"" 김성주 이사장이 밝힌 1400조 국민연금의 미래 시나리오 #국민연금 #연금고갈 #2099년 #목표 수익률5.5% #연금개혁 #김성주이사장"
2026-03-14 04:39:42,361,17,2,"""21세기 말까지 기금 소진 걱정 끝"" 김성주 이사장이 밝힌 1400조 국민연금의 미래 시나리오 #국민연금 #연금고갈 #2099년 #목표 수익률5.5% #연금개혁 #김성주이사장"
2026-03-14 05:00:09,361,17,2,"""21세기 말까지 기금 소진 걱정 끝"" 김성주 이사장이 밝힌 1400조 국민연금의 미래 시나리오 #국민연금 #연금고갈 #2099년 #목표 수익률5.5% #연금개혁 #김성주이사장"
2026-03-14 05:38:40,361,17,2,"""21세기 말까지 기금 소진 걱정 끝"" 김성주 이사장이 밝힌 1400조 국민연금의 미래 시나리오 #국민연금 #연금고갈 #2099년 #목표 수익률5.5% #연금개혁 #김성주이사장"
2026-03-14 06:04:15,361,17,2,"""21세기 말까지 기금 소진 걱정 끝"" 김성주 이사장이 밝힌 1400조 국민연금의 미래 시나리오 #국민연금 #연금고갈 #2099년 #목표 수익률5.5% #연금개혁 #김성주이사장"
2026-03-14 06:43:36,361,17,2,"""21세기 말까지 기금 소진 걱정 끝"" 김성주 이사장이 밝힌 1400조 국민연금의 미래 시나리오 #국민연금 #연금고갈 #2099년 #목표 수익률5.5% #연금개혁 #김성주이사장"
2026-03-14 07:01:21,361,17,2,"""21세기 말까지 기금 소진 걱정 끝"" 김성주 이사장이 밝힌 1400조 국민연금의 미래 시나리오 #국민연금 #연금고갈 #2099년 #목표 수익률5.5% #연금개혁 #김성주이사장"
2026-03-14 07:34:29,361,17,2,"""21세기 말까지 기금 소진 걱정 끝"" 김성주 이사장이 밝힌 1400조 국민연금의 미래 시나리오 #국민연금 #연금고갈 #2099년 #목표 수익률5.5% #연금개혁 #김성주이사장"
2026-03-14 07:56:04,361,17,2,"""21세기 말까지 기금 소진 걱정 끝"" 김성주 이사장이 밝힌 1400조 국민연금의 미래 시나리오 #국민연금 #연금고갈 #2099년 #목표 수익률5.5% #연금개혁 #김성주이사장"
2026-03-14 08:19:42,361,18,2,"""21세기 말까지 기금 소진 걱정 끝"" 김성주 이사장이 밝힌 1400조 국민연금의 미래 시나리오 #국민연금 #연금고갈 #2099년 #목표 수익률5.5% #연금개혁 #김성주이사장"
2026-03-14 08:46:30,361,18,2,"""21세기 말까지 기금 소진 걱정 끝"" 김성주 이사장이 밝힌 1400조 국민연금의 미래 시나리오 #국민연금 #연금고갈 #2099년 #목표 수익률5.5% #연금개혁 #김성주이사장"
2026-03-14 09:01:38,361,18,2,"""21세기 말까지 기금 소진 걱정 끝"" 김성주 이사장이 밝힌 1400조 국민연금의 미래 시나리오 #국민연금 #연금고갈 #2099년 #목표 수익률5.5% #연금개혁 #김성주이사장"
2026-03-14 11:39:32,361,18,2,"""21세기 말까지 기금 소진 걱정 끝"" 김성주 이사장이 밝힌 1400조 국민연금의 미래 시나리오 #국민연금 #연금고갈 #2099년 #목표 수익률5.5% #연금개혁 #김성주이사장"
2026-03-14 13:23:56,362,18,2,"""21세기 말까지 기금 소진 걱정 끝"" 김성주 이사장이 밝힌 1400조 국민연금의 미래 시나리오 #국민연금 #연금고갈 #2099년 #목표 수익률5.5% #연금개혁 #김성주이사장"
2026-03-14 14:27:42,362,18,2,"""21세기 말까지 기금 소진 걱정 끝"" 김성주 이사장이 밝힌 1400조 국민연금의 미래 시나리오 #국민연금 #연금고갈 #2099년 #목표 수익률5.5% #연금개혁 #김성주이사장"
2026-03-14 15:04:34,362,18,2,"""21세기 말까지 기금 소진 걱정 끝"" 김성주 이사장이 밝힌 1400조 국민연금의 미래 시나리오 #국민연금 #연금고갈 #2099년 #목표 수익률5.5% #연금개혁 #김성주이사장"
2026-03-14 16:02:09,362,18,2,"""21세기 말까지 기금 소진 걱정 끝"" 김성주 이사장이 밝힌 1400조 국민연금의 미래 시나리오 #국민연금 #연금고갈 #2099년 #목표 수익률5.5% #연금개혁 #김성주이사장"
2026-03-14 16:39:40,362,18,2,"""21세기 말까지 기금 소진 걱정 끝"" 김성주 이사장이 밝힌 1400조 국민연금의 미래 시나리오 #국민연금 #연금고갈 #2099년 #목표 수익률5.5% #연금개혁 #김성주이사장"
2026-03-14 16:59:00,362,18,2,"""21세기 말까지 기금 소진 걱정 끝"" 김성주 이사장이 밝힌 1400조 국민연금의 미래 시나리오 #국민연금 #연금고갈 #2099년 #목표 수익률5.5% #연금개혁 #김성주이사장"
2026-03-14 17:35:04,362,18,2,"""21세기 말까지 기금 소진 걱정 끝"" 김성주 이사장이 밝힌 1400조 국민연금의 미래 시나리오 #국민연금 #연금고갈 #2099년 #목표 수익률5.5% #연금개혁 #김성주이사장"
2026-03-14 18:03:00,362,18,2,"""21세기 말까지 기금 소진 걱정 끝"" 김성주 이사장이 밝힌 1400조 국민연금의 미래 시나리오 #국민연금 #연금고갈 #2099년 #목표 수익률5.5% #연금개혁 #김성주이사장"
2026-03-14 18:43:48,362,18,2,"""21세기 말까지 기금 소진 걱정 끝"" 김성주 이사장이 밝힌 1400조 국민연금의 미래 시나리오 #국민연금 #연금고갈 #2099년 #목표 수익률5.5% #연금개혁 #김성주이사장"
2026-03-14 19:00:24,362,18,2,"""21세기 말까지 기금 소진 걱정 끝"" 김성주 이사장이 밝힌 1400조 국민연금의 미래 시나리오 #국민연금 #연금고갈 #2099년 #목표 수익률5.5% #연금개혁 #김성주이사장"
2026-03-14 19:32:46,362,18,2,"""21세기 말까지 기금 소진 걱정 끝"" 김성주 이사장이 밝힌 1400조 국민연금의 미래 시나리오 #국민연금 #연금고갈 #2099년 #목표 수익률5.5% #연금개혁 #김성주이사장"
2026-03-14 19:55:56,362,18,2,"""21세기 말까지 기금 소진 걱정 끝"" 김성주 이사장이 밝힌 1400조 국민연금의 미래 시나리오 #국민연금 #연금고갈 #2099년 #목표 수익률5.5% #연금개혁 #김성주이사장"
2026-03-14 20:16:52,362,18,2,"""21세기 말까지 기금 소진 걱정 끝"" 김성주 이사장이 밝힌 1400조 국민연금의 미래 시나리오 #국민연금 #연금고갈 #2099년 #목표 수익률5.5% #연금개혁 #김성주이사장"
2026-03-14 20:40:15,362,18,2,"""21세기 말까지 기금 소진 걱정 끝"" 김성주 이사장이 밝힌 1400조 국민연금의 미래 시나리오 #국민연금 #연금고갈 #2099년 #목표 수익률5.5% #연금개혁 #김성주이사장"
2026-03-14 20:55:06,362,18,2,"""21세기 말까지 기금 소진 걱정 끝"" 김성주 이사장이 밝힌 1400조 국민연금의 미래 시나리오 #국민연금 #연금고갈 #2099년 #목표 수익률5.5% #연금개혁 #김성주이사장"
2026-03-14 21:25:59,362,18,2,"""21세기 말까지 기금 소진 걱정 끝"" 김성주 이사장이 밝힌 1400조 국민연금의 미래 시나리오 #국민연금 #연금고갈 #2099년 #목표 수익률5.5% #연금개혁 #김성주이사장"
2026-03-14 22:26:15,362,18,2,"""21세기 말까지 기금 소진 걱정 끝"" 김성주 이사장이 밝힌 1400조 국민연금의 미래 시나리오 #국민연금 #연금고갈 #2099년 #목표 수익률5.5% #연금개혁 #김성주이사장"
2026-03-14 22:59:33,362,18,2,"""21세기 말까지 기금 소진 걱정 끝"" 김성주 이사장이 밝힌 1400조 국민연금의 미래 시나리오 #국민연금 #연금고갈 #2099년 #목표 수익률5.5% #연금개혁 #김성주이사장"
2026-03-14 23:30:11,362,18,2,"""21세기 말까지 기금 소진 걱정 끝"" 김성주 이사장이 밝힌 1400조 국민연금의 미래 시나리오 #국민연금 #연금고갈 #2099년 #목표 수익률5.5% #연금개혁 #김성주이사장"
2026-03-14 23:55:01,362,18,2,"""21세기 말까지 기금 소진 걱정 끝"" 김성주 이사장이 밝힌 1400조 국민연금의 미래 시나리오 #국민연금 #연금고갈 #2099년 #목표 수익률5.5% #연금개혁 #김성주이사장"
2026-03-15 00:17:06,362,18,2,"""21세기 말까지 기금 소진 걱정 끝"" 김성주 이사장이 밝힌 1400조 국민연금의 미래 시나리오 #국민연금 #연금고갈 #2099년 #목표 수익률5.5% #연금개혁 #김성주이사장"
2026-03-15 00:45:05,362,18,2,"""21세기 말까지 기금 소진 걱정 끝"" 김성주 이사장이 밝힌 1400조 국민연금의 미래 시나리오 #국민연금 #연금고갈 #2099년 #목표 수익률5.5% #연금개혁 #김성주이사장"
2026-03-15 00:59:49,362,18,2,"""21세기 말까지 기금 소진 걱정 끝"" 김성주 이사장이 밝힌 1400조 국민연금의 미래 시나리오 #국민연금 #연금고갈 #2099년 #목표 수익률5.5% #연금개혁 #김성주이사장"
2026-03-15 01:35:09,362,18,2,"""21세기 말까지 기금 소진 걱정 끝"" 김성주 이사장이 밝힌 1400조 국민연금의 미래 시나리오 #국민연금 #연금고갈 #2099년 #목표 수익률5.5% #연금개혁 #김성주이사장"
2026-03-15 01:59:56,362,18,2,"""21세기 말까지 기금 소진 걱정 끝"" 김성주 이사장이 밝힌 1400조 국민연금의 미래 시나리오 #국민연금 #연금고갈 #2099년 #목표 수익률5.5% #연금개혁 #김성주이사장"
2026-03-15 02:28:43,362,18,2,"""21세기 말까지 기금 소진 걱정 끝"" 김성주 이사장이 밝힌 1400조 국민연금의 미래 시나리오 #국민연금 #연금고갈 #2099년 #목표 수익률5.5% #연금개혁 #김성주이사장"
2026-03-15 02:51:46,362,18,2,"""21세기 말까지 기금 소진 걱정 끝"" 김성주 이사장이 밝힌 1400조 국민연금의 미래 시나리오 #국민연금 #연금고갈 #2099년 #목표 수익률5.5% #연금개혁 #김성주이사장"
2026-03-15 03:02:33,362,18,2,"""21세기 말까지 기금 소진 걱정 끝"" 김성주 이사장이 밝힌 1400조 국민연금의 미래 시나리오 #국민연금 #연금고갈 #2099년 #목표 수익률5.5% #연금개혁 #김성주이사장"
2026-03-15 03:52:38,362,18,2,"""21세기 말까지 기금 소진 걱정 끝"" 김성주 이사장이 밝힌 1400조 국민연금의 미래 시나리오 #국민연금 #연금고갈 #2099년 #목표 수익률5.5% #연금개혁 #김성주이사장"
2026-03-15 04:17:15,362,18,2,"""21세기 말까지 기금 소진 걱정 끝"" 김성주 이사장이 밝힌 1400조 국민연금의 미래 시나리오 #국민연금 #연금고갈 #2099년 #목표 수익률5.5% #연금개혁 #김성주이사장"
2026-03-15 04:42:52,362,18,2,"""21세기 말까지 기금 소진 걱정 끝"" 김성주 이사장이 밝힌 1400조 국민연금의 미래 시나리오 #국민연금 #연금고갈 #2099년 #목표 수익률5.5% #연금개혁 #김성주이사장"
2026-03-15 04:56:10,362,18,2,"""21세기 말까지 기금 소진 걱정 끝"" 김성주 이사장이 밝힌 1400조 국민연금의 미래 시나리오 #국민연금 #연금고갈 #2099년 #목표 수익률5.5% #연금개혁 #김성주이사장"
2026-03-15 05:18:54,362,18,2,"""21세기 말까지 기금 소진 걱정 끝"" 김성주 이사장이 밝힌 1400조 국민연금의 미래 시나리오 #국민연금 #연금고갈 #2099년 #목표 수익률5.5% #연금개혁 #김성주이사장"
2026-03-15 05:47:27,362,18,2,"""21세기 말까지 기금 소진 걱정 끝"" 김성주 이사장이 밝힌 1400조 국민연금의 미래 시나리오 #국민연금 #연금고갈 #2099년 #목표 수익률5.5% #연금개혁 #김성주이사장"
2026-03-15 06:02:34,362,18,2,"""21세기 말까지 기금 소진 걱정 끝"" 김성주 이사장이 밝힌 1400조 국민연금의 미래 시나리오 #국민연금 #연금고갈 #2099년 #목표 수익률5.5% #연금개혁 #김성주이사장"
2026-03-15 06:35:02,362,18,2,"""21세기 말까지 기금 소진 걱정 끝"" 김성주 이사장이 밝힌 1400조 국민연금의 미래 시나리오 #국민연금 #연금고갈 #2099년 #목표 수익률5.5% #연금개혁 #김성주이사장"
2026-03-15 06:52:41,362,18,2,"""21세기 말까지 기금 소진 걱정 끝"" 김성주 이사장이 밝힌 1400조 국민연금의 미래 시나리오 #국민연금 #연금고갈 #2099년 #목표 수익률5.5% #연금개혁 #김성주이사장"
2026-03-15 07:01:34,362,18,2,"""21세기 말까지 기금 소진 걱정 끝"" 김성주 이사장이 밝힌 1400조 국민연금의 미래 시나리오 #국민연금 #연금고갈 #2099년 #목표 수익률5.5% #연금개혁 #김성주이사장"
2026-03-15 07:33:47,362,18,2,"""21세기 말까지 기금 소진 걱정 끝"" 김성주 이사장이 밝힌 1400조 국민연금의 미래 시나리오 #국민연금 #연금고갈 #2099년 #목표 수익률5.5% #연금개혁 #김성주이사장"
2026-03-15 07:55:36,362,18,2,"""21세기 말까지 기금 소진 걱정 끝"" 김성주 이사장이 밝힌 1400조 국민연금의 미래 시나리오 #국민연금 #연금고갈 #2099년 #목표 수익률5.5% #연금개혁 #김성주이사장"
2026-03-15 08:18:25,362,18,2,"""21세기 말까지 기금 소진 걱정 끝"" 김성주 이사장이 밝힌 1400조 국민연금의 미래 시나리오 #국민연금 #연금고갈 #2099년 #목표 수익률5.5% #연금개혁 #김성주이사장"
2026-03-15 08:44:46,362,18,2,"""21세기 말까지 기금 소진 걱정 끝"" 김성주 이사장이 밝힌 1400조 국민연금의 미래 시나리오 #국민연금 #연금고갈 #2099년 #목표 수익률5.5% #연금개혁 #김성주이사장"
2026-03-15 08:59:17,362,18,2,"""21세기 말까지 기금 소진 걱정 끝"" 김성주 이사장이 밝힌 1400조 국민연금의 미래 시나리오 #국민연금 #연금고갈 #2099년 #목표 수익률5.5% #연금개혁 #김성주이사장"
2026-03-15 11:28:36,362,18,2,"""21세기 말까지 기금 소진 걱정 끝"" 김성주 이사장이 밝힌 1400조 국민연금의 미래 시나리오 #국민연금 #연금고갈 #2099년 #목표 수익률5.5% #연금개혁 #김성주이사장"
2026-03-15 13:43:24,362,18,2,"""21세기 말까지 기금 소진 걱정 끝"" 김성주 이사장이 밝힌 1400조 국민연금의 미래 시나리오 #국민연금 #연금고갈 #2099년 #목표 수익률5.5% #연금개혁 #김성주이사장"
2026-03-15 14:55:55,362,18,2,"""21세기 말까지 기금 소진 걱정 끝"" 김성주 이사장이 밝힌 1400조 국민연금의 미래 시나리오 #국민연금 #연금고갈 #2099년 #목표 수익률5.5% #연금개혁 #김성주이사장"
2026-03-15 15:44:50,362,18,2,"""21세기 말까지 기금 소진 걱정 끝"" 김성주 이사장이 밝힌 1400조 국민연금의 미래 시나리오 #국민연금 #연금고갈 #2099년 #목표 수익률5.5% #연금개혁 #김성주이사장"
2026-03-15 16:34:05,362,18,2,"""21세기 말까지 기금 소진 걱정 끝"" 김성주 이사장이 밝힌 1400조 국민연금의 미래 시나리오 #국민연금 #연금고갈 #2099년 #목표 수익률5.5% #연금개혁 #김성주이사장"
2026-03-15 17:01:11,362,18,2,"""21세기 말까지 기금 소진 걱정 끝"" 김성주 이사장이 밝힌 1400조 국민연금의 미래 시나리오 #국민연금 #연금고갈 #2099년 #목표 수익률5.5% #연금개혁 #김성주이사장"
2026-03-15 17:44:55,362,18,2,"""21세기 말까지 기금 소진 걱정 끝"" 김성주 이사장이 밝힌 1400조 국민연금의 미래 시나리오 #국민연금 #연금고갈 #2099년 #목표 수익률5.5% #연금개혁 #김성주이사장"
2026-03-15 18:18:26,362,18,2,"""21세기 말까지 기금 소진 걱정 끝"" 김성주 이사장이 밝힌 1400조 국민연금의 미래 시나리오 #국민연금 #연금고갈 #2099년 #목표 수익률5.5% #연금개혁 #김성주이사장"
2026-03-15 18:50:54,362,18,2,"""21세기 말까지 기금 소진 걱정 끝"" 김성주 이사장이 밝힌 1400조 국민연금의 미래 시나리오 #국민연금 #연금고갈 #2099년 #목표 수익률5.5% #연금개혁 #김성주이사장"
2026-03-15 19:14:33,362,18,2,"""21세기 말까지 기금 소진 걱정 끝"" 김성주 이사장이 밝힌 1400조 국민연금의 미래 시나리오 #국민연금 #연금고갈 #2099년 #목표 수익률5.5% #연금개혁 #김성주이사장"
2026-03-15 19:49:51,362,18,2,"""21세기 말까지 기금 소진 걱정 끝"" 김성주 이사장이 밝힌 1400조 국민연금의 미래 시나리오 #국민연금 #연금고갈 #2099년 #목표 수익률5.5% #연금개혁 #김성주이사장"
2026-03-15 20:13:22,362,18,2,"""21세기 말까지 기금 소진 걱정 끝"" 김성주 이사장이 밝힌 1400조 국민연금의 미래 시나리오 #국민연금 #연금고갈 #2099년 #목표 수익률5.5% #연금개혁 #김성주이사장"
2026-03-15 20:39:09,362,18,2,"""21세기 말까지 기금 소진 걱정 끝"" 김성주 이사장이 밝힌 1400조 국민연금의 미래 시나리오 #국민연금 #연금고갈 #2099년 #목표 수익률5.5% #연금개혁 #김성주이사장"
2026-03-15 20:53:57,362,18,2,"""21세기 말까지 기금 소진 걱정 끝"" 김성주 이사장이 밝힌 1400조 국민연금의 미래 시나리오 #국민연금 #연금고갈 #2099년 #목표 수익률5.5% #연금개혁 #김성주이사장"
2026-03-15 21:22:42,362,18,2,"""21세기 말까지 기금 소진 걱정 끝"" 김성주 이사장이 밝힌 1400조 국민연금의 미래 시나리오 #국민연금 #연금고갈 #2099년 #목표 수익률5.5% #연금개혁 #김성주이사장"
2026-03-15 22:26:26,362,18,2,"""21세기 말까지 기금 소진 걱정 끝"" 김성주 이사장이 밝힌 1400조 국민연금의 미래 시나리오 #국민연금 #연금고갈 #2099년 #목표 수익률5.5% #연금개혁 #김성주이사장"
2026-03-15 23:01:09,362,18,2,"""21세기 말까지 기금 소진 걱정 끝"" 김성주 이사장이 밝힌 1400조 국민연금의 미래 시나리오 #국민연금 #연금고갈 #2099년 #목표 수익률5.5% #연금개혁 #김성주이사장"
2026-03-15 23:36:12,362,18,2,"""21세기 말까지 기금 소진 걱정 끝"" 김성주 이사장이 밝힌 1400조 국민연금의 미래 시나리오 #국민연금 #연금고갈 #2099년 #목표 수익률5.5% #연금개혁 #김성주이사장"
2026-03-15 23:59:29,362,18,2,"""21세기 말까지 기금 소진 걱정 끝"" 김성주 이사장이 밝힌 1400조 국민연금의 미래 시나리오 #국민연금 #연금고갈 #2099년 #목표 수익률5.5% #연금개혁 #김성주이사장"
2026-03-16 00:30:20,362,18,2,"""21세기 말까지 기금 소진 걱정 끝"" 김성주 이사장이 밝힌 1400조 국민연금의 미래 시나리오 #국민연금 #연금고갈 #2099년 #목표 수익률5.5% #연금개혁 #김성주이사장"
2026-03-16 00:52:57,362,18,2,"""21세기 말까지 기금 소진 걱정 끝"" 김성주 이사장이 밝힌 1400조 국민연금의 미래 시나리오 #국민연금 #연금고갈 #2099년 #목표 수익률5.5% #연금개혁 #김성주이사장"
2026-03-16 01:15:31,362,18,2,"""21세기 말까지 기금 소진 걱정 끝"" 김성주 이사장이 밝힌 1400조 국민연금의 미래 시나리오 #국민연금 #연금고갈 #2099년 #목표 수익률5.5% #연금개혁 #김성주이사장"
2026-03-16 01:49:45,362,18,2,"""21세기 말까지 기금 소진 걱정 끝"" 김성주 이사장이 밝힌 1400조 국민연금의 미래 시나리오 #국민연금 #연금고갈 #2099년 #목표 수익률5.5% #연금개혁 #김성주이사장"
2026-03-16 02:13:52,362,18,2,"""21세기 말까지 기금 소진 걱정 끝"" 김성주 이사장이 밝힌 1400조 국민연금의 미래 시나리오 #국민연금 #연금고갈 #2099년 #목표 수익률5.5% #연금개혁 #김성주이사장"
2026-03-16 02:45:12,362,18,2,"""21세기 말까지 기금 소진 걱정 끝"" 김성주 이사장이 밝힌 1400조 국민연금의 미래 시나리오 #국민연금 #연금고갈 #2099년 #목표 수익률5.5% #연금개혁 #김성주이사장"
2026-03-16 03:00:46,362,18,2,"""21세기 말까지 기금 소진 걱정 끝"" 김성주 이사장이 밝힌 1400조 국민연금의 미래 시나리오 #국민연금 #연금고갈 #2099년 #목표 수익률5.5% #연금개혁 #김성주이사장"
2026-03-16 03:44:55,362,18,2,"""21세기 말까지 기금 소진 걱정 끝"" 김성주 이사장이 밝힌 1400조 국민연금의 미래 시나리오 #국민연금 #연금고갈 #2099년 #목표 수익률5.5% #연금개혁 #김성주이사장"
2026-03-16 04:17:23,362,18,2,"""21세기 말까지 기금 소진 걱정 끝"" 김성주 이사장이 밝힌 1400조 국민연금의 미래 시나리오 #국민연금 #연금고갈 #2099년 #목표 수익률5.5% #연금개혁 #김성주이사장"
2026-03-16 04:44:18,362,18,2,"""21세기 말까지 기금 소진 걱정 끝"" 김성주 이사장이 밝힌 1400조 국민연금의 미래 시나리오 #국민연금 #연금고갈 #2099년 #목표 수익률5.5% #연금개혁 #김성주이사장"
2026-03-16 04:57:57,362,18,2,"""21세기 말까지 기금 소진 걱정 끝"" 김성주 이사장이 밝힌 1400조 국민연금의 미래 시나리오 #국민연금 #연금고갈 #2099년 #목표 수익률5.5% #연금개혁 #김성주이사장"
2026-03-16 05:26:05,362,18,2,"""21세기 말까지 기금 소진 걱정 끝"" 김성주 이사장이 밝힌 1400조 국민연금의 미래 시나리오 #국민연금 #연금고갈 #2099년 #목표 수익률5.5% #연금개혁 #김성주이사장"
2026-03-16 05:51:17,362,18,2,"""21세기 말까지 기금 소진 걱정 끝"" 김성주 이사장이 밝힌 1400조 국민연금의 미래 시나리오 #국민연금 #연금고갈 #2099년 #목표 수익률5.5% #연금개혁 #김성주이사장"
2026-03-16 06:14:48,362,18,2,"""21세기 말까지 기금 소진 걱정 끝"" 김성주 이사장이 밝힌 1400조 국민연금의 미래 시나리오 #국민연금 #연금고갈 #2099년 #목표 수익률5.5% #연금개혁 #김성주이사장"
2026-03-16 06:43:04,362,18,2,"""21세기 말까지 기금 소진 걱정 끝"" 김성주 이사장이 밝힌 1400조 국민연금의 미래 시나리오 #국민연금 #연금고갈 #2099년 #목표 수익률5.5% #연금개혁 #김성주이사장"
2026-03-16 06:57:48,362,18,2,"""21세기 말까지 기금 소진 걱정 끝"" 김성주 이사장이 밝힌 1400조 국민연금의 미래 시나리오 #국민연금 #연금고갈 #2099년 #목표 수익률5.5% #연금개혁 #김성주이사장"
2026-03-16 07:23:18,362,18,2,"""21세기 말까지 기금 소진 걱정 끝"" 김성주 이사장이 밝힌 1400조 국민연금의 미래 시나리오 #국민연금 #연금고갈 #2099년 #목표 수익률5.5% #연금개혁 #김성주이사장"
2026-03-16 07:51:06,362,18,2,"""21세기 말까지 기금 소진 걱정 끝"" 김성주 이사장이 밝힌 1400조 국민연금의 미래 시나리오 #국민연금 #연금고갈 #2099년 #목표 수익률5.5% #연금개혁 #김성주이사장"
2026-03-16 08:15:14,362,18,2,"""21세기 말까지 기금 소진 걱정 끝"" 김성주 이사장이 밝힌 1400조 국민연금의 미래 시나리오 #국민연금 #연금고갈 #2099년 #목표 수익률5.5% #연금개혁 #김성주이사장"
2026-03-16 08:45:37,362,18,2,"""21세기 말까지 기금 소진 걱정 끝"" 김성주 이사장이 밝힌 1400조 국민연금의 미래 시나리오 #국민연금 #연금고갈 #2099년 #목표 수익률5.5% #연금개혁 #김성주이사장"
2026-03-16 09:00:26,362,18,2,"""21세기 말까지 기금 소진 걱정 끝"" 김성주 이사장이 밝힌 1400조 국민연금의 미래 시나리오 #국민연금 #연금고갈 #2099년 #목표 수익률5.5% #연금개혁 #김성주이사장"
2026-03-16 11:45:06,362,18,2,"""21세기 말까지 기금 소진 걱정 끝"" 김성주 이사장이 밝힌 1400조 국민연금의 미래 시나리오 #국민연금 #연금고갈 #2099년 #목표 수익률5.5% #연금개혁 #김성주이사장"
2026-03-16 14:06:15,362,18,2,"""21세기 말까지 기금 소진 걱정 끝"" 김성주 이사장이 밝힌 1400조 국민연금의 미래 시나리오 #국민연금 #연금고갈 #2099년 #목표 수익률5.5% #연금개혁 #김성주이사장"
2026-03-16 15:24:03,362,18,2,"""21세기 말까지 기금 소진 걱정 끝"" 김성주 이사장이 밝힌 1400조 국민연금의 미래 시나리오 #국민연금 #연금고갈 #2099년 #목표 수익률5.5% #연금개혁 #김성주이사장"
2026-03-16 16:51:35,362,18,2,"""21세기 말까지 기금 소진 걱정 끝"" 김성주 이사장이 밝힌 1400조 국민연금의 미래 시나리오 #국민연금 #연금고갈 #2099년 #목표 수익률5.5% #연금개혁 #김성주이사장"
2026-03-16 17:41:59,362,18,2,"""21세기 말까지 기금 소진 걱정 끝"" 김성주 이사장이 밝힌 1400조 국민연금의 미래 시나리오 #국민연금 #연금고갈 #2099년 #목표 수익률5.5% #연금개혁 #김성주이사장"
2026-03-16 18:45:15,362,18,2,"""21세기 말까지 기금 소진 걱정 끝"" 김성주 이사장이 밝힌 1400조 국민연금의 미래 시나리오 #국민연금 #연금고갈 #2099년 #목표 수익률5.5% #연금개혁 #김성주이사장"
2026-03-16 19:39:22,362,18,2,"""21세기 말까지 기금 소진 걱정 끝"" 김성주 이사장이 밝힌 1400조 국민연금의 미래 시나리오 #국민연금 #연금고갈 #2099년 #목표 수익률5.5% #연금개혁 #김성주이사장"
2026-03-16 20:31:00,362,18,2,"""21세기 말까지 기금 소진 걱정 끝"" 김성주 이사장이 밝힌 1400조 국민연금의 미래 시나리오 #국민연금 #연금고갈 #2099년 #목표 수익률5.5% #연금개혁 #김성주이사장"
2026-03-16 21:05:01,362,18,2,"""21세기 말까지 기금 소진 걱정 끝"" 김성주 이사장이 밝힌 1400조 국민연금의 미래 시나리오 #국민연금 #연금고갈 #2099년 #목표 수익률5.5% #연금개혁 #김성주이사장"
2026-03-16 22:49:09,362,18,2,"""21세기 말까지 기금 소진 걱정 끝"" 김성주 이사장이 밝힌 1400조 국민연금의 미래 시나리오 #국민연금 #연금고갈 #2099년 #목표 수익률5.5% #연금개혁 #김성주이사장"
2026-03-16 23:49:03,362,18,2,"""21세기 말까지 기금 소진 걱정 끝"" 김성주 이사장이 밝힌 1400조 국민연금의 미래 시나리오 #국민연금 #연금고갈 #2099년 #목표 수익률5.5% #연금개혁 #김성주이사장"
2026-03-17 00:48:21,362,18,2,"""21세기 말까지 기금 소진 걱정 끝"" 김성주 이사장이 밝힌 1400조 국민연금의 미래 시나리오 #국민연금 #연금고갈 #2099년 #목표 수익률5.5% #연금개혁 #김성주이사장"
2026-03-17 01:45:21,362,18,2,"""21세기 말까지 기금 소진 걱정 끝"" 김성주 이사장이 밝힌 1400조 국민연금의 미래 시나리오 #국민연금 #연금고갈 #2099년 #목표 수익률5.5% #연금개혁 #김성주이사장"
2026-03-17 02:44:53,362,18,2,"""21세기 말까지 기금 소진 걱정 끝"" 김성주 이사장이 밝힌 1400조 국민연금의 미래 시나리오 #국민연금 #연금고갈 #2099년 #목표 수익률5.5% #연금개혁 #김성주이사장"
2026-03-17 03:38:39,362,18,2,"""21세기 말까지 기금 소진 걱정 끝"" 김성주 이사장이 밝힌 1400조 국민연금의 미래 시나리오 #국민연금 #연금고갈 #2099년 #목표 수익률5.5% #연금개혁 #김성주이사장"
2026-03-17 04:38:00,362,18,2,"""21세기 말까지 기금 소진 걱정 끝"" 김성주 이사장이 밝힌 1400조 국민연금의 미래 시나리오 #국민연금 #연금고갈 #2099년 #목표 수익률5.5% #연금개혁 #김성주이사장"
2026-03-17 05:03:12,362,18,2,"""21세기 말까지 기금 소진 걱정 끝"" 김성주 이사장이 밝힌 1400조 국민연금의 미래 시나리오 #국민연금 #연금고갈 #2099년 #목표 수익률5.5% #연금개혁 #김성주이사장"
2026-03-17 05:51:20,362,18,2,"""21세기 말까지 기금 소진 걱정 끝"" 김성주 이사장이 밝힌 1400조 국민연금의 미래 시나리오 #국민연금 #연금고갈 #2099년 #목표 수익률5.5% #연금개혁 #김성주이사장"
2026-03-17 06:24:41,362,18,2,"""21세기 말까지 기금 소진 걱정 끝"" 김성주 이사장이 밝힌 1400조 국민연금의 미래 시나리오 #국민연금 #연금고갈 #2099년 #목표 수익률5.5% #연금개혁 #김성주이사장"
2026-03-17 06:58:35,362,18,2,"""21세기 말까지 기금 소진 걱정 끝"" 김성주 이사장이 밝힌 1400조 국민연금의 미래 시나리오 #국민연금 #연금고갈 #2099년 #목표 수익률5.5% #연금개혁 #김성주이사장"
2026-03-17 07:31:32,362,18,2,"""21세기 말까지 기금 소진 걱정 끝"" 김성주 이사장이 밝힌 1400조 국민연금의 미래 시나리오 #국민연금 #연금고갈 #2099년 #목표 수익률5.5% #연금개혁 #김성주이사장"
2026-03-17 07:58:22,362,18,2,"""21세기 말까지 기금 소진 걱정 끝"" 김성주 이사장이 밝힌 1400조 국민연금의 미래 시나리오 #국민연금 #연금고갈 #2099년 #목표 수익률5.5% #연금개혁 #김성주이사장"
2026-03-17 08:29:46,362,18,2,"""21세기 말까지 기금 소진 걱정 끝"" 김성주 이사장이 밝힌 1400조 국민연금의 미래 시나리오 #국민연금 #연금고갈 #2099년 #목표 수익률5.5% #연금개혁 #김성주이사장"
2026-03-17 08:52:41,362,18,2,"""21세기 말까지 기금 소진 걱정 끝"" 김성주 이사장이 밝힌 1400조 국민연금의 미래 시나리오 #국민연금 #연금고갈 #2099년 #목표 수익률5.5% #연금개혁 #김성주이사장"
2026-03-17 09:56:45,362,18,2,"""21세기 말까지 기금 소진 걱정 끝"" 김성주 이사장이 밝힌 1400조 국민연금의 미래 시나리오 #국민연금 #연금고갈 #2099년 #목표 수익률5.5% #연금개혁 #김성주이사장"
2026-03-17 12:29:55,362,18,2,"""21세기 말까지 기금 소진 걱정 끝"" 김성주 이사장이 밝힌 1400조 국민연금의 미래 시나리오 #국민연금 #연금고갈 #2099년 #목표 수익률5.5% #연금개혁 #김성주이사장"
2026-03-17 14:09:16,362,18,2,"""21세기 말까지 기금 소진 걱정 끝"" 김성주 이사장이 밝힌 1400조 국민연금의 미래 시나리오 #국민연금 #연금고갈 #2099년 #목표 수익률5.5% #연금개혁 #김성주이사장"
2026-03-17 15:11:34,363,18,2,"""21세기 말까지 기금 소진 걱정 끝"" 김성주 이사장이 밝힌 1400조 국민연금의 미래 시나리오 #국민연금 #연금고갈 #2099년 #목표 수익률5.5% #연금개혁 #김성주이사장"
2026-03-17 16:18:27,363,18,2,"""21세기 말까지 기금 소진 걱정 끝"" 김성주 이사장이 밝힌 1400조 국민연금의 미래 시나리오 #국민연금 #연금고갈 #2099년 #목표 수익률5.5% #연금개혁 #김성주이사장"
2026-03-17 17:03:38,362,18,2,"""21세기 말까지 기금 소진 걱정 끝"" 김성주 이사장이 밝힌 1400조 국민연금의 미래 시나리오 #국민연금 #연금고갈 #2099년 #목표 수익률5.5% #연금개혁 #김성주이사장"
2026-03-17 18:02:47,364,18,2,"""21세기 말까지 기금 소진 걱정 끝"" 김성주 이사장이 밝힌 1400조 국민연금의 미래 시나리오 #국민연금 #연금고갈 #2099년 #목표 수익률5.5% #연금개혁 #김성주이사장"
2026-03-17 19:01:58,364,18,2,"""21세기 말까지 기금 소진 걱정 끝"" 김성주 이사장이 밝힌 1400조 국민연금의 미래 시나리오 #국민연금 #연금고갈 #2099년 #목표 수익률5.5% #연금개혁 #김성주이사장"
2026-03-17 19:58:58,364,18,2,"""21세기 말까지 기금 소진 걱정 끝"" 김성주 이사장이 밝힌 1400조 국민연금의 미래 시나리오 #국민연금 #연금고갈 #2099년 #목표 수익률5.5% #연금개혁 #김성주이사장"
2026-03-17 20:42:58,364,18,2,"""21세기 말까지 기금 소진 걱정 끝"" 김성주 이사장이 밝힌 1400조 국민연금의 미래 시나리오 #국민연금 #연금고갈 #2099년 #목표 수익률5.5% #연금개혁 #김성주이사장"
2026-03-17 21:33:25,364,18,2,"""21세기 말까지 기금 소진 걱정 끝"" 김성주 이사장이 밝힌 1400조 국민연금의 미래 시나리오 #국민연금 #연금고갈 #2099년 #목표 수익률5.5% #연금개혁 #김성주이사장"
2026-03-17 22:59:53,364,18,2,"""21세기 말까지 기금 소진 걱정 끝"" 김성주 이사장이 밝힌 1400조 국민연금의 미래 시나리오 #국민연금 #연금고갈 #2099년 #목표 수익률5.5% #연금개혁 #김성주이사장"
2026-03-17 23:59:16,364,18,2,"""21세기 말까지 기금 소진 걱정 끝"" 김성주 이사장이 밝힌 1400조 국민연금의 미래 시나리오 #국민연금 #연금고갈 #2099년 #목표 수익률5.5% #연금개혁 #김성주이사장"
2026-03-18 01:06:26,364,18,2,"""21세기 말까지 기금 소진 걱정 끝"" 김성주 이사장이 밝힌 1400조 국민연금의 미래 시나리오 #국민연금 #연금고갈 #2099년 #목표 수익률5.5% #연금개혁 #김성주이사장"
2026-03-18 02:15:48,364,18,2,"""21세기 말까지 기금 소진 걱정 끝"" 김성주 이사장이 밝힌 1400조 국민연금의 미래 시나리오 #국민연금 #연금고갈 #2099년 #목표 수익률5.5% #연금개혁 #김성주이사장"
2026-03-18 03:09:01,364,18,2,"""21세기 말까지 기금 소진 걱정 끝"" 김성주 이사장이 밝힌 1400조 국민연금의 미래 시나리오 #국민연금 #연금고갈 #2099년 #목표 수익률5.5% #연금개혁 #김성주이사장"
2026-03-18 04:18:09,364,18,2,"""21세기 말까지 기금 소진 걱정 끝"" 김성주 이사장이 밝힌 1400조 국민연금의 미래 시나리오 #국민연금 #연금고갈 #2099년 #목표 수익률5.5% #연금개혁 #김성주이사장"
2026-03-18 04:59:19,364,18,2,"""21세기 말까지 기금 소진 걱정 끝"" 김성주 이사장이 밝힌 1400조 국민연금의 미래 시나리오 #국민연금 #연금고갈 #2099년 #목표 수익률5.5% #연금개혁 #김성주이사장"
2026-03-18 05:39:45,364,18,2,"""21세기 말까지 기금 소진 걱정 끝"" 김성주 이사장이 밝힌 1400조 국민연금의 미래 시나리오 #국민연금 #연금고갈 #2099년 #목표 수익률5.5% #연금개혁 #김성주이사장"
2026-03-18 06:20:57,364,18,2,"""21세기 말까지 기금 소진 걱정 끝"" 김성주 이사장이 밝힌 1400조 국민연금의 미래 시나리오 #국민연금 #연금고갈 #2099년 #목표 수익률5.5% #연금개혁 #김성주이사장"
2026-03-18 06:56:10,364,18,2,"""21세기 말까지 기금 소진 걱정 끝"" 김성주 이사장이 밝힌 1400조 국민연금의 미래 시나리오 #국민연금 #연금고갈 #2099년 #목표 수익률5.5% #연금개혁 #김성주이사장"
2026-03-18 07:24:41,364,18,2,"""21세기 말까지 기금 소진 걱정 끝"" 김성주 이사장이 밝힌 1400조 국민연금의 미래 시나리오 #국민연금 #연금고갈 #2099년 #목표 수익률5.5% #연금개혁 #김성주이사장"
2026-03-18 07:56:44,364,18,2,"""21세기 말까지 기금 소진 걱정 끝"" 김성주 이사장이 밝힌 1400조 국민연금의 미래 시나리오 #국민연금 #연금고갈 #2099년 #목표 수익률5.5% #연금개혁 #김성주이사장"
2026-03-18 08:26:11,364,18,2,"""21세기 말까지 기금 소진 걱정 끝"" 김성주 이사장이 밝힌 1400조 국민연금의 미래 시나리오 #국민연금 #연금고갈 #2099년 #목표 수익률5.5% #연금개혁 #김성주이사장"
2026-03-18 08:52:58,364,18,2,"""21세기 말까지 기금 소진 걱정 끝"" 김성주 이사장이 밝힌 1400조 국민연금의 미래 시나리오 #국민연금 #연금고갈 #2099년 #목표 수익률5.5% #연금개혁 #김성주이사장"
2026-03-18 10:00:05,364,18,2,"""21세기 말까지 기금 소진 걱정 끝"" 김성주 이사장이 밝힌 1400조 국민연금의 미래 시나리오 #국민연금 #연금고갈 #2099년 #목표 수익률5.5% #연금개혁 #김성주이사장"
2026-03-18 12:41:06,365,18,2,"""21세기 말까지 기금 소진 걱정 끝"" 김성주 이사장이 밝힌 1400조 국민연금의 미래 시나리오 #국민연금 #연금고갈 #2099년 #목표 수익률5.5% #연금개혁 #김성주이사장"
2026-03-18 14:16:14,365,18,2,"""21세기 말까지 기금 소진 걱정 끝"" 김성주 이사장이 밝힌 1400조 국민연금의 미래 시나리오 #국민연금 #연금고갈 #2099년 #목표 수익률5.5% #연금개혁 #김성주이사장"
2026-03-18 15:14:49,365,18,2,"""21세기 말까지 기금 소진 걱정 끝"" 김성주 이사장이 밝힌 1400조 국민연금의 미래 시나리오 #국민연금 #연금고갈 #2099년 #목표 수익률5.5% #연금개혁 #김성주이사장"
2026-03-18 16:18:04,365,18,2,"""21세기 말까지 기금 소진 걱정 끝"" 김성주 이사장이 밝힌 1400조 국민연금의 미래 시나리오 #국민연금 #연금고갈 #2099년 #목표 수익률5.5% #연금개혁 #김성주이사장"
2026-03-18 17:02:10,365,18,2,"""21세기 말까지 기금 소진 걱정 끝"" 김성주 이사장이 밝힌 1400조 국민연금의 미래 시나리오 #국민연금 #연금고갈 #2099년 #목표 수익률5.5% #연금개혁 #김성주이사장"
2026-03-18 18:00:42,365,18,2,"""21세기 말까지 기금 소진 걱정 끝"" 김성주 이사장이 밝힌 1400조 국민연금의 미래 시나리오 #국민연금 #연금고갈 #2099년 #목표 수익률5.5% #연금개혁 #김성주이사장"
2026-03-18 18:59:58,365,18,2,"""21세기 말까지 기금 소진 걱정 끝"" 김성주 이사장이 밝힌 1400조 국민연금의 미래 시나리오 #국민연금 #연금고갈 #2099년 #목표 수익률5.5% #연금개혁 #김성주이사장"
2026-03-18 19:55:09,365,18,2,"""21세기 말까지 기금 소진 걱정 끝"" 김성주 이사장이 밝힌 1400조 국민연금의 미래 시나리오 #국민연금 #연금고갈 #2099년 #목표 수익률5.5% #연금개혁 #김성주이사장"
2026-03-18 20:37:04,365,18,2,"""21세기 말까지 기금 소진 걱정 끝"" 김성주 이사장이 밝힌 1400조 국민연금의 미래 시나리오 #국민연금 #연금고갈 #2099년 #목표 수익률5.5% #연금개혁 #김성주이사장"
2026-03-18 21:08:49,365,18,2,"""21세기 말까지 기금 소진 걱정 끝"" 김성주 이사장이 밝힌 1400조 국민연금의 미래 시나리오 #국민연금 #연금고갈 #2099년 #목표 수익률5.5% #연금개혁 #김성주이사장"
2026-03-18 22:50:49,365,18,2,"""21세기 말까지 기금 소진 걱정 끝"" 김성주 이사장이 밝힌 1400조 국민연금의 미래 시나리오 #국민연금 #연금고갈 #2099년 #목표 수익률5.5% #연금개혁 #김성주이사장"
2026-03-18 23:53:05,365,18,2,"""21세기 말까지 기금 소진 걱정 끝"" 김성주 이사장이 밝힌 1400조 국민연금의 미래 시나리오 #국민연금 #연금고갈 #2099년 #목표 수익률5.5% #연금개혁 #김성주이사장"
2026-03-19 00:56:41,365,18,2,"""21세기 말까지 기금 소진 걱정 끝"" 김성주 이사장이 밝힌 1400조 국민연금의 미래 시나리오 #국민연금 #연금고갈 #2099년 #목표 수익률5.5% #연금개혁 #김성주이사장"
2026-03-19 01:53:13,365,18,2,"""21세기 말까지 기금 소진 걱정 끝"" 김성주 이사장이 밝힌 1400조 국민연금의 미래 시나리오 #국민연금 #연금고갈 #2099년 #목표 수익률5.5% #연금개혁 #김성주이사장"
2026-03-19 02:49:45,365,18,2,"""21세기 말까지 기금 소진 걱정 끝"" 김성주 이사장이 밝힌 1400조 국민연금의 미래 시나리오 #국민연금 #연금고갈 #2099년 #목표 수익률5.5% #연금개혁 #김성주이사장"
2026-03-19 03:39:05,365,18,2,"""21세기 말까지 기금 소진 걱정 끝"" 김성주 이사장이 밝힌 1400조 국민연금의 미래 시나리오 #국민연금 #연금고갈 #2099년 #목표 수익률5.5% #연금개혁 #김성주이사장"
2026-03-19 04:34:07,365,18,2,"""21세기 말까지 기금 소진 걱정 끝"" 김성주 이사장이 밝힌 1400조 국민연금의 미래 시나리오 #국민연금 #연금고갈 #2099년 #목표 수익률5.5% #연금개혁 #김성주이사장"
2026-03-19 05:01:30,365,18,2,"""21세기 말까지 기금 소진 걱정 끝"" 김성주 이사장이 밝힌 1400조 국민연금의 미래 시나리오 #국민연금 #연금고갈 #2099년 #목표 수익률5.5% #연금개혁 #김성주이사장"
2026-03-19 05:47:16,365,18,2,"""21세기 말까지 기금 소진 걱정 끝"" 김성주 이사장이 밝힌 1400조 국민연금의 미래 시나리오 #국민연금 #연금고갈 #2099년 #목표 수익률5.5% #연금개혁 #김성주이사장"
2026-03-19 06:21:06,365,18,2,"""21세기 말까지 기금 소진 걱정 끝"" 김성주 이사장이 밝힌 1400조 국민연금의 미래 시나리오 #국민연금 #연금고갈 #2099년 #목표 수익률5.5% #연금개혁 #김성주이사장"
2026-03-19 06:52:45,365,18,2,"""21세기 말까지 기금 소진 걱정 끝"" 김성주 이사장이 밝힌 1400조 국민연금의 미래 시나리오 #국민연금 #연금고갈 #2099년 #목표 수익률5.5% #연금개혁 #김성주이사장"
2026-03-19 07:19:18,365,18,2,"""21세기 말까지 기금 소진 걱정 끝"" 김성주 이사장이 밝힌 1400조 국민연금의 미래 시나리오 #국민연금 #연금고갈 #2099년 #목표 수익률5.5% #연금개혁 #김성주이사장"
2026-03-19 07:50:06,365,18,2,"""21세기 말까지 기금 소진 걱정 끝"" 김성주 이사장이 밝힌 1400조 국민연금의 미래 시나리오 #국민연금 #연금고갈 #2099년 #목표 수익률5.5% #연금개혁 #김성주이사장"
2026-03-19 08:16:37,365,18,2,"""21세기 말까지 기금 소진 걱정 끝"" 김성주 이사장이 밝힌 1400조 국민연금의 미래 시나리오 #국민연금 #연금고갈 #2099년 #목표 수익률5.5% #연금개혁 #김성주이사장"
2026-03-19 08:44:36,365,18,2,"""21세기 말까지 기금 소진 걱정 끝"" 김성주 이사장이 밝힌 1400조 국민연금의 미래 시나리오 #국민연금 #연금고갈 #2099년 #목표 수익률5.5% #연금개혁 #김성주이사장"
2026-03-19 08:59:27,365,18,2,"""21세기 말까지 기금 소진 걱정 끝"" 김성주 이사장이 밝힌 1400조 국민연금의 미래 시나리오 #국민연금 #연금고갈 #2099년 #목표 수익률5.5% #연금개혁 #김성주이사장"
2026-03-19 11:23:20,365,18,2,"""21세기 말까지 기금 소진 걱정 끝"" 김성주 이사장이 밝힌 1400조 국민연금의 미래 시나리오 #국민연금 #연금고갈 #2099년 #목표 수익률5.5% #연금개혁 #김성주이사장"
2026-03-19 13:33:01,365,18,2,"""21세기 말까지 기금 소진 걱정 끝"" 김성주 이사장이 밝힌 1400조 국민연금의 미래 시나리오 #국민연금 #연금고갈 #2099년 #목표 수익률5.5% #연금개혁 #김성주이사장"
2026-03-19 14:43:26,365,18,2,"""21세기 말까지 기금 소진 걱정 끝"" 김성주 이사장이 밝힌 1400조 국민연금의 미래 시나리오 #국민연금 #연금고갈 #2099년 #목표 수익률5.5% #연금개혁 #김성주이사장"
2026-03-19 15:38:45,365,18,2,"""21세기 말까지 기금 소진 걱정 끝"" 김성주 이사장이 밝힌 1400조 국민연금의 미래 시나리오 #국민연금 #연금고갈 #2099년 #목표 수익률5.5% #연금개혁 #김성주이사장"
2026-03-19 16:33:53,365,18,2,"""21세기 말까지 기금 소진 걱정 끝"" 김성주 이사장이 밝힌 1400조 국민연금의 미래 시나리오 #국민연금 #연금고갈 #2099년 #목표 수익률5.5% #연금개혁 #김성주이사장"
2026-03-19 17:04:49,365,18,2,"""21세기 말까지 기금 소진 걱정 끝"" 김성주 이사장이 밝힌 1400조 국민연금의 미래 시나리오 #국민연금 #연금고갈 #2099년 #목표 수익률5.5% #연금개혁 #김성주이사장"
2026-03-19 17:57:15,365,18,2,"""21세기 말까지 기금 소진 걱정 끝"" 김성주 이사장이 밝힌 1400조 국민연금의 미래 시나리오 #국민연금 #연금고갈 #2099년 #목표 수익률5.5% #연금개혁 #김성주이사장"
2026-03-19 18:38:00,365,18,2,"""21세기 말까지 기금 소진 걱정 끝"" 김성주 이사장이 밝힌 1400조 국민연금의 미래 시나리오 #국민연금 #연금고갈 #2099년 #목표 수익률5.5% #연금개혁 #김성주이사장"
2026-03-19 19:22:58,365,18,2,"""21세기 말까지 기금 소진 걱정 끝"" 김성주 이사장이 밝힌 1400조 국민연금의 미래 시나리오 #국민연금 #연금고갈 #2099년 #목표 수익률5.5% #연금개혁 #김성주이사장"
2026-03-19 20:05:07,365,18,2,"""21세기 말까지 기금 소진 걱정 끝"" 김성주 이사장이 밝힌 1400조 국민연금의 미래 시나리오 #국민연금 #연금고갈 #2099년 #목표 수익률5.5% #연금개혁 #김성주이사장"
2026-03-19 20:47:16,365,18,2,"""21세기 말까지 기금 소진 걱정 끝"" 김성주 이사장이 밝힌 1400조 국민연금의 미래 시나리오 #국민연금 #연금고갈 #2099년 #목표 수익률5.5% #연금개혁 #김성주이사장"
2026-03-19 21:04:36,365,18,2,"""21세기 말까지 기금 소진 걱정 끝"" 김성주 이사장이 밝힌 1400조 국민연금의 미래 시나리오 #국민연금 #연금고갈 #2099년 #목표 수익률5.5% #연금개혁 #김성주이사장"
2026-03-19 22:38:33,365,18,2,"""21세기 말까지 기금 소진 걱정 끝"" 김성주 이사장이 밝힌 1400조 국민연금의 미래 시나리오 #국민연금 #연금고갈 #2099년 #목표 수익률5.5% #연금개혁 #김성주이사장"
2026-03-19 23:31:32,365,18,2,"""21세기 말까지 기금 소진 걱정 끝"" 김성주 이사장이 밝힌 1400조 국민연금의 미래 시나리오 #국민연금 #연금고갈 #2099년 #목표 수익률5.5% #연금개혁 #김성주이사장"
2026-03-20 00:24:45,365,18,2,"""21세기 말까지 기금 소진 걱정 끝"" 김성주 이사장이 밝힌 1400조 국민연금의 미래 시나리오 #국민연금 #연금고갈 #2099년 #목표 수익률5.5% #연금개혁 #김성주이사장"
2026-03-20 01:12:28,365,18,2,"""21세기 말까지 기금 소진 걱정 끝"" 김성주 이사장이 밝힌 1400조 국민연금의 미래 시나리오 #국민연금 #연금고갈 #2099년 #목표 수익률5.5% #연금개혁 #김성주이사장"
2026-03-20 02:13:43,365,18,2,"""21세기 말까지 기금 소진 걱정 끝"" 김성주 이사장이 밝힌 1400조 국민연금의 미래 시나리오 #국민연금 #연금고갈 #2099년 #목표 수익률5.5% #연금개혁 #김성주이사장"
2026-03-20 03:02:29,365,18,2,"""21세기 말까지 기금 소진 걱정 끝"" 김성주 이사장이 밝힌 1400조 국민연금의 미래 시나리오 #국민연금 #연금고갈 #2099년 #목표 수익률5.5% #연금개혁 #김성주이사장"
2026-03-20 04:10:24,365,18,2,"""21세기 말까지 기금 소진 걱정 끝"" 김성주 이사장이 밝힌 1400조 국민연금의 미래 시나리오 #국민연금 #연금고갈 #2099년 #목표 수익률5.5% #연금개혁 #김성주이사장"
2026-03-20 04:51:12,365,18,2,"""21세기 말까지 기금 소진 걱정 끝"" 김성주 이사장이 밝힌 1400조 국민연금의 미래 시나리오 #국민연금 #연금고갈 #2099년 #목표 수익률5.5% #연금개혁 #김성주이사장"
2026-03-20 05:22:31,365,18,2,"""21세기 말까지 기금 소진 걱정 끝"" 김성주 이사장이 밝힌 1400조 국민연금의 미래 시나리오 #국민연금 #연금고갈 #2099년 #목표 수익률5.5% #연금개혁 #김성주이사장"
2026-03-20 05:59:34,365,18,2,"""21세기 말까지 기금 소진 걱정 끝"" 김성주 이사장이 밝힌 1400조 국민연금의 미래 시나리오 #국민연금 #연금고갈 #2099년 #목표 수익률5.5% #연금개혁 #김성주이사장"
2026-03-20 06:37:07,365,18,2,"""21세기 말까지 기금 소진 걱정 끝"" 김성주 이사장이 밝힌 1400조 국민연금의 미래 시나리오 #국민연금 #연금고갈 #2099년 #목표 수익률5.5% #연금개혁 #김성주이사장"
2026-03-20 06:58:34,365,18,2,"""21세기 말까지 기금 소진 걱정 끝"" 김성주 이사장이 밝힌 1400조 국민연금의 미래 시나리오 #국민연금 #연금고갈 #2099년 #목표 수익률5.5% #연금개혁 #김성주이사장"
2026-03-20 07:27:06,365,18,2,"""21세기 말까지 기금 소진 걱정 끝"" 김성주 이사장이 밝힌 1400조 국민연금의 미래 시나리오 #국민연금 #연금고갈 #2099년 #목표 수익률5.5% #연금개혁 #김성주이사장"
2026-03-20 07:54:48,365,18,2,"""21세기 말까지 기금 소진 걱정 끝"" 김성주 이사장이 밝힌 1400조 국민연금의 미래 시나리오 #국민연금 #연금고갈 #2099년 #목표 수익률5.5% #연금개혁 #김성주이사장"
2026-03-20 08:19:04,365,18,2,"""21세기 말까지 기금 소진 걱정 끝"" 김성주 이사장이 밝힌 1400조 국민연금의 미래 시나리오 #국민연금 #연금고갈 #2099년 #목표 수익률5.5% #연금개혁 #김성주이사장"
2026-03-20 08:47:16,365,18,2,"""21세기 말까지 기금 소진 걱정 끝"" 김성주 이사장이 밝힌 1400조 국민연금의 미래 시나리오 #국민연금 #연금고갈 #2099년 #목표 수익률5.5% #연금개혁 #김성주이사장"
2026-03-20 09:01:08,365,18,2,"""21세기 말까지 기금 소진 걱정 끝"" 김성주 이사장이 밝힌 1400조 국민연금의 미래 시나리오 #국민연금 #연금고갈 #2099년 #목표 수익률5.5% #연금개혁 #김성주이사장"
2026-03-20 11:35:05,365,18,2,"""21세기 말까지 기금 소진 걱정 끝"" 김성주 이사장이 밝힌 1400조 국민연금의 미래 시나리오 #국민연금 #연금고갈 #2099년 #목표 수익률5.5% #연금개혁 #김성주이사장"
2026-03-20 13:26:32,365,18,2,"""21세기 말까지 기금 소진 걱정 끝"" 김성주 이사장이 밝힌 1400조 국민연금의 미래 시나리오 #국민연금 #연금고갈 #2099년 #목표 수익률5.5% #연금개혁 #김성주이사장"
2026-03-20 14:32:42,366,18,2,"""21세기 말까지 기금 소진 걱정 끝"" 김성주 이사장이 밝힌 1400조 국민연금의 미래 시나리오 #국민연금 #연금고갈 #2099년 #목표 수익률5.5% #연금개혁 #김성주이사장"
2026-03-20 15:30:48,366,18,2,"""21세기 말까지 기금 소진 걱정 끝"" 김성주 이사장이 밝힌 1400조 국민연금의 미래 시나리오 #국민연금 #연금고갈 #2099년 #목표 수익률5.5% #연금개혁 #김성주이사장"
2026-03-20 16:29:31,366,18,2,"""21세기 말까지 기금 소진 걱정 끝"" 김성주 이사장이 밝힌 1400조 국민연금의 미래 시나리오 #국민연금 #연금고갈 #2099년 #목표 수익률5.5% #연금개혁 #김성주이사장"
2026-03-20 17:01:12,366,18,2,"""21세기 말까지 기금 소진 걱정 끝"" 김성주 이사장이 밝힌 1400조 국민연금의 미래 시나리오 #국민연금 #연금고갈 #2099년 #목표 수익률5.5% #연금개혁 #김성주이사장"
2026-03-20 17:51:03,366,18,2,"""21세기 말까지 기금 소진 걱정 끝"" 김성주 이사장이 밝힌 1400조 국민연금의 미래 시나리오 #국민연금 #연금고갈 #2099년 #목표 수익률5.5% #연금개혁 #김성주이사장"
2026-03-20 18:27:00,366,18,2,"""21세기 말까지 기금 소진 걱정 끝"" 김성주 이사장이 밝힌 1400조 국민연금의 미래 시나리오 #국민연금 #연금고갈 #2099년 #목표 수익률5.5% #연금개혁 #김성주이사장"
2026-03-20 19:03:02,366,18,2,"""21세기 말까지 기금 소진 걱정 끝"" 김성주 이사장이 밝힌 1400조 국민연금의 미래 시나리오 #국민연금 #연금고갈 #2099년 #목표 수익률5.5% #연금개혁 #김성주이사장"
2026-03-20 19:51:09,366,18,2,"""21세기 말까지 기금 소진 걱정 끝"" 김성주 이사장이 밝힌 1400조 국민연금의 미래 시나리오 #국민연금 #연금고갈 #2099년 #목표 수익률5.5% #연금개혁 #김성주이사장"
2026-03-20 20:20:07,366,18,2,"""21세기 말까지 기금 소진 걱정 끝"" 김성주 이사장이 밝힌 1400조 국민연금의 미래 시나리오 #국민연금 #연금고갈 #2099년 #목표 수익률5.5% #연금개혁 #김성주이사장"
2026-03-20 20:47:53,366,18,2,"""21세기 말까지 기금 소진 걱정 끝"" 김성주 이사장이 밝힌 1400조 국민연금의 미래 시나리오 #국민연금 #연금고갈 #2099년 #목표 수익률5.5% #연금개혁 #김성주이사장"
2026-03-20 21:02:48,366,18,2,"""21세기 말까지 기금 소진 걱정 끝"" 김성주 이사장이 밝힌 1400조 국민연금의 미래 시나리오 #국민연금 #연금고갈 #2099년 #목표 수익률5.5% #연금개혁 #김성주이사장"
2026-03-20 22:19:27,366,18,2,"""21세기 말까지 기금 소진 걱정 끝"" 김성주 이사장이 밝힌 1400조 국민연금의 미래 시나리오 #국민연금 #연금고갈 #2099년 #목표 수익률5.5% #연금개혁 #김성주이사장"
2026-03-20 23:08:13,366,18,2,"""21세기 말까지 기금 소진 걱정 끝"" 김성주 이사장이 밝힌 1400조 국민연금의 미래 시나리오 #국민연금 #연금고갈 #2099년 #목표 수익률5.5% #연금개혁 #김성주이사장"
2026-03-20 23:58:30,366,18,2,"""21세기 말까지 기금 소진 걱정 끝"" 김성주 이사장이 밝힌 1400조 국민연금의 미래 시나리오 #국민연금 #연금고갈 #2099년 #목표 수익률5.5% #연금개혁 #김성주이사장"
2026-03-21 00:40:52,366,18,2,"""21세기 말까지 기금 소진 걱정 끝"" 김성주 이사장이 밝힌 1400조 국민연금의 미래 시나리오 #국민연금 #연금고갈 #2099년 #목표 수익률5.5% #연금개혁 #김성주이사장"
2026-03-21 01:23:53,366,18,2,"""21세기 말까지 기금 소진 걱정 끝"" 김성주 이사장이 밝힌 1400조 국민연금의 미래 시나리오 #국민연금 #연금고갈 #2099년 #목표 수익률5.5% #연금개혁 #김성주이사장"
2026-03-21 02:05:41,366,18,2,"""21세기 말까지 기금 소진 걱정 끝"" 김성주 이사장이 밝힌 1400조 국민연금의 미래 시나리오 #국민연금 #연금고갈 #2099년 #목표 수익률5.5% #연금개혁 #김성주이사장"
2026-03-21 02:48:56,366,18,2,"""21세기 말까지 기금 소진 걱정 끝"" 김성주 이사장이 밝힌 1400조 국민연금의 미래 시나리오 #국민연금 #연금고갈 #2099년 #목표 수익률5.5% #연금개혁 #김성주이사장"
2026-03-21 03:26:38,366,18,2,"""21세기 말까지 기금 소진 걱정 끝"" 김성주 이사장이 밝힌 1400조 국민연금의 미래 시나리오 #국민연금 #연금고갈 #2099년 #목표 수익률5.5% #연금개혁 #김성주이사장"
2026-03-21 04:10:26,366,18,2,"""21세기 말까지 기금 소진 걱정 끝"" 김성주 이사장이 밝힌 1400조 국민연금의 미래 시나리오 #국민연금 #연금고갈 #2099년 #목표 수익률5.5% #연금개혁 #김성주이사장"
2026-03-21 04:48:08,366,18,2,"""21세기 말까지 기금 소진 걱정 끝"" 김성주 이사장이 밝힌 1400조 국민연금의 미래 시나리오 #국민연금 #연금고갈 #2099년 #목표 수익률5.5% #연금개혁 #김성주이사장"
2026-03-21 05:03:29,366,18,2,"""21세기 말까지 기금 소진 걱정 끝"" 김성주 이사장이 밝힌 1400조 국민연금의 미래 시나리오 #국민연금 #연금고갈 #2099년 #목표 수익률5.5% #연금개혁 #김성주이사장"
2026-03-21 05:45:13,366,18,2,"""21세기 말까지 기금 소진 걱정 끝"" 김성주 이사장이 밝힌 1400조 국민연금의 미래 시나리오 #국민연금 #연금고갈 #2099년 #목표 수익률5.5% #연금개혁 #김성주이사장"
2026-03-21 06:04:20,366,18,2,"""21세기 말까지 기금 소진 걱정 끝"" 김성주 이사장이 밝힌 1400조 국민연금의 미래 시나리오 #국민연금 #연금고갈 #2099년 #목표 수익률5.5% #연금개혁 #김성주이사장"
2026-03-21 06:40:02,366,18,2,"""21세기 말까지 기금 소진 걱정 끝"" 김성주 이사장이 밝힌 1400조 국민연금의 미래 시나리오 #국민연금 #연금고갈 #2099년 #목표 수익률5.5% #연금개혁 #김성주이사장"
2026-03-21 06:57:32,366,18,2,"""21세기 말까지 기금 소진 걱정 끝"" 김성주 이사장이 밝힌 1400조 국민연금의 미래 시나리오 #국민연금 #연금고갈 #2099년 #목표 수익률5.5% #연금개혁 #김성주이사장"
2026-03-21 07:23:41,366,18,2,"""21세기 말까지 기금 소진 걱정 끝"" 김성주 이사장이 밝힌 1400조 국민연금의 미래 시나리오 #국민연금 #연금고갈 #2099년 #목표 수익률5.5% #연금개혁 #김성주이사장"
2026-03-21 07:51:39,366,18,2,"""21세기 말까지 기금 소진 걱정 끝"" 김성주 이사장이 밝힌 1400조 국민연금의 미래 시나리오 #국민연금 #연금고갈 #2099년 #목표 수익률5.5% #연금개혁 #김성주이사장"
2026-03-21 08:15:58,366,18,2,"""21세기 말까지 기금 소진 걱정 끝"" 김성주 이사장이 밝힌 1400조 국민연금의 미래 시나리오 #국민연금 #연금고갈 #2099년 #목표 수익률5.5% #연금개혁 #김성주이사장"
2026-03-21 08:45:03,366,18,2,"""21세기 말까지 기금 소진 걱정 끝"" 김성주 이사장이 밝힌 1400조 국민연금의 미래 시나리오 #국민연금 #연금고갈 #2099년 #목표 수익률5.5% #연금개혁 #김성주이사장"
2026-03-21 08:59:34,366,18,2,"""21세기 말까지 기금 소진 걱정 끝"" 김성주 이사장이 밝힌 1400조 국민연금의 미래 시나리오 #국민연금 #연금고갈 #2099년 #목표 수익률5.5% #연금개혁 #김성주이사장"
2026-03-21 11:05:33,366,18,2,"""21세기 말까지 기금 소진 걱정 끝"" 김성주 이사장이 밝힌 1400조 국민연금의 미래 시나리오 #국민연금 #연금고갈 #2099년 #목표 수익률5.5% #연금개혁 #김성주이사장"
2026-03-21 13:11:53,366,18,2,"""21세기 말까지 기금 소진 걱정 끝"" 김성주 이사장이 밝힌 1400조 국민연금의 미래 시나리오 #국민연금 #연금고갈 #2099년 #목표 수익률5.5% #연금개혁 #김성주이사장"
2026-03-21 14:11:55,366,18,2,"""21세기 말까지 기금 소진 걱정 끝"" 김성주 이사장이 밝힌 1400조 국민연금의 미래 시나리오 #국민연금 #연금고갈 #2099년 #목표 수익률5.5% #연금개혁 #김성주이사장"
2026-03-21 14:54:27,366,18,2,"""21세기 말까지 기금 소진 걱정 끝"" 김성주 이사장이 밝힌 1400조 국민연금의 미래 시나리오 #국민연금 #연금고갈 #2099년 #목표 수익률5.5% #연금개혁 #김성주이사장"
2026-03-21 15:26:59,366,18,2,"""21세기 말까지 기금 소진 걱정 끝"" 김성주 이사장이 밝힌 1400조 국민연금의 미래 시나리오 #국민연금 #연금고갈 #2099년 #목표 수익률5.5% #연금개혁 #김성주이사장"
2026-03-21 16:06:58,366,18,2,"""21세기 말까지 기금 소진 걱정 끝"" 김성주 이사장이 밝힌 1400조 국민연금의 미래 시나리오 #국민연금 #연금고갈 #2099년 #목표 수익률5.5% #연금개혁 #김성주이사장"
2026-03-21 16:42:13,366,18,2,"""21세기 말까지 기금 소진 걱정 끝"" 김성주 이사장이 밝힌 1400조 국민연금의 미래 시나리오 #국민연금 #연금고갈 #2099년 #목표 수익률5.5% #연금개혁 #김성주이사장"
2026-03-21 16:57:39,366,18,2,"""21세기 말까지 기금 소진 걱정 끝"" 김성주 이사장이 밝힌 1400조 국민연금의 미래 시나리오 #국민연금 #연금고갈 #2099년 #목표 수익률5.5% #연금개혁 #김성주이사장"
2026-03-21 17:28:10,366,18,2,"""21세기 말까지 기금 소진 걱정 끝"" 김성주 이사장이 밝힌 1400조 국민연금의 미래 시나리오 #국민연금 #연금고갈 #2099년 #목표 수익률5.5% #연금개혁 #김성주이사장"
2026-03-21 17:56:42,366,18,2,"""21세기 말까지 기금 소진 걱정 끝"" 김성주 이사장이 밝힌 1400조 국민연금의 미래 시나리오 #국민연금 #연금고갈 #2099년 #목표 수익률5.5% #연금개혁 #김성주이사장"
2026-03-21 18:25:33,366,18,2,"""21세기 말까지 기금 소진 걱정 끝"" 김성주 이사장이 밝힌 1400조 국민연금의 미래 시나리오 #국민연금 #연금고갈 #2099년 #목표 수익률5.5% #연금개혁 #김성주이사장"
2026-03-21 18:51:42,366,18,2,"""21세기 말까지 기금 소진 걱정 끝"" 김성주 이사장이 밝힌 1400조 국민연금의 미래 시나리오 #국민연금 #연금고갈 #2099년 #목표 수익률5.5% #연금개혁 #김성주이사장"
2026-03-21 19:02:07,366,18,2,"""21세기 말까지 기금 소진 걱정 끝"" 김성주 이사장이 밝힌 1400조 국민연금의 미래 시나리오 #국민연금 #연금고갈 #2099년 #목표 수익률5.5% #연금개혁 #김성주이사장"
2026-03-21 19:36:41,366,18,2,"""21세기 말까지 기금 소진 걱정 끝"" 김성주 이사장이 밝힌 1400조 국민연금의 미래 시나리오 #국민연금 #연금고갈 #2099년 #목표 수익률5.5% #연금개혁 #김성주이사장"
2026-03-21 19:56:15,366,18,2,"""21세기 말까지 기금 소진 걱정 끝"" 김성주 이사장이 밝힌 1400조 국민연금의 미래 시나리오 #국민연금 #연금고갈 #2099년 #목표 수익률5.5% #연금개혁 #김성주이사장"
2026-03-21 20:16:48,366,18,2,"""21세기 말까지 기금 소진 걱정 끝"" 김성주 이사장이 밝힌 1400조 국민연금의 미래 시나리오 #국민연금 #연금고갈 #2099년 #목표 수익률5.5% #연금개혁 #김성주이사장"
2026-03-21 20:38:30,366,18,2,"""21세기 말까지 기금 소진 걱정 끝"" 김성주 이사장이 밝힌 1400조 국민연금의 미래 시나리오 #국민연금 #연금고갈 #2099년 #목표 수익률5.5% #연금개혁 #김성주이사장"
2026-03-21 20:52:27,366,18,2,"""21세기 말까지 기금 소진 걱정 끝"" 김성주 이사장이 밝힌 1400조 국민연금의 미래 시나리오 #국민연금 #연금고갈 #2099년 #목표 수익률5.5% #연금개혁 #김성주이사장"
2026-03-21 21:00:25,366,18,2,"""21세기 말까지 기금 소진 걱정 끝"" 김성주 이사장이 밝힌 1400조 국민연금의 미래 시나리오 #국민연금 #연금고갈 #2099년 #목표 수익률5.5% #연금개혁 #김성주이사장"
2026-03-21 21:57:03,366,18,2,"""21세기 말까지 기금 소진 걱정 끝"" 김성주 이사장이 밝힌 1400조 국민연금의 미래 시나리오 #국민연금 #연금고갈 #2099년 #목표 수익률5.5% #연금개혁 #김성주이사장"
2026-03-21 22:38:29,366,18,2,"""21세기 말까지 기금 소진 걱정 끝"" 김성주 이사장이 밝힌 1400조 국민연금의 미래 시나리오 #국민연금 #연금고갈 #2099년 #목표 수익률5.5% #연금개혁 #김성주이사장"
2026-03-21 23:01:22,366,18,2,"""21세기 말까지 기금 소진 걱정 끝"" 김성주 이사장이 밝힌 1400조 국민연금의 미래 시나리오 #국민연금 #연금고갈 #2099년 #목표 수익률5.5% #연금개혁 #김성주이사장"
2026-03-21 23:33:37,366,18,2,"""21세기 말까지 기금 소진 걱정 끝"" 김성주 이사장이 밝힌 1400조 국민연금의 미래 시나리오 #국민연금 #연금고갈 #2099년 #목표 수익률5.5% #연금개혁 #김성주이사장"
2026-03-21 23:55:14,366,18,2,"""21세기 말까지 기금 소진 걱정 끝"" 김성주 이사장이 밝힌 1400조 국민연금의 미래 시나리오 #국민연금 #연금고갈 #2099년 #목표 수익률5.5% #연금개혁 #김성주이사장"
2026-03-22 00:16:20,366,18,2,"""21세기 말까지 기금 소진 걱정 끝"" 김성주 이사장이 밝힌 1400조 국민연금의 미래 시나리오 #국민연금 #연금고갈 #2099년 #목표 수익률5.5% #연금개혁 #김성주이사장"
2026-03-22 00:42:47,366,18,2,"""21세기 말까지 기금 소진 걱정 끝"" 김성주 이사장이 밝힌 1400조 국민연금의 미래 시나리오 #국민연금 #연금고갈 #2099년 #목표 수익률5.5% #연금개혁 #김성주이사장"
2026-03-22 00:56:49,366,18,2,"""21세기 말까지 기금 소진 걱정 끝"" 김성주 이사장이 밝힌 1400조 국민연금의 미래 시나리오 #국민연금 #연금고갈 #2099년 #목표 수익률5.5% #연금개혁 #김성주이사장"
2026-03-22 01:21:36,366,18,2,"""21세기 말까지 기금 소진 걱정 끝"" 김성주 이사장이 밝힌 1400조 국민연금의 미래 시나리오 #국민연금 #연금고갈 #2099년 #목표 수익률5.5% #연금개혁 #김성주이사장"
2026-03-22 01:50:19,366,18,2,"""21세기 말까지 기금 소진 걱정 끝"" 김성주 이사장이 밝힌 1400조 국민연금의 미래 시나리오 #국민연금 #연금고갈 #2099년 #목표 수익률5.5% #연금개혁 #김성주이사장"
2026-03-22 02:13:18,366,18,2,"""21세기 말까지 기금 소진 걱정 끝"" 김성주 이사장이 밝힌 1400조 국민연금의 미래 시나리오 #국민연금 #연금고갈 #2099년 #목표 수익률5.5% #연금개혁 #김성주이사장"
2026-03-22 02:40:22,366,18,2,"""21세기 말까지 기금 소진 걱정 끝"" 김성주 이사장이 밝힌 1400조 국민연금의 미래 시나리오 #국민연금 #연금고갈 #2099년 #목표 수익률5.5% #연금개혁 #김성주이사장"
2026-03-22 02:56:21,366,18,2,"""21세기 말까지 기금 소진 걱정 끝"" 김성주 이사장이 밝힌 1400조 국민연금의 미래 시나리오 #국민연금 #연금고갈 #2099년 #목표 수익률5.5% #연금개혁 #김성주이사장"
2026-03-22 03:26:01,366,18,2,"""21세기 말까지 기금 소진 걱정 끝"" 김성주 이사장이 밝힌 1400조 국민연금의 미래 시나리오 #국민연금 #연금고갈 #2099년 #목표 수익률5.5% #연금개혁 #김성주이사장"
2026-03-22 03:58:44,366,18,2,"""21세기 말까지 기금 소진 걱정 끝"" 김성주 이사장이 밝힌 1400조 국민연금의 미래 시나리오 #국민연금 #연금고갈 #2099년 #목표 수익률5.5% #연금개혁 #김성주이사장"
2026-03-22 04:23:31,366,18,2,"""21세기 말까지 기금 소진 걱정 끝"" 김성주 이사장이 밝힌 1400조 국민연금의 미래 시나리오 #국민연금 #연금고갈 #2099년 #목표 수익률5.5% #연금개혁 #김성주이사장"
2026-03-22 04:41:58,366,18,2,"""21세기 말까지 기금 소진 걱정 끝"" 김성주 이사장이 밝힌 1400조 국민연금의 미래 시나리오 #국민연금 #연금고갈 #2099년 #목표 수익률5.5% #연금개혁 #김성주이사장"
2026-03-22 04:53:52,366,18,2,"""21세기 말까지 기금 소진 걱정 끝"" 김성주 이사장이 밝힌 1400조 국민연금의 미래 시나리오 #국민연금 #연금고갈 #2099년 #목표 수익률5.5% #연금개혁 #김성주이사장"
2026-03-22 05:00:45,366,18,2,"""21세기 말까지 기금 소진 걱정 끝"" 김성주 이사장이 밝힌 1400조 국민연금의 미래 시나리오 #국민연금 #연금고갈 #2099년 #목표 수익률5.5% #연금개혁 #김성주이사장"
2026-03-22 05:32:59,366,18,2,"""21세기 말까지 기금 소진 걱정 끝"" 김성주 이사장이 밝힌 1400조 국민연금의 미래 시나리오 #국민연금 #연금고갈 #2099년 #목표 수익률5.5% #연금개혁 #김성주이사장"
2026-03-22 05:53:30,366,18,2,"""21세기 말까지 기금 소진 걱정 끝"" 김성주 이사장이 밝힌 1400조 국민연금의 미래 시나리오 #국민연금 #연금고갈 #2099년 #목표 수익률5.5% #연금개혁 #김성주이사장"
2026-03-22 06:13:05,366,18,2,"""21세기 말까지 기금 소진 걱정 끝"" 김성주 이사장이 밝힌 1400조 국민연금의 미래 시나리오 #국민연금 #연금고갈 #2099년 #목표 수익률5.5% #연금개혁 #김성주이사장"
2026-03-22 06:38:20,366,18,2,"""21세기 말까지 기금 소진 걱정 끝"" 김성주 이사장이 밝힌 1400조 국민연금의 미래 시나리오 #국민연금 #연금고갈 #2099년 #목표 수익률5.5% #연금개혁 #김성주이사장"
2026-03-22 06:53:13,366,18,2,"""21세기 말까지 기금 소진 걱정 끝"" 김성주 이사장이 밝힌 1400조 국민연금의 미래 시나리오 #국민연금 #연금고갈 #2099년 #목표 수익률5.5% #연금개혁 #김성주이사장"
2026-03-22 07:00:55,366,18,2,"""21세기 말까지 기금 소진 걱정 끝"" 김성주 이사장이 밝힌 1400조 국민연금의 미래 시나리오 #국민연금 #연금고갈 #2099년 #목표 수익률5.5% #연금개혁 #김성주이사장"
2026-03-22 07:31:00,366,18,2,"""21세기 말까지 기금 소진 걱정 끝"" 김성주 이사장이 밝힌 1400조 국민연금의 미래 시나리오 #국민연금 #연금고갈 #2099년 #목표 수익률5.5% #연금개혁 #김성주이사장"
2026-03-22 07:52:39,366,18,2,"""21세기 말까지 기금 소진 걱정 끝"" 김성주 이사장이 밝힌 1400조 국민연금의 미래 시나리오 #국민연금 #연금고갈 #2099년 #목표 수익률5.5% #연금개혁 #김성주이사장"
2026-03-22 08:12:38,366,18,2,"""21세기 말까지 기금 소진 걱정 끝"" 김성주 이사장이 밝힌 1400조 국민연금의 미래 시나리오 #국민연금 #연금고갈 #2099년 #목표 수익률5.5% #연금개혁 #김성주이사장"
2026-03-22 08:38:15,366,18,2,"""21세기 말까지 기금 소진 걱정 끝"" 김성주 이사장이 밝힌 1400조 국민연금의 미래 시나리오 #국민연금 #연금고갈 #2099년 #목표 수익률5.5% #연금개혁 #김성주이사장"
2026-03-22 08:54:12,366,18,2,"""21세기 말까지 기금 소진 걱정 끝"" 김성주 이사장이 밝힌 1400조 국민연금의 미래 시나리오 #국민연금 #연금고갈 #2099년 #목표 수익률5.5% #연금개혁 #김성주이사장"
2026-03-22 09:59:24,366,18,2,"""21세기 말까지 기금 소진 걱정 끝"" 김성주 이사장이 밝힌 1400조 국민연금의 미래 시나리오 #국민연금 #연금고갈 #2099년 #목표 수익률5.5% #연금개혁 #김성주이사장"
2026-03-22 12:39:01,366,18,2,"""21세기 말까지 기금 소진 걱정 끝"" 김성주 이사장이 밝힌 1400조 국민연금의 미래 시나리오 #국민연금 #연금고갈 #2099년 #목표 수익률5.5% #연금개혁 #김성주이사장"
2026-03-22 14:10:20,366,18,2,"""21세기 말까지 기금 소진 걱정 끝"" 김성주 이사장이 밝힌 1400조 국민연금의 미래 시나리오 #국민연금 #연금고갈 #2099년 #목표 수익률5.5% #연금개혁 #김성주이사장"
2026-03-22 15:05:15,366,18,2,"""21세기 말까지 기금 소진 걱정 끝"" 김성주 이사장이 밝힌 1400조 국민연금의 미래 시나리오 #국민연금 #연금고갈 #2099년 #목표 수익률5.5% #연금개혁 #김성주이사장"
2026-03-22 16:03:34,366,18,2,"""21세기 말까지 기금 소진 걱정 끝"" 김성주 이사장이 밝힌 1400조 국민연금의 미래 시나리오 #국민연금 #연금고갈 #2099년 #목표 수익률5.5% #연금개혁 #김성주이사장"
2026-03-22 16:43:39,366,18,2,"""21세기 말까지 기금 소진 걱정 끝"" 김성주 이사장이 밝힌 1400조 국민연금의 미래 시나리오 #국민연금 #연금고갈 #2099년 #목표 수익률5.5% #연금개혁 #김성주이사장"
2026-03-22 17:00:56,366,18,2,"""21세기 말까지 기금 소진 걱정 끝"" 김성주 이사장이 밝힌 1400조 국민연금의 미래 시나리오 #국민연금 #연금고갈 #2099년 #목표 수익률5.5% #연금개혁 #김성주이사장"
2026-03-22 17:40:58,366,18,2,"""21세기 말까지 기금 소진 걱정 끝"" 김성주 이사장이 밝힌 1400조 국민연금의 미래 시나리오 #국민연금 #연금고갈 #2099년 #목표 수익률5.5% #연금개혁 #김성주이사장"
2026-03-22 18:03:06,366,18,2,"""21세기 말까지 기금 소진 걱정 끝"" 김성주 이사장이 밝힌 1400조 국민연금의 미래 시나리오 #국민연금 #연금고갈 #2099년 #목표 수익률5.5% #연금개혁 #김성주이사장"
2026-03-22 18:42:46,366,18,2,"""21세기 말까지 기금 소진 걱정 끝"" 김성주 이사장이 밝힌 1400조 국민연금의 미래 시나리오 #국민연금 #연금고갈 #2099년 #목표 수익률5.5% #연금개혁 #김성주이사장"
2026-03-22 18:59:42,366,18,2,"""21세기 말까지 기금 소진 걱정 끝"" 김성주 이사장이 밝힌 1400조 국민연금의 미래 시나리오 #국민연금 #연금고갈 #2099년 #목표 수익률5.5% #연금개혁 #김성주이사장"
2026-03-22 19:29:52,366,18,2,"""21세기 말까지 기금 소진 걱정 끝"" 김성주 이사장이 밝힌 1400조 국민연금의 미래 시나리오 #국민연금 #연금고갈 #2099년 #목표 수익률5.5% #연금개혁 #김성주이사장"
2026-03-22 19:54:10,366,18,2,"""21세기 말까지 기금 소진 걱정 끝"" 김성주 이사장이 밝힌 1400조 국민연금의 미래 시나리오 #국민연금 #연금고갈 #2099년 #목표 수익률5.5% #연금개혁 #김성주이사장"
2026-03-22 20:13:17,366,18,2,"""21세기 말까지 기금 소진 걱정 끝"" 김성주 이사장이 밝힌 1400조 국민연금의 미래 시나리오 #국민연금 #연금고갈 #2099년 #목표 수익률5.5% #연금개혁 #김성주이사장"
2026-03-22 20:35:49,366,18,2,"""21세기 말까지 기금 소진 걱정 끝"" 김성주 이사장이 밝힌 1400조 국민연금의 미래 시나리오 #국민연금 #연금고갈 #2099년 #목표 수익률5.5% #연금개혁 #김성주이사장"
2026-03-22 20:51:24,366,18,2,"""21세기 말까지 기금 소진 걱정 끝"" 김성주 이사장이 밝힌 1400조 국민연금의 미래 시나리오 #국민연금 #연금고갈 #2099년 #목표 수익률5.5% #연금개혁 #김성주이사장"
2026-03-22 21:00:12,366,18,2,"""21세기 말까지 기금 소진 걱정 끝"" 김성주 이사장이 밝힌 1400조 국민연금의 미래 시나리오 #국민연금 #연금고갈 #2099년 #목표 수익률5.5% #연금개혁 #김성주이사장"
2026-03-22 21:58:02,366,18,2,"""21세기 말까지 기금 소진 걱정 끝"" 김성주 이사장이 밝힌 1400조 국민연금의 미래 시나리오 #국민연금 #연금고갈 #2099년 #목표 수익률5.5% #연금개혁 #김성주이사장"
2026-03-22 22:41:39,366,18,2,"""21세기 말까지 기금 소진 걱정 끝"" 김성주 이사장이 밝힌 1400조 국민연금의 미래 시나리오 #국민연금 #연금고갈 #2099년 #목표 수익률5.5% #연금개혁 #김성주이사장"
2026-03-22 23:03:44,366,18,2,"""21세기 말까지 기금 소진 걱정 끝"" 김성주 이사장이 밝힌 1400조 국민연금의 미래 시나리오 #국민연금 #연금고갈 #2099년 #목표 수익률5.5% #연금개혁 #김성주이사장"
2026-03-22 23:37:58,366,18,2,"""21세기 말까지 기금 소진 걱정 끝"" 김성주 이사장이 밝힌 1400조 국민연금의 미래 시나리오 #국민연금 #연금고갈 #2099년 #목표 수익률5.5% #연금개혁 #김성주이사장"
2026-03-22 23:57:33,366,18,2,"""21세기 말까지 기금 소진 걱정 끝"" 김성주 이사장이 밝힌 1400조 국민연금의 미래 시나리오 #국민연금 #연금고갈 #2099년 #목표 수익률5.5% #연금개혁 #김성주이사장"
2026-03-23 00:21:45,366,18,2,"""21세기 말까지 기금 소진 걱정 끝"" 김성주 이사장이 밝힌 1400조 국민연금의 미래 시나리오 #국민연금 #연금고갈 #2099년 #목표 수익률5.5% #연금개혁 #김성주이사장"
2026-03-23 00:45:01,366,18,2,"""21세기 말까지 기금 소진 걱정 끝"" 김성주 이사장이 밝힌 1400조 국민연금의 미래 시나리오 #국민연금 #연금고갈 #2099년 #목표 수익률5.5% #연금개혁 #김성주이사장"
2026-03-23 00:58:42,366,18,2,"""21세기 말까지 기금 소진 걱정 끝"" 김성주 이사장이 밝힌 1400조 국민연금의 미래 시나리오 #국민연금 #연금고갈 #2099년 #목표 수익률5.5% #연금개혁 #김성주이사장"
2026-03-23 01:29:07,366,18,2,"""21세기 말까지 기금 소진 걱정 끝"" 김성주 이사장이 밝힌 1400조 국민연금의 미래 시나리오 #국민연금 #연금고갈 #2099년 #목표 수익률5.5% #연금개혁 #김성주이사장"
2026-03-23 01:55:11,366,18,2,"""21세기 말까지 기금 소진 걱정 끝"" 김성주 이사장이 밝힌 1400조 국민연금의 미래 시나리오 #국민연금 #연금고갈 #2099년 #목표 수익률5.5% #연금개혁 #김성주이사장"
2026-03-23 02:16:52,366,18,2,"""21세기 말까지 기금 소진 걱정 끝"" 김성주 이사장이 밝힌 1400조 국민연금의 미래 시나리오 #국민연금 #연금고갈 #2099년 #목표 수익률5.5% #연금개혁 #김성주이사장"
2026-03-23 02:44:17,366,18,2,"""21세기 말까지 기금 소진 걱정 끝"" 김성주 이사장이 밝힌 1400조 국민연금의 미래 시나리오 #국민연금 #연금고갈 #2099년 #목표 수익률5.5% #연금개혁 #김성주이사장"
2026-03-23 02:58:49,366,18,2,"""21세기 말까지 기금 소진 걱정 끝"" 김성주 이사장이 밝힌 1400조 국민연금의 미래 시나리오 #국민연금 #연금고갈 #2099년 #목표 수익률5.5% #연금개혁 #김성주이사장"
2026-03-23 03:36:52,366,18,2,"""21세기 말까지 기금 소진 걱정 끝"" 김성주 이사장이 밝힌 1400조 국민연금의 미래 시나리오 #국민연금 #연금고갈 #2099년 #목표 수익률5.5% #연금개혁 #김성주이사장"
2026-03-23 04:04:15,366,18,2,"""21세기 말까지 기금 소진 걱정 끝"" 김성주 이사장이 밝힌 1400조 국민연금의 미래 시나리오 #국민연금 #연금고갈 #2099년 #목표 수익률5.5% #연금개혁 #김성주이사장"
2026-03-23 04:34:44,366,18,2,"""21세기 말까지 기금 소진 걱정 끝"" 김성주 이사장이 밝힌 1400조 국민연금의 미래 시나리오 #국민연금 #연금고갈 #2099년 #목표 수익률5.5% #연금개혁 #김성주이사장"
2026-03-23 04:50:09,366,18,2,"""21세기 말까지 기금 소진 걱정 끝"" 김성주 이사장이 밝힌 1400조 국민연금의 미래 시나리오 #국민연금 #연금고갈 #2099년 #목표 수익률5.5% #연금개혁 #김성주이사장"
2026-03-23 04:59:06,366,18,2,"""21세기 말까지 기금 소진 걱정 끝"" 김성주 이사장이 밝힌 1400조 국민연금의 미래 시나리오 #국민연금 #연금고갈 #2099년 #목표 수익률5.5% #연금개혁 #김성주이사장"
2026-03-23 05:28:11,366,18,2,"""21세기 말까지 기금 소진 걱정 끝"" 김성주 이사장이 밝힌 1400조 국민연금의 미래 시나리오 #국민연금 #연금고갈 #2099년 #목표 수익률5.5% #연금개혁 #김성주이사장"
2026-03-23 05:51:37,366,18,2,"""21세기 말까지 기금 소진 걱정 끝"" 김성주 이사장이 밝힌 1400조 국민연금의 미래 시나리오 #국민연금 #연금고갈 #2099년 #목표 수익률5.5% #연금개혁 #김성주이사장"
2026-03-23 06:13:39,366,18,2,"""21세기 말까지 기금 소진 걱정 끝"" 김성주 이사장이 밝힌 1400조 국민연금의 미래 시나리오 #국민연금 #연금고갈 #2099년 #목표 수익률5.5% #연금개혁 #김성주이사장"
2026-03-23 06:41:11,366,18,2,"""21세기 말까지 기금 소진 걱정 끝"" 김성주 이사장이 밝힌 1400조 국민연금의 미래 시나리오 #국민연금 #연금고갈 #2099년 #목표 수익률5.5% #연금개혁 #김성주이사장"
2026-03-23 06:56:36,366,18,2,"""21세기 말까지 기금 소진 걱정 끝"" 김성주 이사장이 밝힌 1400조 국민연금의 미래 시나리오 #국민연금 #연금고갈 #2099년 #목표 수익률5.5% #연금개혁 #김성주이사장"
2026-03-23 07:18:34,366,18,2,"""21세기 말까지 기금 소진 걱정 끝"" 김성주 이사장이 밝힌 1400조 국민연금의 미래 시나리오 #국민연금 #연금고갈 #2099년 #목표 수익률5.5% #연금개혁 #김성주이사장"
2026-03-23 07:46:53,366,18,2,"""21세기 말까지 기금 소진 걱정 끝"" 김성주 이사장이 밝힌 1400조 국민연금의 미래 시나리오 #국민연금 #연금고갈 #2099년 #목표 수익률5.5% #연금개혁 #김성주이사장"
2026-03-23 08:02:17,367,18,2,"""21세기 말까지 기금 소진 걱정 끝"" 김성주 이사장이 밝힌 1400조 국민연금의 미래 시나리오 #국민연금 #연금고갈 #2099년 #목표 수익률5.5% #연금개혁 #김성주이사장"
2026-03-23 08:36:35,367,18,2,"""21세기 말까지 기금 소진 걱정 끝"" 김성주 이사장이 밝힌 1400조 국민연금의 미래 시나리오 #국민연금 #연금고갈 #2099년 #목표 수익률5.5% #연금개혁 #김성주이사장"
2026-03-23 08:55:58,367,18,2,"""21세기 말까지 기금 소진 걱정 끝"" 김성주 이사장이 밝힌 1400조 국민연금의 미래 시나리오 #국민연금 #연금고갈 #2099년 #목표 수익률5.5% #연금개혁 #김성주이사장"
2026-03-23 10:21:18,367,18,2,"""21세기 말까지 기금 소진 걱정 끝"" 김성주 이사장이 밝힌 1400조 국민연금의 미래 시나리오 #국민연금 #연금고갈 #2099년 #목표 수익률5.5% #연금개혁 #김성주이사장"
2026-03-23 13:01:26,367,18,2,"""21세기 말까지 기금 소진 걱정 끝"" 김성주 이사장이 밝힌 1400조 국민연금의 미래 시나리오 #국민연금 #연금고갈 #2099년 #목표 수익률5.5% #연금개혁 #김성주이사장"
2026-03-23 14:42:40,367,18,2,"""21세기 말까지 기금 소진 걱정 끝"" 김성주 이사장이 밝힌 1400조 국민연금의 미래 시나리오 #국민연금 #연금고갈 #2099년 #목표 수익률5.5% #연금개혁 #김성주이사장"
2026-03-23 15:50:32,367,18,2,"""21세기 말까지 기금 소진 걱정 끝"" 김성주 이사장이 밝힌 1400조 국민연금의 미래 시나리오 #국민연금 #연금고갈 #2099년 #목표 수익률5.5% #연금개혁 #김성주이사장"
2026-03-23 16:50:45,367,18,2,"""21세기 말까지 기금 소진 걱정 끝"" 김성주 이사장이 밝힌 1400조 국민연금의 미래 시나리오 #국민연금 #연금고갈 #2099년 #목표 수익률5.5% #연금개혁 #김성주이사장"
2026-03-23 17:37:08,367,18,2,"""21세기 말까지 기금 소진 걱정 끝"" 김성주 이사장이 밝힌 1400조 국민연금의 미래 시나리오 #국민연금 #연금고갈 #2099년 #목표 수익률5.5% #연금개혁 #김성주이사장"
2026-03-23 18:42:14,367,18,2,"""21세기 말까지 기금 소진 걱정 끝"" 김성주 이사장이 밝힌 1400조 국민연금의 미래 시나리오 #국민연금 #연금고갈 #2099년 #목표 수익률5.5% #연금개혁 #김성주이사장"
2026-03-23 19:35:39,367,18,2,"""21세기 말까지 기금 소진 걱정 끝"" 김성주 이사장이 밝힌 1400조 국민연금의 미래 시나리오 #국민연금 #연금고갈 #2099년 #목표 수익률5.5% #연금개혁 #김성주이사장"
2026-03-23 20:26:26,367,18,2,"""21세기 말까지 기금 소진 걱정 끝"" 김성주 이사장이 밝힌 1400조 국민연금의 미래 시나리오 #국민연금 #연금고갈 #2099년 #목표 수익률5.5% #연금개혁 #김성주이사장"
2026-03-23 21:00:19,367,18,2,"""21세기 말까지 기금 소진 걱정 끝"" 김성주 이사장이 밝힌 1400조 국민연금의 미래 시나리오 #국민연금 #연금고갈 #2099년 #목표 수익률5.5% #연금개혁 #김성주이사장"
2026-03-23 22:15:25,367,18,2,"""21세기 말까지 기금 소진 걱정 끝"" 김성주 이사장이 밝힌 1400조 국민연금의 미래 시나리오 #국민연금 #연금고갈 #2099년 #목표 수익률5.5% #연금개혁 #김성주이사장"
2026-03-23 23:34:23,367,18,2,"""21세기 말까지 기금 소진 걱정 끝"" 김성주 이사장이 밝힌 1400조 국민연금의 미래 시나리오 #국민연금 #연금고갈 #2099년 #목표 수익률5.5% #연금개혁 #김성주이사장"
2026-03-24 00:38:28,367,18,2,"""21세기 말까지 기금 소진 걱정 끝"" 김성주 이사장이 밝힌 1400조 국민연금의 미래 시나리오 #국민연금 #연금고갈 #2099년 #목표 수익률5.5% #연금개혁 #김성주이사장"
2026-03-24 01:32:10,367,18,2,"""21세기 말까지 기금 소진 걱정 끝"" 김성주 이사장이 밝힌 1400조 국민연금의 미래 시나리오 #국민연금 #연금고갈 #2099년 #목표 수익률5.5% #연금개혁 #김성주이사장"
2026-03-24 02:27:40,367,18,2,"""21세기 말까지 기금 소진 걱정 끝"" 김성주 이사장이 밝힌 1400조 국민연금의 미래 시나리오 #국민연금 #연금고갈 #2099년 #목표 수익률5.5% #연금개혁 #김성주이사장"
2026-03-24 03:08:44,367,18,2,"""21세기 말까지 기금 소진 걱정 끝"" 김성주 이사장이 밝힌 1400조 국민연금의 미래 시나리오 #국민연금 #연금고갈 #2099년 #목표 수익률5.5% #연금개혁 #김성주이사장"
2026-03-24 04:10:12,367,18,2,"""21세기 말까지 기금 소진 걱정 끝"" 김성주 이사장이 밝힌 1400조 국민연금의 미래 시나리오 #국민연금 #연금고갈 #2099년 #목표 수익률5.5% #연금개혁 #김성주이사장"
2026-03-24 04:53:35,367,18,2,"""21세기 말까지 기금 소진 걱정 끝"" 김성주 이사장이 밝힌 1400조 국민연금의 미래 시나리오 #국민연금 #연금고갈 #2099년 #목표 수익률5.5% #연금개혁 #김성주이사장"
2026-03-24 05:25:25,367,18,2,"""21세기 말까지 기금 소진 걱정 끝"" 김성주 이사장이 밝힌 1400조 국민연금의 미래 시나리오 #국민연금 #연금고갈 #2099년 #목표 수익률5.5% #연금개혁 #김성주이사장"
2026-03-24 05:59:09,367,18,2,"""21세기 말까지 기금 소진 걱정 끝"" 김성주 이사장이 밝힌 1400조 국민연금의 미래 시나리오 #국민연금 #연금고갈 #2099년 #목표 수익률5.5% #연금개혁 #김성주이사장"
2026-03-24 06:36:22,367,18,2,"""21세기 말까지 기금 소진 걱정 끝"" 김성주 이사장이 밝힌 1400조 국민연금의 미래 시나리오 #국민연금 #연금고갈 #2099년 #목표 수익률5.5% #연금개혁 #김성주이사장"
2026-03-24 06:59:11,367,18,2,"""21세기 말까지 기금 소진 걱정 끝"" 김성주 이사장이 밝힌 1400조 국민연금의 미래 시나리오 #국민연금 #연금고갈 #2099년 #목표 수익률5.5% #연금개혁 #김성주이사장"
2026-03-24 07:33:37,367,18,2,"""21세기 말까지 기금 소진 걱정 끝"" 김성주 이사장이 밝힌 1400조 국민연금의 미래 시나리오 #국민연금 #연금고갈 #2099년 #목표 수익률5.5% #연금개혁 #김성주이사장"
2026-03-24 08:02:43,367,18,2,"""21세기 말까지 기금 소진 걱정 끝"" 김성주 이사장이 밝힌 1400조 국민연금의 미래 시나리오 #국민연금 #연금고갈 #2099년 #목표 수익률5.5% #연금개혁 #김성주이사장"
2026-03-24 08:41:37,367,18,2,"""21세기 말까지 기금 소진 걱정 끝"" 김성주 이사장이 밝힌 1400조 국민연금의 미래 시나리오 #국민연금 #연금고갈 #2099년 #목표 수익률5.5% #연금개혁 #김성주이사장"
2026-03-24 08:59:56,367,18,2,"""21세기 말까지 기금 소진 걱정 끝"" 김성주 이사장이 밝힌 1400조 국민연금의 미래 시나리오 #국민연금 #연금고갈 #2099년 #목표 수익률5.5% #연금개혁 #김성주이사장"
2026-03-24 11:22:59,367,18,2,"""21세기 말까지 기금 소진 걱정 끝"" 김성주 이사장이 밝힌 1400조 국민연금의 미래 시나리오 #국민연금 #연금고갈 #2099년 #목표 수익률5.5% #연금개혁 #김성주이사장"
2026-03-24 13:29:24,367,18,2,"""21세기 말까지 기금 소진 걱정 끝"" 김성주 이사장이 밝힌 1400조 국민연금의 미래 시나리오 #국민연금 #연금고갈 #2099년 #목표 수익률5.5% #연금개혁 #김성주이사장"
2026-03-24 14:42:51,367,18,2,"""21세기 말까지 기금 소진 걱정 끝"" 김성주 이사장이 밝힌 1400조 국민연금의 미래 시나리오 #국민연금 #연금고갈 #2099년 #목표 수익률5.5% #연금개혁 #김성주이사장"
2026-03-24 15:43:20,367,18,2,"""21세기 말까지 기금 소진 걱정 끝"" 김성주 이사장이 밝힌 1400조 국민연금의 미래 시나리오 #국민연금 #연금고갈 #2099년 #목표 수익률5.5% #연금개혁 #김성주이사장"
2026-03-24 16:40:47,367,18,2,"""21세기 말까지 기금 소진 걱정 끝"" 김성주 이사장이 밝힌 1400조 국민연금의 미래 시나리오 #국민연금 #연금고갈 #2099년 #목표 수익률5.5% #연금개혁 #김성주이사장"
2026-03-24 17:28:55,367,18,2,"""21세기 말까지 기금 소진 걱정 끝"" 김성주 이사장이 밝힌 1400조 국민연금의 미래 시나리오 #국민연금 #연금고갈 #2099년 #목표 수익률5.5% #연금개혁 #김성주이사장"
2026-03-24 18:27:51,367,18,2,"""21세기 말까지 기금 소진 걱정 끝"" 김성주 이사장이 밝힌 1400조 국민연금의 미래 시나리오 #국민연금 #연금고갈 #2099년 #목표 수익률5.5% #연금개혁 #김성주이사장"
2026-03-24 19:13:07,367,18,2,"""21세기 말까지 기금 소진 걱정 끝"" 김성주 이사장이 밝힌 1400조 국민연금의 미래 시나리오 #국민연금 #연금고갈 #2099년 #목표 수익률5.5% #연금개혁 #김성주이사장"
2026-03-24 20:09:11,367,18,2,"""21세기 말까지 기금 소진 걱정 끝"" 김성주 이사장이 밝힌 1400조 국민연금의 미래 시나리오 #국민연금 #연금고갈 #2099년 #목표 수익률5.5% #연금개혁 #김성주이사장"
2026-03-24 20:54:34,367,18,2,"""21세기 말까지 기금 소진 걱정 끝"" 김성주 이사장이 밝힌 1400조 국민연금의 미래 시나리오 #국민연금 #연금고갈 #2099년 #목표 수익률5.5% #연금개혁 #김성주이사장"
2026-03-24 21:39:51,367,18,2,"""21세기 말까지 기금 소진 걱정 끝"" 김성주 이사장이 밝힌 1400조 국민연금의 미래 시나리오 #국민연금 #연금고갈 #2099년 #목표 수익률5.5% #연금개혁 #김성주이사장"
2026-03-24 23:02:43,367,18,2,"""21세기 말까지 기금 소진 걱정 끝"" 김성주 이사장이 밝힌 1400조 국민연금의 미래 시나리오 #국민연금 #연금고갈 #2099년 #목표 수익률5.5% #연금개혁 #김성주이사장"
2026-03-25 00:11:05,367,18,2,"""21세기 말까지 기금 소진 걱정 끝"" 김성주 이사장이 밝힌 1400조 국민연금의 미래 시나리오 #국민연금 #연금고갈 #2099년 #목표 수익률5.5% #연금개혁 #김성주이사장"
2026-03-25 01:16:55,367,18,2,"""21세기 말까지 기금 소진 걱정 끝"" 김성주 이사장이 밝힌 1400조 국민연금의 미래 시나리오 #국민연금 #연금고갈 #2099년 #목표 수익률5.5% #연금개혁 #김성주이사장"
2026-03-25 02:15:41,367,18,2,"""21세기 말까지 기금 소진 걱정 끝"" 김성주 이사장이 밝힌 1400조 국민연금의 미래 시나리오 #국민연금 #연금고갈 #2099년 #목표 수익률5.5% #연금개혁 #김성주이사장"
2026-03-25 03:08:35,367,18,2,"""21세기 말까지 기금 소진 걱정 끝"" 김성주 이사장이 밝힌 1400조 국민연금의 미래 시나리오 #국민연금 #연금고갈 #2099년 #목표 수익률5.5% #연금개혁 #김성주이사장"
2026-03-25 04:19:16,367,18,2,"""21세기 말까지 기금 소진 걱정 끝"" 김성주 이사장이 밝힌 1400조 국민연금의 미래 시나리오 #국민연금 #연금고갈 #2099년 #목표 수익률5.5% #연금개혁 #김성주이사장"
2026-03-25 04:58:36,367,18,2,"""21세기 말까지 기금 소진 걱정 끝"" 김성주 이사장이 밝힌 1400조 국민연금의 미래 시나리오 #국민연금 #연금고갈 #2099년 #목표 수익률5.5% #연금개혁 #김성주이사장"
2026-03-25 05:39:23,367,18,2,"""21세기 말까지 기금 소진 걱정 끝"" 김성주 이사장이 밝힌 1400조 국민연금의 미래 시나리오 #국민연금 #연금고갈 #2099년 #목표 수익률5.5% #연금개혁 #김성주이사장"
2026-03-25 06:21:10,367,18,2,"""21세기 말까지 기금 소진 걱정 끝"" 김성주 이사장이 밝힌 1400조 국민연금의 미래 시나리오 #국민연금 #연금고갈 #2099년 #목표 수익률5.5% #연금개혁 #김성주이사장"
2026-03-25 06:55:19,367,18,2,"""21세기 말까지 기금 소진 걱정 끝"" 김성주 이사장이 밝힌 1400조 국민연금의 미래 시나리오 #국민연금 #연금고갈 #2099년 #목표 수익률5.5% #연금개혁 #김성주이사장"
2026-03-25 07:20:02,367,18,2,"""21세기 말까지 기금 소진 걱정 끝"" 김성주 이사장이 밝힌 1400조 국민연금의 미래 시나리오 #국민연금 #연금고갈 #2099년 #목표 수익률5.5% #연금개혁 #김성주이사장"
2026-03-25 07:52:53,367,18,2,"""21세기 말까지 기금 소진 걱정 끝"" 김성주 이사장이 밝힌 1400조 국민연금의 미래 시나리오 #국민연금 #연금고갈 #2099년 #목표 수익률5.5% #연금개혁 #김성주이사장"
2026-03-25 08:18:43,367,18,2,"""21세기 말까지 기금 소진 걱정 끝"" 김성주 이사장이 밝힌 1400조 국민연금의 미래 시나리오 #국민연금 #연금고갈 #2099년 #목표 수익률5.5% #연금개혁 #김성주이사장"
2026-03-25 08:49:05,367,18,2,"""21세기 말까지 기금 소진 걱정 끝"" 김성주 이사장이 밝힌 1400조 국민연금의 미래 시나리오 #국민연금 #연금고갈 #2099년 #목표 수익률5.5% #연금개혁 #김성주이사장"
2026-03-25 09:03:29,367,18,2,"""21세기 말까지 기금 소진 걱정 끝"" 김성주 이사장이 밝힌 1400조 국민연금의 미래 시나리오 #국민연금 #연금고갈 #2099년 #목표 수익률5.5% #연금개혁 #김성주이사장"
2026-03-25 11:56:13,367,18,2,"""21세기 말까지 기금 소진 걱정 끝"" 김성주 이사장이 밝힌 1400조 국민연금의 미래 시나리오 #국민연금 #연금고갈 #2099년 #목표 수익률5.5% #연금개혁 #김성주이사장"
2026-03-25 13:49:20,367,18,2,"""21세기 말까지 기금 소진 걱정 끝"" 김성주 이사장이 밝힌 1400조 국민연금의 미래 시나리오 #국민연금 #연금고갈 #2099년 #목표 수익률5.5% #연금개혁 #김성주이사장"
2026-03-25 14:50:02,367,18,2,"""21세기 말까지 기금 소진 걱정 끝"" 김성주 이사장이 밝힌 1400조 국민연금의 미래 시나리오 #국민연금 #연금고갈 #2099년 #목표 수익률5.5% #연금개혁 #김성주이사장"
2026-03-25 15:45:11,367,18,2,"""21세기 말까지 기금 소진 걱정 끝"" 김성주 이사장이 밝힌 1400조 국민연금의 미래 시나리오 #국민연금 #연금고갈 #2099년 #목표 수익률5.5% #연금개혁 #김성주이사장"
2026-03-25 16:41:20,367,18,2,"""21세기 말까지 기금 소진 걱정 끝"" 김성주 이사장이 밝힌 1400조 국민연금의 미래 시나리오 #국민연금 #연금고갈 #2099년 #목표 수익률5.5% #연금개혁 #김성주이사장"
2026-03-25 17:29:22,367,18,2,"""21세기 말까지 기금 소진 걱정 끝"" 김성주 이사장이 밝힌 1400조 국민연금의 미래 시나리오 #국민연금 #연금고갈 #2099년 #목표 수익률5.5% #연금개혁 #김성주이사장"
2026-03-25 18:27:29,367,18,2,"""21세기 말까지 기금 소진 걱정 끝"" 김성주 이사장이 밝힌 1400조 국민연금의 미래 시나리오 #국민연금 #연금고갈 #2099년 #목표 수익률5.5% #연금개혁 #김성주이사장"
2026-03-25 19:13:00,367,18,2,"""21세기 말까지 기금 소진 걱정 끝"" 김성주 이사장이 밝힌 1400조 국민연금의 미래 시나리오 #국민연금 #연금고갈 #2099년 #목표 수익률5.5% #연금개혁 #김성주이사장"
2026-03-25 20:06:58,367,18,2,"""21세기 말까지 기금 소진 걱정 끝"" 김성주 이사장이 밝힌 1400조 국민연금의 미래 시나리오 #국민연금 #연금고갈 #2099년 #목표 수익률5.5% #연금개혁 #김성주이사장"
2026-03-25 20:52:47,367,18,2,"""21세기 말까지 기금 소진 걱정 끝"" 김성주 이사장이 밝힌 1400조 국민연금의 미래 시나리오 #국민연금 #연금고갈 #2099년 #목표 수익률5.5% #연금개혁 #김성주이사장"
2026-03-25 21:34:18,367,18,2,"""21세기 말까지 기금 소진 걱정 끝"" 김성주 이사장이 밝힌 1400조 국민연금의 미래 시나리오 #국민연금 #연금고갈 #2099년 #목표 수익률5.5% #연금개혁 #김성주이사장"
2026-03-25 22:58:04,367,18,2,"""21세기 말까지 기금 소진 걱정 끝"" 김성주 이사장이 밝힌 1400조 국민연금의 미래 시나리오 #국민연금 #연금고갈 #2099년 #목표 수익률5.5% #연금개혁 #김성주이사장"
2026-03-25 23:56:07,367,18,2,"""21세기 말까지 기금 소진 걱정 끝"" 김성주 이사장이 밝힌 1400조 국민연금의 미래 시나리오 #국민연금 #연금고갈 #2099년 #목표 수익률5.5% #연금개혁 #김성주이사장"
2026-03-26 01:01:19,367,18,2,"""21세기 말까지 기금 소진 걱정 끝"" 김성주 이사장이 밝힌 1400조 국민연금의 미래 시나리오 #국민연금 #연금고갈 #2099년 #목표 수익률5.5% #연금개혁 #김성주이사장"
2026-03-26 02:10:49,367,18,2,"""21세기 말까지 기금 소진 걱정 끝"" 김성주 이사장이 밝힌 1400조 국민연금의 미래 시나리오 #국민연금 #연금고갈 #2099년 #목표 수익률5.5% #연금개혁 #김성주이사장"
2026-03-26 03:08:48,367,18,2,"""21세기 말까지 기금 소진 걱정 끝"" 김성주 이사장이 밝힌 1400조 국민연금의 미래 시나리오 #국민연금 #연금고갈 #2099년 #목표 수익률5.5% #연금개혁 #김성주이사장"
2026-03-26 04:10:05,367,18,2,"""21세기 말까지 기금 소진 걱정 끝"" 김성주 이사장이 밝힌 1400조 국민연금의 미래 시나리오 #국민연금 #연금고갈 #2099년 #목표 수익률5.5% #연금개혁 #김성주이사장"
2026-03-26 04:52:57,367,18,2,"""21세기 말까지 기금 소진 걱정 끝"" 김성주 이사장이 밝힌 1400조 국민연금의 미래 시나리오 #국민연금 #연금고갈 #2099년 #목표 수익률5.5% #연금개혁 #김성주이사장"
2026-03-26 05:24:39,367,18,2,"""21세기 말까지 기금 소진 걱정 끝"" 김성주 이사장이 밝힌 1400조 국민연금의 미래 시나리오 #국민연금 #연금고갈 #2099년 #목표 수익률5.5% #연금개혁 #김성주이사장"
2026-03-26 05:58:50,367,18,2,"""21세기 말까지 기금 소진 걱정 끝"" 김성주 이사장이 밝힌 1400조 국민연금의 미래 시나리오 #국민연금 #연금고갈 #2099년 #목표 수익률5.5% #연금개혁 #김성주이사장"
2026-03-26 06:38:39,367,18,2,"""21세기 말까지 기금 소진 걱정 끝"" 김성주 이사장이 밝힌 1400조 국민연금의 미래 시나리오 #국민연금 #연금고갈 #2099년 #목표 수익률5.5% #연금개혁 #김성주이사장"
2026-03-26 07:05:30,367,18,2,"""21세기 말까지 기금 소진 걱정 끝"" 김성주 이사장이 밝힌 1400조 국민연금의 미래 시나리오 #국민연금 #연금고갈 #2099년 #목표 수익률5.5% #연금개혁 #김성주이사장"
2026-03-26 07:51:01,367,18,2,"""21세기 말까지 기금 소진 걱정 끝"" 김성주 이사장이 밝힌 1400조 국민연금의 미래 시나리오 #국민연금 #연금고갈 #2099년 #목표 수익률5.5% #연금개혁 #김성주이사장"
2026-03-26 08:20:59,367,18,2,"""21세기 말까지 기금 소진 걱정 끝"" 김성주 이사장이 밝힌 1400조 국민연금의 미래 시나리오 #국민연금 #연금고갈 #2099년 #목표 수익률5.5% #연금개혁 #김성주이사장"
2026-03-26 08:53:14,367,18,2,"""21세기 말까지 기금 소진 걱정 끝"" 김성주 이사장이 밝힌 1400조 국민연금의 미래 시나리오 #국민연금 #연금고갈 #2099년 #목표 수익률5.5% #연금개혁 #김성주이사장"
2026-03-26 10:03:42,367,18,2,"""21세기 말까지 기금 소진 걱정 끝"" 김성주 이사장이 밝힌 1400조 국민연금의 미래 시나리오 #국민연금 #연금고갈 #2099년 #목표 수익률5.5% #연금개혁 #김성주이사장"
2026-03-26 12:52:32,367,18,2,"""21세기 말까지 기금 소진 걱정 끝"" 김성주 이사장이 밝힌 1400조 국민연금의 미래 시나리오 #국민연금 #연금고갈 #2099년 #목표 수익률5.5% #연금개혁 #김성주이사장"
2026-03-26 14:26:29,367,18,2,"""21세기 말까지 기금 소진 걱정 끝"" 김성주 이사장이 밝힌 1400조 국민연금의 미래 시나리오 #국민연금 #연금고갈 #2099년 #목표 수익률5.5% #연금개혁 #김성주이사장"
2026-03-26 15:42:37,367,18,2,"""21세기 말까지 기금 소진 걱정 끝"" 김성주 이사장이 밝힌 1400조 국민연금의 미래 시나리오 #국민연금 #연금고갈 #2099년 #목표 수익률5.5% #연금개혁 #김성주이사장"
2026-03-26 16:45:23,367,18,2,"""21세기 말까지 기금 소진 걱정 끝"" 김성주 이사장이 밝힌 1400조 국민연금의 미래 시나리오 #국민연금 #연금고갈 #2099년 #목표 수익률5.5% #연금개혁 #김성주이사장"
2026-03-26 17:34:04,367,18,2,"""21세기 말까지 기금 소진 걱정 끝"" 김성주 이사장이 밝힌 1400조 국민연금의 미래 시나리오 #국민연금 #연금고갈 #2099년 #목표 수익률5.5% #연금개혁 #김성주이사장"
2026-03-26 18:38:05,367,18,2,"""21세기 말까지 기금 소진 걱정 끝"" 김성주 이사장이 밝힌 1400조 국민연금의 미래 시나리오 #국민연금 #연금고갈 #2099년 #목표 수익률5.5% #연금개혁 #김성주이사장"
2026-03-26 19:31:30,367,18,2,"""21세기 말까지 기금 소진 걱정 끝"" 김성주 이사장이 밝힌 1400조 국민연금의 미래 시나리오 #국민연금 #연금고갈 #2099년 #목표 수익률5.5% #연금개혁 #김성주이사장"
2026-03-26 20:28:52,367,18,2,"""21세기 말까지 기금 소진 걱정 끝"" 김성주 이사장이 밝힌 1400조 국민연금의 미래 시나리오 #국민연금 #연금고갈 #2099년 #목표 수익률5.5% #연금개혁 #김성주이사장"
2026-03-26 21:06:36,367,18,2,"""21세기 말까지 기금 소진 걱정 끝"" 김성주 이사장이 밝힌 1400조 국민연금의 미래 시나리오 #국민연금 #연금고갈 #2099년 #목표 수익률5.5% #연금개혁 #김성주이사장"
2026-03-26 22:53:42,367,18,2,"""21세기 말까지 기금 소진 걱정 끝"" 김성주 이사장이 밝힌 1400조 국민연금의 미래 시나리오 #국민연금 #연금고갈 #2099년 #목표 수익률5.5% #연금개혁 #김성주이사장"
2026-03-26 23:54:35,367,18,2,"""21세기 말까지 기금 소진 걱정 끝"" 김성주 이사장이 밝힌 1400조 국민연금의 미래 시나리오 #국민연금 #연금고갈 #2099년 #목표 수익률5.5% #연금개혁 #김성주이사장"
2026-03-27 01:00:02,367,17,2,"""21세기 말까지 기금 소진 걱정 끝"" 김성주 이사장이 밝힌 1400조 국민연금의 미래 시나리오 #국민연금 #연금고갈 #2099년 #목표 수익률5.5% #연금개혁 #김성주이사장"
2026-03-27 02:05:13,367,17,2,"""21세기 말까지 기금 소진 걱정 끝"" 김성주 이사장이 밝힌 1400조 국민연금의 미래 시나리오 #국민연금 #연금고갈 #2099년 #목표 수익률5.5% #연금개혁 #김성주이사장"
2026-03-27 03:07:25,367,17,2,"""21세기 말까지 기금 소진 걱정 끝"" 김성주 이사장이 밝힌 1400조 국민연금의 미래 시나리오 #국민연금 #연금고갈 #2099년 #목표 수익률5.5% #연금개혁 #김성주이사장"
2026-03-27 04:21:43,367,17,2,"""21세기 말까지 기금 소진 걱정 끝"" 김성주 이사장이 밝힌 1400조 국민연금의 미래 시나리오 #국민연금 #연금고갈 #2099년 #목표 수익률5.5% #연금개혁 #김성주이사장"
2026-03-27 04:59:09,367,17,2,"""21세기 말까지 기금 소진 걱정 끝"" 김성주 이사장이 밝힌 1400조 국민연금의 미래 시나리오 #국민연금 #연금고갈 #2099년 #목표 수익률5.5% #연금개혁 #김성주이사장"
2026-03-27 05:36:30,367,17,2,"""21세기 말까지 기금 소진 걱정 끝"" 김성주 이사장이 밝힌 1400조 국민연금의 미래 시나리오 #국민연금 #연금고갈 #2099년 #목표 수익률5.5% #연금개혁 #김성주이사장"
2026-03-27 06:03:44,367,17,2,"""21세기 말까지 기금 소진 걱정 끝"" 김성주 이사장이 밝힌 1400조 국민연금의 미래 시나리오 #국민연금 #연금고갈 #2099년 #목표 수익률5.5% #연금개혁 #김성주이사장"
2026-03-27 06:40:13,367,17,2,"""21세기 말까지 기금 소진 걱정 끝"" 김성주 이사장이 밝힌 1400조 국민연금의 미래 시나리오 #국민연금 #연금고갈 #2099년 #목표 수익률5.5% #연금개혁 #김성주이사장"
2026-03-27 06:57:42,367,17,2,"""21세기 말까지 기금 소진 걱정 끝"" 김성주 이사장이 밝힌 1400조 국민연금의 미래 시나리오 #국민연금 #연금고갈 #2099년 #목표 수익률5.5% #연금개혁 #김성주이사장"
2026-03-27 07:25:14,367,17,2,"""21세기 말까지 기금 소진 걱정 끝"" 김성주 이사장이 밝힌 1400조 국민연금의 미래 시나리오 #국민연금 #연금고갈 #2099년 #목표 수익률5.5% #연금개혁 #김성주이사장"
2026-03-27 07:53:41,367,17,2,"""21세기 말까지 기금 소진 걱정 끝"" 김성주 이사장이 밝힌 1400조 국민연금의 미래 시나리오 #국민연금 #연금고갈 #2099년 #목표 수익률5.5% #연금개혁 #김성주이사장"
2026-03-27 08:17:31,367,17,2,"""21세기 말까지 기금 소진 걱정 끝"" 김성주 이사장이 밝힌 1400조 국민연금의 미래 시나리오 #국민연금 #연금고갈 #2099년 #목표 수익률5.5% #연금개혁 #김성주이사장"
2026-03-27 08:49:58,367,17,2,"""21세기 말까지 기금 소진 걱정 끝"" 김성주 이사장이 밝힌 1400조 국민연금의 미래 시나리오 #국민연금 #연금고갈 #2099년 #목표 수익률5.5% #연금개혁 #김성주이사장"
2026-03-27 10:02:35,367,17,2,"""21세기 말까지 기금 소진 걱정 끝"" 김성주 이사장이 밝힌 1400조 국민연금의 미래 시나리오 #국민연금 #연금고갈 #2099년 #목표 수익률5.5% #연금개혁 #김성주이사장"
2026-03-27 12:53:26,367,17,2,"""21세기 말까지 기금 소진 걱정 끝"" 김성주 이사장이 밝힌 1400조 국민연금의 미래 시나리오 #국민연금 #연금고갈 #2099년 #목표 수익률5.5% #연금개혁 #김성주이사장"
2026-03-27 14:27:28,367,17,2,"""21세기 말까지 기금 소진 걱정 끝"" 김성주 이사장이 밝힌 1400조 국민연금의 미래 시나리오 #국민연금 #연금고갈 #2099년 #목표 수익률5.5% #연금개혁 #김성주이사장"
2026-03-27 15:44:04,367,17,2,"""21세기 말까지 기금 소진 걱정 끝"" 김성주 이사장이 밝힌 1400조 국민연금의 미래 시나리오 #국민연금 #연금고갈 #2099년 #목표 수익률5.5% #연금개혁 #김성주이사장"
2026-03-27 16:45:59,367,17,2,"""21세기 말까지 기금 소진 걱정 끝"" 김성주 이사장이 밝힌 1400조 국민연금의 미래 시나리오 #국민연금 #연금고갈 #2099년 #목표 수익률5.5% #연금개혁 #김성주이사장"
2026-03-27 17:31:48,367,17,2,"""21세기 말까지 기금 소진 걱정 끝"" 김성주 이사장이 밝힌 1400조 국민연금의 미래 시나리오 #국민연금 #연금고갈 #2099년 #목표 수익률5.5% #연금개혁 #김성주이사장"
2026-03-27 18:29:30,367,17,2,"""21세기 말까지 기금 소진 걱정 끝"" 김성주 이사장이 밝힌 1400조 국민연금의 미래 시나리오 #국민연금 #연금고갈 #2099년 #목표 수익률5.5% #연금개혁 #김성주이사장"
2026-03-27 19:11:24,367,17,2,"""21세기 말까지 기금 소진 걱정 끝"" 김성주 이사장이 밝힌 1400조 국민연금의 미래 시나리오 #국민연금 #연금고갈 #2099년 #목표 수익률5.5% #연금개혁 #김성주이사장"
2026-03-27 20:05:34,367,17,2,"""21세기 말까지 기금 소진 걱정 끝"" 김성주 이사장이 밝힌 1400조 국민연금의 미래 시나리오 #국민연금 #연금고갈 #2099년 #목표 수익률5.5% #연금개혁 #김성주이사장"
2026-03-27 20:51:40,368,17,2,"""21세기 말까지 기금 소진 걱정 끝"" 김성주 이사장이 밝힌 1400조 국민연금의 미래 시나리오 #국민연금 #연금고갈 #2099년 #목표 수익률5.5% #연금개혁 #김성주이사장"
2026-03-27 21:31:24,368,17,2,"""21세기 말까지 기금 소진 걱정 끝"" 김성주 이사장이 밝힌 1400조 국민연금의 미래 시나리오 #국민연금 #연금고갈 #2099년 #목표 수익률5.5% #연금개혁 #김성주이사장"
2026-03-27 22:51:28,368,17,2,"""21세기 말까지 기금 소진 걱정 끝"" 김성주 이사장이 밝힌 1400조 국민연금의 미래 시나리오 #국민연금 #연금고갈 #2099년 #목표 수익률5.5% #연금개혁 #김성주이사장"
2026-03-27 23:40:55,368,17,2,"""21세기 말까지 기금 소진 걱정 끝"" 김성주 이사장이 밝힌 1400조 국민연금의 미래 시나리오 #국민연금 #연금고갈 #2099년 #목표 수익률5.5% #연금개혁 #김성주이사장"
2026-03-28 00:30:28,368,17,2,"""21세기 말까지 기금 소진 걱정 끝"" 김성주 이사장이 밝힌 1400조 국민연금의 미래 시나리오 #국민연금 #연금고갈 #2099년 #목표 수익률5.5% #연금개혁 #김성주이사장"
2026-03-28 01:27:50,368,17,2,"""21세기 말까지 기금 소진 걱정 끝"" 김성주 이사장이 밝힌 1400조 국민연금의 미래 시나리오 #국민연금 #연금고갈 #2099년 #목표 수익률5.5% #연금개혁 #김성주이사장"
2026-03-28 02:25:28,368,17,2,"""21세기 말까지 기금 소진 걱정 끝"" 김성주 이사장이 밝힌 1400조 국민연금의 미래 시나리오 #국민연금 #연금고갈 #2099년 #목표 수익률5.5% #연금개혁 #김성주이사장"
2026-03-28 03:08:15,368,17,2,"""21세기 말까지 기금 소진 걱정 끝"" 김성주 이사장이 밝힌 1400조 국민연금의 미래 시나리오 #국민연금 #연금고갈 #2099년 #목표 수익률5.5% #연금개혁 #김성주이사장"
2026-03-28 04:09:11,368,17,2,"""21세기 말까지 기금 소진 걱정 끝"" 김성주 이사장이 밝힌 1400조 국민연금의 미래 시나리오 #국민연금 #연금고갈 #2099년 #목표 수익률5.5% #연금개혁 #김성주이사장"
2026-03-28 04:48:19,368,17,2,"""21세기 말까지 기금 소진 걱정 끝"" 김성주 이사장이 밝힌 1400조 국민연금의 미래 시나리오 #국민연금 #연금고갈 #2099년 #목표 수익률5.5% #연금개혁 #김성주이사장"
2026-03-28 05:19:55,368,17,2,"""21세기 말까지 기금 소진 걱정 끝"" 김성주 이사장이 밝힌 1400조 국민연금의 미래 시나리오 #국민연금 #연금고갈 #2099년 #목표 수익률5.5% #연금개혁 #김성주이사장"
2026-03-28 05:58:20,368,17,2,"""21세기 말까지 기금 소진 걱정 끝"" 김성주 이사장이 밝힌 1400조 국민연금의 미래 시나리오 #국민연금 #연금고갈 #2099년 #목표 수익률5.5% #연금개혁 #김성주이사장"
2026-03-28 06:32:28,368,17,2,"""21세기 말까지 기금 소진 걱정 끝"" 김성주 이사장이 밝힌 1400조 국민연금의 미래 시나리오 #국민연금 #연금고갈 #2099년 #목표 수익률5.5% #연금개혁 #김성주이사장"
2026-03-28 06:58:53,368,17,2,"""21세기 말까지 기금 소진 걱정 끝"" 김성주 이사장이 밝힌 1400조 국민연금의 미래 시나리오 #국민연금 #연금고갈 #2099년 #목표 수익률5.5% #연금개혁 #김성주이사장"
2026-03-28 07:32:30,368,17,2,"""21세기 말까지 기금 소진 걱정 끝"" 김성주 이사장이 밝힌 1400조 국민연금의 미래 시나리오 #국민연금 #연금고갈 #2099년 #목표 수익률5.5% #연금개혁 #김성주이사장"
2026-03-28 08:02:56,368,17,2,"""21세기 말까지 기금 소진 걱정 끝"" 김성주 이사장이 밝힌 1400조 국민연금의 미래 시나리오 #국민연금 #연금고갈 #2099년 #목표 수익률5.5% #연금개혁 #김성주이사장"
2026-03-28 08:40:45,368,17,2,"""21세기 말까지 기금 소진 걱정 끝"" 김성주 이사장이 밝힌 1400조 국민연금의 미래 시나리오 #국민연금 #연금고갈 #2099년 #목표 수익률5.5% #연금개혁 #김성주이사장"
2026-03-28 08:57:56,368,17,2,"""21세기 말까지 기금 소진 걱정 끝"" 김성주 이사장이 밝힌 1400조 국민연금의 미래 시나리오 #국민연금 #연금고갈 #2099년 #목표 수익률5.5% #연금개혁 #김성주이사장"
2026-03-28 10:53:57,368,17,2,"""21세기 말까지 기금 소진 걱정 끝"" 김성주 이사장이 밝힌 1400조 국민연금의 미래 시나리오 #국민연금 #연금고갈 #2099년 #목표 수익률5.5% #연금개혁 #김성주이사장"
2026-03-28 13:06:27,368,17,2,"""21세기 말까지 기금 소진 걱정 끝"" 김성주 이사장이 밝힌 1400조 국민연금의 미래 시나리오 #국민연금 #연금고갈 #2099년 #목표 수익률5.5% #연금개혁 #김성주이사장"
2026-03-28 14:33:36,368,17,2,"""21세기 말까지 기금 소진 걱정 끝"" 김성주 이사장이 밝힌 1400조 국민연금의 미래 시나리오 #국민연금 #연금고갈 #2099년 #목표 수익률5.5% #연금개혁 #김성주이사장"
2026-03-28 15:35:30,368,17,2,"""21세기 말까지 기금 소진 걱정 끝"" 김성주 이사장이 밝힌 1400조 국민연금의 미래 시나리오 #국민연금 #연금고갈 #2099년 #목표 수익률5.5% #연금개혁 #김성주이사장"
2026-03-28 16:29:50,368,17,2,"""21세기 말까지 기금 소진 걱정 끝"" 김성주 이사장이 밝힌 1400조 국민연금의 미래 시나리오 #국민연금 #연금고갈 #2099년 #목표 수익률5.5% #연금개혁 #김성주이사장"
2026-03-28 17:00:41,368,17,2,"""21세기 말까지 기금 소진 걱정 끝"" 김성주 이사장이 밝힌 1400조 국민연금의 미래 시나리오 #국민연금 #연금고갈 #2099년 #목표 수익률5.5% #연금개혁 #김성주이사장"
2026-03-28 17:46:58,368,17,2,"""21세기 말까지 기금 소진 걱정 끝"" 김성주 이사장이 밝힌 1400조 국민연금의 미래 시나리오 #국민연금 #연금고갈 #2099년 #목표 수익률5.5% #연금개혁 #김성주이사장"
2026-03-28 18:21:38,368,17,2,"""21세기 말까지 기금 소진 걱정 끝"" 김성주 이사장이 밝힌 1400조 국민연금의 미래 시나리오 #국민연금 #연금고갈 #2099년 #목표 수익률5.5% #연금개혁 #김성주이사장"
2026-03-28 18:54:53,368,17,2,"""21세기 말까지 기금 소진 걱정 끝"" 김성주 이사장이 밝힌 1400조 국민연금의 미래 시나리오 #국민연금 #연금고갈 #2099년 #목표 수익률5.5% #연금개혁 #김성주이사장"
2026-03-28 19:21:07,368,17,2,"""21세기 말까지 기금 소진 걱정 끝"" 김성주 이사장이 밝힌 1400조 국민연금의 미래 시나리오 #국민연금 #연금고갈 #2099년 #목표 수익률5.5% #연금개혁 #김성주이사장"
2026-03-28 19:53:50,368,17,2,"""21세기 말까지 기금 소진 걱정 끝"" 김성주 이사장이 밝힌 1400조 국민연금의 미래 시나리오 #국민연금 #연금고갈 #2099년 #목표 수익률5.5% #연금개혁 #김성주이사장"
2026-03-28 20:16:02,368,17,2,"""21세기 말까지 기금 소진 걱정 끝"" 김성주 이사장이 밝힌 1400조 국민연금의 미래 시나리오 #국민연금 #연금고갈 #2099년 #목표 수익률5.5% #연금개혁 #김성주이사장"
2026-03-28 20:43:25,368,17,2,"""21세기 말까지 기금 소진 걱정 끝"" 김성주 이사장이 밝힌 1400조 국민연금의 미래 시나리오 #국민연금 #연금고갈 #2099년 #목표 수익률5.5% #연금개혁 #김성주이사장"
2026-03-28 20:58:38,368,17,2,"""21세기 말까지 기금 소진 걱정 끝"" 김성주 이사장이 밝힌 1400조 국민연금의 미래 시나리오 #국민연금 #연금고갈 #2099년 #목표 수익률5.5% #연금개혁 #김성주이사장"
2026-03-28 21:52:40,368,17,2,"""21세기 말까지 기금 소진 걱정 끝"" 김성주 이사장이 밝힌 1400조 국민연금의 미래 시나리오 #국민연금 #연금고갈 #2099년 #목표 수익률5.5% #연금개혁 #김성주이사장"
2026-03-28 22:40:46,368,17,2,"""21세기 말까지 기금 소진 걱정 끝"" 김성주 이사장이 밝힌 1400조 국민연금의 미래 시나리오 #국민연금 #연금고갈 #2099년 #목표 수익률5.5% #연금개혁 #김성주이사장"
2026-03-28 23:08:03,368,17,2,"""21세기 말까지 기금 소진 걱정 끝"" 김성주 이사장이 밝힌 1400조 국민연금의 미래 시나리오 #국민연금 #연금고갈 #2099년 #목표 수익률5.5% #연금개혁 #김성주이사장"
2026-03-28 23:48:31,368,17,2,"""21세기 말까지 기금 소진 걱정 끝"" 김성주 이사장이 밝힌 1400조 국민연금의 미래 시나리오 #국민연금 #연금고갈 #2099년 #목표 수익률5.5% #연금개혁 #김성주이사장"
2026-03-29 00:15:43,368,17,2,"""21세기 말까지 기금 소진 걱정 끝"" 김성주 이사장이 밝힌 1400조 국민연금의 미래 시나리오 #국민연금 #연금고갈 #2099년 #목표 수익률5.5% #연금개혁 #김성주이사장"
2026-03-29 00:47:49,368,17,2,"""21세기 말까지 기금 소진 걱정 끝"" 김성주 이사장이 밝힌 1400조 국민연금의 미래 시나리오 #국민연금 #연금고갈 #2099년 #목표 수익률5.5% #연금개혁 #김성주이사장"
2026-03-29 01:03:40,368,17,2,"""21세기 말까지 기금 소진 걱정 끝"" 김성주 이사장이 밝힌 1400조 국민연금의 미래 시나리오 #국민연금 #연금고갈 #2099년 #목표 수익률5.5% #연금개혁 #김성주이사장"
2026-03-29 01:46:46,368,17,2,"""21세기 말까지 기금 소진 걱정 끝"" 김성주 이사장이 밝힌 1400조 국민연금의 미래 시나리오 #국민연금 #연금고갈 #2099년 #목표 수익률5.5% #연금개혁 #김성주이사장"
2026-03-29 02:14:25,368,17,2,"""21세기 말까지 기금 소진 걱정 끝"" 김성주 이사장이 밝힌 1400조 국민연금의 미래 시나리오 #국민연금 #연금고갈 #2099년 #목표 수익률5.5% #연금개혁 #김성주이사장"
2026-03-29 02:46:27,368,17,2,"""21세기 말까지 기금 소진 걱정 끝"" 김성주 이사장이 밝힌 1400조 국민연금의 미래 시나리오 #국민연금 #연금고갈 #2099년 #목표 수익률5.5% #연금개혁 #김성주이사장"
2026-03-29 03:01:42,368,17,2,"""21세기 말까지 기금 소진 걱정 끝"" 김성주 이사장이 밝힌 1400조 국민연금의 미래 시나리오 #국민연금 #연금고갈 #2099년 #목표 수익률5.5% #연금개혁 #김성주이사장"
2026-03-29 03:52:33,368,17,2,"""21세기 말까지 기금 소진 걱정 끝"" 김성주 이사장이 밝힌 1400조 국민연금의 미래 시나리오 #국민연금 #연금고갈 #2099년 #목표 수익률5.5% #연금개혁 #김성주이사장"
2026-03-29 04:20:42,368,17,2,"""21세기 말까지 기금 소진 걱정 끝"" 김성주 이사장이 밝힌 1400조 국민연금의 미래 시나리오 #국민연금 #연금고갈 #2099년 #목표 수익률5.5% #연금개혁 #김성주이사장"
2026-03-29 04:47:17,368,17,2,"""21세기 말까지 기금 소진 걱정 끝"" 김성주 이사장이 밝힌 1400조 국민연금의 미래 시나리오 #국민연금 #연금고갈 #2099년 #목표 수익률5.5% #연금개혁 #김성주이사장"
2026-03-29 05:01:00,368,17,2,"""21세기 말까지 기금 소진 걱정 끝"" 김성주 이사장이 밝힌 1400조 국민연금의 미래 시나리오 #국민연금 #연금고갈 #2099년 #목표 수익률5.5% #연금개혁 #김성주이사장"
2026-03-29 05:37:30,368,17,2,"""21세기 말까지 기금 소진 걱정 끝"" 김성주 이사장이 밝힌 1400조 국민연금의 미래 시나리오 #국민연금 #연금고갈 #2099년 #목표 수익률5.5% #연금개혁 #김성주이사장"
2026-03-29 06:00:17,368,17,2,"""21세기 말까지 기금 소진 걱정 끝"" 김성주 이사장이 밝힌 1400조 국민연금의 미래 시나리오 #국민연금 #연금고갈 #2099년 #목표 수익률5.5% #연금개혁 #김성주이사장"
2026-03-29 06:32:53,368,17,2,"""21세기 말까지 기금 소진 걱정 끝"" 김성주 이사장이 밝힌 1400조 국민연금의 미래 시나리오 #국민연금 #연금고갈 #2099년 #목표 수익률5.5% #연금개혁 #김성주이사장"
2026-03-29 06:55:09,368,17,2,"""21세기 말까지 기금 소진 걱정 끝"" 김성주 이사장이 밝힌 1400조 국민연금의 미래 시나리오 #국민연금 #연금고갈 #2099년 #목표 수익률5.5% #연금개혁 #김성주이사장"
2026-03-29 07:17:07,368,17,2,"""21세기 말까지 기금 소진 걱정 끝"" 김성주 이사장이 밝힌 1400조 국민연금의 미래 시나리오 #국민연금 #연금고갈 #2099년 #목표 수익률5.5% #연금개혁 #김성주이사장"
2026-03-29 07:50:10,368,17,2,"""21세기 말까지 기금 소진 걱정 끝"" 김성주 이사장이 밝힌 1400조 국민연금의 미래 시나리오 #국민연금 #연금고갈 #2099년 #목표 수익률5.5% #연금개혁 #김성주이사장"
2026-03-29 08:16:33,368,17,2,"""21세기 말까지 기금 소진 걱정 끝"" 김성주 이사장이 밝힌 1400조 국민연금의 미래 시나리오 #국민연금 #연금고갈 #2099년 #목표 수익률5.5% #연금개혁 #김성주이사장"
2026-03-29 08:47:15,368,17,2,"""21세기 말까지 기금 소진 걱정 끝"" 김성주 이사장이 밝힌 1400조 국민연금의 미래 시나리오 #국민연금 #연금고갈 #2099년 #목표 수익률5.5% #연금개혁 #김성주이사장"
2026-03-29 09:02:25,368,17,2,"""21세기 말까지 기금 소진 걱정 끝"" 김성주 이사장이 밝힌 1400조 국민연금의 미래 시나리오 #국민연금 #연금고갈 #2099년 #목표 수익률5.5% #연금개혁 #김성주이사장"
2026-03-29 12:28:58,368,17,2,"""21세기 말까지 기금 소진 걱정 끝"" 김성주 이사장이 밝힌 1400조 국민연금의 미래 시나리오 #국민연금 #연금고갈 #2099년 #목표 수익률5.5% #연금개혁 #김성주이사장"
2026-03-29 14:23:44,368,17,2,"""21세기 말까지 기금 소진 걱정 끝"" 김성주 이사장이 밝힌 1400조 국민연금의 미래 시나리오 #국민연금 #연금고갈 #2099년 #목표 수익률5.5% #연금개혁 #김성주이사장"
2026-03-29 15:38:17,368,17,2,"""21세기 말까지 기금 소진 걱정 끝"" 김성주 이사장이 밝힌 1400조 국민연금의 미래 시나리오 #국민연금 #연금고갈 #2099년 #목표 수익률5.5% #연금개혁 #김성주이사장"
2026-03-29 16:36:45,368,17,2,"""21세기 말까지 기금 소진 걱정 끝"" 김성주 이사장이 밝힌 1400조 국민연금의 미래 시나리오 #국민연금 #연금고갈 #2099년 #목표 수익률5.5% #연금개혁 #김성주이사장"
2026-03-29 17:03:44,368,17,2,"""21세기 말까지 기금 소진 걱정 끝"" 김성주 이사장이 밝힌 1400조 국민연금의 미래 시나리오 #국민연금 #연금고갈 #2099년 #목표 수익률5.5% #연금개혁 #김성주이사장"
2026-03-29 17:53:39,368,17,2,"""21세기 말까지 기금 소진 걱정 끝"" 김성주 이사장이 밝힌 1400조 국민연금의 미래 시나리오 #국민연금 #연금고갈 #2099년 #목표 수익률5.5% #연금개혁 #김성주이사장"
2026-03-29 18:23:42,368,17,2,"""21세기 말까지 기금 소진 걱정 끝"" 김성주 이사장이 밝힌 1400조 국민연금의 미래 시나리오 #국민연금 #연금고갈 #2099년 #목표 수익률5.5% #연금개혁 #김성주이사장"
2026-03-29 18:57:18,368,17,2,"""21세기 말까지 기금 소진 걱정 끝"" 김성주 이사장이 밝힌 1400조 국민연금의 미래 시나리오 #국민연금 #연금고갈 #2099년 #목표 수익률5.5% #연금개혁 #김성주이사장"
2026-03-29 19:27:56,368,17,2,"""21세기 말까지 기금 소진 걱정 끝"" 김성주 이사장이 밝힌 1400조 국민연금의 미래 시나리오 #국민연금 #연금고갈 #2099년 #목표 수익률5.5% #연금개혁 #김성주이사장"
2026-03-29 19:59:27,368,17,2,"""21세기 말까지 기금 소진 걱정 끝"" 김성주 이사장이 밝힌 1400조 국민연금의 미래 시나리오 #국민연금 #연금고갈 #2099년 #목표 수익률5.5% #연금개혁 #김성주이사장"
2026-03-29 20:30:10,368,17,2,"""21세기 말까지 기금 소진 걱정 끝"" 김성주 이사장이 밝힌 1400조 국민연금의 미래 시나리오 #국민연금 #연금고갈 #2099년 #목표 수익률5.5% #연금개혁 #김성주이사장"
2026-03-29 20:52:47,368,17,2,"""21세기 말까지 기금 소진 걱정 끝"" 김성주 이사장이 밝힌 1400조 국민연금의 미래 시나리오 #국민연금 #연금고갈 #2099년 #목표 수익률5.5% #연금개혁 #김성주이사장"
2026-03-29 21:23:53,368,17,2,"""21세기 말까지 기금 소진 걱정 끝"" 김성주 이사장이 밝힌 1400조 국민연금의 미래 시나리오 #국민연금 #연금고갈 #2099년 #목표 수익률5.5% #연금개혁 #김성주이사장"
2026-03-29 22:30:57,368,17,2,"""21세기 말까지 기금 소진 걱정 끝"" 김성주 이사장이 밝힌 1400조 국민연금의 미래 시나리오 #국민연금 #연금고갈 #2099년 #목표 수익률5.5% #연금개혁 #김성주이사장"
2026-03-29 23:06:06,368,17,2,"""21세기 말까지 기금 소진 걱정 끝"" 김성주 이사장이 밝힌 1400조 국민연금의 미래 시나리오 #국민연금 #연금고갈 #2099년 #목표 수익률5.5% #연금개혁 #김성주이사장"
2026-03-29 23:47:59,368,17,2,"""21세기 말까지 기금 소진 걱정 끝"" 김성주 이사장이 밝힌 1400조 국민연금의 미래 시나리오 #국민연금 #연금고갈 #2099년 #목표 수익률5.5% #연금개혁 #김성주이사장"
2026-03-30 00:16:41,368,17,2,"""21세기 말까지 기금 소진 걱정 끝"" 김성주 이사장이 밝힌 1400조 국민연금의 미래 시나리오 #국민연금 #연금고갈 #2099년 #목표 수익률5.5% #연금개혁 #김성주이사장"
2026-03-30 00:47:27,368,17,2,"""21세기 말까지 기금 소진 걱정 끝"" 김성주 이사장이 밝힌 1400조 국민연금의 미래 시나리오 #국민연금 #연금고갈 #2099년 #목표 수익률5.5% #연금개혁 #김성주이사장"
2026-03-30 01:04:11,368,17,2,"""21세기 말까지 기금 소진 걱정 끝"" 김성주 이사장이 밝힌 1400조 국민연금의 미래 시나리오 #국민연금 #연금고갈 #2099년 #목표 수익률5.5% #연금개혁 #김성주이사장"
2026-03-30 01:48:19,368,17,2,"""21세기 말까지 기금 소진 걱정 끝"" 김성주 이사장이 밝힌 1400조 국민연금의 미래 시나리오 #국민연금 #연금고갈 #2099년 #목표 수익률5.5% #연금개혁 #김성주이사장"
2026-03-30 02:17:04,368,17,2,"""21세기 말까지 기금 소진 걱정 끝"" 김성주 이사장이 밝힌 1400조 국민연금의 미래 시나리오 #국민연금 #연금고갈 #2099년 #목표 수익률5.5% #연금개혁 #김성주이사장"
2026-03-30 02:49:41,368,17,2,"""21세기 말까지 기금 소진 걱정 끝"" 김성주 이사장이 밝힌 1400조 국민연금의 미래 시나리오 #국민연금 #연금고갈 #2099년 #목표 수익률5.5% #연금개혁 #김성주이사장"
2026-03-30 03:20:48,369,17,2,"""21세기 말까지 기금 소진 걱정 끝"" 김성주 이사장이 밝힌 1400조 국민연금의 미래 시나리오 #국민연금 #연금고갈 #2099년 #목표 수익률5.5% #연금개혁 #김성주이사장"
2026-03-30 04:05:02,368,17,2,"""21세기 말까지 기금 소진 걱정 끝"" 김성주 이사장이 밝힌 1400조 국민연금의 미래 시나리오 #국민연금 #연금고갈 #2099년 #목표 수익률5.5% #연금개혁 #김성주이사장"
2026-03-30 04:40:29,368,17,2,"""21세기 말까지 기금 소진 걱정 끝"" 김성주 이사장이 밝힌 1400조 국민연금의 미래 시나리오 #국민연금 #연금고갈 #2099년 #목표 수익률5.5% #연금개혁 #김성주이사장"
2026-03-30 04:59:02,369,17,2,"""21세기 말까지 기금 소진 걱정 끝"" 김성주 이사장이 밝힌 1400조 국민연금의 미래 시나리오 #국민연금 #연금고갈 #2099년 #목표 수익률5.5% #연금개혁 #김성주이사장"
2026-03-30 05:33:17,369,17,2,"""21세기 말까지 기금 소진 걱정 끝"" 김성주 이사장이 밝힌 1400조 국민연금의 미래 시나리오 #국민연금 #연금고갈 #2099년 #목표 수익률5.5% #연금개혁 #김성주이사장"
2026-03-30 05:59:48,369,17,2,"""21세기 말까지 기금 소진 걱정 끝"" 김성주 이사장이 밝힌 1400조 국민연금의 미래 시나리오 #국민연금 #연금고갈 #2099년 #목표 수익률5.5% #연금개혁 #김성주이사장"
2026-03-30 06:34:49,369,17,2,"""21세기 말까지 기금 소진 걱정 끝"" 김성주 이사장이 밝힌 1400조 국민연금의 미래 시나리오 #국민연금 #연금고갈 #2099년 #목표 수익률5.5% #연금개혁 #김성주이사장"
2026-03-30 06:57:40,369,17,2,"""21세기 말까지 기금 소진 걱정 끝"" 김성주 이사장이 밝힌 1400조 국민연금의 미래 시나리오 #국민연금 #연금고갈 #2099년 #목표 수익률5.5% #연금개혁 #김성주이사장"
2026-03-30 07:26:41,369,17,2,"""21세기 말까지 기금 소진 걱정 끝"" 김성주 이사장이 밝힌 1400조 국민연금의 미래 시나리오 #국민연금 #연금고갈 #2099년 #목표 수익률5.5% #연금개혁 #김성주이사장"
2026-03-30 07:57:07,369,17,2,"""21세기 말까지 기금 소진 걱정 끝"" 김성주 이사장이 밝힌 1400조 국민연금의 미래 시나리오 #국민연금 #연금고갈 #2099년 #목표 수익률5.5% #연금개혁 #김성주이사장"
2026-03-30 08:27:03,369,17,2,"""21세기 말까지 기금 소진 걱정 끝"" 김성주 이사장이 밝힌 1400조 국민연금의 미래 시나리오 #국민연금 #연금고갈 #2099년 #목표 수익률5.5% #연금개혁 #김성주이사장"
2026-03-30 08:55:33,369,17,2,"""21세기 말까지 기금 소진 걱정 끝"" 김성주 이사장이 밝힌 1400조 국민연금의 미래 시나리오 #국민연금 #연금고갈 #2099년 #목표 수익률5.5% #연금개혁 #김성주이사장"
2026-03-30 10:23:27,369,17,2,"""21세기 말까지 기금 소진 걱정 끝"" 김성주 이사장이 밝힌 1400조 국민연금의 미래 시나리오 #국민연금 #연금고갈 #2099년 #목표 수익률5.5% #연금개혁 #김성주이사장"
2026-03-30 13:19:40,369,17,2,"""21세기 말까지 기금 소진 걱정 끝"" 김성주 이사장이 밝힌 1400조 국민연금의 미래 시나리오 #국민연금 #연금고갈 #2099년 #목표 수익률5.5% #연금개혁 #김성주이사장"
2026-03-30 15:11:05,369,17,2,"""21세기 말까지 기금 소진 걱정 끝"" 김성주 이사장이 밝힌 1400조 국민연금의 미래 시나리오 #국민연금 #연금고갈 #2099년 #목표 수익률5.5% #연금개혁 #김성주이사장"
2026-03-30 16:59:33,369,17,2,"""21세기 말까지 기금 소진 걱정 끝"" 김성주 이사장이 밝힌 1400조 국민연금의 미래 시나리오 #국민연금 #연금고갈 #2099년 #목표 수익률5.5% #연금개혁 #김성주이사장"
2026-03-30 18:13:55,369,17,2,"""21세기 말까지 기금 소진 걱정 끝"" 김성주 이사장이 밝힌 1400조 국민연금의 미래 시나리오 #국민연금 #연금고갈 #2099년 #목표 수익률5.5% #연금개혁 #김성주이사장"
2026-03-30 19:40:13,369,17,2,"""21세기 말까지 기금 소진 걱정 끝"" 김성주 이사장이 밝힌 1400조 국민연금의 미래 시나리오 #국민연금 #연금고갈 #2099년 #목표 수익률5.5% #연금개혁 #김성주이사장"
2026-03-30 20:39:04,369,17,2,"""21세기 말까지 기금 소진 걱정 끝"" 김성주 이사장이 밝힌 1400조 국민연금의 미래 시나리오 #국민연금 #연금고갈 #2099년 #목표 수익률5.5% #연금개혁 #김성주이사장"
2026-03-30 21:37:57,369,17,2,"""21세기 말까지 기금 소진 걱정 끝"" 김성주 이사장이 밝힌 1400조 국민연금의 미래 시나리오 #국민연금 #연금고갈 #2099년 #목표 수익률5.5% #연금개혁 #김성주이사장"
2026-03-30 23:08:39,369,17,2,"""21세기 말까지 기금 소진 걱정 끝"" 김성주 이사장이 밝힌 1400조 국민연금의 미래 시나리오 #국민연금 #연금고갈 #2099년 #목표 수익률5.5% #연금개혁 #김성주이사장"
2026-03-31 00:21:41,369,17,2,"""21세기 말까지 기금 소진 걱정 끝"" 김성주 이사장이 밝힌 1400조 국민연금의 미래 시나리오 #국민연금 #연금고갈 #2099년 #목표 수익률5.5% #연금개혁 #김성주이사장"
2026-03-31 01:16:12,369,17,2,"""21세기 말까지 기금 소진 걱정 끝"" 김성주 이사장이 밝힌 1400조 국민연금의 미래 시나리오 #국민연금 #연금고갈 #2099년 #목표 수익률5.5% #연금개혁 #김성주이사장"
2026-03-31 02:12:38,369,17,2,"""21세기 말까지 기금 소진 걱정 끝"" 김성주 이사장이 밝힌 1400조 국민연금의 미래 시나리오 #국민연금 #연금고갈 #2099년 #목표 수익률5.5% #연금개혁 #김성주이사장"
2026-03-31 03:05:41,369,17,2,"""21세기 말까지 기금 소진 걱정 끝"" 김성주 이사장이 밝힌 1400조 국민연금의 미래 시나리오 #국민연금 #연금고갈 #2099년 #목표 수익률5.5% #연금개혁 #김성주이사장"
2026-03-31 04:15:34,369,17,2,"""21세기 말까지 기금 소진 걱정 끝"" 김성주 이사장이 밝힌 1400조 국민연금의 미래 시나리오 #국민연금 #연금고갈 #2099년 #목표 수익률5.5% #연금개혁 #김성주이사장"
2026-03-31 05:01:42,369,17,2,"""21세기 말까지 기금 소진 걱정 끝"" 김성주 이사장이 밝힌 1400조 국민연금의 미래 시나리오 #국민연금 #연금고갈 #2099년 #목표 수익률5.5% #연금개혁 #김성주이사장"
2026-03-31 05:55:17,369,17,2,"""21세기 말까지 기금 소진 걱정 끝"" 김성주 이사장이 밝힌 1400조 국민연금의 미래 시나리오 #국민연금 #연금고갈 #2099년 #목표 수익률5.5% #연금개혁 #김성주이사장"
2026-03-31 06:32:51,369,17,2,"""21세기 말까지 기금 소진 걱정 끝"" 김성주 이사장이 밝힌 1400조 국민연금의 미래 시나리오 #국민연금 #연금고갈 #2099년 #목표 수익률5.5% #연금개혁 #김성주이사장"
2026-03-31 07:05:26,369,17,2,"""21세기 말까지 기금 소진 걱정 끝"" 김성주 이사장이 밝힌 1400조 국민연금의 미래 시나리오 #국민연금 #연금고갈 #2099년 #목표 수익률5.5% #연금개혁 #김성주이사장"
2026-03-31 07:51:45,369,17,2,"""21세기 말까지 기금 소진 걱정 끝"" 김성주 이사장이 밝힌 1400조 국민연금의 미래 시나리오 #국민연금 #연금고갈 #2099년 #목표 수익률5.5% #연금개혁 #김성주이사장"
2026-03-31 08:23:10,369,17,2,"""21세기 말까지 기금 소진 걱정 끝"" 김성주 이사장이 밝힌 1400조 국민연금의 미래 시나리오 #국민연금 #연금고갈 #2099년 #목표 수익률5.5% #연금개혁 #김성주이사장"
2026-03-31 08:54:56,369,17,2,"""21세기 말까지 기금 소진 걱정 끝"" 김성주 이사장이 밝힌 1400조 국민연금의 미래 시나리오 #국민연금 #연금고갈 #2099년 #목표 수익률5.5% #연금개혁 #김성주이사장"
2026-03-31 10:14:28,369,17,2,"""21세기 말까지 기금 소진 걱정 끝"" 김성주 이사장이 밝힌 1400조 국민연금의 미래 시나리오 #국민연금 #연금고갈 #2099년 #목표 수익률5.5% #연금개혁 #김성주이사장"
2026-03-31 13:07:39,369,17,2,"""21세기 말까지 기금 소진 걱정 끝"" 김성주 이사장이 밝힌 1400조 국민연금의 미래 시나리오 #국민연금 #연금고갈 #2099년 #목표 수익률5.5% #연금개혁 #김성주이사장"
2026-03-31 14:50:50,369,17,2,"""21세기 말까지 기금 소진 걱정 끝"" 김성주 이사장이 밝힌 1400조 국민연금의 미래 시나리오 #국민연금 #연금고갈 #2099년 #목표 수익률5.5% #연금개혁 #김성주이사장"
2026-03-31 15:56:55,369,17,2,"""21세기 말까지 기금 소진 걱정 끝"" 김성주 이사장이 밝힌 1400조 국민연금의 미래 시나리오 #국민연금 #연금고갈 #2099년 #목표 수익률5.5% #연금개혁 #김성주이사장"
2026-03-31 17:04:19,369,17,2,"""21세기 말까지 기금 소진 걱정 끝"" 김성주 이사장이 밝힌 1400조 국민연금의 미래 시나리오 #국민연금 #연금고갈 #2099년 #목표 수익률5.5% #연금개혁 #김성주이사장"
2026-03-31 18:13:50,369,17,2,"""21세기 말까지 기금 소진 걱정 끝"" 김성주 이사장이 밝힌 1400조 국민연금의 미래 시나리오 #국민연금 #연금고갈 #2099년 #목표 수익률5.5% #연금개혁 #김성주이사장"
2026-03-31 19:14:01,369,17,2,"""21세기 말까지 기금 소진 걱정 끝"" 김성주 이사장이 밝힌 1400조 국민연금의 미래 시나리오 #국민연금 #연금고갈 #2099년 #목표 수익률5.5% #연금개혁 #김성주이사장"
2026-03-31 20:11:10,369,17,2,"""21세기 말까지 기금 소진 걱정 끝"" 김성주 이사장이 밝힌 1400조 국민연금의 미래 시나리오 #국민연금 #연금고갈 #2099년 #목표 수익률5.5% #연금개혁 #김성주이사장"
2026-03-31 20:58:25,369,17,2,"""21세기 말까지 기금 소진 걱정 끝"" 김성주 이사장이 밝힌 1400조 국민연금의 미래 시나리오 #국민연금 #연금고갈 #2099년 #목표 수익률5.5% #연금개혁 #김성주이사장"
2026-03-31 22:14:32,369,17,2,"""21세기 말까지 기금 소진 걱정 끝"" 김성주 이사장이 밝힌 1400조 국민연금의 미래 시나리오 #국민연금 #연금고갈 #2099년 #목표 수익률5.5% #연금개혁 #김성주이사장"
2026-03-31 23:43:10,369,17,2,"""21세기 말까지 기금 소진 걱정 끝"" 김성주 이사장이 밝힌 1400조 국민연금의 미래 시나리오 #국민연금 #연금고갈 #2099년 #목표 수익률5.5% #연금개혁 #김성주이사장"
2026-04-01 00:50:52,369,17,2,"""21세기 말까지 기금 소진 걱정 끝"" 김성주 이사장이 밝힌 1400조 국민연금의 미래 시나리오 #국민연금 #연금고갈 #2099년 #목표 수익률5.5% #연금개혁 #김성주이사장"
2026-04-01 01:42:39,369,17,2,"""21세기 말까지 기금 소진 걱정 끝"" 김성주 이사장이 밝힌 1400조 국민연금의 미래 시나리오 #국민연금 #연금고갈 #2099년 #목표 수익률5.5% #연금개혁 #김성주이사장"
2026-04-01 02:39:33,369,17,2,"""21세기 말까지 기금 소진 걱정 끝"" 김성주 이사장이 밝힌 1400조 국민연금의 미래 시나리오 #국민연금 #연금고갈 #2099년 #목표 수익률5.5% #연금개혁 #김성주이사장"
2026-04-01 03:34:24,369,17,2,"""21세기 말까지 기금 소진 걱정 끝"" 김성주 이사장이 밝힌 1400조 국민연금의 미래 시나리오 #국민연금 #연금고갈 #2099년 #목표 수익률5.5% #연금개혁 #김성주이사장"
2026-04-01 04:35:31,369,17,2,"""21세기 말까지 기금 소진 걱정 끝"" 김성주 이사장이 밝힌 1400조 국민연금의 미래 시나리오 #국민연금 #연금고갈 #2099년 #목표 수익률5.5% #연금개혁 #김성주이사장"
2026-04-01 05:07:30,369,17,2,"""21세기 말까지 기금 소진 걱정 끝"" 김성주 이사장이 밝힌 1400조 국민연금의 미래 시나리오 #국민연금 #연금고갈 #2099년 #목표 수익률5.5% #연금개혁 #김성주이사장"
2026-04-01 05:55:25,369,17,2,"""21세기 말까지 기금 소진 걱정 끝"" 김성주 이사장이 밝힌 1400조 국민연금의 미래 시나리오 #국민연금 #연금고갈 #2099년 #목표 수익률5.5% #연금개혁 #김성주이사장"
2026-04-01 06:28:55,369,17,2,"""21세기 말까지 기금 소진 걱정 끝"" 김성주 이사장이 밝힌 1400조 국민연금의 미래 시나리오 #국민연금 #연금고갈 #2099년 #목표 수익률5.5% #연금개혁 #김성주이사장"
2026-04-01 07:02:23,369,17,2,"""21세기 말까지 기금 소진 걱정 끝"" 김성주 이사장이 밝힌 1400조 국민연금의 미래 시나리오 #국민연금 #연금고갈 #2099년 #목표 수익률5.5% #연금개혁 #김성주이사장"
2026-04-01 07:43:24,369,17,2,"""21세기 말까지 기금 소진 걱정 끝"" 김성주 이사장이 밝힌 1400조 국민연금의 미래 시나리오 #국민연금 #연금고갈 #2099년 #목표 수익률5.5% #연금개혁 #김성주이사장"
2026-04-01 08:05:01,369,17,2,"""21세기 말까지 기금 소진 걱정 끝"" 김성주 이사장이 밝힌 1400조 국민연금의 미래 시나리오 #국민연금 #연금고갈 #2099년 #목표 수익률5.5% #연금개혁 #김성주이사장"
2026-04-01 08:44:50,369,17,2,"""21세기 말까지 기금 소진 걱정 끝"" 김성주 이사장이 밝힌 1400조 국민연금의 미래 시나리오 #국민연금 #연금고갈 #2099년 #목표 수익률5.5% #연금개혁 #김성주이사장"
2026-04-01 09:05:19,369,17,2,"""21세기 말까지 기금 소진 걱정 끝"" 김성주 이사장이 밝힌 1400조 국민연금의 미래 시나리오 #국민연금 #연금고갈 #2099년 #목표 수익률5.5% #연금개혁 #김성주이사장"
2026-04-01 12:37:21,369,17,2,"""21세기 말까지 기금 소진 걱정 끝"" 김성주 이사장이 밝힌 1400조 국민연금의 미래 시나리오 #국민연금 #연금고갈 #2099년 #목표 수익률5.5% #연금개혁 #김성주이사장"
2026-04-01 14:36:50,369,17,2,"""21세기 말까지 기금 소진 걱정 끝"" 김성주 이사장이 밝힌 1400조 국민연금의 미래 시나리오 #국민연금 #연금고갈 #2099년 #목표 수익률5.5% #연금개혁 #김성주이사장"
2026-04-01 16:02:45,369,17,2,"""21세기 말까지 기금 소진 걱정 끝"" 김성주 이사장이 밝힌 1400조 국민연금의 미래 시나리오 #국민연금 #연금고갈 #2099년 #목표 수익률5.5% #연금개혁 #김성주이사장"
2026-04-01 17:19:51,369,17,2,"""21세기 말까지 기금 소진 걱정 끝"" 김성주 이사장이 밝힌 1400조 국민연금의 미래 시나리오 #국민연금 #연금고갈 #2099년 #목표 수익률5.5% #연금개혁 #김성주이사장"
2026-04-01 18:39:08,369,17,2,"""21세기 말까지 기금 소진 걱정 끝"" 김성주 이사장이 밝힌 1400조 국민연금의 미래 시나리오 #국민연금 #연금고갈 #2099년 #목표 수익률5.5% #연금개혁 #김성주이사장"
2026-04-01 19:38:03,369,17,2,"""21세기 말까지 기금 소진 걱정 끝"" 김성주 이사장이 밝힌 1400조 국민연금의 미래 시나리오 #국민연금 #연금고갈 #2099년 #목표 수익률5.5% #연금개혁 #김성주이사장"
2026-04-01 20:32:54,369,17,2,"""21세기 말까지 기금 소진 걱정 끝"" 김성주 이사장이 밝힌 1400조 국민연금의 미래 시나리오 #국민연금 #연금고갈 #2099년 #목표 수익률5.5% #연금개혁 #김성주이사장"
2026-04-01 21:09:24,369,17,2,"""21세기 말까지 기금 소진 걱정 끝"" 김성주 이사장이 밝힌 1400조 국민연금의 미래 시나리오 #국민연금 #연금고갈 #2099년 #목표 수익률5.5% #연금개혁 #김성주이사장"
2026-04-01 23:02:34,369,17,2,"""21세기 말까지 기금 소진 걱정 끝"" 김성주 이사장이 밝힌 1400조 국민연금의 미래 시나리오 #국민연금 #연금고갈 #2099년 #목표 수익률5.5% #연금개혁 #김성주이사장"
2026-04-02 00:16:53,369,17,2,"""21세기 말까지 기금 소진 걱정 끝"" 김성주 이사장이 밝힌 1400조 국민연금의 미래 시나리오 #국민연금 #연금고갈 #2099년 #목표 수익률5.5% #연금개혁 #김성주이사장"
2026-04-02 01:14:31,369,17,2,"""21세기 말까지 기금 소진 걱정 끝"" 김성주 이사장이 밝힌 1400조 국민연금의 미래 시나리오 #국민연금 #연금고갈 #2099년 #목표 수익률5.5% #연금개혁 #김성주이사장"
2026-04-02 02:11:39,369,17,2,"""21세기 말까지 기금 소진 걱정 끝"" 김성주 이사장이 밝힌 1400조 국민연금의 미래 시나리오 #국민연금 #연금고갈 #2099년 #목표 수익률5.5% #연금개혁 #김성주이사장"
2026-04-02 03:01:50,369,17,2,"""21세기 말까지 기금 소진 걱정 끝"" 김성주 이사장이 밝힌 1400조 국민연금의 미래 시나리오 #국민연금 #연금고갈 #2099년 #목표 수익률5.5% #연금개혁 #김성주이사장"
2026-04-02 04:14:14,369,17,2,"""21세기 말까지 기금 소진 걱정 끝"" 김성주 이사장이 밝힌 1400조 국민연금의 미래 시나리오 #국민연금 #연금고갈 #2099년 #목표 수익률5.5% #연금개혁 #김성주이사장"
2026-04-02 05:02:37,369,17,2,"""21세기 말까지 기금 소진 걱정 끝"" 김성주 이사장이 밝힌 1400조 국민연금의 미래 시나리오 #국민연금 #연금고갈 #2099년 #목표 수익률5.5% #연금개혁 #김성주이사장"
2026-04-02 05:56:03,369,17,2,"""21세기 말까지 기금 소진 걱정 끝"" 김성주 이사장이 밝힌 1400조 국민연금의 미래 시나리오 #국민연금 #연금고갈 #2099년 #목표 수익률5.5% #연금개혁 #김성주이사장"
2026-04-02 06:34:35,369,17,2,"""21세기 말까지 기금 소진 걱정 끝"" 김성주 이사장이 밝힌 1400조 국민연금의 미래 시나리오 #국민연금 #연금고갈 #2099년 #목표 수익률5.5% #연금개혁 #김성주이사장"
2026-04-02 07:06:19,369,17,2,"""21세기 말까지 기금 소진 걱정 끝"" 김성주 이사장이 밝힌 1400조 국민연금의 미래 시나리오 #국민연금 #연금고갈 #2099년 #목표 수익률5.5% #연금개혁 #김성주이사장"
2026-04-02 07:53:41,369,17,2,"""21세기 말까지 기금 소진 걱정 끝"" 김성주 이사장이 밝힌 1400조 국민연금의 미래 시나리오 #국민연금 #연금고갈 #2099년 #목표 수익률5.5% #연금개혁 #김성주이사장"
2026-04-02 08:25:11,369,17,2,"""21세기 말까지 기금 소진 걱정 끝"" 김성주 이사장이 밝힌 1400조 국민연금의 미래 시나리오 #국민연금 #연금고갈 #2099년 #목표 수익률5.5% #연금개혁 #김성주이사장"
2026-04-02 08:54:07,369,17,2,"""21세기 말까지 기금 소진 걱정 끝"" 김성주 이사장이 밝힌 1400조 국민연금의 미래 시나리오 #국민연금 #연금고갈 #2099년 #목표 수익률5.5% #연금개혁 #김성주이사장"
2026-04-02 10:02:09,369,17,2,"""21세기 말까지 기금 소진 걱정 끝"" 김성주 이사장이 밝힌 1400조 국민연금의 미래 시나리오 #국민연금 #연금고갈 #2099년 #목표 수익률5.5% #연금개혁 #김성주이사장"
2026-04-02 12:47:50,369,17,2,"""21세기 말까지 기금 소진 걱정 끝"" 김성주 이사장이 밝힌 1400조 국민연금의 미래 시나리오 #국민연금 #연금고갈 #2099년 #목표 수익률5.5% #연금개혁 #김성주이사장"
2026-04-02 14:24:46,369,17,2,"""21세기 말까지 기금 소진 걱정 끝"" 김성주 이사장이 밝힌 1400조 국민연금의 미래 시나리오 #국민연금 #연금고갈 #2099년 #목표 수익률5.5% #연금개혁 #김성주이사장"
2026-04-02 15:45:25,369,17,2,"""21세기 말까지 기금 소진 걱정 끝"" 김성주 이사장이 밝힌 1400조 국민연금의 미래 시나리오 #국민연금 #연금고갈 #2099년 #목표 수익률5.5% #연금개혁 #김성주이사장"
2026-04-02 16:51:12,369,17,2,"""21세기 말까지 기금 소진 걱정 끝"" 김성주 이사장이 밝힌 1400조 국민연금의 미래 시나리오 #국민연금 #연금고갈 #2099년 #목표 수익률5.5% #연금개혁 #김성주이사장"
2026-04-02 17:41:02,369,17,2,"""21세기 말까지 기금 소진 걱정 끝"" 김성주 이사장이 밝힌 1400조 국민연금의 미래 시나리오 #국민연금 #연금고갈 #2099년 #목표 수익률5.5% #연금개혁 #김성주이사장"
2026-04-02 18:41:33,369,17,2,"""21세기 말까지 기금 소진 걱정 끝"" 김성주 이사장이 밝힌 1400조 국민연금의 미래 시나리오 #국민연금 #연금고갈 #2099년 #목표 수익률5.5% #연금개혁 #김성주이사장"
2026-04-02 19:34:39,369,17,2,"""21세기 말까지 기금 소진 걱정 끝"" 김성주 이사장이 밝힌 1400조 국민연금의 미래 시나리오 #국민연금 #연금고갈 #2099년 #목표 수익률5.5% #연금개혁 #김성주이사장"
2026-04-02 20:26:49,369,17,2,"""21세기 말까지 기금 소진 걱정 끝"" 김성주 이사장이 밝힌 1400조 국민연금의 미래 시나리오 #국민연금 #연금고갈 #2099년 #목표 수익률5.5% #연금개혁 #김성주이사장"
2026-04-02 21:04:13,369,17,2,"""21세기 말까지 기금 소진 걱정 끝"" 김성주 이사장이 밝힌 1400조 국민연금의 미래 시나리오 #국민연금 #연금고갈 #2099년 #목표 수익률5.5% #연금개혁 #김성주이사장"
2026-04-02 22:49:24,370,17,2,"""21세기 말까지 기금 소진 걱정 끝"" 김성주 이사장이 밝힌 1400조 국민연금의 미래 시나리오 #국민연금 #연금고갈 #2099년 #목표 수익률5.5% #연금개혁 #김성주이사장"
2026-04-02 23:43:37,370,17,2,"""21세기 말까지 기금 소진 걱정 끝"" 김성주 이사장이 밝힌 1400조 국민연금의 미래 시나리오 #국민연금 #연금고갈 #2099년 #목표 수익률5.5% #연금개혁 #김성주이사장"
2026-04-03 00:41:30,370,17,2,"""21세기 말까지 기금 소진 걱정 끝"" 김성주 이사장이 밝힌 1400조 국민연금의 미래 시나리오 #국민연금 #연금고갈 #2099년 #목표 수익률5.5% #연금개혁 #김성주이사장"
2026-04-03 01:36:21,370,17,2,"""21세기 말까지 기금 소진 걱정 끝"" 김성주 이사장이 밝힌 1400조 국민연금의 미래 시나리오 #국민연금 #연금고갈 #2099년 #목표 수익률5.5% #연금개혁 #김성주이사장"
2026-04-03 02:27:42,370,17,2,"""21세기 말까지 기금 소진 걱정 끝"" 김성주 이사장이 밝힌 1400조 국민연금의 미래 시나리오 #국민연금 #연금고갈 #2099년 #목표 수익률5.5% #연금개혁 #김성주이사장"
2026-04-03 03:07:19,370,17,2,"""21세기 말까지 기금 소진 걱정 끝"" 김성주 이사장이 밝힌 1400조 국민연금의 미래 시나리오 #국민연금 #연금고갈 #2099년 #목표 수익률5.5% #연금개혁 #김성주이사장"
2026-04-03 04:12:10,370,17,2,"""21세기 말까지 기금 소진 걱정 끝"" 김성주 이사장이 밝힌 1400조 국민연금의 미래 시나리오 #국민연금 #연금고갈 #2099년 #목표 수익률5.5% #연금개혁 #김성주이사장"
2026-04-03 04:55:36,370,17,2,"""21세기 말까지 기금 소진 걱정 끝"" 김성주 이사장이 밝힌 1400조 국민연금의 미래 시나리오 #국민연금 #연금고갈 #2099년 #목표 수익률5.5% #연금개혁 #김성주이사장"
2026-04-03 05:25:19,370,17,2,"""21세기 말까지 기금 소진 걱정 끝"" 김성주 이사장이 밝힌 1400조 국민연금의 미래 시나리오 #국민연금 #연금고갈 #2099년 #목표 수익률5.5% #연금개혁 #김성주이사장"
2026-04-03 05:59:29,370,17,2,"""21세기 말까지 기금 소진 걱정 끝"" 김성주 이사장이 밝힌 1400조 국민연금의 미래 시나리오 #국민연금 #연금고갈 #2099년 #목표 수익률5.5% #연금개혁 #김성주이사장"
2026-04-03 06:39:31,370,17,2,"""21세기 말까지 기금 소진 걱정 끝"" 김성주 이사장이 밝힌 1400조 국민연금의 미래 시나리오 #국민연금 #연금고갈 #2099년 #목표 수익률5.5% #연금개혁 #김성주이사장"
2026-04-03 07:05:33,370,17,2,"""21세기 말까지 기금 소진 걱정 끝"" 김성주 이사장이 밝힌 1400조 국민연금의 미래 시나리오 #국민연금 #연금고갈 #2099년 #목표 수익률5.5% #연금개혁 #김성주이사장"
2026-04-03 07:46:48,370,17,2,"""21세기 말까지 기금 소진 걱정 끝"" 김성주 이사장이 밝힌 1400조 국민연금의 미래 시나리오 #국민연금 #연금고갈 #2099년 #목표 수익률5.5% #연금개혁 #김성주이사장"
2026-04-03 08:18:38,370,17,2,"""21세기 말까지 기금 소진 걱정 끝"" 김성주 이사장이 밝힌 1400조 국민연금의 미래 시나리오 #국민연금 #연금고갈 #2099년 #목표 수익률5.5% #연금개혁 #김성주이사장"
2026-04-03 08:52:14,370,17,2,"""21세기 말까지 기금 소진 걱정 끝"" 김성주 이사장이 밝힌 1400조 국민연금의 미래 시나리오 #국민연금 #연금고갈 #2099년 #목표 수익률5.5% #연금개혁 #김성주이사장"
2026-04-03 10:04:03,370,17,2,"""21세기 말까지 기금 소진 걱정 끝"" 김성주 이사장이 밝힌 1400조 국민연금의 미래 시나리오 #국민연금 #연금고갈 #2099년 #목표 수익률5.5% #연금개혁 #김성주이사장"
2026-04-03 12:49:54,370,17,2,"""21세기 말까지 기금 소진 걱정 끝"" 김성주 이사장이 밝힌 1400조 국민연금의 미래 시나리오 #국민연금 #연금고갈 #2099년 #목표 수익률5.5% #연금개혁 #김성주이사장"
2026-04-03 14:26:15,370,17,2,"""21세기 말까지 기금 소진 걱정 끝"" 김성주 이사장이 밝힌 1400조 국민연금의 미래 시나리오 #국민연금 #연금고갈 #2099년 #목표 수익률5.5% #연금개혁 #김성주이사장"
2026-04-03 15:43:14,370,17,2,"""21세기 말까지 기금 소진 걱정 끝"" 김성주 이사장이 밝힌 1400조 국민연금의 미래 시나리오 #국민연금 #연금고갈 #2099년 #목표 수익률5.5% #연금개혁 #김성주이사장"
2026-04-03 16:47:17,370,17,2,"""21세기 말까지 기금 소진 걱정 끝"" 김성주 이사장이 밝힌 1400조 국민연금의 미래 시나리오 #국민연금 #연금고갈 #2099년 #목표 수익률5.5% #연금개혁 #김성주이사장"
2026-04-03 17:34:46,370,17,2,"""21세기 말까지 기금 소진 걱정 끝"" 김성주 이사장이 밝힌 1400조 국민연금의 미래 시나리오 #국민연금 #연금고갈 #2099년 #목표 수익률5.5% #연금개혁 #김성주이사장"
2026-04-03 18:32:15,370,17,2,"""21세기 말까지 기금 소진 걱정 끝"" 김성주 이사장이 밝힌 1400조 국민연금의 미래 시나리오 #국민연금 #연금고갈 #2099년 #목표 수익률5.5% #연금개혁 #김성주이사장"
2026-04-03 19:09:19,370,17,2,"""21세기 말까지 기금 소진 걱정 끝"" 김성주 이사장이 밝힌 1400조 국민연금의 미래 시나리오 #국민연금 #연금고갈 #2099년 #목표 수익률5.5% #연금개혁 #김성주이사장"
2026-04-03 20:00:52,370,17,2,"""21세기 말까지 기금 소진 걱정 끝"" 김성주 이사장이 밝힌 1400조 국민연금의 미래 시나리오 #국민연금 #연금고갈 #2099년 #목표 수익률5.5% #연금개혁 #김성주이사장"
2026-04-03 20:40:48,370,17,2,"""21세기 말까지 기금 소진 걱정 끝"" 김성주 이사장이 밝힌 1400조 국민연금의 미래 시나리오 #국민연금 #연금고갈 #2099년 #목표 수익률5.5% #연금개혁 #김성주이사장"
2026-04-03 21:04:34,370,17,2,"""21세기 말까지 기금 소진 걱정 끝"" 김성주 이사장이 밝힌 1400조 국민연금의 미래 시나리오 #국민연금 #연금고갈 #2099년 #목표 수익률5.5% #연금개혁 #김성주이사장"
2026-04-03 22:24:39,370,17,2,"""21세기 말까지 기금 소진 걱정 끝"" 김성주 이사장이 밝힌 1400조 국민연금의 미래 시나리오 #국민연금 #연금고갈 #2099년 #목표 수익률5.5% #연금개혁 #김성주이사장"
2026-04-03 23:10:01,370,17,2,"""21세기 말까지 기금 소진 걱정 끝"" 김성주 이사장이 밝힌 1400조 국민연금의 미래 시나리오 #국민연금 #연금고갈 #2099년 #목표 수익률5.5% #연금개혁 #김성주이사장"
2026-04-03 23:59:37,370,17,2,"""21세기 말까지 기금 소진 걱정 끝"" 김성주 이사장이 밝힌 1400조 국민연금의 미래 시나리오 #국민연금 #연금고갈 #2099년 #목표 수익률5.5% #연금개혁 #김성주이사장"
2026-04-04 00:39:33,370,17,2,"""21세기 말까지 기금 소진 걱정 끝"" 김성주 이사장이 밝힌 1400조 국민연금의 미래 시나리오 #국민연금 #연금고갈 #2099년 #목표 수익률5.5% #연금개혁 #김성주이사장"
2026-04-04 01:06:17,370,17,2,"""21세기 말까지 기금 소진 걱정 끝"" 김성주 이사장이 밝힌 1400조 국민연금의 미래 시나리오 #국민연금 #연금고갈 #2099년 #목표 수익률5.5% #연금개혁 #김성주이사장"
2026-04-04 01:55:09,370,17,2,"""21세기 말까지 기금 소진 걱정 끝"" 김성주 이사장이 밝힌 1400조 국민연금의 미래 시나리오 #국민연금 #연금고갈 #2099년 #목표 수익률5.5% #연금개혁 #김성주이사장"
2026-04-04 02:24:59,370,17,2,"""21세기 말까지 기금 소진 걱정 끝"" 김성주 이사장이 밝힌 1400조 국민연금의 미래 시나리오 #국민연금 #연금고갈 #2099년 #목표 수익률5.5% #연금개혁 #김성주이사장"
2026-04-04 02:56:38,370,17,2,"""21세기 말까지 기금 소진 걱정 끝"" 김성주 이사장이 밝힌 1400조 국민연금의 미래 시나리오 #국민연금 #연금고갈 #2099년 #목표 수익률5.5% #연금개혁 #김성주이사장"
2026-04-04 03:37:51,370,17,2,"""21세기 말까지 기금 소진 걱정 끝"" 김성주 이사장이 밝힌 1400조 국민연금의 미래 시나리오 #국민연금 #연금고갈 #2099년 #목표 수익률5.5% #연금개혁 #김성주이사장"
2026-04-04 04:25:06,370,17,2,"""21세기 말까지 기금 소진 걱정 끝"" 김성주 이사장이 밝힌 1400조 국민연금의 미래 시나리오 #국민연금 #연금고갈 #2099년 #목표 수익률5.5% #연금개혁 #김성주이사장"
2026-04-04 04:56:36,370,17,2,"""21세기 말까지 기금 소진 걱정 끝"" 김성주 이사장이 밝힌 1400조 국민연금의 미래 시나리오 #국민연금 #연금고갈 #2099년 #목표 수익률5.5% #연금개혁 #김성주이사장"
2026-04-04 05:28:49,370,17,2,"""21세기 말까지 기금 소진 걱정 끝"" 김성주 이사장이 밝힌 1400조 국민연금의 미래 시나리오 #국민연금 #연금고갈 #2099년 #목표 수익률5.5% #연금개혁 #김성주이사장"
2026-04-04 06:02:09,370,17,2,"""21세기 말까지 기금 소진 걱정 끝"" 김성주 이사장이 밝힌 1400조 국민연금의 미래 시나리오 #국민연금 #연금고갈 #2099년 #목표 수익률5.5% #연금개혁 #김성주이사장"
2026-04-04 06:43:00,370,17,2,"""21세기 말까지 기금 소진 걱정 끝"" 김성주 이사장이 밝힌 1400조 국민연금의 미래 시나리오 #국민연금 #연금고갈 #2099년 #목표 수익률5.5% #연금개혁 #김성주이사장"
2026-04-04 07:03:03,370,17,2,"""21세기 말까지 기금 소진 걱정 끝"" 김성주 이사장이 밝힌 1400조 국민연금의 미래 시나리오 #국민연금 #연금고갈 #2099년 #목표 수익률5.5% #연금개혁 #김성주이사장"
2026-04-04 07:45:16,370,17,2,"""21세기 말까지 기금 소진 걱정 끝"" 김성주 이사장이 밝힌 1400조 국민연금의 미래 시나리오 #국민연금 #연금고갈 #2099년 #목표 수익률5.5% #연금개혁 #김성주이사장"
2026-04-04 08:18:09,370,17,2,"""21세기 말까지 기금 소진 걱정 끝"" 김성주 이사장이 밝힌 1400조 국민연금의 미래 시나리오 #국민연금 #연금고갈 #2099년 #목표 수익률5.5% #연금개혁 #김성주이사장"
2026-04-04 08:50:24,370,17,2,"""21세기 말까지 기금 소진 걱정 끝"" 김성주 이사장이 밝힌 1400조 국민연금의 미래 시나리오 #국민연금 #연금고갈 #2099년 #목표 수익률5.5% #연금개혁 #김성주이사장"
2026-04-04 09:57:58,370,17,2,"""21세기 말까지 기금 소진 걱정 끝"" 김성주 이사장이 밝힌 1400조 국민연금의 미래 시나리오 #국민연금 #연금고갈 #2099년 #목표 수익률5.5% #연금개혁 #김성주이사장"
2026-04-04 12:31:10,370,17,2,"""21세기 말까지 기금 소진 걱정 끝"" 김성주 이사장이 밝힌 1400조 국민연금의 미래 시나리오 #국민연금 #연금고갈 #2099년 #목표 수익률5.5% #연금개혁 #김성주이사장"
2026-04-04 14:09:35,370,17,2,"""21세기 말까지 기금 소진 걱정 끝"" 김성주 이사장이 밝힌 1400조 국민연금의 미래 시나리오 #국민연금 #연금고갈 #2099년 #목표 수익률5.5% #연금개혁 #김성주이사장"
2026-04-04 15:10:20,370,17,2,"""21세기 말까지 기금 소진 걱정 끝"" 김성주 이사장이 밝힌 1400조 국민연금의 미래 시나리오 #국민연금 #연금고갈 #2099년 #목표 수익률5.5% #연금개혁 #김성주이사장"
2026-04-04 16:15:46,370,17,2,"""21세기 말까지 기금 소진 걱정 끝"" 김성주 이사장이 밝힌 1400조 국민연금의 미래 시나리오 #국민연금 #연금고갈 #2099년 #목표 수익률5.5% #연금개혁 #김성주이사장"
2026-04-04 16:56:34,370,17,2,"""21세기 말까지 기금 소진 걱정 끝"" 김성주 이사장이 밝힌 1400조 국민연금의 미래 시나리오 #국민연금 #연금고갈 #2099년 #목표 수익률5.5% #연금개혁 #김성주이사장"
2026-04-04 17:33:06,370,17,2,"""21세기 말까지 기금 소진 걱정 끝"" 김성주 이사장이 밝힌 1400조 국민연금의 미래 시나리오 #국민연금 #연금고갈 #2099년 #목표 수익률5.5% #연금개혁 #김성주이사장"
2026-04-04 18:08:55,370,17,2,"""21세기 말까지 기금 소진 걱정 끝"" 김성주 이사장이 밝힌 1400조 국민연금의 미래 시나리오 #국민연금 #연금고갈 #2099년 #목표 수익률5.5% #연금개혁 #김성주이사장"
2026-04-04 18:52:41,370,17,2,"""21세기 말까지 기금 소진 걱정 끝"" 김성주 이사장이 밝힌 1400조 국민연금의 미래 시나리오 #국민연금 #연금고갈 #2099년 #목표 수익률5.5% #연금개혁 #김성주이사장"
2026-04-04 19:20:09,370,17,2,"""21세기 말까지 기금 소진 걱정 끝"" 김성주 이사장이 밝힌 1400조 국민연금의 미래 시나리오 #국민연금 #연금고갈 #2099년 #목표 수익률5.5% #연금개혁 #김성주이사장"
2026-04-04 19:55:08,370,17,2,"""21세기 말까지 기금 소진 걱정 끝"" 김성주 이사장이 밝힌 1400조 국민연금의 미래 시나리오 #국민연금 #연금고갈 #2099년 #목표 수익률5.5% #연금개혁 #김성주이사장"
2026-04-04 20:20:28,370,17,2,"""21세기 말까지 기금 소진 걱정 끝"" 김성주 이사장이 밝힌 1400조 국민연금의 미래 시나리오 #국민연금 #연금고갈 #2099년 #목표 수익률5.5% #연금개혁 #김성주이사장"
2026-04-04 20:47:07,370,17,2,"""21세기 말까지 기금 소진 걱정 끝"" 김성주 이사장이 밝힌 1400조 국민연금의 미래 시나리오 #국민연금 #연금고갈 #2099년 #목표 수익률5.5% #연금개혁 #김성주이사장"
2026-04-04 21:01:20,370,17,2,"""21세기 말까지 기금 소진 걱정 끝"" 김성주 이사장이 밝힌 1400조 국민연금의 미래 시나리오 #국민연금 #연금고갈 #2099년 #목표 수익률5.5% #연금개혁 #김성주이사장"
2026-04-04 22:09:04,370,17,2,"""21세기 말까지 기금 소진 걱정 끝"" 김성주 이사장이 밝힌 1400조 국민연금의 미래 시나리오 #국민연금 #연금고갈 #2099년 #목표 수익률5.5% #연금개혁 #김성주이사장"
2026-04-04 22:57:55,370,17,2,"""21세기 말까지 기금 소진 걱정 끝"" 김성주 이사장이 밝힌 1400조 국민연금의 미래 시나리오 #국민연금 #연금고갈 #2099년 #목표 수익률5.5% #연금개혁 #김성주이사장"
2026-04-04 23:31:40,370,17,2,"""21세기 말까지 기금 소진 걱정 끝"" 김성주 이사장이 밝힌 1400조 국민연금의 미래 시나리오 #국민연금 #연금고갈 #2099년 #목표 수익률5.5% #연금개혁 #김성주이사장"
2026-04-05 00:00:16,370,17,2,"""21세기 말까지 기금 소진 걱정 끝"" 김성주 이사장이 밝힌 1400조 국민연금의 미래 시나리오 #국민연금 #연금고갈 #2099년 #목표 수익률5.5% #연금개혁 #김성주이사장"
2026-04-05 00:35:57,370,17,2,"""21세기 말까지 기금 소진 걱정 끝"" 김성주 이사장이 밝힌 1400조 국민연금의 미래 시나리오 #국민연금 #연금고갈 #2099년 #목표 수익률5.5% #연금개혁 #김성주이사장"
2026-04-05 00:58:31,370,17,2,"""21세기 말까지 기금 소진 걱정 끝"" 김성주 이사장이 밝힌 1400조 국민연금의 미래 시나리오 #국민연금 #연금고갈 #2099년 #목표 수익률5.5% #연금개혁 #김성주이사장"
2026-04-05 01:33:53,370,17,2,"""21세기 말까지 기금 소진 걱정 끝"" 김성주 이사장이 밝힌 1400조 국민연금의 미래 시나리오 #국민연금 #연금고갈 #2099년 #목표 수익률5.5% #연금개혁 #김성주이사장"
2026-04-05 02:03:41,370,17,2,"""21세기 말까지 기금 소진 걱정 끝"" 김성주 이사장이 밝힌 1400조 국민연금의 미래 시나리오 #국민연금 #연금고갈 #2099년 #목표 수익률5.5% #연금개혁 #김성주이사장"
2026-04-05 02:40:34,370,17,2,"""21세기 말까지 기금 소진 걱정 끝"" 김성주 이사장이 밝힌 1400조 국민연금의 미래 시나리오 #국민연금 #연금고갈 #2099년 #목표 수익률5.5% #연금개혁 #김성주이사장"
2026-04-05 03:01:11,370,17,2,"""21세기 말까지 기금 소진 걱정 끝"" 김성주 이사장이 밝힌 1400조 국민연금의 미래 시나리오 #국민연금 #연금고갈 #2099년 #목표 수익률5.5% #연금개혁 #김성주이사장"
2026-04-05 03:52:04,370,17,2,"""21세기 말까지 기금 소진 걱정 끝"" 김성주 이사장이 밝힌 1400조 국민연금의 미래 시나리오 #국민연금 #연금고갈 #2099년 #목표 수익률5.5% #연금개혁 #김성주이사장"
2026-04-05 04:21:36,370,17,2,"""21세기 말까지 기금 소진 걱정 끝"" 김성주 이사장이 밝힌 1400조 국민연금의 미래 시나리오 #국민연금 #연금고갈 #2099년 #목표 수익률5.5% #연금개혁 #김성주이사장"
2026-04-05 04:48:59,370,17,2,"""21세기 말까지 기금 소진 걱정 끝"" 김성주 이사장이 밝힌 1400조 국민연금의 미래 시나리오 #국민연금 #연금고갈 #2099년 #목표 수익률5.5% #연금개혁 #김성주이사장"
2026-04-05 05:01:44,370,17,2,"""21세기 말까지 기금 소진 걱정 끝"" 김성주 이사장이 밝힌 1400조 국민연금의 미래 시나리오 #국민연금 #연금고갈 #2099년 #목표 수익률5.5% #연금개혁 #김성주이사장"
2026-04-05 05:41:05,370,17,2,"""21세기 말까지 기금 소진 걱정 끝"" 김성주 이사장이 밝힌 1400조 국민연금의 미래 시나리오 #국민연금 #연금고갈 #2099년 #목표 수익률5.5% #연금개혁 #김성주이사장"
2026-04-05 06:03:10,370,17,2,"""21세기 말까지 기금 소진 걱정 끝"" 김성주 이사장이 밝힌 1400조 국민연금의 미래 시나리오 #국민연금 #연금고갈 #2099년 #목표 수익률5.5% #연금개혁 #김성주이사장"
2026-04-05 06:40:58,370,17,2,"""21세기 말까지 기금 소진 걱정 끝"" 김성주 이사장이 밝힌 1400조 국민연금의 미래 시나리오 #국민연금 #연금고갈 #2099년 #목표 수익률5.5% #연금개혁 #김성주이사장"
2026-04-05 06:58:52,370,17,2,"""21세기 말까지 기금 소진 걱정 끝"" 김성주 이사장이 밝힌 1400조 국민연금의 미래 시나리오 #국민연금 #연금고갈 #2099년 #목표 수익률5.5% #연금개혁 #김성주이사장"
2026-04-05 07:29:28,370,17,2,"""21세기 말까지 기금 소진 걱정 끝"" 김성주 이사장이 밝힌 1400조 국민연금의 미래 시나리오 #국민연금 #연금고갈 #2099년 #목표 수익률5.5% #연금개혁 #김성주이사장"
2026-04-05 07:57:12,370,17,2,"""21세기 말까지 기금 소진 걱정 끝"" 김성주 이사장이 밝힌 1400조 국민연금의 미래 시나리오 #국민연금 #연금고갈 #2099년 #목표 수익률5.5% #연금개혁 #김성주이사장"
2026-04-05 08:26:24,370,17,2,"""21세기 말까지 기금 소진 걱정 끝"" 김성주 이사장이 밝힌 1400조 국민연금의 미래 시나리오 #국민연금 #연금고갈 #2099년 #목표 수익률5.5% #연금개혁 #김성주이사장"
2026-04-05 08:53:19,370,17,2,"""21세기 말까지 기금 소진 걱정 끝"" 김성주 이사장이 밝힌 1400조 국민연금의 미래 시나리오 #국민연금 #연금고갈 #2099년 #목표 수익률5.5% #연금개혁 #김성주이사장"
2026-04-05 10:06:49,370,17,2,"""21세기 말까지 기금 소진 걱정 끝"" 김성주 이사장이 밝힌 1400조 국민연금의 미래 시나리오 #국민연금 #연금고갈 #2099년 #목표 수익률5.5% #연금개혁 #김성주이사장"
2026-04-05 13:07:38,370,17,2,"""21세기 말까지 기금 소진 걱정 끝"" 김성주 이사장이 밝힌 1400조 국민연금의 미래 시나리오 #국민연금 #연금고갈 #2099년 #목표 수익률5.5% #연금개혁 #김성주이사장"
2026-04-05 14:50:34,370,17,2,"""21세기 말까지 기금 소진 걱정 끝"" 김성주 이사장이 밝힌 1400조 국민연금의 미래 시나리오 #국민연금 #연금고갈 #2099년 #목표 수익률5.5% #연금개혁 #김성주이사장"
2026-04-05 15:48:53,370,17,2,"""21세기 말까지 기금 소진 걱정 끝"" 김성주 이사장이 밝힌 1400조 국민연금의 미래 시나리오 #국민연금 #연금고갈 #2099년 #목표 수익률5.5% #연금개혁 #김성주이사장"
2026-04-05 16:43:11,370,17,2,"""21세기 말까지 기금 소진 걱정 끝"" 김성주 이사장이 밝힌 1400조 국민연금의 미래 시나리오 #국민연금 #연금고갈 #2099년 #목표 수익률5.5% #연금개혁 #김성주이사장"
2026-04-05 17:22:55,370,17,2,"""21세기 말까지 기금 소진 걱정 끝"" 김성주 이사장이 밝힌 1400조 국민연금의 미래 시나리오 #국민연금 #연금고갈 #2099년 #목표 수익률5.5% #연금개혁 #김성주이사장"
2026-04-05 18:02:50,370,17,2,"""21세기 말까지 기금 소진 걱정 끝"" 김성주 이사장이 밝힌 1400조 국민연금의 미래 시나리오 #국민연금 #연금고갈 #2099년 #목표 수익률5.5% #연금개혁 #김성주이사장"
2026-04-05 18:50:16,370,17,2,"""21세기 말까지 기금 소진 걱정 끝"" 김성주 이사장이 밝힌 1400조 국민연금의 미래 시나리오 #국민연금 #연금고갈 #2099년 #목표 수익률5.5% #연금개혁 #김성주이사장"
2026-04-05 19:18:50,370,17,2,"""21세기 말까지 기금 소진 걱정 끝"" 김성주 이사장이 밝힌 1400조 국민연금의 미래 시나리오 #국민연금 #연금고갈 #2099년 #목표 수익률5.5% #연금개혁 #김성주이사장"
2026-04-05 19:56:06,370,17,2,"""21세기 말까지 기금 소진 걱정 끝"" 김성주 이사장이 밝힌 1400조 국민연금의 미래 시나리오 #국민연금 #연금고갈 #2099년 #목표 수익률5.5% #연금개혁 #김성주이사장"
2026-04-05 20:22:28,370,17,2,"""21세기 말까지 기금 소진 걱정 끝"" 김성주 이사장이 밝힌 1400조 국민연금의 미래 시나리오 #국민연금 #연금고갈 #2099년 #목표 수익률5.5% #연금개혁 #김성주이사장"
2026-04-05 20:48:43,370,17,2,"""21세기 말까지 기금 소진 걱정 끝"" 김성주 이사장이 밝힌 1400조 국민연금의 미래 시나리오 #국민연금 #연금고갈 #2099년 #목표 수익률5.5% #연금개혁 #김성주이사장"
2026-04-05 21:03:13,370,17,2,"""21세기 말까지 기금 소진 걱정 끝"" 김성주 이사장이 밝힌 1400조 국민연금의 미래 시나리오 #국민연금 #연금고갈 #2099년 #목표 수익률5.5% #연금개혁 #김성주이사장"
2026-04-05 22:17:04,370,17,2,"""21세기 말까지 기금 소진 걱정 끝"" 김성주 이사장이 밝힌 1400조 국민연금의 미래 시나리오 #국민연금 #연금고갈 #2099년 #목표 수익률5.5% #연금개혁 #김성주이사장"
2026-04-05 23:01:28,370,17,2,"""21세기 말까지 기금 소진 걱정 끝"" 김성주 이사장이 밝힌 1400조 국민연금의 미래 시나리오 #국민연금 #연금고갈 #2099년 #목표 수익률5.5% #연금개혁 #김성주이사장"
2026-04-05 23:40:29,370,17,2,"""21세기 말까지 기금 소진 걱정 끝"" 김성주 이사장이 밝힌 1400조 국민연금의 미래 시나리오 #국민연금 #연금고갈 #2099년 #목표 수익률5.5% #연금개혁 #김성주이사장"
2026-04-06 00:05:10,370,17,2,"""21세기 말까지 기금 소진 걱정 끝"" 김성주 이사장이 밝힌 1400조 국민연금의 미래 시나리오 #국민연금 #연금고갈 #2099년 #목표 수익률5.5% #연금개혁 #김성주이사장"
2026-04-06 00:43:46,370,17,2,"""21세기 말까지 기금 소진 걱정 끝"" 김성주 이사장이 밝힌 1400조 국민연금의 미래 시나리오 #국민연금 #연금고갈 #2099년 #목표 수익률5.5% #연금개혁 #김성주이사장"
2026-04-06 01:03:32,370,17,2,"""21세기 말까지 기금 소진 걱정 끝"" 김성주 이사장이 밝힌 1400조 국민연금의 미래 시나리오 #국민연금 #연금고갈 #2099년 #목표 수익률5.5% #연금개혁 #김성주이사장"
2026-04-06 01:49:09,370,17,2,"""21세기 말까지 기금 소진 걱정 끝"" 김성주 이사장이 밝힌 1400조 국민연금의 미래 시나리오 #국민연금 #연금고갈 #2099년 #목표 수익률5.5% #연금개혁 #김성주이사장"
2026-04-06 02:17:39,370,17,2,"""21세기 말까지 기금 소진 걱정 끝"" 김성주 이사장이 밝힌 1400조 국민연금의 미래 시나리오 #국민연금 #연금고갈 #2099년 #목표 수익률5.5% #연금개혁 #김성주이사장"
2026-04-06 02:51:05,370,17,2,"""21세기 말까지 기금 소진 걱정 끝"" 김성주 이사장이 밝힌 1400조 국민연금의 미래 시나리오 #국민연금 #연금고갈 #2099년 #목표 수익률5.5% #연금개혁 #김성주이사장"
2026-04-06 03:22:53,370,17,2,"""21세기 말까지 기금 소진 걱정 끝"" 김성주 이사장이 밝힌 1400조 국민연금의 미래 시나리오 #국민연금 #연금고갈 #2099년 #목표 수익률5.5% #연금개혁 #김성주이사장"
2026-04-06 04:06:47,370,17,2,"""21세기 말까지 기금 소진 걱정 끝"" 김성주 이사장이 밝힌 1400조 국민연금의 미래 시나리오 #국민연금 #연금고갈 #2099년 #목표 수익률5.5% #연금개혁 #김성주이사장"
2026-04-06 04:44:48,370,17,2,"""21세기 말까지 기금 소진 걱정 끝"" 김성주 이사장이 밝힌 1400조 국민연금의 미래 시나리오 #국민연금 #연금고갈 #2099년 #목표 수익률5.5% #연금개혁 #김성주이사장"
2026-04-06 05:00:57,370,17,2,"""21세기 말까지 기금 소진 걱정 끝"" 김성주 이사장이 밝힌 1400조 국민연금의 미래 시나리오 #국민연금 #연금고갈 #2099년 #목표 수익률5.5% #연금개혁 #김성주이사장"
2026-04-06 05:39:38,370,17,2,"""21세기 말까지 기금 소진 걱정 끝"" 김성주 이사장이 밝힌 1400조 국민연금의 미래 시나리오 #국민연금 #연금고갈 #2099년 #목표 수익률5.5% #연금개혁 #김성주이사장"
2026-04-06 06:02:18,370,17,2,"""21세기 말까지 기금 소진 걱정 끝"" 김성주 이사장이 밝힌 1400조 국민연금의 미래 시나리오 #국민연금 #연금고갈 #2099년 #목표 수익률5.5% #연금개혁 #김성주이사장"
2026-04-06 06:41:13,370,17,2,"""21세기 말까지 기금 소진 걱정 끝"" 김성주 이사장이 밝힌 1400조 국민연금의 미래 시나리오 #국민연금 #연금고갈 #2099년 #목표 수익률5.5% #연금개혁 #김성주이사장"
2026-04-06 06:59:30,370,17,2,"""21세기 말까지 기금 소진 걱정 끝"" 김성주 이사장이 밝힌 1400조 국민연금의 미래 시나리오 #국민연금 #연금고갈 #2099년 #목표 수익률5.5% #연금개혁 #김성주이사장"
2026-04-06 07:32:33,370,17,2,"""21세기 말까지 기금 소진 걱정 끝"" 김성주 이사장이 밝힌 1400조 국민연금의 미래 시나리오 #국민연금 #연금고갈 #2099년 #목표 수익률5.5% #연금개혁 #김성주이사장"
2026-04-06 08:01:30,370,17,2,"""21세기 말까지 기금 소진 걱정 끝"" 김성주 이사장이 밝힌 1400조 국민연금의 미래 시나리오 #국민연금 #연금고갈 #2099년 #목표 수익률5.5% #연금개혁 #김성주이사장"
2026-04-06 08:40:35,370,17,2,"""21세기 말까지 기금 소진 걱정 끝"" 김성주 이사장이 밝힌 1400조 국민연금의 미래 시나리오 #국민연금 #연금고갈 #2099년 #목표 수익률5.5% #연금개혁 #김성주이사장"
2026-04-06 09:02:12,370,17,2,"""21세기 말까지 기금 소진 걱정 끝"" 김성주 이사장이 밝힌 1400조 국민연금의 미래 시나리오 #국민연금 #연금고갈 #2099년 #목표 수익률5.5% #연금개혁 #김성주이사장"
2026-04-06 12:32:57,370,17,2,"""21세기 말까지 기금 소진 걱정 끝"" 김성주 이사장이 밝힌 1400조 국민연금의 미래 시나리오 #국민연금 #연금고갈 #2099년 #목표 수익률5.5% #연금개혁 #김성주이사장"
2026-04-06 14:38:27,370,17,2,"""21세기 말까지 기금 소진 걱정 끝"" 김성주 이사장이 밝힌 1400조 국민연금의 미래 시나리오 #국민연금 #연금고갈 #2099년 #목표 수익률5.5% #연금개혁 #김성주이사장"
2026-04-06 16:10:44,370,17,2,"""21세기 말까지 기금 소진 걱정 끝"" 김성주 이사장이 밝힌 1400조 국민연금의 미래 시나리오 #국민연금 #연금고갈 #2099년 #목표 수익률5.5% #연금개혁 #김성주이사장"
2026-04-06 17:44:58,370,17,2,"""21세기 말까지 기금 소진 걱정 끝"" 김성주 이사장이 밝힌 1400조 국민연금의 미래 시나리오 #국민연금 #연금고갈 #2099년 #목표 수익률5.5% #연금개혁 #김성주이사장"
2026-04-06 18:52:43,370,17,2,"""21세기 말까지 기금 소진 걱정 끝"" 김성주 이사장이 밝힌 1400조 국민연금의 미래 시나리오 #국민연금 #연금고갈 #2099년 #목표 수익률5.5% #연금개혁 #김성주이사장"
2026-04-06 19:44:00,370,17,2,"""21세기 말까지 기금 소진 걱정 끝"" 김성주 이사장이 밝힌 1400조 국민연금의 미래 시나리오 #국민연금 #연금고갈 #2099년 #목표 수익률5.5% #연금개혁 #김성주이사장"
2026-04-06 20:34:43,370,17,2,"""21세기 말까지 기금 소진 걱정 끝"" 김성주 이사장이 밝힌 1400조 국민연금의 미래 시나리오 #국민연금 #연금고갈 #2099년 #목표 수익률5.5% #연금개혁 #김성주이사장"
2026-04-06 21:08:56,370,17,2,"""21세기 말까지 기금 소진 걱정 끝"" 김성주 이사장이 밝힌 1400조 국민연금의 미래 시나리오 #국민연금 #연금고갈 #2099년 #목표 수익률5.5% #연금개혁 #김성주이사장"
2026-04-06 22:43:35,370,17,2,"""21세기 말까지 기금 소진 걱정 끝"" 김성주 이사장이 밝힌 1400조 국민연금의 미래 시나리오 #국민연금 #연금고갈 #2099년 #목표 수익률5.5% #연금개혁 #김성주이사장"
2026-04-06 23:34:12,370,17,2,"""21세기 말까지 기금 소진 걱정 끝"" 김성주 이사장이 밝힌 1400조 국민연금의 미래 시나리오 #국민연금 #연금고갈 #2099년 #목표 수익률5.5% #연금개혁 #김성주이사장"
2026-04-07 00:26:32,370,17,2,"""21세기 말까지 기금 소진 걱정 끝"" 김성주 이사장이 밝힌 1400조 국민연금의 미래 시나리오 #국민연금 #연금고갈 #2099년 #목표 수익률5.5% #연금개혁 #김성주이사장"
2026-04-07 01:06:27,370,17,2,"""21세기 말까지 기금 소진 걱정 끝"" 김성주 이사장이 밝힌 1400조 국민연금의 미래 시나리오 #국민연금 #연금고갈 #2099년 #목표 수익률5.5% #연금개혁 #김성주이사장"
2026-04-07 02:02:22,370,17,2,"""21세기 말까지 기금 소진 걱정 끝"" 김성주 이사장이 밝힌 1400조 국민연금의 미래 시나리오 #국민연금 #연금고갈 #2099년 #목표 수익률5.5% #연금개혁 #김성주이사장"
2026-04-07 02:54:13,370,17,2,"""21세기 말까지 기금 소진 걱정 끝"" 김성주 이사장이 밝힌 1400조 국민연금의 미래 시나리오 #국민연금 #연금고갈 #2099년 #목표 수익률5.5% #연금개혁 #김성주이사장"
2026-04-07 03:37:49,370,17,2,"""21세기 말까지 기금 소진 걱정 끝"" 김성주 이사장이 밝힌 1400조 국민연금의 미래 시나리오 #국민연금 #연금고갈 #2099년 #목표 수익률5.5% #연금개혁 #김성주이사장"
2026-04-07 04:39:00,370,17,2,"""21세기 말까지 기금 소진 걱정 끝"" 김성주 이사장이 밝힌 1400조 국민연금의 미래 시나리오 #국민연금 #연금고갈 #2099년 #목표 수익률5.5% #연금개혁 #김성주이사장"
2026-04-07 05:08:11,370,17,2,"""21세기 말까지 기금 소진 걱정 끝"" 김성주 이사장이 밝힌 1400조 국민연금의 미래 시나리오 #국민연금 #연금고갈 #2099년 #목표 수익률5.5% #연금개혁 #김성주이사장"
2026-04-07 05:52:23,370,17,2,"""21세기 말까지 기금 소진 걱정 끝"" 김성주 이사장이 밝힌 1400조 국민연금의 미래 시나리오 #국민연금 #연금고갈 #2099년 #목표 수익률5.5% #연금개혁 #김성주이사장"
2026-04-07 06:25:22,370,17,2,"""21세기 말까지 기금 소진 걱정 끝"" 김성주 이사장이 밝힌 1400조 국민연금의 미래 시나리오 #국민연금 #연금고갈 #2099년 #목표 수익률5.5% #연금개혁 #김성주이사장"
2026-04-07 06:55:58,370,17,2,"""21세기 말까지 기금 소진 걱정 끝"" 김성주 이사장이 밝힌 1400조 국민연금의 미래 시나리오 #국민연금 #연금고갈 #2099년 #목표 수익률5.5% #연금개혁 #김성주이사장"
2026-04-07 07:27:10,370,17,2,"""21세기 말까지 기금 소진 걱정 끝"" 김성주 이사장이 밝힌 1400조 국민연금의 미래 시나리오 #국민연금 #연금고갈 #2099년 #목표 수익률5.5% #연금개혁 #김성주이사장"
2026-04-07 08:02:17,370,17,2,"""21세기 말까지 기금 소진 걱정 끝"" 김성주 이사장이 밝힌 1400조 국민연금의 미래 시나리오 #국민연금 #연금고갈 #2099년 #목표 수익률5.5% #연금개혁 #김성주이사장"
2026-04-07 08:46:13,370,17,2,"""21세기 말까지 기금 소진 걱정 끝"" 김성주 이사장이 밝힌 1400조 국민연금의 미래 시나리오 #국민연금 #연금고갈 #2099년 #목표 수익률5.5% #연금개혁 #김성주이사장"
2026-04-07 10:02:40,370,17,2,"""21세기 말까지 기금 소진 걱정 끝"" 김성주 이사장이 밝힌 1400조 국민연금의 미래 시나리오 #국민연금 #연금고갈 #2099년 #목표 수익률5.5% #연금개혁 #김성주이사장"
2026-04-07 12:53:01,370,17,2,"""21세기 말까지 기금 소진 걱정 끝"" 김성주 이사장이 밝힌 1400조 국민연금의 미래 시나리오 #국민연금 #연금고갈 #2099년 #목표 수익률5.5% #연금개혁 #김성주이사장"
2026-04-07 14:30:40,370,17,2,"""21세기 말까지 기금 소진 걱정 끝"" 김성주 이사장이 밝힌 1400조 국민연금의 미래 시나리오 #국민연금 #연금고갈 #2099년 #목표 수익률5.5% #연금개혁 #김성주이사장"
2026-04-07 15:53:06,370,17,2,"""21세기 말까지 기금 소진 걱정 끝"" 김성주 이사장이 밝힌 1400조 국민연금의 미래 시나리오 #국민연금 #연금고갈 #2099년 #목표 수익률5.5% #연금개혁 #김성주이사장"
2026-04-07 17:02:10,370,17,2,"""21세기 말까지 기금 소진 걱정 끝"" 김성주 이사장이 밝힌 1400조 국민연금의 미래 시나리오 #국민연금 #연금고갈 #2099년 #목표 수익률5.5% #연금개혁 #김성주이사장"
2026-04-07 18:15:14,370,17,2,"""21세기 말까지 기금 소진 걱정 끝"" 김성주 이사장이 밝힌 1400조 국민연금의 미래 시나리오 #국민연금 #연금고갈 #2099년 #목표 수익률5.5% #연금개혁 #김성주이사장"
2026-04-07 19:16:45,370,17,2,"""21세기 말까지 기금 소진 걱정 끝"" 김성주 이사장이 밝힌 1400조 국민연금의 미래 시나리오 #국민연금 #연금고갈 #2099년 #목표 수익률5.5% #연금개혁 #김성주이사장"
2026-04-07 20:15:23,370,17,2,"""21세기 말까지 기금 소진 걱정 끝"" 김성주 이사장이 밝힌 1400조 국민연금의 미래 시나리오 #국민연금 #연금고갈 #2099년 #목표 수익률5.5% #연금개혁 #김성주이사장"
2026-04-07 21:03:28,370,17,2,"""21세기 말까지 기금 소진 걱정 끝"" 김성주 이사장이 밝힌 1400조 국민연금의 미래 시나리오 #국민연금 #연금고갈 #2099년 #목표 수익률5.5% #연금개혁 #김성주이사장"
2026-04-07 22:53:20,370,17,2,"""21세기 말까지 기금 소진 걱정 끝"" 김성주 이사장이 밝힌 1400조 국민연금의 미래 시나리오 #국민연금 #연금고갈 #2099년 #목표 수익률5.5% #연금개혁 #김성주이사장"
2026-04-07 23:58:22,370,17,2,"""21세기 말까지 기금 소진 걱정 끝"" 김성주 이사장이 밝힌 1400조 국민연금의 미래 시나리오 #국민연금 #연금고갈 #2099년 #목표 수익률5.5% #연금개혁 #김성주이사장"
2026-04-08 01:08:58,370,17,2,"""21세기 말까지 기금 소진 걱정 끝"" 김성주 이사장이 밝힌 1400조 국민연금의 미래 시나리오 #국민연금 #연금고갈 #2099년 #목표 수익률5.5% #연금개혁 #김성주이사장"
2026-04-08 02:14:22,370,17,2,"""21세기 말까지 기금 소진 걱정 끝"" 김성주 이사장이 밝힌 1400조 국민연금의 미래 시나리오 #국민연금 #연금고갈 #2099년 #목표 수익률5.5% #연금개혁 #김성주이사장"
2026-04-08 03:08:42,370,17,2,"""21세기 말까지 기금 소진 걱정 끝"" 김성주 이사장이 밝힌 1400조 국민연금의 미래 시나리오 #국민연금 #연금고갈 #2099년 #목표 수익률5.5% #연금개혁 #김성주이사장"
2026-04-08 04:19:54,370,17,2,"""21세기 말까지 기금 소진 걱정 끝"" 김성주 이사장이 밝힌 1400조 국민연금의 미래 시나리오 #국민연금 #연금고갈 #2099년 #목표 수익률5.5% #연금개혁 #김성주이사장"
2026-04-08 05:03:08,370,17,2,"""21세기 말까지 기금 소진 걱정 끝"" 김성주 이사장이 밝힌 1400조 국민연금의 미래 시나리오 #국민연금 #연금고갈 #2099년 #목표 수익률5.5% #연금개혁 #김성주이사장"
2026-04-08 05:58:55,370,17,2,"""21세기 말까지 기금 소진 걱정 끝"" 김성주 이사장이 밝힌 1400조 국민연금의 미래 시나리오 #국민연금 #연금고갈 #2099년 #목표 수익률5.5% #연금개혁 #김성주이사장"
2026-04-08 06:41:02,370,17,2,"""21세기 말까지 기금 소진 걱정 끝"" 김성주 이사장이 밝힌 1400조 국민연금의 미래 시나리오 #국민연금 #연금고갈 #2099년 #목표 수익률5.5% #연금개혁 #김성주이사장"
2026-04-08 07:21:45,370,17,2,"""21세기 말까지 기금 소진 걱정 끝"" 김성주 이사장이 밝힌 1400조 국민연금의 미래 시나리오 #국민연금 #연금고갈 #2099년 #목표 수익률5.5% #연금개혁 #김성주이사장"
2026-04-08 08:01:38,370,17,2,"""21세기 말까지 기금 소진 걱정 끝"" 김성주 이사장이 밝힌 1400조 국민연금의 미래 시나리오 #국민연금 #연금고갈 #2099년 #목표 수익률5.5% #연금개혁 #김성주이사장"
2026-04-08 08:45:22,370,17,2,"""21세기 말까지 기금 소진 걱정 끝"" 김성주 이사장이 밝힌 1400조 국민연금의 미래 시나리오 #국민연금 #연금고갈 #2099년 #목표 수익률5.5% #연금개혁 #김성주이사장"
2026-04-08 10:04:19,370,17,2,"""21세기 말까지 기금 소진 걱정 끝"" 김성주 이사장이 밝힌 1400조 국민연금의 미래 시나리오 #국민연금 #연금고갈 #2099년 #목표 수익률5.5% #연금개혁 #김성주이사장"
2026-04-08 12:55:46,370,17,2,"""21세기 말까지 기금 소진 걱정 끝"" 김성주 이사장이 밝힌 1400조 국민연금의 미래 시나리오 #국민연금 #연금고갈 #2099년 #목표 수익률5.5% #연금개혁 #김성주이사장"
2026-04-08 14:43:20,370,17,2,"""21세기 말까지 기금 소진 걱정 끝"" 김성주 이사장이 밝힌 1400조 국민연금의 미래 시나리오 #국민연금 #연금고갈 #2099년 #목표 수익률5.5% #연금개혁 #김성주이사장"
2026-04-08 16:01:17,370,17,2,"""21세기 말까지 기금 소진 걱정 끝"" 김성주 이사장이 밝힌 1400조 국민연금의 미래 시나리오 #국민연금 #연금고갈 #2099년 #목표 수익률5.5% #연금개혁 #김성주이사장"
2026-04-08 17:15:15,370,17,2,"""21세기 말까지 기금 소진 걱정 끝"" 김성주 이사장이 밝힌 1400조 국민연금의 미래 시나리오 #국민연금 #연금고갈 #2099년 #목표 수익률5.5% #연금개혁 #김성주이사장"
2026-04-08 18:19:32,370,17,2,"""21세기 말까지 기금 소진 걱정 끝"" 김성주 이사장이 밝힌 1400조 국민연금의 미래 시나리오 #국민연금 #연금고갈 #2099년 #목표 수익률5.5% #연금개혁 #김성주이사장"
2026-04-08 19:32:30,370,17,2,"""21세기 말까지 기금 소진 걱정 끝"" 김성주 이사장이 밝힌 1400조 국민연금의 미래 시나리오 #국민연금 #연금고갈 #2099년 #목표 수익률5.5% #연금개혁 #김성주이사장"
2026-04-08 20:32:48,370,17,2,"""21세기 말까지 기금 소진 걱정 끝"" 김성주 이사장이 밝힌 1400조 국민연금의 미래 시나리오 #국민연금 #연금고갈 #2099년 #목표 수익률5.5% #연금개혁 #김성주이사장"
2026-04-08 21:09:44,370,17,2,"""21세기 말까지 기금 소진 걱정 끝"" 김성주 이사장이 밝힌 1400조 국민연금의 미래 시나리오 #국민연금 #연금고갈 #2099년 #목표 수익률5.5% #연금개혁 #김성주이사장"
2026-04-08 23:00:16,370,17,2,"""21세기 말까지 기금 소진 걱정 끝"" 김성주 이사장이 밝힌 1400조 국민연금의 미래 시나리오 #국민연금 #연금고갈 #2099년 #목표 수익률5.5% #연금개혁 #김성주이사장"
2026-04-09 00:13:01,370,17,2,"""21세기 말까지 기금 소진 걱정 끝"" 김성주 이사장이 밝힌 1400조 국민연금의 미래 시나리오 #국민연금 #연금고갈 #2099년 #목표 수익률5.5% #연금개혁 #김성주이사장"
2026-04-09 01:20:48,370,17,2,"""21세기 말까지 기금 소진 걱정 끝"" 김성주 이사장이 밝힌 1400조 국민연금의 미래 시나리오 #국민연금 #연금고갈 #2099년 #목표 수익률5.5% #연금개혁 #김성주이사장"
2026-04-09 02:35:25,370,17,2,"""21세기 말까지 기금 소진 걱정 끝"" 김성주 이사장이 밝힌 1400조 국민연금의 미래 시나리오 #국민연금 #연금고갈 #2099년 #목표 수익률5.5% #연금개혁 #김성주이사장"
2026-04-09 03:49:22,370,17,2,"""21세기 말까지 기금 소진 걱정 끝"" 김성주 이사장이 밝힌 1400조 국민연금의 미래 시나리오 #국민연금 #연금고갈 #2099년 #목표 수익률5.5% #연금개혁 #김성주이사장"
2026-04-09 04:50:04,370,17,2,"""21세기 말까지 기금 소진 걱정 끝"" 김성주 이사장이 밝힌 1400조 국민연금의 미래 시나리오 #국민연금 #연금고갈 #2099년 #목표 수익률5.5% #연금개혁 #김성주이사장"
2026-04-09 05:27:08,370,17,2,"""21세기 말까지 기금 소진 걱정 끝"" 김성주 이사장이 밝힌 1400조 국민연금의 미래 시나리오 #국민연금 #연금고갈 #2099년 #목표 수익률5.5% #연금개혁 #김성주이사장"
2026-04-09 06:08:07,370,17,2,"""21세기 말까지 기금 소진 걱정 끝"" 김성주 이사장이 밝힌 1400조 국민연금의 미래 시나리오 #국민연금 #연금고갈 #2099년 #목표 수익률5.5% #연금개혁 #김성주이사장"
2026-04-09 06:56:35,370,17,2,"""21세기 말까지 기금 소진 걱정 끝"" 김성주 이사장이 밝힌 1400조 국민연금의 미래 시나리오 #국민연금 #연금고갈 #2099년 #목표 수익률5.5% #연금개혁 #김성주이사장"
2026-04-09 07:32:33,370,17,2,"""21세기 말까지 기금 소진 걱정 끝"" 김성주 이사장이 밝힌 1400조 국민연금의 미래 시나리오 #국민연금 #연금고갈 #2099년 #목표 수익률5.5% #연금개혁 #김성주이사장"
2026-04-09 08:10:05,370,17,2,"""21세기 말까지 기금 소진 걱정 끝"" 김성주 이사장이 밝힌 1400조 국민연금의 미래 시나리오 #국민연금 #연금고갈 #2099년 #목표 수익률5.5% #연금개혁 #김성주이사장"
2026-04-09 08:51:31,370,17,2,"""21세기 말까지 기금 소진 걱정 끝"" 김성주 이사장이 밝힌 1400조 국민연금의 미래 시나리오 #국민연금 #연금고갈 #2099년 #목표 수익률5.5% #연금개혁 #김성주이사장"
2026-04-09 09:55:56,370,17,2,"""21세기 말까지 기금 소진 걱정 끝"" 김성주 이사장이 밝힌 1400조 국민연금의 미래 시나리오 #국민연금 #연금고갈 #2099년 #목표 수익률5.5% #연금개혁 #김성주이사장"
2026-04-09 12:42:49,370,17,2,"""21세기 말까지 기금 소진 걱정 끝"" 김성주 이사장이 밝힌 1400조 국민연금의 미래 시나리오 #국민연금 #연금고갈 #2099년 #목표 수익률5.5% #연금개혁 #김성주이사장"
2026-04-09 14:31:14,370,17,2,"""21세기 말까지 기금 소진 걱정 끝"" 김성주 이사장이 밝힌 1400조 국민연금의 미래 시나리오 #국민연금 #연금고갈 #2099년 #목표 수익률5.5% #연금개혁 #김성주이사장"
2026-04-09 15:57:05,370,17,2,"""21세기 말까지 기금 소진 걱정 끝"" 김성주 이사장이 밝힌 1400조 국민연금의 미래 시나리오 #국민연금 #연금고갈 #2099년 #목표 수익률5.5% #연금개혁 #김성주이사장"
2026-04-09 17:16:34,370,17,2,"""21세기 말까지 기금 소진 걱정 끝"" 김성주 이사장이 밝힌 1400조 국민연금의 미래 시나리오 #국민연금 #연금고갈 #2099년 #목표 수익률5.5% #연금개혁 #김성주이사장"
2026-04-09 18:41:29,370,17,2,"""21세기 말까지 기금 소진 걱정 끝"" 김성주 이사장이 밝힌 1400조 국민연금의 미래 시나리오 #국민연금 #연금고갈 #2099년 #목표 수익률5.5% #연금개혁 #김성주이사장"
2026-04-09 19:44:38,370,17,2,"""21세기 말까지 기금 소진 걱정 끝"" 김성주 이사장이 밝힌 1400조 국민연금의 미래 시나리오 #국민연금 #연금고갈 #2099년 #목표 수익률5.5% #연금개혁 #김성주이사장"
2026-04-09 20:37:50,370,17,2,"""21세기 말까지 기금 소진 걱정 끝"" 김성주 이사장이 밝힌 1400조 국민연금의 미래 시나리오 #국민연금 #연금고갈 #2099년 #목표 수익률5.5% #연금개혁 #김성주이사장"
2026-04-09 21:43:39,370,17,2,"""21세기 말까지 기금 소진 걱정 끝"" 김성주 이사장이 밝힌 1400조 국민연금의 미래 시나리오 #국민연금 #연금고갈 #2099년 #목표 수익률5.5% #연금개혁 #김성주이사장"
2026-04-09 23:25:20,370,17,2,"""21세기 말까지 기금 소진 걱정 끝"" 김성주 이사장이 밝힌 1400조 국민연금의 미래 시나리오 #국민연금 #연금고갈 #2099년 #목표 수익률5.5% #연금개혁 #김성주이사장"
2026-04-10 00:59:14,370,17,2,"""21세기 말까지 기금 소진 걱정 끝"" 김성주 이사장이 밝힌 1400조 국민연금의 미래 시나리오 #국민연금 #연금고갈 #2099년 #목표 수익률5.5% #연금개혁 #김성주이사장"
2026-04-10 02:07:27,370,17,2,"""21세기 말까지 기금 소진 걱정 끝"" 김성주 이사장이 밝힌 1400조 국민연금의 미래 시나리오 #국민연금 #연금고갈 #2099년 #목표 수익률5.5% #연금개혁 #김성주이사장"
2026-04-10 03:07:27,370,17,2,"""21세기 말까지 기금 소진 걱정 끝"" 김성주 이사장이 밝힌 1400조 국민연금의 미래 시나리오 #국민연금 #연금고갈 #2099년 #목표 수익률5.5% #연금개혁 #김성주이사장"
2026-04-10 04:23:46,370,17,2,"""21세기 말까지 기금 소진 걱정 끝"" 김성주 이사장이 밝힌 1400조 국민연금의 미래 시나리오 #국민연금 #연금고갈 #2099년 #목표 수익률5.5% #연금개혁 #김성주이사장"
2026-04-10 05:10:22,370,17,2,"""21세기 말까지 기금 소진 걱정 끝"" 김성주 이사장이 밝힌 1400조 국민연금의 미래 시나리오 #국민연금 #연금고갈 #2099년 #목표 수익률5.5% #연금개혁 #김성주이사장"
2026-04-10 06:01:40,370,17,2,"""21세기 말까지 기금 소진 걱정 끝"" 김성주 이사장이 밝힌 1400조 국민연금의 미래 시나리오 #국민연금 #연금고갈 #2099년 #목표 수익률5.5% #연금개혁 #김성주이사장"
2026-04-10 06:51:13,370,17,2,"""21세기 말까지 기금 소진 걱정 끝"" 김성주 이사장이 밝힌 1400조 국민연금의 미래 시나리오 #국민연금 #연금고갈 #2099년 #목표 수익률5.5% #연금개혁 #김성주이사장"
2026-04-10 07:27:27,370,17,2,"""21세기 말까지 기금 소진 걱정 끝"" 김성주 이사장이 밝힌 1400조 국민연금의 미래 시나리오 #국민연금 #연금고갈 #2099년 #목표 수익률5.5% #연금개혁 #김성주이사장"
2026-04-10 08:06:57,370,17,2,"""21세기 말까지 기금 소진 걱정 끝"" 김성주 이사장이 밝힌 1400조 국민연금의 미래 시나리오 #국민연금 #연금고갈 #2099년 #목표 수익률5.5% #연금개혁 #김성주이사장"
2026-04-10 08:50:47,370,17,2,"""21세기 말까지 기금 소진 걱정 끝"" 김성주 이사장이 밝힌 1400조 국민연금의 미래 시나리오 #국민연금 #연금고갈 #2099년 #목표 수익률5.5% #연금개혁 #김성주이사장"
2026-04-10 10:05:19,370,17,2,"""21세기 말까지 기금 소진 걱정 끝"" 김성주 이사장이 밝힌 1400조 국민연금의 미래 시나리오 #국민연금 #연금고갈 #2099년 #목표 수익률5.5% #연금개혁 #김성주이사장"
2026-04-10 13:13:33,370,17,2,"""21세기 말까지 기금 소진 걱정 끝"" 김성주 이사장이 밝힌 1400조 국민연금의 미래 시나리오 #국민연금 #연금고갈 #2099년 #목표 수익률5.5% #연금개혁 #김성주이사장"
2026-04-10 15:07:03,370,17,2,"""21세기 말까지 기금 소진 걱정 끝"" 김성주 이사장이 밝힌 1400조 국민연금의 미래 시나리오 #국민연금 #연금고갈 #2099년 #목표 수익률5.5% #연금개혁 #김성주이사장"
2026-04-10 16:56:24,370,17,2,"""21세기 말까지 기금 소진 걱정 끝"" 김성주 이사장이 밝힌 1400조 국민연금의 미래 시나리오 #국민연금 #연금고갈 #2099년 #목표 수익률5.5% #연금개혁 #김성주이사장"
2026-04-10 18:00:54,370,17,2,"""21세기 말까지 기금 소진 걱정 끝"" 김성주 이사장이 밝힌 1400조 국민연금의 미래 시나리오 #국민연금 #연금고갈 #2099년 #목표 수익률5.5% #연금개혁 #김성주이사장"
2026-04-10 19:10:24,370,17,2,"""21세기 말까지 기금 소진 걱정 끝"" 김성주 이사장이 밝힌 1400조 국민연금의 미래 시나리오 #국민연금 #연금고갈 #2099년 #목표 수익률5.5% #연금개혁 #김성주이사장"
2026-04-10 20:11:06,370,17,2,"""21세기 말까지 기금 소진 걱정 끝"" 김성주 이사장이 밝힌 1400조 국민연금의 미래 시나리오 #국민연금 #연금고갈 #2099년 #목표 수익률5.5% #연금개혁 #김성주이사장"
2026-04-10 20:58:38,370,17,2,"""21세기 말까지 기금 소진 걱정 끝"" 김성주 이사장이 밝힌 1400조 국민연금의 미래 시나리오 #국민연금 #연금고갈 #2099년 #목표 수익률5.5% #연금개혁 #김성주이사장"
2026-04-10 22:07:36,370,17,2,"""21세기 말까지 기금 소진 걱정 끝"" 김성주 이사장이 밝힌 1400조 국민연금의 미래 시나리오 #국민연금 #연금고갈 #2099년 #목표 수익률5.5% #연금개혁 #김성주이사장"
2026-04-10 23:19:36,370,17,2,"""21세기 말까지 기금 소진 걱정 끝"" 김성주 이사장이 밝힌 1400조 국민연금의 미래 시나리오 #국민연금 #연금고갈 #2099년 #목표 수익률5.5% #연금개혁 #김성주이사장"
2026-04-11 00:09:46,370,17,2,"""21세기 말까지 기금 소진 걱정 끝"" 김성주 이사장이 밝힌 1400조 국민연금의 미래 시나리오 #국민연금 #연금고갈 #2099년 #목표 수익률5.5% #연금개혁 #김성주이사장"
2026-04-11 01:05:22,370,17,2,"""21세기 말까지 기금 소진 걱정 끝"" 김성주 이사장이 밝힌 1400조 국민연금의 미래 시나리오 #국민연금 #연금고갈 #2099년 #목표 수익률5.5% #연금개혁 #김성주이사장"
2026-04-11 02:01:30,370,17,2,"""21세기 말까지 기금 소진 걱정 끝"" 김성주 이사장이 밝힌 1400조 국민연금의 미래 시나리오 #국민연금 #연금고갈 #2099년 #목표 수익률5.5% #연금개혁 #김성주이사장"
2026-04-11 02:52:02,370,17,2,"""21세기 말까지 기금 소진 걱정 끝"" 김성주 이사장이 밝힌 1400조 국민연금의 미래 시나리오 #국민연금 #연금고갈 #2099년 #목표 수익률5.5% #연금개혁 #김성주이사장"
2026-04-11 03:35:05,370,17,2,"""21세기 말까지 기금 소진 걱정 끝"" 김성주 이사장이 밝힌 1400조 국민연금의 미래 시나리오 #국민연금 #연금고갈 #2099년 #목표 수익률5.5% #연금개혁 #김성주이사장"
2026-04-11 04:28:43,370,17,2,"""21세기 말까지 기금 소진 걱정 끝"" 김성주 이사장이 밝힌 1400조 국민연금의 미래 시나리오 #국민연금 #연금고갈 #2099년 #목표 수익률5.5% #연금개혁 #김성주이사장"
2026-04-11 05:01:34,370,17,2,"""21세기 말까지 기금 소진 걱정 끝"" 김성주 이사장이 밝힌 1400조 국민연금의 미래 시나리오 #국민연금 #연금고갈 #2099년 #목표 수익률5.5% #연금개혁 #김성주이사장"
2026-04-11 05:47:47,370,17,2,"""21세기 말까지 기금 소진 걱정 끝"" 김성주 이사장이 밝힌 1400조 국민연금의 미래 시나리오 #국민연금 #연금고갈 #2099년 #목표 수익률5.5% #연금개혁 #김성주이사장"
2026-04-11 06:22:23,370,17,2,"""21세기 말까지 기금 소진 걱정 끝"" 김성주 이사장이 밝힌 1400조 국민연금의 미래 시나리오 #국민연금 #연금고갈 #2099년 #목표 수익률5.5% #연금개혁 #김성주이사장"
2026-04-11 06:56:49,370,17,2,"""21세기 말까지 기금 소진 걱정 끝"" 김성주 이사장이 밝힌 1400조 국민연금의 미래 시나리오 #국민연금 #연금고갈 #2099년 #목표 수익률5.5% #연금개혁 #김성주이사장"
2026-04-11 07:30:19,370,17,2,"""21세기 말까지 기금 소진 걱정 끝"" 김성주 이사장이 밝힌 1400조 국민연금의 미래 시나리오 #국민연금 #연금고갈 #2099년 #목표 수익률5.5% #연금개혁 #김성주이사장"
2026-04-11 08:04:13,370,17,2,"""21세기 말까지 기금 소진 걱정 끝"" 김성주 이사장이 밝힌 1400조 국민연금의 미래 시나리오 #국민연금 #연금고갈 #2099년 #목표 수익률5.5% #연금개혁 #김성주이사장"
2026-04-11 08:48:21,370,17,2,"""21세기 말까지 기금 소진 걱정 끝"" 김성주 이사장이 밝힌 1400조 국민연금의 미래 시나리오 #국민연금 #연금고갈 #2099년 #목표 수익률5.5% #연금개혁 #김성주이사장"
2026-04-11 10:00:25,370,17,2,"""21세기 말까지 기금 소진 걱정 끝"" 김성주 이사장이 밝힌 1400조 국민연금의 미래 시나리오 #국민연금 #연금고갈 #2099년 #목표 수익률5.5% #연금개혁 #김성주이사장"
2026-04-11 12:38:10,370,17,2,"""21세기 말까지 기금 소진 걱정 끝"" 김성주 이사장이 밝힌 1400조 국민연금의 미래 시나리오 #국민연금 #연금고갈 #2099년 #목표 수익률5.5% #연금개혁 #김성주이사장"
2026-04-11 14:14:53,370,17,2,"""21세기 말까지 기금 소진 걱정 끝"" 김성주 이사장이 밝힌 1400조 국민연금의 미래 시나리오 #국민연금 #연금고갈 #2099년 #목표 수익률5.5% #연금개혁 #김성주이사장"
2026-04-11 15:14:02,370,17,2,"""21세기 말까지 기금 소진 걱정 끝"" 김성주 이사장이 밝힌 1400조 국민연금의 미래 시나리오 #국민연금 #연금고갈 #2099년 #목표 수익률5.5% #연금개혁 #김성주이사장"
2026-04-11 16:17:00,370,17,2,"""21세기 말까지 기금 소진 걱정 끝"" 김성주 이사장이 밝힌 1400조 국민연금의 미래 시나리오 #국민연금 #연금고갈 #2099년 #목표 수익률5.5% #연금개혁 #김성주이사장"
2026-04-11 16:58:07,370,17,2,"""21세기 말까지 기금 소진 걱정 끝"" 김성주 이사장이 밝힌 1400조 국민연금의 미래 시나리오 #국민연금 #연금고갈 #2099년 #목표 수익률5.5% #연금개혁 #김성주이사장"
2026-04-11 17:39:10,370,17,2,"""21세기 말까지 기금 소진 걱정 끝"" 김성주 이사장이 밝힌 1400조 국민연금의 미래 시나리오 #국민연금 #연금고갈 #2099년 #목표 수익률5.5% #연금개혁 #김성주이사장"
2026-04-11 18:23:44,370,17,2,"""21세기 말까지 기금 소진 걱정 끝"" 김성주 이사장이 밝힌 1400조 국민연금의 미래 시나리오 #국민연금 #연금고갈 #2099년 #목표 수익률5.5% #연금개혁 #김성주이사장"
2026-04-11 19:00:47,370,17,2,"""21세기 말까지 기금 소진 걱정 끝"" 김성주 이사장이 밝힌 1400조 국민연금의 미래 시나리오 #국민연금 #연금고갈 #2099년 #목표 수익률5.5% #연금개혁 #김성주이사장"
2026-04-11 19:39:50,370,17,2,"""21세기 말까지 기금 소진 걱정 끝"" 김성주 이사장이 밝힌 1400조 국민연금의 미래 시나리오 #국민연금 #연금고갈 #2099년 #목표 수익률5.5% #연금개혁 #김성주이사장"
2026-04-11 20:05:29,370,17,2,"""21세기 말까지 기금 소진 걱정 끝"" 김성주 이사장이 밝힌 1400조 국민연금의 미래 시나리오 #국민연금 #연금고갈 #2099년 #목표 수익률5.5% #연금개혁 #김성주이사장"
2026-04-11 20:39:51,370,17,2,"""21세기 말까지 기금 소진 걱정 끝"" 김성주 이사장이 밝힌 1400조 국민연금의 미래 시나리오 #국민연금 #연금고갈 #2099년 #목표 수익률5.5% #연금개혁 #김성주이사장"
2026-04-11 20:58:29,370,17,2,"""21세기 말까지 기금 소진 걱정 끝"" 김성주 이사장이 밝힌 1400조 국민연금의 미래 시나리오 #국민연금 #연금고갈 #2099년 #목표 수익률5.5% #연금개혁 #김성주이사장"
2026-04-11 21:54:36,370,17,2,"""21세기 말까지 기금 소진 걱정 끝"" 김성주 이사장이 밝힌 1400조 국민연금의 미래 시나리오 #국민연금 #연금고갈 #2099년 #목표 수익률5.5% #연금개혁 #김성주이사장"
2026-04-11 22:45:25,370,17,2,"""21세기 말까지 기금 소진 걱정 끝"" 김성주 이사장이 밝힌 1400조 국민연금의 미래 시나리오 #국민연금 #연금고갈 #2099년 #목표 수익률5.5% #연금개혁 #김성주이사장"
2026-04-11 23:22:34,370,17,2,"""21세기 말까지 기금 소진 걱정 끝"" 김성주 이사장이 밝힌 1400조 국민연금의 미래 시나리오 #국민연금 #연금고갈 #2099년 #목표 수익률5.5% #연금개혁 #김성주이사장"
2026-04-11 23:58:12,370,17,2,"""21세기 말까지 기금 소진 걱정 끝"" 김성주 이사장이 밝힌 1400조 국민연금의 미래 시나리오 #국민연금 #연금고갈 #2099년 #목표 수익률5.5% #연금개혁 #김성주이사장"
2026-04-12 00:31:25,370,17,2,"""21세기 말까지 기금 소진 걱정 끝"" 김성주 이사장이 밝힌 1400조 국민연금의 미래 시나리오 #국민연금 #연금고갈 #2099년 #목표 수익률5.5% #연금개혁 #김성주이사장"
2026-04-12 00:57:56,370,17,2,"""21세기 말까지 기금 소진 걱정 끝"" 김성주 이사장이 밝힌 1400조 국민연금의 미래 시나리오 #국민연금 #연금고갈 #2099년 #목표 수익률5.5% #연금개혁 #김성주이사장"
2026-04-12 01:33:10,370,17,2,"""21세기 말까지 기금 소진 걱정 끝"" 김성주 이사장이 밝힌 1400조 국민연금의 미래 시나리오 #국민연금 #연금고갈 #2099년 #목표 수익률5.5% #연금개혁 #김성주이사장"
2026-04-12 02:05:34,370,17,2,"""21세기 말까지 기금 소진 걱정 끝"" 김성주 이사장이 밝힌 1400조 국민연금의 미래 시나리오 #국민연금 #연금고갈 #2099년 #목표 수익률5.5% #연금개혁 #김성주이사장"
2026-04-12 02:44:57,370,17,2,"""21세기 말까지 기금 소진 걱정 끝"" 김성주 이사장이 밝힌 1400조 국민연금의 미래 시나리오 #국민연금 #연금고갈 #2099년 #목표 수익률5.5% #연금개혁 #김성주이사장"
2026-04-12 03:03:34,370,17,2,"""21세기 말까지 기금 소진 걱정 끝"" 김성주 이사장이 밝힌 1400조 국민연금의 미래 시나리오 #국민연금 #연금고갈 #2099년 #목표 수익률5.5% #연금개혁 #김성주이사장"
2026-04-12 04:00:30,370,17,2,"""21세기 말까지 기금 소진 걱정 끝"" 김성주 이사장이 밝힌 1400조 국민연금의 미래 시나리오 #국민연금 #연금고갈 #2099년 #목표 수익률5.5% #연금개혁 #김성주이사장"
2026-04-12 04:37:28,370,17,2,"""21세기 말까지 기금 소진 걱정 끝"" 김성주 이사장이 밝힌 1400조 국민연금의 미래 시나리오 #국민연금 #연금고갈 #2099년 #목표 수익률5.5% #연금개혁 #김성주이사장"
2026-04-12 04:59:05,370,17,2,"""21세기 말까지 기금 소진 걱정 끝"" 김성주 이사장이 밝힌 1400조 국민연금의 미래 시나리오 #국민연금 #연금고갈 #2099년 #목표 수익률5.5% #연금개혁 #김성주이사장"
2026-04-12 05:33:53,370,17,2,"""21세기 말까지 기금 소진 걱정 끝"" 김성주 이사장이 밝힌 1400조 국민연금의 미래 시나리오 #국민연금 #연금고갈 #2099년 #목표 수익률5.5% #연금개혁 #김성주이사장"
2026-04-12 06:02:05,370,17,2,"""21세기 말까지 기금 소진 걱정 끝"" 김성주 이사장이 밝힌 1400조 국민연금의 미래 시나리오 #국민연금 #연금고갈 #2099년 #목표 수익률5.5% #연금개혁 #김성주이사장"
2026-04-12 06:41:16,370,17,2,"""21세기 말까지 기금 소진 걱정 끝"" 김성주 이사장이 밝힌 1400조 국민연금의 미래 시나리오 #국민연금 #연금고갈 #2099년 #목표 수익률5.5% #연금개혁 #김성주이사장"
2026-04-12 07:00:59,370,17,2,"""21세기 말까지 기금 소진 걱정 끝"" 김성주 이사장이 밝힌 1400조 국민연금의 미래 시나리오 #국민연금 #연금고갈 #2099년 #목표 수익률5.5% #연금개혁 #김성주이사장"
2026-04-12 07:37:53,370,17,2,"""21세기 말까지 기금 소진 걱정 끝"" 김성주 이사장이 밝힌 1400조 국민연금의 미래 시나리오 #국민연금 #연금고갈 #2099년 #목표 수익률5.5% #연금개혁 #김성주이사장"
2026-04-12 08:04:06,370,17,2,"""21세기 말까지 기금 소진 걱정 끝"" 김성주 이사장이 밝힌 1400조 국민연금의 미래 시나리오 #국민연금 #연금고갈 #2099년 #목표 수익률5.5% #연금개혁 #김성주이사장"
2026-04-12 08:47:11,370,17,2,"""21세기 말까지 기금 소진 걱정 끝"" 김성주 이사장이 밝힌 1400조 국민연금의 미래 시나리오 #국민연금 #연금고갈 #2099년 #목표 수익률5.5% #연금개혁 #김성주이사장"
2026-04-12 10:08:02,370,17,2,"""21세기 말까지 기금 소진 걱정 끝"" 김성주 이사장이 밝힌 1400조 국민연금의 미래 시나리오 #국민연금 #연금고갈 #2099년 #목표 수익률5.5% #연금개혁 #김성주이사장"
2026-04-12 13:17:23,370,17,2,"""21세기 말까지 기금 소진 걱정 끝"" 김성주 이사장이 밝힌 1400조 국민연금의 미래 시나리오 #국민연금 #연금고갈 #2099년 #목표 수익률5.5% #연금개혁 #김성주이사장"
2026-04-12 15:03:42,370,17,2,"""21세기 말까지 기금 소진 걱정 끝"" 김성주 이사장이 밝힌 1400조 국민연금의 미래 시나리오 #국민연금 #연금고갈 #2099년 #목표 수익률5.5% #연금개혁 #김성주이사장"
2026-04-12 16:38:23,370,17,2,"""21세기 말까지 기금 소진 걱정 끝"" 김성주 이사장이 밝힌 1400조 국민연금의 미래 시나리오 #국민연금 #연금고갈 #2099년 #목표 수익률5.5% #연금개혁 #김성주이사장"
2026-04-12 17:27:06,370,17,2,"""21세기 말까지 기금 소진 걱정 끝"" 김성주 이사장이 밝힌 1400조 국민연금의 미래 시나리오 #국민연금 #연금고갈 #2099년 #목표 수익률5.5% #연금개혁 #김성주이사장"
2026-04-12 18:10:09,370,17,2,"""21세기 말까지 기금 소진 걱정 끝"" 김성주 이사장이 밝힌 1400조 국민연금의 미래 시나리오 #국민연금 #연금고갈 #2099년 #목표 수익률5.5% #연금개혁 #김성주이사장"
2026-04-12 18:58:22,371,17,2,"""21세기 말까지 기금 소진 걱정 끝"" 김성주 이사장이 밝힌 1400조 국민연금의 미래 시나리오 #국민연금 #연금고갈 #2099년 #목표 수익률5.5% #연금개혁 #김성주이사장"
2026-04-12 19:36:47,371,17,2,"""21세기 말까지 기금 소진 걱정 끝"" 김성주 이사장이 밝힌 1400조 국민연금의 미래 시나리오 #국민연금 #연금고갈 #2099년 #목표 수익률5.5% #연금개혁 #김성주이사장"
2026-04-12 20:18:27,370,17,2,"""21세기 말까지 기금 소진 걱정 끝"" 김성주 이사장이 밝힌 1400조 국민연금의 미래 시나리오 #국민연금 #연금고갈 #2099년 #목표 수익률5.5% #연금개혁 #김성주이사장"
2026-04-12 20:49:58,370,17,2,"""21세기 말까지 기금 소진 걱정 끝"" 김성주 이사장이 밝힌 1400조 국민연금의 미래 시나리오 #국민연금 #연금고갈 #2099년 #목표 수익률5.5% #연금개혁 #김성주이사장"
2026-04-12 21:27:30,371,17,2,"""21세기 말까지 기금 소진 걱정 끝"" 김성주 이사장이 밝힌 1400조 국민연금의 미래 시나리오 #국민연금 #연금고갈 #2099년 #목표 수익률5.5% #연금개혁 #김성주이사장"
2026-04-12 22:38:21,371,17,2,"""21세기 말까지 기금 소진 걱정 끝"" 김성주 이사장이 밝힌 1400조 국민연금의 미래 시나리오 #국민연금 #연금고갈 #2099년 #목표 수익률5.5% #연금개혁 #김성주이사장"
2026-04-12 23:22:02,371,17,2,"""21세기 말까지 기금 소진 걱정 끝"" 김성주 이사장이 밝힌 1400조 국민연금의 미래 시나리오 #국민연금 #연금고갈 #2099년 #목표 수익률5.5% #연금개혁 #김성주이사장"
2026-04-13 00:00:46,371,17,2,"""21세기 말까지 기금 소진 걱정 끝"" 김성주 이사장이 밝힌 1400조 국민연금의 미래 시나리오 #국민연금 #연금고갈 #2099년 #목표 수익률5.5% #연금개혁 #김성주이사장"
2026-04-13 00:40:05,371,17,2,"""21세기 말까지 기금 소진 걱정 끝"" 김성주 이사장이 밝힌 1400조 국민연금의 미래 시나리오 #국민연금 #연금고갈 #2099년 #목표 수익률5.5% #연금개혁 #김성주이사장"
2026-04-13 01:05:19,371,17,2,"""21세기 말까지 기금 소진 걱정 끝"" 김성주 이사장이 밝힌 1400조 국민연금의 미래 시나리오 #국민연금 #연금고갈 #2099년 #목표 수익률5.5% #연금개혁 #김성주이사장"
2026-04-13 01:53:37,371,17,2,"""21세기 말까지 기금 소진 걱정 끝"" 김성주 이사장이 밝힌 1400조 국민연금의 미래 시나리오 #국민연금 #연금고갈 #2099년 #목표 수익률5.5% #연금개혁 #김성주이사장"
2026-04-13 02:23:42,371,17,2,"""21세기 말까지 기금 소진 걱정 끝"" 김성주 이사장이 밝힌 1400조 국민연금의 미래 시나리오 #국민연금 #연금고갈 #2099년 #목표 수익률5.5% #연금개혁 #김성주이사장"
2026-04-13 02:56:15,371,17,2,"""21세기 말까지 기금 소진 걱정 끝"" 김성주 이사장이 밝힌 1400조 국민연금의 미래 시나리오 #국민연금 #연금고갈 #2099년 #목표 수익률5.5% #연금개혁 #김성주이사장"
2026-04-13 03:35:44,371,17,2,"""21세기 말까지 기금 소진 걱정 끝"" 김성주 이사장이 밝힌 1400조 국민연금의 미래 시나리오 #국민연금 #연금고갈 #2099년 #목표 수익률5.5% #연금개혁 #김성주이사장"
2026-04-13 04:24:45,371,17,2,"""21세기 말까지 기금 소진 걱정 끝"" 김성주 이사장이 밝힌 1400조 국민연금의 미래 시나리오 #국민연금 #연금고갈 #2099년 #목표 수익률5.5% #연금개혁 #김성주이사장"
2026-04-13 04:56:16,371,17,2,"""21세기 말까지 기금 소진 걱정 끝"" 김성주 이사장이 밝힌 1400조 국민연금의 미래 시나리오 #국민연금 #연금고갈 #2099년 #목표 수익률5.5% #연금개혁 #김성주이사장"
2026-04-13 05:27:01,371,17,2,"""21세기 말까지 기금 소진 걱정 끝"" 김성주 이사장이 밝힌 1400조 국민연금의 미래 시나리오 #국민연금 #연금고갈 #2099년 #목표 수익률5.5% #연금개혁 #김성주이사장"
2026-04-13 06:00:55,371,17,2,"""21세기 말까지 기금 소진 걱정 끝"" 김성주 이사장이 밝힌 1400조 국민연금의 미래 시나리오 #국민연금 #연금고갈 #2099년 #목표 수익률5.5% #연금개혁 #김성주이사장"
2026-04-13 06:40:20,371,17,2,"""21세기 말까지 기금 소진 걱정 끝"" 김성주 이사장이 밝힌 1400조 국민연금의 미래 시나리오 #국민연금 #연금고갈 #2099년 #목표 수익률5.5% #연금개혁 #김성주이사장"
2026-04-13 07:02:53,371,17,2,"""21세기 말까지 기금 소진 걱정 끝"" 김성주 이사장이 밝힌 1400조 국민연금의 미래 시나리오 #국민연금 #연금고갈 #2099년 #목표 수익률5.5% #연금개혁 #김성주이사장"
2026-04-13 07:46:39,371,17,2,"""21세기 말까지 기금 소진 걱정 끝"" 김성주 이사장이 밝힌 1400조 국민연금의 미래 시나리오 #국민연금 #연금고갈 #2099년 #목표 수익률5.5% #연금개혁 #김성주이사장"
2026-04-13 08:19:29,371,17,2,"""21세기 말까지 기금 소진 걱정 끝"" 김성주 이사장이 밝힌 1400조 국민연금의 미래 시나리오 #국민연금 #연금고갈 #2099년 #목표 수익률5.5% #연금개혁 #김성주이사장"
2026-04-13 08:53:33,371,17,2,"""21세기 말까지 기금 소진 걱정 끝"" 김성주 이사장이 밝힌 1400조 국민연금의 미래 시나리오 #국민연금 #연금고갈 #2099년 #목표 수익률5.5% #연금개혁 #김성주이사장"
2026-04-13 10:12:32,371,17,2,"""21세기 말까지 기금 소진 걱정 끝"" 김성주 이사장이 밝힌 1400조 국민연금의 미래 시나리오 #국민연금 #연금고갈 #2099년 #목표 수익률5.5% #연금개혁 #김성주이사장"
2026-04-13 13:29:20,371,17,2,"""21세기 말까지 기금 소진 걱정 끝"" 김성주 이사장이 밝힌 1400조 국민연금의 미래 시나리오 #국민연금 #연금고갈 #2099년 #목표 수익률5.5% #연금개혁 #김성주이사장"
2026-04-13 15:30:39,371,17,2,"""21세기 말까지 기금 소진 걱정 끝"" 김성주 이사장이 밝힌 1400조 국민연금의 미래 시나리오 #국민연금 #연금고갈 #2099년 #목표 수익률5.5% #연금개혁 #김성주이사장"
2026-04-13 17:29:09,371,17,2,"""21세기 말까지 기금 소진 걱정 끝"" 김성주 이사장이 밝힌 1400조 국민연금의 미래 시나리오 #국민연금 #연금고갈 #2099년 #목표 수익률5.5% #연금개혁 #김성주이사장"
2026-04-13 19:13:54,371,17,2,"""21세기 말까지 기금 소진 걱정 끝"" 김성주 이사장이 밝힌 1400조 국민연금의 미래 시나리오 #국민연금 #연금고갈 #2099년 #목표 수익률5.5% #연금개혁 #김성주이사장"
2026-04-13 20:41:03,371,17,2,"""21세기 말까지 기금 소진 걱정 끝"" 김성주 이사장이 밝힌 1400조 국민연금의 미래 시나리오 #국민연금 #연금고갈 #2099년 #목표 수익률5.5% #연금개혁 #김성주이사장"
2026-04-13 21:44:46,371,17,2,"""21세기 말까지 기금 소진 걱정 끝"" 김성주 이사장이 밝힌 1400조 국민연금의 미래 시나리오 #국민연금 #연금고갈 #2099년 #목표 수익률5.5% #연금개혁 #김성주이사장"
2026-04-13 23:19:28,371,17,2,"""21세기 말까지 기금 소진 걱정 끝"" 김성주 이사장이 밝힌 1400조 국민연금의 미래 시나리오 #국민연금 #연금고갈 #2099년 #목표 수익률5.5% #연금개혁 #김성주이사장"
2026-04-14 00:48:44,371,17,2,"""21세기 말까지 기금 소진 걱정 끝"" 김성주 이사장이 밝힌 1400조 국민연금의 미래 시나리오 #국민연금 #연금고갈 #2099년 #목표 수익률5.5% #연금개혁 #김성주이사장"
2026-04-14 01:47:43,371,17,2,"""21세기 말까지 기금 소진 걱정 끝"" 김성주 이사장이 밝힌 1400조 국민연금의 미래 시나리오 #국민연금 #연금고갈 #2099년 #목표 수익률5.5% #연금개혁 #김성주이사장"
2026-04-14 02:44:03,372,17,2,"""21세기 말까지 기금 소진 걱정 끝"" 김성주 이사장이 밝힌 1400조 국민연금의 미래 시나리오 #국민연금 #연금고갈 #2099년 #목표 수익률5.5% #연금개혁 #김성주이사장"
2026-04-14 03:49:23,372,17,2,"""21세기 말까지 기금 소진 걱정 끝"" 김성주 이사장이 밝힌 1400조 국민연금의 미래 시나리오 #국민연금 #연금고갈 #2099년 #목표 수익률5.5% #연금개혁 #김성주이사장"
2026-04-14 04:55:44,372,17,2,"""21세기 말까지 기금 소진 걱정 끝"" 김성주 이사장이 밝힌 1400조 국민연금의 미래 시나리오 #국민연금 #연금고갈 #2099년 #목표 수익률5.5% #연금개혁 #김성주이사장"
2026-04-14 05:42:50,372,17,2,"""21세기 말까지 기금 소진 걱정 끝"" 김성주 이사장이 밝힌 1400조 국민연금의 미래 시나리오 #국민연금 #연금고갈 #2099년 #목표 수익률5.5% #연금개혁 #김성주이사장"
2026-04-14 06:31:52,372,17,2,"""21세기 말까지 기금 소진 걱정 끝"" 김성주 이사장이 밝힌 1400조 국민연금의 미래 시나리오 #국민연금 #연금고갈 #2099년 #목표 수익률5.5% #연금개혁 #김성주이사장"
2026-04-14 07:10:58,372,17,2,"""21세기 말까지 기금 소진 걱정 끝"" 김성주 이사장이 밝힌 1400조 국민연금의 미래 시나리오 #국민연금 #연금고갈 #2099년 #목표 수익률5.5% #연금개혁 #김성주이사장"
2026-04-14 08:01:25,372,17,2,"""21세기 말까지 기금 소진 걱정 끝"" 김성주 이사장이 밝힌 1400조 국민연금의 미래 시나리오 #국민연금 #연금고갈 #2099년 #목표 수익률5.5% #연금개혁 #김성주이사장"
2026-04-14 08:51:36,372,17,2,"""21세기 말까지 기금 소진 걱정 끝"" 김성주 이사장이 밝힌 1400조 국민연금의 미래 시나리오 #국민연금 #연금고갈 #2099년 #목표 수익률5.5% #연금개혁 #김성주이사장"
2026-04-14 10:11:14,372,17,2,"""21세기 말까지 기금 소진 걱정 끝"" 김성주 이사장이 밝힌 1400조 국민연금의 미래 시나리오 #국민연금 #연금고갈 #2099년 #목표 수익률5.5% #연금개혁 #김성주이사장"
2026-04-14 13:18:03,373,17,2,"""21세기 말까지 기금 소진 걱정 끝"" 김성주 이사장이 밝힌 1400조 국민연금의 미래 시나리오 #국민연금 #연금고갈 #2099년 #목표 수익률5.5% #연금개혁 #김성주이사장"
2026-04-14 15:12:11,373,17,2,"""21세기 말까지 기금 소진 걱정 끝"" 김성주 이사장이 밝힌 1400조 국민연금의 미래 시나리오 #국민연금 #연금고갈 #2099년 #목표 수익률5.5% #연금개혁 #김성주이사장"
2026-04-14 17:03:04,373,17,2,"""21세기 말까지 기금 소진 걱정 끝"" 김성주 이사장이 밝힌 1400조 국민연금의 미래 시나리오 #국민연금 #연금고갈 #2099년 #목표 수익률5.5% #연금개혁 #김성주이사장"
2026-04-14 18:43:37,373,17,2,"""21세기 말까지 기금 소진 걱정 끝"" 김성주 이사장이 밝힌 1400조 국민연금의 미래 시나리오 #국민연금 #연금고갈 #2099년 #목표 수익률5.5% #연금개혁 #김성주이사장"
2026-04-14 19:49:15,373,17,2,"""21세기 말까지 기금 소진 걱정 끝"" 김성주 이사장이 밝힌 1400조 국민연금의 미래 시나리오 #국민연금 #연금고갈 #2099년 #목표 수익률5.5% #연금개혁 #김성주이사장"
2026-04-14 20:44:54,373,17,2,"""21세기 말까지 기금 소진 걱정 끝"" 김성주 이사장이 밝힌 1400조 국민연금의 미래 시나리오 #국민연금 #연금고갈 #2099년 #목표 수익률5.5% #연금개혁 #김성주이사장"
2026-04-14 21:46:23,373,17,2,"""21세기 말까지 기금 소진 걱정 끝"" 김성주 이사장이 밝힌 1400조 국민연금의 미래 시나리오 #국민연금 #연금고갈 #2099년 #목표 수익률5.5% #연금개혁 #김성주이사장"
2026-04-14 23:24:49,373,17,2,"""21세기 말까지 기금 소진 걱정 끝"" 김성주 이사장이 밝힌 1400조 국민연금의 미래 시나리오 #국민연금 #연금고갈 #2099년 #목표 수익률5.5% #연금개혁 #김성주이사장"
2026-04-15 00:46:36,373,17,2,"""21세기 말까지 기금 소진 걱정 끝"" 김성주 이사장이 밝힌 1400조 국민연금의 미래 시나리오 #국민연금 #연금고갈 #2099년 #목표 수익률5.5% #연금개혁 #김성주이사장"
2026-04-15 01:47:31,373,17,2,"""21세기 말까지 기금 소진 걱정 끝"" 김성주 이사장이 밝힌 1400조 국민연금의 미래 시나리오 #국민연금 #연금고갈 #2099년 #목표 수익률5.5% #연금개혁 #김성주이사장"
2026-04-15 02:52:38,373,17,2,"""21세기 말까지 기금 소진 걱정 끝"" 김성주 이사장이 밝힌 1400조 국민연금의 미래 시나리오 #국민연금 #연금고갈 #2099년 #목표 수익률5.5% #연금개혁 #김성주이사장"
2026-04-15 03:52:58,373,17,2,"""21세기 말까지 기금 소진 걱정 끝"" 김성주 이사장이 밝힌 1400조 국민연금의 미래 시나리오 #국민연금 #연금고갈 #2099년 #목표 수익률5.5% #연금개혁 #김성주이사장"
2026-04-15 04:56:42,373,17,2,"""21세기 말까지 기금 소진 걱정 끝"" 김성주 이사장이 밝힌 1400조 국민연금의 미래 시나리오 #국민연금 #연금고갈 #2099년 #목표 수익률5.5% #연금개혁 #김성주이사장"
2026-04-15 05:45:21,373,17,2,"""21세기 말까지 기금 소진 걱정 끝"" 김성주 이사장이 밝힌 1400조 국민연금의 미래 시나리오 #국민연금 #연금고갈 #2099년 #목표 수익률5.5% #연금개혁 #김성주이사장"
2026-04-15 06:35:27,373,17,2,"""21세기 말까지 기금 소진 걱정 끝"" 김성주 이사장이 밝힌 1400조 국민연금의 미래 시나리오 #국민연금 #연금고갈 #2099년 #목표 수익률5.5% #연금개혁 #김성주이사장"
2026-04-15 07:25:23,373,17,2,"""21세기 말까지 기금 소진 걱정 끝"" 김성주 이사장이 밝힌 1400조 국민연금의 미래 시나리오 #국민연금 #연금고갈 #2099년 #목표 수익률5.5% #연금개혁 #김성주이사장"
2026-04-15 08:07:38,373,17,2,"""21세기 말까지 기금 소진 걱정 끝"" 김성주 이사장이 밝힌 1400조 국민연금의 미래 시나리오 #국민연금 #연금고갈 #2099년 #목표 수익률5.5% #연금개혁 #김성주이사장"
2026-04-15 08:55:43,373,17,2,"""21세기 말까지 기금 소진 걱정 끝"" 김성주 이사장이 밝힌 1400조 국민연금의 미래 시나리오 #국민연금 #연금고갈 #2099년 #목표 수익률5.5% #연금개혁 #김성주이사장"
2026-04-15 10:26:30,373,17,2,"""21세기 말까지 기금 소진 걱정 끝"" 김성주 이사장이 밝힌 1400조 국민연금의 미래 시나리오 #국민연금 #연금고갈 #2099년 #목표 수익률5.5% #연금개혁 #김성주이사장"
2026-04-15 13:23:11,373,17,2,"""21세기 말까지 기금 소진 걱정 끝"" 김성주 이사장이 밝힌 1400조 국민연금의 미래 시나리오 #국민연금 #연금고갈 #2099년 #목표 수익률5.5% #연금개혁 #김성주이사장"
2026-04-15 15:14:06,373,17,2,"""21세기 말까지 기금 소진 걱정 끝"" 김성주 이사장이 밝힌 1400조 국민연금의 미래 시나리오 #국민연금 #연금고갈 #2099년 #목표 수익률5.5% #연금개혁 #김성주이사장"
2026-04-15 17:04:34,373,17,2,"""21세기 말까지 기금 소진 걱정 끝"" 김성주 이사장이 밝힌 1400조 국민연금의 미래 시나리오 #국민연금 #연금고갈 #2099년 #목표 수익률5.5% #연금개혁 #김성주이사장"
2026-04-15 18:45:15,373,17,2,"""21세기 말까지 기금 소진 걱정 끝"" 김성주 이사장이 밝힌 1400조 국민연금의 미래 시나리오 #국민연금 #연금고갈 #2099년 #목표 수익률5.5% #연금개혁 #김성주이사장"
2026-04-15 19:46:35,373,17,2,"""21세기 말까지 기금 소진 걱정 끝"" 김성주 이사장이 밝힌 1400조 국민연금의 미래 시나리오 #국민연금 #연금고갈 #2099년 #목표 수익률5.5% #연금개혁 #김성주이사장"
2026-04-15 20:41:10,373,17,2,"""21세기 말까지 기금 소진 걱정 끝"" 김성주 이사장이 밝힌 1400조 국민연금의 미래 시나리오 #국민연금 #연금고갈 #2099년 #목표 수익률5.5% #연금개혁 #김성주이사장"
2026-04-15 21:44:01,373,17,2,"""21세기 말까지 기금 소진 걱정 끝"" 김성주 이사장이 밝힌 1400조 국민연금의 미래 시나리오 #국민연금 #연금고갈 #2099년 #목표 수익률5.5% #연금개혁 #김성주이사장"
2026-04-15 23:14:28,373,17,2,"""21세기 말까지 기금 소진 걱정 끝"" 김성주 이사장이 밝힌 1400조 국민연금의 미래 시나리오 #국민연금 #연금고갈 #2099년 #목표 수익률5.5% #연금개혁 #김성주이사장"
2026-04-16 00:37:33,373,17,2,"""21세기 말까지 기금 소진 걱정 끝"" 김성주 이사장이 밝힌 1400조 국민연금의 미래 시나리오 #국민연금 #연금고갈 #2099년 #목표 수익률5.5% #연금개혁 #김성주이사장"
2026-04-16 01:38:56,373,17,2,"""21세기 말까지 기금 소진 걱정 끝"" 김성주 이사장이 밝힌 1400조 국민연금의 미래 시나리오 #국민연금 #연금고갈 #2099년 #목표 수익률5.5% #연금개혁 #김성주이사장"
2026-04-16 02:43:52,373,17,2,"""21세기 말까지 기금 소진 걱정 끝"" 김성주 이사장이 밝힌 1400조 국민연금의 미래 시나리오 #국민연금 #연금고갈 #2099년 #목표 수익률5.5% #연금개혁 #김성주이사장"
2026-04-16 03:47:51,373,17,2,"""21세기 말까지 기금 소진 걱정 끝"" 김성주 이사장이 밝힌 1400조 국민연금의 미래 시나리오 #국민연금 #연금고갈 #2099년 #목표 수익률5.5% #연금개혁 #김성주이사장"
2026-04-16 04:54:02,373,17,2,"""21세기 말까지 기금 소진 걱정 끝"" 김성주 이사장이 밝힌 1400조 국민연금의 미래 시나리오 #국민연금 #연금고갈 #2099년 #목표 수익률5.5% #연금개혁 #김성주이사장"
2026-04-16 05:34:21,373,17,2,"""21세기 말까지 기금 소진 걱정 끝"" 김성주 이사장이 밝힌 1400조 국민연금의 미래 시나리오 #국민연금 #연금고갈 #2099년 #목표 수익률5.5% #연금개혁 #김성주이사장"
2026-04-16 06:30:41,373,17,2,"""21세기 말까지 기금 소진 걱정 끝"" 김성주 이사장이 밝힌 1400조 국민연금의 미래 시나리오 #국민연금 #연금고갈 #2099년 #목표 수익률5.5% #연금개혁 #김성주이사장"
2026-04-16 07:10:16,373,17,2,"""21세기 말까지 기금 소진 걱정 끝"" 김성주 이사장이 밝힌 1400조 국민연금의 미래 시나리오 #국민연금 #연금고갈 #2099년 #목표 수익률5.5% #연금개혁 #김성주이사장"
2026-04-16 07:59:44,373,17,2,"""21세기 말까지 기금 소진 걱정 끝"" 김성주 이사장이 밝힌 1400조 국민연금의 미래 시나리오 #국민연금 #연금고갈 #2099년 #목표 수익률5.5% #연금개혁 #김성주이사장"
2026-04-16 08:43:02,373,17,2,"""21세기 말까지 기금 소진 걱정 끝"" 김성주 이사장이 밝힌 1400조 국민연금의 미래 시나리오 #국민연금 #연금고갈 #2099년 #목표 수익률5.5% #연금개혁 #김성주이사장"
2026-04-16 10:11:51,373,17,2,"""21세기 말까지 기금 소진 걱정 끝"" 김성주 이사장이 밝힌 1400조 국민연금의 미래 시나리오 #국민연금 #연금고갈 #2099년 #목표 수익률5.5% #연금개혁 #김성주이사장"
2026-04-16 13:23:46,373,17,2,"""21세기 말까지 기금 소진 걱정 끝"" 김성주 이사장이 밝힌 1400조 국민연금의 미래 시나리오 #국민연금 #연금고갈 #2099년 #목표 수익률5.5% #연금개혁 #김성주이사장"
2026-04-16 15:15:58,373,17,2,"""21세기 말까지 기금 소진 걱정 끝"" 김성주 이사장이 밝힌 1400조 국민연금의 미래 시나리오 #국민연금 #연금고갈 #2099년 #목표 수익률5.5% #연금개혁 #김성주이사장"
2026-04-16 17:03:54,373,17,2,"""21세기 말까지 기금 소진 걱정 끝"" 김성주 이사장이 밝힌 1400조 국민연금의 미래 시나리오 #국민연금 #연금고갈 #2099년 #목표 수익률5.5% #연금개혁 #김성주이사장"
2026-04-16 18:43:22,373,17,2,"""21세기 말까지 기금 소진 걱정 끝"" 김성주 이사장이 밝힌 1400조 국민연금의 미래 시나리오 #국민연금 #연금고갈 #2099년 #목표 수익률5.5% #연금개혁 #김성주이사장"
2026-04-16 19:47:49,373,17,2,"""21세기 말까지 기금 소진 걱정 끝"" 김성주 이사장이 밝힌 1400조 국민연금의 미래 시나리오 #국민연금 #연금고갈 #2099년 #목표 수익률5.5% #연금개혁 #김성주이사장"
2026-04-16 20:43:53,373,17,2,"""21세기 말까지 기금 소진 걱정 끝"" 김성주 이사장이 밝힌 1400조 국민연금의 미래 시나리오 #국민연금 #연금고갈 #2099년 #목표 수익률5.5% #연금개혁 #김성주이사장"
2026-04-16 21:48:44,373,17,2,"""21세기 말까지 기금 소진 걱정 끝"" 김성주 이사장이 밝힌 1400조 국민연금의 미래 시나리오 #국민연금 #연금고갈 #2099년 #목표 수익률5.5% #연금개혁 #김성주이사장"
2026-04-16 23:26:54,373,17,2,"""21세기 말까지 기금 소진 걱정 끝"" 김성주 이사장이 밝힌 1400조 국민연금의 미래 시나리오 #국민연금 #연금고갈 #2099년 #목표 수익률5.5% #연금개혁 #김성주이사장"
2026-04-17 01:01:44,373,17,2,"""21세기 말까지 기금 소진 걱정 끝"" 김성주 이사장이 밝힌 1400조 국민연금의 미래 시나리오 #국민연금 #연금고갈 #2099년 #목표 수익률5.5% #연금개혁 #김성주이사장"
2026-04-17 02:22:06,373,17,2,"""21세기 말까지 기금 소진 걱정 끝"" 김성주 이사장이 밝힌 1400조 국민연금의 미래 시나리오 #국민연금 #연금고갈 #2099년 #목표 수익률5.5% #연금개혁 #김성주이사장"
2026-04-17 03:40:07,373,17,2,"""21세기 말까지 기금 소진 걱정 끝"" 김성주 이사장이 밝힌 1400조 국민연금의 미래 시나리오 #국민연금 #연금고갈 #2099년 #목표 수익률5.5% #연금개혁 #김성주이사장"
2026-04-17 04:47:41,373,17,2,"""21세기 말까지 기금 소진 걱정 끝"" 김성주 이사장이 밝힌 1400조 국민연금의 미래 시나리오 #국민연금 #연금고갈 #2099년 #목표 수익률5.5% #연금개혁 #김성주이사장"
2026-04-17 05:33:48,373,17,2,"""21세기 말까지 기금 소진 걱정 끝"" 김성주 이사장이 밝힌 1400조 국민연금의 미래 시나리오 #국민연금 #연금고갈 #2099년 #목표 수익률5.5% #연금개혁 #김성주이사장"
2026-04-17 06:23:53,373,17,2,"""21세기 말까지 기금 소진 걱정 끝"" 김성주 이사장이 밝힌 1400조 국민연금의 미래 시나리오 #국민연금 #연금고갈 #2099년 #목표 수익률5.5% #연금개혁 #김성주이사장"
2026-04-17 07:02:26,373,17,2,"""21세기 말까지 기금 소진 걱정 끝"" 김성주 이사장이 밝힌 1400조 국민연금의 미래 시나리오 #국민연금 #연금고갈 #2099년 #목표 수익률5.5% #연금개혁 #김성주이사장"
2026-04-17 07:53:45,373,17,2,"""21세기 말까지 기금 소진 걱정 끝"" 김성주 이사장이 밝힌 1400조 국민연금의 미래 시나리오 #국민연금 #연금고갈 #2099년 #목표 수익률5.5% #연금개혁 #김성주이사장"
2026-04-17 08:28:57,373,17,2,"""21세기 말까지 기금 소진 걱정 끝"" 김성주 이사장이 밝힌 1400조 국민연금의 미래 시나리오 #국민연금 #연금고갈 #2099년 #목표 수익률5.5% #연금개혁 #김성주이사장"
2026-04-17 09:04:52,373,17,2,"""21세기 말까지 기금 소진 걱정 끝"" 김성주 이사장이 밝힌 1400조 국민연금의 미래 시나리오 #국민연금 #연금고갈 #2099년 #목표 수익률5.5% #연금개혁 #김성주이사장"
2026-04-17 12:37:23,373,17,2,"""21세기 말까지 기금 소진 걱정 끝"" 김성주 이사장이 밝힌 1400조 국민연금의 미래 시나리오 #국민연금 #연금고갈 #2099년 #목표 수익률5.5% #연금개혁 #김성주이사장"
2026-04-17 14:50:45,373,17,2,"""21세기 말까지 기금 소진 걱정 끝"" 김성주 이사장이 밝힌 1400조 국민연금의 미래 시나리오 #국민연금 #연금고갈 #2099년 #목표 수익률5.5% #연금개혁 #김성주이사장"
2026-04-17 16:13:50,373,17,2,"""21세기 말까지 기금 소진 걱정 끝"" 김성주 이사장이 밝힌 1400조 국민연금의 미래 시나리오 #국민연금 #연금고갈 #2099년 #목표 수익률5.5% #연금개혁 #김성주이사장"
2026-04-17 17:53:59,373,17,2,"""21세기 말까지 기금 소진 걱정 끝"" 김성주 이사장이 밝힌 1400조 국민연금의 미래 시나리오 #국민연금 #연금고갈 #2099년 #목표 수익률5.5% #연금개혁 #김성주이사장"
2026-04-17 19:01:05,373,17,2,"""21세기 말까지 기금 소진 걱정 끝"" 김성주 이사장이 밝힌 1400조 국민연금의 미래 시나리오 #국민연금 #연금고갈 #2099년 #목표 수익률5.5% #연금개혁 #김성주이사장"
2026-04-17 20:02:28,373,17,2,"""21세기 말까지 기금 소진 걱정 끝"" 김성주 이사장이 밝힌 1400조 국민연금의 미래 시나리오 #국민연금 #연금고갈 #2099년 #목표 수익률5.5% #연금개혁 #김성주이사장"
2026-04-17 20:58:06,373,17,2,"""21세기 말까지 기금 소진 걱정 끝"" 김성주 이사장이 밝힌 1400조 국민연금의 미래 시나리오 #국민연금 #연금고갈 #2099년 #목표 수익률5.5% #연금개혁 #김성주이사장"
2026-04-17 22:13:22,373,17,2,"""21세기 말까지 기금 소진 걱정 끝"" 김성주 이사장이 밝힌 1400조 국민연금의 미래 시나리오 #국민연금 #연금고갈 #2099년 #목표 수익률5.5% #연금개혁 #김성주이사장"
2026-04-17 23:36:37,373,17,2,"""21세기 말까지 기금 소진 걱정 끝"" 김성주 이사장이 밝힌 1400조 국민연금의 미래 시나리오 #국민연금 #연금고갈 #2099년 #목표 수익률5.5% #연금개혁 #김성주이사장"
2026-04-18 00:40:04,373,17,2,"""21세기 말까지 기금 소진 걱정 끝"" 김성주 이사장이 밝힌 1400조 국민연금의 미래 시나리오 #국민연금 #연금고갈 #2099년 #목표 수익률5.5% #연금개혁 #김성주이사장"
2026-04-18 01:32:35,373,17,2,"""21세기 말까지 기금 소진 걱정 끝"" 김성주 이사장이 밝힌 1400조 국민연금의 미래 시나리오 #국민연금 #연금고갈 #2099년 #목표 수익률5.5% #연금개혁 #김성주이사장"
2026-04-18 02:26:32,373,17,2,"""21세기 말까지 기금 소진 걱정 끝"" 김성주 이사장이 밝힌 1400조 국민연금의 미래 시나리오 #국민연금 #연금고갈 #2099년 #목표 수익률5.5% #연금개혁 #김성주이사장"
2026-04-18 03:10:18,373,17,2,"""21세기 말까지 기금 소진 걱정 끝"" 김성주 이사장이 밝힌 1400조 국민연금의 미래 시나리오 #국민연금 #연금고갈 #2099년 #목표 수익률5.5% #연금개혁 #김성주이사장"
2026-04-18 04:19:34,373,17,2,"""21세기 말까지 기금 소진 걱정 끝"" 김성주 이사장이 밝힌 1400조 국민연금의 미래 시나리오 #국민연금 #연금고갈 #2099년 #목표 수익률5.5% #연금개혁 #김성주이사장"
2026-04-18 05:04:55,373,17,2,"""21세기 말까지 기금 소진 걱정 끝"" 김성주 이사장이 밝힌 1400조 국민연금의 미래 시나리오 #국민연금 #연금고갈 #2099년 #목표 수익률5.5% #연금개혁 #김성주이사장"
2026-04-18 05:58:17,373,17,2,"""21세기 말까지 기금 소진 걱정 끝"" 김성주 이사장이 밝힌 1400조 국민연금의 미래 시나리오 #국민연금 #연금고갈 #2099년 #목표 수익률5.5% #연금개혁 #김성주이사장"
2026-04-18 06:39:41,373,17,2,"""21세기 말까지 기금 소진 걱정 끝"" 김성주 이사장이 밝힌 1400조 국민연금의 미래 시나리오 #국민연금 #연금고갈 #2099년 #목표 수익률5.5% #연금개혁 #김성주이사장"
2026-04-18 07:21:22,373,17,2,"""21세기 말까지 기금 소진 걱정 끝"" 김성주 이사장이 밝힌 1400조 국민연금의 미래 시나리오 #국민연금 #연금고갈 #2099년 #목표 수익률5.5% #연금개혁 #김성주이사장"
2026-04-18 08:04:36,373,17,2,"""21세기 말까지 기금 소진 걱정 끝"" 김성주 이사장이 밝힌 1400조 국민연금의 미래 시나리오 #국민연금 #연금고갈 #2099년 #목표 수익률5.5% #연금개혁 #김성주이사장"
2026-04-18 08:51:38,373,17,2,"""21세기 말까지 기금 소진 걱정 끝"" 김성주 이사장이 밝힌 1400조 국민연금의 미래 시나리오 #국민연금 #연금고갈 #2099년 #목표 수익률5.5% #연금개혁 #김성주이사장"
2026-04-18 10:04:22,373,17,2,"""21세기 말까지 기금 소진 걱정 끝"" 김성주 이사장이 밝힌 1400조 국민연금의 미래 시나리오 #국민연금 #연금고갈 #2099년 #목표 수익률5.5% #연금개혁 #김성주이사장"
2026-04-18 12:52:28,373,17,2,"""21세기 말까지 기금 소진 걱정 끝"" 김성주 이사장이 밝힌 1400조 국민연금의 미래 시나리오 #국민연금 #연금고갈 #2099년 #목표 수익률5.5% #연금개혁 #김성주이사장"
2026-04-18 14:26:57,373,17,2,"""21세기 말까지 기금 소진 걱정 끝"" 김성주 이사장이 밝힌 1400조 국민연금의 미래 시나리오 #국민연금 #연금고갈 #2099년 #목표 수익률5.5% #연금개혁 #김성주이사장"
2026-04-18 15:43:56,373,17,2,"""21세기 말까지 기금 소진 걱정 끝"" 김성주 이사장이 밝힌 1400조 국민연금의 미래 시나리오 #국민연금 #연금고갈 #2099년 #목표 수익률5.5% #연금개혁 #김성주이사장"
2026-04-18 16:45:50,373,17,2,"""21세기 말까지 기금 소진 걱정 끝"" 김성주 이사장이 밝힌 1400조 국민연금의 미래 시나리오 #국민연금 #연금고갈 #2099년 #목표 수익률5.5% #연금개혁 #김성주이사장"
2026-04-18 17:28:44,373,17,2,"""21세기 말까지 기금 소진 걱정 끝"" 김성주 이사장이 밝힌 1400조 국민연금의 미래 시나리오 #국민연금 #연금고갈 #2099년 #목표 수익률5.5% #연금개혁 #김성주이사장"
2026-04-18 18:11:20,373,17,2,"""21세기 말까지 기금 소진 걱정 끝"" 김성주 이사장이 밝힌 1400조 국민연금의 미래 시나리오 #국민연금 #연금고갈 #2099년 #목표 수익률5.5% #연금개혁 #김성주이사장"
2026-04-18 18:59:51,373,17,2,"""21세기 말까지 기금 소진 걱정 끝"" 김성주 이사장이 밝힌 1400조 국민연금의 미래 시나리오 #국민연금 #연금고갈 #2099년 #목표 수익률5.5% #연금개혁 #김성주이사장"
2026-04-18 19:42:25,373,17,2,"""21세기 말까지 기금 소진 걱정 끝"" 김성주 이사장이 밝힌 1400조 국민연금의 미래 시나리오 #국민연금 #연금고갈 #2099년 #목표 수익률5.5% #연금개혁 #김성주이사장"
2026-04-18 20:21:51,373,17,2,"""21세기 말까지 기금 소진 걱정 끝"" 김성주 이사장이 밝힌 1400조 국민연금의 미래 시나리오 #국민연금 #연금고갈 #2099년 #목표 수익률5.5% #연금개혁 #김성주이사장"
2026-04-18 20:52:42,373,17,2,"""21세기 말까지 기금 소진 걱정 끝"" 김성주 이사장이 밝힌 1400조 국민연금의 미래 시나리오 #국민연금 #연금고갈 #2099년 #목표 수익률5.5% #연금개혁 #김성주이사장"
2026-04-18 21:29:19,373,17,2,"""21세기 말까지 기금 소진 걱정 끝"" 김성주 이사장이 밝힌 1400조 국민연금의 미래 시나리오 #국민연금 #연금고갈 #2099년 #목표 수익률5.5% #연금개혁 #김성주이사장"
2026-04-18 22:40:38,373,17,2,"""21세기 말까지 기금 소진 걱정 끝"" 김성주 이사장이 밝힌 1400조 국민연금의 미래 시나리오 #국민연금 #연금고갈 #2099년 #목표 수익률5.5% #연금개혁 #김성주이사장"
2026-04-18 23:23:47,373,17,2,"""21세기 말까지 기금 소진 걱정 끝"" 김성주 이사장이 밝힌 1400조 국민연금의 미래 시나리오 #국민연금 #연금고갈 #2099년 #목표 수익률5.5% #연금개혁 #김성주이사장"
2026-04-19 00:02:35,373,17,2,"""21세기 말까지 기금 소진 걱정 끝"" 김성주 이사장이 밝힌 1400조 국민연금의 미래 시나리오 #국민연금 #연금고갈 #2099년 #목표 수익률5.5% #연금개혁 #김성주이사장"
2026-04-19 00:48:10,373,17,2,"""21세기 말까지 기금 소진 걱정 끝"" 김성주 이사장이 밝힌 1400조 국민연금의 미래 시나리오 #국민연금 #연금고갈 #2099년 #목표 수익률5.5% #연금개혁 #김성주이사장"
2026-04-19 01:21:36,373,17,2,"""21세기 말까지 기금 소진 걱정 끝"" 김성주 이사장이 밝힌 1400조 국민연금의 미래 시나리오 #국민연금 #연금고갈 #2099년 #목표 수익률5.5% #연금개혁 #김성주이사장"
2026-04-19 02:00:43,373,17,2,"""21세기 말까지 기금 소진 걱정 끝"" 김성주 이사장이 밝힌 1400조 국민연금의 미래 시나리오 #국민연금 #연금고갈 #2099년 #목표 수익률5.5% #연금개혁 #김성주이사장"
2026-04-19 02:39:45,373,17,2,"""21세기 말까지 기금 소진 걱정 끝"" 김성주 이사장이 밝힌 1400조 국민연금의 미래 시나리오 #국민연금 #연금고갈 #2099년 #목표 수익률5.5% #연금개혁 #김성주이사장"
2026-04-19 03:06:11,373,17,2,"""21세기 말까지 기금 소진 걱정 끝"" 김성주 이사장이 밝힌 1400조 국민연금의 미래 시나리오 #국민연금 #연금고갈 #2099년 #목표 수익률5.5% #연금개혁 #김성주이사장"
2026-04-19 04:05:55,373,17,2,"""21세기 말까지 기금 소진 걱정 끝"" 김성주 이사장이 밝힌 1400조 국민연금의 미래 시나리오 #국민연금 #연금고갈 #2099년 #목표 수익률5.5% #연금개혁 #김성주이사장"
2026-04-19 04:48:27,373,17,2,"""21세기 말까지 기금 소진 걱정 끝"" 김성주 이사장이 밝힌 1400조 국민연금의 미래 시나리오 #국민연금 #연금고갈 #2099년 #목표 수익률5.5% #연금개혁 #김성주이사장"
2026-04-19 05:18:47,373,17,2,"""21세기 말까지 기금 소진 걱정 끝"" 김성주 이사장이 밝힌 1400조 국민연금의 미래 시나리오 #국민연금 #연금고갈 #2099년 #목표 수익률5.5% #연금개혁 #김성주이사장"
2026-04-19 05:55:54,373,17,2,"""21세기 말까지 기금 소진 걱정 끝"" 김성주 이사장이 밝힌 1400조 국민연금의 미래 시나리오 #국민연금 #연금고갈 #2099년 #목표 수익률5.5% #연금개혁 #김성주이사장"
2026-04-19 06:25:32,373,17,2,"""21세기 말까지 기금 소진 걱정 끝"" 김성주 이사장이 밝힌 1400조 국민연금의 미래 시나리오 #국민연금 #연금고갈 #2099년 #목표 수익률5.5% #연금개혁 #김성주이사장"
2026-04-19 06:55:21,373,17,2,"""21세기 말까지 기금 소진 걱정 끝"" 김성주 이사장이 밝힌 1400조 국민연금의 미래 시나리오 #국민연금 #연금고갈 #2099년 #목표 수익률5.5% #연금개혁 #김성주이사장"
2026-04-19 07:22:42,373,17,2,"""21세기 말까지 기금 소진 걱정 끝"" 김성주 이사장이 밝힌 1400조 국민연금의 미래 시나리오 #국민연금 #연금고갈 #2099년 #목표 수익률5.5% #연금개혁 #김성주이사장"
2026-04-19 07:58:39,373,17,2,"""21세기 말까지 기금 소진 걱정 끝"" 김성주 이사장이 밝힌 1400조 국민연금의 미래 시나리오 #국민연금 #연금고갈 #2099년 #목표 수익률5.5% #연금개혁 #김성주이사장"
2026-04-19 08:33:38,373,17,2,"""21세기 말까지 기금 소진 걱정 끝"" 김성주 이사장이 밝힌 1400조 국민연금의 미래 시나리오 #국민연금 #연금고갈 #2099년 #목표 수익률5.5% #연금개혁 #김성주이사장"
2026-04-19 09:02:49,373,17,2,"""21세기 말까지 기금 소진 걱정 끝"" 김성주 이사장이 밝힌 1400조 국민연금의 미래 시나리오 #국민연금 #연금고갈 #2099년 #목표 수익률5.5% #연금개혁 #김성주이사장"
2026-04-19 12:43:09,373,17,2,"""21세기 말까지 기금 소진 걱정 끝"" 김성주 이사장이 밝힌 1400조 국민연금의 미래 시나리오 #국민연금 #연금고갈 #2099년 #목표 수익률5.5% #연금개혁 #김성주이사장"
2026-04-19 14:49:04,373,17,2,"""21세기 말까지 기금 소진 걱정 끝"" 김성주 이사장이 밝힌 1400조 국민연금의 미래 시나리오 #국민연금 #연금고갈 #2099년 #목표 수익률5.5% #연금개혁 #김성주이사장"
2026-04-19 16:02:02,373,17,2,"""21세기 말까지 기금 소진 걱정 끝"" 김성주 이사장이 밝힌 1400조 국민연금의 미래 시나리오 #국민연금 #연금고갈 #2099년 #목표 수익률5.5% #연금개혁 #김성주이사장"
2026-04-19 17:10:54,373,17,2,"""21세기 말까지 기금 소진 걱정 끝"" 김성주 이사장이 밝힌 1400조 국민연금의 미래 시나리오 #국민연금 #연금고갈 #2099년 #목표 수익률5.5% #연금개혁 #김성주이사장"
2026-04-19 18:05:44,373,17,2,"""21세기 말까지 기금 소진 걱정 끝"" 김성주 이사장이 밝힌 1400조 국민연금의 미래 시나리오 #국민연금 #연금고갈 #2099년 #목표 수익률5.5% #연금개혁 #김성주이사장"
2026-04-19 18:57:30,373,17,2,"""21세기 말까지 기금 소진 걱정 끝"" 김성주 이사장이 밝힌 1400조 국민연금의 미래 시나리오 #국민연금 #연금고갈 #2099년 #목표 수익률5.5% #연금개혁 #김성주이사장"
2026-04-19 19:34:57,373,17,2,"""21세기 말까지 기금 소진 걱정 끝"" 김성주 이사장이 밝힌 1400조 국민연금의 미래 시나리오 #국민연금 #연금고갈 #2099년 #목표 수익률5.5% #연금개혁 #김성주이사장"
2026-04-19 20:10:38,373,17,2,"""21세기 말까지 기금 소진 걱정 끝"" 김성주 이사장이 밝힌 1400조 국민연금의 미래 시나리오 #국민연금 #연금고갈 #2099년 #목표 수익률5.5% #연금개혁 #김성주이사장"
2026-04-19 20:49:11,373,17,2,"""21세기 말까지 기금 소진 걱정 끝"" 김성주 이사장이 밝힌 1400조 국민연금의 미래 시나리오 #국민연금 #연금고갈 #2099년 #목표 수익률5.5% #연금개혁 #김성주이사장"
2026-04-19 21:26:52,373,17,2,"""21세기 말까지 기금 소진 걱정 끝"" 김성주 이사장이 밝힌 1400조 국민연금의 미래 시나리오 #국민연금 #연금고갈 #2099년 #목표 수익률5.5% #연금개혁 #김성주이사장"
2026-04-19 22:37:39,373,17,2,"""21세기 말까지 기금 소진 걱정 끝"" 김성주 이사장이 밝힌 1400조 국민연금의 미래 시나리오 #국민연금 #연금고갈 #2099년 #목표 수익률5.5% #연금개혁 #김성주이사장"
2026-04-19 23:22:22,373,17,2,"""21세기 말까지 기금 소진 걱정 끝"" 김성주 이사장이 밝힌 1400조 국민연금의 미래 시나리오 #국민연금 #연금고갈 #2099년 #목표 수익률5.5% #연금개혁 #김성주이사장"
2026-04-20 00:01:59,373,17,2,"""21세기 말까지 기금 소진 걱정 끝"" 김성주 이사장이 밝힌 1400조 국민연금의 미래 시나리오 #국민연금 #연금고갈 #2099년 #목표 수익률5.5% #연금개혁 #김성주이사장"
2026-04-20 00:46:46,373,17,2,"""21세기 말까지 기금 소진 걱정 끝"" 김성주 이사장이 밝힌 1400조 국민연금의 미래 시나리오 #국민연금 #연금고갈 #2099년 #목표 수익률5.5% #연금개혁 #김성주이사장"
2026-04-20 01:21:08,374,17,2,"""21세기 말까지 기금 소진 걱정 끝"" 김성주 이사장이 밝힌 1400조 국민연금의 미래 시나리오 #국민연금 #연금고갈 #2099년 #목표 수익률5.5% #연금개혁 #김성주이사장"
2026-04-20 02:00:28,374,17,2,"""21세기 말까지 기금 소진 걱정 끝"" 김성주 이사장이 밝힌 1400조 국민연금의 미래 시나리오 #국민연금 #연금고갈 #2099년 #목표 수익률5.5% #연금개혁 #김성주이사장"
2026-04-20 02:38:34,374,17,2,"""21세기 말까지 기금 소진 걱정 끝"" 김성주 이사장이 밝힌 1400조 국민연금의 미래 시나리오 #국민연금 #연금고갈 #2099년 #목표 수익률5.5% #연금개혁 #김성주이사장"
2026-04-20 03:06:51,374,17,2,"""21세기 말까지 기금 소진 걱정 끝"" 김성주 이사장이 밝힌 1400조 국민연금의 미래 시나리오 #국민연금 #연금고갈 #2099년 #목표 수익률5.5% #연금개혁 #김성주이사장"
2026-04-20 04:05:35,374,17,2,"""21세기 말까지 기금 소진 걱정 끝"" 김성주 이사장이 밝힌 1400조 국민연금의 미래 시나리오 #국민연금 #연금고갈 #2099년 #목표 수익률5.5% #연금개혁 #김성주이사장"
2026-04-20 04:48:51,374,17,2,"""21세기 말까지 기금 소진 걱정 끝"" 김성주 이사장이 밝힌 1400조 국민연금의 미래 시나리오 #국민연금 #연금고갈 #2099년 #목표 수익률5.5% #연금개혁 #김성주이사장"
2026-04-20 05:19:35,374,17,2,"""21세기 말까지 기금 소진 걱정 끝"" 김성주 이사장이 밝힌 1400조 국민연금의 미래 시나리오 #국민연금 #연금고갈 #2099년 #목표 수익률5.5% #연금개혁 #김성주이사장"
2026-04-20 05:56:47,374,17,2,"""21세기 말까지 기금 소진 걱정 끝"" 김성주 이사장이 밝힌 1400조 국민연금의 미래 시나리오 #국민연금 #연금고갈 #2099년 #목표 수익률5.5% #연금개혁 #김성주이사장"
2026-04-20 06:29:21,374,17,2,"""21세기 말까지 기금 소진 걱정 끝"" 김성주 이사장이 밝힌 1400조 국민연금의 미래 시나리오 #국민연금 #연금고갈 #2099년 #목표 수익률5.5% #연금개혁 #김성주이사장"
2026-04-20 06:58:49,374,17,2,"""21세기 말까지 기금 소진 걱정 끝"" 김성주 이사장이 밝힌 1400조 국민연금의 미래 시나리오 #국민연금 #연금고갈 #2099년 #목표 수익률5.5% #연금개혁 #김성주이사장"
2026-04-20 07:35:22,374,17,2,"""21세기 말까지 기금 소진 걱정 끝"" 김성주 이사장이 밝힌 1400조 국민연금의 미래 시나리오 #국민연금 #연금고갈 #2099년 #목표 수익률5.5% #연금개혁 #김성주이사장"
2026-04-20 08:06:54,374,17,2,"""21세기 말까지 기금 소진 걱정 끝"" 김성주 이사장이 밝힌 1400조 국민연금의 미래 시나리오 #국민연금 #연금고갈 #2099년 #목표 수익률5.5% #연금개혁 #김성주이사장"
2026-04-20 08:50:22,374,17,2,"""21세기 말까지 기금 소진 걱정 끝"" 김성주 이사장이 밝힌 1400조 국민연금의 미래 시나리오 #국민연금 #연금고갈 #2099년 #목표 수익률5.5% #연금개혁 #김성주이사장"
2026-04-20 10:12:07,374,17,2,"""21세기 말까지 기금 소진 걱정 끝"" 김성주 이사장이 밝힌 1400조 국민연금의 미래 시나리오 #국민연금 #연금고갈 #2099년 #목표 수익률5.5% #연금개혁 #김성주이사장"
2026-04-20 13:28:51,374,17,2,"""21세기 말까지 기금 소진 걱정 끝"" 김성주 이사장이 밝힌 1400조 국민연금의 미래 시나리오 #국민연금 #연금고갈 #2099년 #목표 수익률5.5% #연금개혁 #김성주이사장"
2026-04-20 15:31:10,374,17,2,"""21세기 말까지 기금 소진 걱정 끝"" 김성주 이사장이 밝힌 1400조 국민연금의 미래 시나리오 #국민연금 #연금고갈 #2099년 #목표 수익률5.5% #연금개혁 #김성주이사장"
2026-04-20 17:35:06,374,17,2,"""21세기 말까지 기금 소진 걱정 끝"" 김성주 이사장이 밝힌 1400조 국민연금의 미래 시나리오 #국민연금 #연금고갈 #2099년 #목표 수익률5.5% #연금개혁 #김성주이사장"
2026-04-20 19:19:40,374,17,2,"""21세기 말까지 기금 소진 걱정 끝"" 김성주 이사장이 밝힌 1400조 국민연금의 미래 시나리오 #국민연금 #연금고갈 #2099년 #목표 수익률5.5% #연금개혁 #김성주이사장"
2026-04-20 20:45:33,374,17,2,"""21세기 말까지 기금 소진 걱정 끝"" 김성주 이사장이 밝힌 1400조 국민연금의 미래 시나리오 #국민연금 #연금고갈 #2099년 #목표 수익률5.5% #연금개혁 #김성주이사장"
2026-04-20 21:51:19,374,17,2,"""21세기 말까지 기금 소진 걱정 끝"" 김성주 이사장이 밝힌 1400조 국민연금의 미래 시나리오 #국민연금 #연금고갈 #2099년 #목표 수익률5.5% #연금개혁 #김성주이사장"
2026-04-20 23:25:34,374,17,2,"""21세기 말까지 기금 소진 걱정 끝"" 김성주 이사장이 밝힌 1400조 국민연금의 미래 시나리오 #국민연금 #연금고갈 #2099년 #목표 수익률5.5% #연금개혁 #김성주이사장"
2026-04-21 00:50:37,374,17,2,"""21세기 말까지 기금 소진 걱정 끝"" 김성주 이사장이 밝힌 1400조 국민연금의 미래 시나리오 #국민연금 #연금고갈 #2099년 #목표 수익률5.5% #연금개혁 #김성주이사장"
2026-04-21 01:47:58,374,17,2,"""21세기 말까지 기금 소진 걱정 끝"" 김성주 이사장이 밝힌 1400조 국민연금의 미래 시나리오 #국민연금 #연금고갈 #2099년 #목표 수익률5.5% #연금개혁 #김성주이사장"
2026-04-21 02:43:44,374,17,2,"""21세기 말까지 기금 소진 걱정 끝"" 김성주 이사장이 밝힌 1400조 국민연금의 미래 시나리오 #국민연금 #연금고갈 #2099년 #목표 수익률5.5% #연금개혁 #김성주이사장"
2026-04-21 03:42:21,374,17,2,"""21세기 말까지 기금 소진 걱정 끝"" 김성주 이사장이 밝힌 1400조 국민연금의 미래 시나리오 #국민연금 #연금고갈 #2099년 #목표 수익률5.5% #연금개혁 #김성주이사장"
2026-04-21 04:44:19,374,17,2,"""21세기 말까지 기금 소진 걱정 끝"" 김성주 이사장이 밝힌 1400조 국민연금의 미래 시나리오 #국민연금 #연금고갈 #2099년 #목표 수익률5.5% #연금개혁 #김성주이사장"
2026-04-21 05:27:19,374,17,2,"""21세기 말까지 기금 소진 걱정 끝"" 김성주 이사장이 밝힌 1400조 국민연금의 미래 시나리오 #국민연금 #연금고갈 #2099년 #목표 수익률5.5% #연금개혁 #김성주이사장"
2026-04-21 06:07:46,374,17,2,"""21세기 말까지 기금 소진 걱정 끝"" 김성주 이사장이 밝힌 1400조 국민연금의 미래 시나리오 #국민연금 #연금고갈 #2099년 #목표 수익률5.5% #연금개혁 #김성주이사장"
2026-04-21 06:58:31,374,17,2,"""21세기 말까지 기금 소진 걱정 끝"" 김성주 이사장이 밝힌 1400조 국민연금의 미래 시나리오 #국민연금 #연금고갈 #2099년 #목표 수익률5.5% #연금개혁 #김성주이사장"
2026-04-21 07:41:22,374,17,2,"""21세기 말까지 기금 소진 걱정 끝"" 김성주 이사장이 밝힌 1400조 국민연금의 미래 시나리오 #국민연금 #연금고갈 #2099년 #목표 수익률5.5% #연금개혁 #김성주이사장"
2026-04-21 08:26:44,374,17,2,"""21세기 말까지 기금 소진 걱정 끝"" 김성주 이사장이 밝힌 1400조 국민연금의 미래 시나리오 #국민연금 #연금고갈 #2099년 #목표 수익률5.5% #연금개혁 #김성주이사장"
2026-04-21 09:03:51,374,17,2,"""21세기 말까지 기금 소진 걱정 끝"" 김성주 이사장이 밝힌 1400조 국민연금의 미래 시나리오 #국민연금 #연금고갈 #2099년 #목표 수익률5.5% #연금개혁 #김성주이사장"
2026-04-21 12:37:50,374,17,2,"""21세기 말까지 기금 소진 걱정 끝"" 김성주 이사장이 밝힌 1400조 국민연금의 미래 시나리오 #국민연금 #연금고갈 #2099년 #목표 수익률5.5% #연금개혁 #김성주이사장"
2026-04-21 14:50:35,375,17,2,"""21세기 말까지 기금 소진 걱정 끝"" 김성주 이사장이 밝힌 1400조 국민연금의 미래 시나리오 #국민연금 #연금고갈 #2099년 #목표 수익률5.5% #연금개혁 #김성주이사장"
2026-04-21 16:16:08,375,17,2,"""21세기 말까지 기금 소진 걱정 끝"" 김성주 이사장이 밝힌 1400조 국민연금의 미래 시나리오 #국민연금 #연금고갈 #2099년 #목표 수익률5.5% #연금개혁 #김성주이사장"
2026-04-21 18:02:55,375,17,2,"""21세기 말까지 기금 소진 걱정 끝"" 김성주 이사장이 밝힌 1400조 국민연금의 미래 시나리오 #국민연금 #연금고갈 #2099년 #목표 수익률5.5% #연금개혁 #김성주이사장"
2026-04-21 19:24:17,376,17,2,"""21세기 말까지 기금 소진 걱정 끝"" 김성주 이사장이 밝힌 1400조 국민연금의 미래 시나리오 #국민연금 #연금고갈 #2099년 #목표 수익률5.5% #연금개혁 #김성주이사장"
2026-04-21 20:35:41,376,17,2,"""21세기 말까지 기금 소진 걱정 끝"" 김성주 이사장이 밝힌 1400조 국민연금의 미래 시나리오 #국민연금 #연금고갈 #2099년 #목표 수익률5.5% #연금개혁 #김성주이사장"
2026-04-21 21:44:05,376,17,2,"""21세기 말까지 기금 소진 걱정 끝"" 김성주 이사장이 밝힌 1400조 국민연금의 미래 시나리오 #국민연금 #연금고갈 #2099년 #목표 수익률5.5% #연금개혁 #김성주이사장"
2026-04-21 23:20:09,376,17,2,"""21세기 말까지 기금 소진 걱정 끝"" 김성주 이사장이 밝힌 1400조 국민연금의 미래 시나리오 #국민연금 #연금고갈 #2099년 #목표 수익률5.5% #연금개혁 #김성주이사장"
2026-04-22 00:46:59,376,17,2,"""21세기 말까지 기금 소진 걱정 끝"" 김성주 이사장이 밝힌 1400조 국민연금의 미래 시나리오 #국민연금 #연금고갈 #2099년 #목표 수익률5.5% #연금개혁 #김성주이사장"
2026-04-22 01:41:31,376,17,2,"""21세기 말까지 기금 소진 걱정 끝"" 김성주 이사장이 밝힌 1400조 국민연금의 미래 시나리오 #국민연금 #연금고갈 #2099년 #목표 수익률5.5% #연금개혁 #김성주이사장"
2026-04-22 02:39:56,376,17,2,"""21세기 말까지 기금 소진 걱정 끝"" 김성주 이사장이 밝힌 1400조 국민연금의 미래 시나리오 #국민연금 #연금고갈 #2099년 #목표 수익률5.5% #연금개혁 #김성주이사장"
2026-04-22 03:43:11,376,17,2,"""21세기 말까지 기금 소진 걱정 끝"" 김성주 이사장이 밝힌 1400조 국민연금의 미래 시나리오 #국민연금 #연금고갈 #2099년 #목표 수익률5.5% #연금개혁 #김성주이사장"
2026-04-22 04:49:34,376,17,2,"""21세기 말까지 기금 소진 걱정 끝"" 김성주 이사장이 밝힌 1400조 국민연금의 미래 시나리오 #국민연금 #연금고갈 #2099년 #목표 수익률5.5% #연금개혁 #김성주이사장"
2026-04-22 05:36:00,376,17,2,"""21세기 말까지 기금 소진 걱정 끝"" 김성주 이사장이 밝힌 1400조 국민연금의 미래 시나리오 #국민연금 #연금고갈 #2099년 #목표 수익률5.5% #연금개혁 #김성주이사장"
2026-04-22 06:25:23,376,17,2,"""21세기 말까지 기금 소진 걱정 끝"" 김성주 이사장이 밝힌 1400조 국민연금의 미래 시나리오 #국민연금 #연금고갈 #2099년 #목표 수익률5.5% #연금개혁 #김성주이사장"
2026-04-22 07:04:09,376,17,2,"""21세기 말까지 기금 소진 걱정 끝"" 김성주 이사장이 밝힌 1400조 국민연금의 미래 시나리오 #국민연금 #연금고갈 #2099년 #목표 수익률5.5% #연금개혁 #김성주이사장"
2026-04-22 07:52:05,376,17,2,"""21세기 말까지 기금 소진 걱정 끝"" 김성주 이사장이 밝힌 1400조 국민연금의 미래 시나리오 #국민연금 #연금고갈 #2099년 #목표 수익률5.5% #연금개혁 #김성주이사장"
2026-04-22 08:24:10,376,17,2,"""21세기 말까지 기금 소진 걱정 끝"" 김성주 이사장이 밝힌 1400조 국민연금의 미래 시나리오 #국민연금 #연금고갈 #2099년 #목표 수익률5.5% #연금개혁 #김성주이사장"
2026-04-22 08:55:32,376,17,2,"""21세기 말까지 기금 소진 걱정 끝"" 김성주 이사장이 밝힌 1400조 국민연금의 미래 시나리오 #국민연금 #연금고갈 #2099년 #목표 수익률5.5% #연금개혁 #김성주이사장"
2026-04-25 10:37:18,376,17,2,"""21세기 말까지 기금 소진 걱정 끝"" 김성주 이사장이 밝힌 1400조 국민연금의 미래 시나리오 #국민연금 #연금고갈 #2099년 #목표 수익률5.5% #연금개혁 #김성주이사장"
2026-04-25 10:42:23,376,17,2,"""21세기 말까지 기금 소진 걱정 끝"" 김성주 이사장이 밝힌 1400조 국민연금의 미래 시나리오 #국민연금 #연금고갈 #2099년 #목표 수익률5.5% #연금개혁 #김성주이사장"
2026-04-25 10:46:16,376,17,2,"""21세기 말까지 기금 소진 걱정 끝"" 김성주 이사장이 밝힌 1400조 국민연금의 미래 시나리오 #국민연금 #연금고갈 #2099년 #목표 수익률5.5% #연금개혁 #김성주이사장"
2026-04-25 10:49:44,376,17,2,"""21세기 말까지 기금 소진 걱정 끝"" 김성주 이사장이 밝힌 1400조 국민연금의 미래 시나리오 #국민연금 #연금고갈 #2099년 #목표 수익률5.5% #연금개혁 #김성주이사장"
2026-04-25 10:56:44,376,17,2,"""21세기 말까지 기금 소진 걱정 끝"" 김성주 이사장이 밝힌 1400조 국민연금의 미래 시나리오 #국민연금 #연금고갈 #2099년 #목표 수익률5.5% #연금개혁 #김성주이사장"
2026-04-25 10:57:31,376,17,2,"""21세기 말까지 기금 소진 걱정 끝"" 김성주 이사장이 밝힌 1400조 국민연금의 미래 시나리오 #국민연금 #연금고갈 #2099년 #목표 수익률5.5% #연금개혁 #김성주이사장"
2026-04-25 11:03:21,376,17,2,"""21세기 말까지 기금 소진 걱정 끝"" 김성주 이사장이 밝힌 1400조 국민연금의 미래 시나리오 #국민연금 #연금고갈 #2099년 #목표 수익률5.5% #연금개혁 #김성주이사장"
2026-04-25 11:08:28,376,17,2,"""21세기 말까지 기금 소진 걱정 끝"" 김성주 이사장이 밝힌 1400조 국민연금의 미래 시나리오 #국민연금 #연금고갈 #2099년 #목표 수익률5.5% #연금개혁 #김성주이사장"
2026-04-25 11:14:27,376,17,2,"""21세기 말까지 기금 소진 걱정 끝"" 김성주 이사장이 밝힌 1400조 국민연금의 미래 시나리오 #국민연금 #연금고갈 #2099년 #목표 수익률5.5% #연금개혁 #김성주이사장"
2026-04-25 11:47:05,376,17,2,"""21세기 말까지 기금 소진 걱정 끝"" 김성주 이사장이 밝힌 1400조 국민연금의 미래 시나리오 #국민연금 #연금고갈 #2099년 #목표 수익률5.5% #연금개혁 #김성주이사장"
2026-04-25 14:02:51,376,17,2,"""21세기 말까지 기금 소진 걱정 끝"" 김성주 이사장이 밝힌 1400조 국민연금의 미래 시나리오 #국민연금 #연금고갈 #2099년 #목표 수익률5.5% #연금개혁 #김성주이사장"
2026-04-25 14:51:44,376,17,2,"""21세기 말까지 기금 소진 걱정 끝"" 김성주 이사장이 밝힌 1400조 국민연금의 미래 시나리오 #국민연금 #연금고갈 #2099년 #목표 수익률5.5% #연금개혁 #김성주이사장"
2026-04-25 15:10:40,376,17,2,"""21세기 말까지 기금 소진 걱정 끝"" 김성주 이사장이 밝힌 1400조 국민연금의 미래 시나리오 #국민연금 #연금고갈 #2099년 #목표 수익률5.5% #연금개혁 #김성주이사장"
2026-04-25 15:23:12,376,17,2,"""21세기 말까지 기금 소진 걱정 끝"" 김성주 이사장이 밝힌 1400조 국민연금의 미래 시나리오 #국민연금 #연금고갈 #2099년 #목표 수익률5.5% #연금개혁 #김성주이사장"
2026-04-25 15:23:36,376,17,2,"""21세기 말까지 기금 소진 걱정 끝"" 김성주 이사장이 밝힌 1400조 국민연금의 미래 시나리오 #국민연금 #연금고갈 #2099년 #목표 수익률5.5% #연금개혁 #김성주이사장"
2026-04-25 15:44:46,376,17,2,"""21세기 말까지 기금 소진 걱정 끝"" 김성주 이사장이 밝힌 1400조 국민연금의 미래 시나리오 #국민연금 #연금고갈 #2099년 #목표 수익률5.5% #연금개혁 #김성주이사장"
2026-04-25 16:49:12,376,17,2,"""21세기 말까지 기금 소진 걱정 끝"" 김성주 이사장이 밝힌 1400조 국민연금의 미래 시나리오 #국민연금 #연금고갈 #2099년 #목표 수익률5.5% #연금개혁 #김성주이사장"
2026-04-25 17:37:04,376,17,2,"""21세기 말까지 기금 소진 걱정 끝"" 김성주 이사장이 밝힌 1400조 국민연금의 미래 시나리오 #국민연금 #연금고갈 #2099년 #목표 수익률5.5% #연금개혁 #김성주이사장"
2026-04-25 18:32:39,376,17,2,"""21세기 말까지 기금 소진 걱정 끝"" 김성주 이사장이 밝힌 1400조 국민연금의 미래 시나리오 #국민연금 #연금고갈 #2099년 #목표 수익률5.5% #연금개혁 #김성주이사장"
2026-04-25 19:23:51,376,17,2,"""21세기 말까지 기금 소진 걱정 끝"" 김성주 이사장이 밝힌 1400조 국민연금의 미래 시나리오 #국민연금 #연금고갈 #2099년 #목표 수익률5.5% #연금개혁 #김성주이사장"
2026-04-25 20:08:11,376,17,2,"""21세기 말까지 기금 소진 걱정 끝"" 김성주 이사장이 밝힌 1400조 국민연금의 미래 시나리오 #국민연금 #연금고갈 #2099년 #목표 수익률5.5% #연금개혁 #김성주이사장"
2026-04-25 20:51:03,376,17,2,"""21세기 말까지 기금 소진 걱정 끝"" 김성주 이사장이 밝힌 1400조 국민연금의 미래 시나리오 #국민연금 #연금고갈 #2099년 #목표 수익률5.5% #연금개혁 #김성주이사장"
2026-04-25 21:31:23,376,17,2,"""21세기 말까지 기금 소진 걱정 끝"" 김성주 이사장이 밝힌 1400조 국민연금의 미래 시나리오 #국민연금 #연금고갈 #2099년 #목표 수익률5.5% #연금개혁 #김성주이사장"
2026-04-25 22:45:38,376,17,2,"""21세기 말까지 기금 소진 걱정 끝"" 김성주 이사장이 밝힌 1400조 국민연금의 미래 시나리오 #국민연금 #연금고갈 #2099년 #목표 수익률5.5% #연금개혁 #김성주이사장"
2026-04-25 23:29:11,376,17,2,"""21세기 말까지 기금 소진 걱정 끝"" 김성주 이사장이 밝힌 1400조 국민연금의 미래 시나리오 #국민연금 #연금고갈 #2099년 #목표 수익률5.5% #연금개혁 #김성주이사장"
2026-04-26 00:08:38,376,17,2,"""21세기 말까지 기금 소진 걱정 끝"" 김성주 이사장이 밝힌 1400조 국민연금의 미래 시나리오 #국민연금 #연금고갈 #2099년 #목표 수익률5.5% #연금개혁 #김성주이사장"
2026-04-26 00:53:52,376,17,2,"""21세기 말까지 기금 소진 걱정 끝"" 김성주 이사장이 밝힌 1400조 국민연금의 미래 시나리오 #국민연금 #연금고갈 #2099년 #목표 수익률5.5% #연금개혁 #김성주이사장"
2026-04-26 01:25:58,376,17,2,"""21세기 말까지 기금 소진 걱정 끝"" 김성주 이사장이 밝힌 1400조 국민연금의 미래 시나리오 #국민연금 #연금고갈 #2099년 #목표 수익률5.5% #연금개혁 #김성주이사장"
2026-04-26 02:06:15,376,17,2,"""21세기 말까지 기금 소진 걱정 끝"" 김성주 이사장이 밝힌 1400조 국민연금의 미래 시나리오 #국민연금 #연금고갈 #2099년 #목표 수익률5.5% #연금개혁 #김성주이사장"
2026-04-26 02:52:49,376,17,2,"""21세기 말까지 기금 소진 걱정 끝"" 김성주 이사장이 밝힌 1400조 국민연금의 미래 시나리오 #국민연금 #연금고갈 #2099년 #목표 수익률5.5% #연금개혁 #김성주이사장"
2026-04-26 03:30:38,376,17,2,"""21세기 말까지 기금 소진 걱정 끝"" 김성주 이사장이 밝힌 1400조 국민연금의 미래 시나리오 #국민연금 #연금고갈 #2099년 #목표 수익률5.5% #연금개혁 #김성주이사장"
2026-04-26 04:26:56,376,17,2,"""21세기 말까지 기금 소진 걱정 끝"" 김성주 이사장이 밝힌 1400조 국민연금의 미래 시나리오 #국민연금 #연금고갈 #2099년 #목표 수익률5.5% #연금개혁 #김성주이사장"
2026-04-26 04:59:58,376,17,2,"""21세기 말까지 기금 소진 걱정 끝"" 김성주 이사장이 밝힌 1400조 국민연금의 미래 시나리오 #국민연금 #연금고갈 #2099년 #목표 수익률5.5% #연금개혁 #김성주이사장"
2026-04-26 05:41:01,376,17,2,"""21세기 말까지 기금 소진 걱정 끝"" 김성주 이사장이 밝힌 1400조 국민연금의 미래 시나리오 #국민연금 #연금고갈 #2099년 #목표 수익률5.5% #연금개혁 #김성주이사장"
2026-04-26 06:20:15,376,17,2,"""21세기 말까지 기금 소진 걱정 끝"" 김성주 이사장이 밝힌 1400조 국민연금의 미래 시나리오 #국민연금 #연금고갈 #2099년 #목표 수익률5.5% #연금개혁 #김성주이사장"
2026-04-26 06:54:49,376,17,2,"""21세기 말까지 기금 소진 걱정 끝"" 김성주 이사장이 밝힌 1400조 국민연금의 미래 시나리오 #국민연금 #연금고갈 #2099년 #목표 수익률5.5% #연금개혁 #김성주이사장"
2026-04-26 07:23:15,376,17,2,"""21세기 말까지 기금 소진 걱정 끝"" 김성주 이사장이 밝힌 1400조 국민연금의 미래 시나리오 #국민연금 #연금고갈 #2099년 #목표 수익률5.5% #연금개혁 #김성주이사장"
2026-04-26 08:00:21,376,17,2,"""21세기 말까지 기금 소진 걱정 끝"" 김성주 이사장이 밝힌 1400조 국민연금의 미래 시나리오 #국민연금 #연금고갈 #2099년 #목표 수익률5.5% #연금개혁 #김성주이사장"
2026-04-26 08:41:23,376,17,2,"""21세기 말까지 기금 소진 걱정 끝"" 김성주 이사장이 밝힌 1400조 국민연금의 미래 시나리오 #국민연금 #연금고갈 #2099년 #목표 수익률5.5% #연금개혁 #김성주이사장"
2026-04-26 10:12:51,376,17,2,"""21세기 말까지 기금 소진 걱정 끝"" 김성주 이사장이 밝힌 1400조 국민연금의 미래 시나리오 #국민연금 #연금고갈 #2099년 #목표 수익률5.5% #연금개혁 #김성주이사장"
2026-04-26 13:31:09,376,17,2,"""21세기 말까지 기금 소진 걱정 끝"" 김성주 이사장이 밝힌 1400조 국민연금의 미래 시나리오 #국민연금 #연금고갈 #2099년 #목표 수익률5.5% #연금개혁 #김성주이사장"
2026-04-26 14:14:53,376,17,2,"""21세기 말까지 기금 소진 걱정 끝"" 김성주 이사장이 밝힌 1400조 국민연금의 미래 시나리오 #국민연금 #연금고갈 #2099년 #목표 수익률5.5% #연금개혁 #김성주이사장"
2026-04-26 15:24:09,376,17,2,"""21세기 말까지 기금 소진 걱정 끝"" 김성주 이사장이 밝힌 1400조 국민연금의 미래 시나리오 #국민연금 #연금고갈 #2099년 #목표 수익률5.5% #연금개혁 #김성주이사장"
2026-04-26 16:57:02,376,17,2,"""21세기 말까지 기금 소진 걱정 끝"" 김성주 이사장이 밝힌 1400조 국민연금의 미래 시나리오 #국민연금 #연금고갈 #2099년 #목표 수익률5.5% #연금개혁 #김성주이사장"
2026-04-26 17:53:13,376,17,2,"""21세기 말까지 기금 소진 걱정 끝"" 김성주 이사장이 밝힌 1400조 국민연금의 미래 시나리오 #국민연금 #연금고갈 #2099년 #목표 수익률5.5% #연금개혁 #김성주이사장"
2026-04-26 18:40:15,376,17,2,"""21세기 말까지 기금 소진 걱정 끝"" 김성주 이사장이 밝힌 1400조 국민연금의 미래 시나리오 #국민연금 #연금고갈 #2099년 #목표 수익률5.5% #연금개혁 #김성주이사장"
2026-04-26 19:28:22,376,17,2,"""21세기 말까지 기금 소진 걱정 끝"" 김성주 이사장이 밝힌 1400조 국민연금의 미래 시나리오 #국민연금 #연금고갈 #2099년 #목표 수익률5.5% #연금개혁 #김성주이사장"
2026-04-26 20:10:32,376,17,2,"""21세기 말까지 기금 소진 걱정 끝"" 김성주 이사장이 밝힌 1400조 국민연금의 미래 시나리오 #국민연금 #연금고갈 #2099년 #목표 수익률5.5% #연금개혁 #김성주이사장"
2026-04-26 20:53:27,376,17,2,"""21세기 말까지 기금 소진 걱정 끝"" 김성주 이사장이 밝힌 1400조 국민연금의 미래 시나리오 #국민연금 #연금고갈 #2099년 #목표 수익률5.5% #연금개혁 #김성주이사장"
2026-04-26 21:33:46,376,17,2,"""21세기 말까지 기금 소진 걱정 끝"" 김성주 이사장이 밝힌 1400조 국민연금의 미래 시나리오 #국민연금 #연금고갈 #2099년 #목표 수익률5.5% #연금개혁 #김성주이사장"
2026-04-26 22:48:59,376,17,2,"""21세기 말까지 기금 소진 걱정 끝"" 김성주 이사장이 밝힌 1400조 국민연금의 미래 시나리오 #국민연금 #연금고갈 #2099년 #목표 수익률5.5% #연금개혁 #김성주이사장"
2026-04-26 23:32:11,376,17,2,"""21세기 말까지 기금 소진 걱정 끝"" 김성주 이사장이 밝힌 1400조 국민연금의 미래 시나리오 #국민연금 #연금고갈 #2099년 #목표 수익률5.5% #연금개혁 #김성주이사장"
2026-04-27 00:11:41,376,17,2,"""21세기 말까지 기금 소진 걱정 끝"" 김성주 이사장이 밝힌 1400조 국민연금의 미래 시나리오 #국민연금 #연금고갈 #2099년 #목표 수익률5.5% #연금개혁 #김성주이사장"
2026-04-27 00:56:25,376,17,2,"""21세기 말까지 기금 소진 걱정 끝"" 김성주 이사장이 밝힌 1400조 국민연금의 미래 시나리오 #국민연금 #연금고갈 #2099년 #목표 수익률5.5% #연금개혁 #김성주이사장"
2026-04-27 01:33:13,376,17,2,"""21세기 말까지 기금 소진 걱정 끝"" 김성주 이사장이 밝힌 1400조 국민연금의 미래 시나리오 #국민연금 #연금고갈 #2099년 #목표 수익률5.5% #연금개혁 #김성주이사장"
2026-04-27 02:11:52,376,17,2,"""21세기 말까지 기금 소진 걱정 끝"" 김성주 이사장이 밝힌 1400조 국민연금의 미래 시나리오 #국민연금 #연금고갈 #2099년 #목표 수익률5.5% #연금개혁 #김성주이사장"
2026-04-27 02:57:27,376,17,2,"""21세기 말까지 기금 소진 걱정 끝"" 김성주 이사장이 밝힌 1400조 국민연금의 미래 시나리오 #국민연금 #연금고갈 #2099년 #목표 수익률5.5% #연금개혁 #김성주이사장"
2026-04-27 03:43:26,376,17,2,"""21세기 말까지 기금 소진 걱정 끝"" 김성주 이사장이 밝힌 1400조 국민연금의 미래 시나리오 #국민연금 #연금고갈 #2099년 #목표 수익률5.5% #연금개혁 #김성주이사장"
2026-04-27 04:34:47,376,17,2,"""21세기 말까지 기금 소진 걱정 끝"" 김성주 이사장이 밝힌 1400조 국민연금의 미래 시나리오 #국민연금 #연금고갈 #2099년 #목표 수익률5.5% #연금개혁 #김성주이사장"
2026-04-27 05:05:28,376,17,2,"""21세기 말까지 기금 소진 걱정 끝"" 김성주 이사장이 밝힌 1400조 국민연금의 미래 시나리오 #국민연금 #연금고갈 #2099년 #목표 수익률5.5% #연금개혁 #김성주이사장"
2026-04-27 05:54:02,376,17,2,"""21세기 말까지 기금 소진 걱정 끝"" 김성주 이사장이 밝힌 1400조 국민연금의 미래 시나리오 #국민연금 #연금고갈 #2099년 #목표 수익률5.5% #연금개혁 #김성주이사장"
2026-04-27 06:25:03,376,17,2,"""21세기 말까지 기금 소진 걱정 끝"" 김성주 이사장이 밝힌 1400조 국민연금의 미래 시나리오 #국민연금 #연금고갈 #2099년 #목표 수익률5.5% #연금개혁 #김성주이사장"
2026-04-27 06:58:40,376,17,2,"""21세기 말까지 기금 소진 걱정 끝"" 김성주 이사장이 밝힌 1400조 국민연금의 미래 시나리오 #국민연금 #연금고갈 #2099년 #목표 수익률5.5% #연금개혁 #김성주이사장"
2026-04-27 07:36:29,376,17,2,"""21세기 말까지 기금 소진 걱정 끝"" 김성주 이사장이 밝힌 1400조 국민연금의 미래 시나리오 #국민연금 #연금고갈 #2099년 #목표 수익률5.5% #연금개혁 #김성주이사장"
2026-04-27 07:44:39,376,17,2,"""21세기 말까지 기금 소진 걱정 끝"" 김성주 이사장이 밝힌 1400조 국민연금의 미래 시나리오 #국민연금 #연금고갈 #2099년 #목표 수익률5.5% #연금개혁 #김성주이사장"
2026-04-27 08:21:39,376,17,2,"""21세기 말까지 기금 소진 걱정 끝"" 김성주 이사장이 밝힌 1400조 국민연금의 미래 시나리오 #국민연금 #연금고갈 #2099년 #목표 수익률5.5% #연금개혁 #김성주이사장"
2026-04-27 08:58:52,376,17,2,"""21세기 말까지 기금 소진 걱정 끝"" 김성주 이사장이 밝힌 1400조 국민연금의 미래 시나리오 #국민연금 #연금고갈 #2099년 #목표 수익률5.5% #연금개혁 #김성주이사장"
2026-04-27 10:44:46,376,17,2,"""21세기 말까지 기금 소진 걱정 끝"" 김성주 이사장이 밝힌 1400조 국민연금의 미래 시나리오 #국민연금 #연금고갈 #2099년 #목표 수익률5.5% #연금개혁 #김성주이사장"
2026-04-27 11:41:01,376,17,2,"""21세기 말까지 기금 소진 걱정 끝"" 김성주 이사장이 밝힌 1400조 국민연금의 미래 시나리오 #국민연금 #연금고갈 #2099년 #목표 수익률5.5% #연금개혁 #김성주이사장"
2026-04-27 14:40:44,376,17,2,"""21세기 말까지 기금 소진 걱정 끝"" 김성주 이사장이 밝힌 1400조 국민연금의 미래 시나리오 #국민연금 #연금고갈 #2099년 #목표 수익률5.5% #연금개혁 #김성주이사장"
2026-04-27 16:55:22,376,17,2,"""21세기 말까지 기금 소진 걱정 끝"" 김성주 이사장이 밝힌 1400조 국민연금의 미래 시나리오 #국민연금 #연금고갈 #2099년 #목표 수익률5.5% #연금개혁 #김성주이사장"
2026-04-27 19:04:47,376,17,2,"""21세기 말까지 기금 소진 걱정 끝"" 김성주 이사장이 밝힌 1400조 국민연금의 미래 시나리오 #국민연금 #연금고갈 #2099년 #목표 수익률5.5% #연금개혁 #김성주이사장"
2026-04-27 20:55:08,376,17,2,"""21세기 말까지 기금 소진 걱정 끝"" 김성주 이사장이 밝힌 1400조 국민연금의 미래 시나리오 #국민연금 #연금고갈 #2099년 #목표 수익률5.5% #연금개혁 #김성주이사장"
2026-04-27 22:13:45,376,17,2,"""21세기 말까지 기금 소진 걱정 끝"" 김성주 이사장이 밝힌 1400조 국민연금의 미래 시나리오 #국민연금 #연금고갈 #2099년 #목표 수익률5.5% #연금개혁 #김성주이사장"
2026-04-28 00:19:16,376,17,2,"""21세기 말까지 기금 소진 걱정 끝"" 김성주 이사장이 밝힌 1400조 국민연금의 미래 시나리오 #국민연금 #연금고갈 #2099년 #목표 수익률5.5% #연금개혁 #김성주이사장"
2026-04-28 01:58:21,376,17,2,"""21세기 말까지 기금 소진 걱정 끝"" 김성주 이사장이 밝힌 1400조 국민연금의 미래 시나리오 #국민연금 #연금고갈 #2099년 #목표 수익률5.5% #연금개혁 #김성주이사장"
2026-04-28 03:03:10,376,17,2,"""21세기 말까지 기금 소진 걱정 끝"" 김성주 이사장이 밝힌 1400조 국민연금의 미래 시나리오 #국민연금 #연금고갈 #2099년 #목표 수익률5.5% #연금개혁 #김성주이사장"
2026-04-28 04:44:18,376,17,2,"""21세기 말까지 기금 소진 걱정 끝"" 김성주 이사장이 밝힌 1400조 국민연금의 미래 시나리오 #국민연금 #연금고갈 #2099년 #목표 수익률5.5% #연금개혁 #김성주이사장"
2026-04-28 05:42:46,376,17,2,"""21세기 말까지 기금 소진 걱정 끝"" 김성주 이사장이 밝힌 1400조 국민연금의 미래 시나리오 #국민연금 #연금고갈 #2099년 #목표 수익률5.5% #연금개혁 #김성주이사장"
2026-04-28 06:41:29,376,17,2,"""21세기 말까지 기금 소진 걱정 끝"" 김성주 이사장이 밝힌 1400조 국민연금의 미래 시나리오 #국민연금 #연금고갈 #2099년 #목표 수익률5.5% #연금개혁 #김성주이사장"
2026-04-28 07:32:07,376,17,2,"""21세기 말까지 기금 소진 걱정 끝"" 김성주 이사장이 밝힌 1400조 국민연금의 미래 시나리오 #국민연금 #연금고갈 #2099년 #목표 수익률5.5% #연금개혁 #김성주이사장"
2026-04-28 08:29:25,376,17,2,"""21세기 말까지 기금 소진 걱정 끝"" 김성주 이사장이 밝힌 1400조 국민연금의 미래 시나리오 #국민연금 #연금고갈 #2099년 #목표 수익률5.5% #연금개혁 #김성주이사장"
2026-04-28 09:12:15,376,17,2,"""21세기 말까지 기금 소진 걱정 끝"" 김성주 이사장이 밝힌 1400조 국민연금의 미래 시나리오 #국민연금 #연금고갈 #2099년 #목표 수익률5.5% #연금개혁 #김성주이사장"
2026-04-28 13:04:27,376,17,2,"""21세기 말까지 기금 소진 걱정 끝"" 김성주 이사장이 밝힌 1400조 국민연금의 미래 시나리오 #국민연금 #연금고갈 #2099년 #목표 수익률5.5% #연금개혁 #김성주이사장"
2026-04-28 15:39:03,376,17,2,"""21세기 말까지 기금 소진 걱정 끝"" 김성주 이사장이 밝힌 1400조 국민연금의 미래 시나리오 #국민연금 #연금고갈 #2099년 #목표 수익률5.5% #연금개혁 #김성주이사장"
2026-04-28 18:06:13,376,17,2,"""21세기 말까지 기금 소진 걱정 끝"" 김성주 이사장이 밝힌 1400조 국민연금의 미래 시나리오 #국민연금 #연금고갈 #2099년 #목표 수익률5.5% #연금개혁 #김성주이사장"
2026-04-28 20:10:16,376,17,2,"""21세기 말까지 기금 소진 걱정 끝"" 김성주 이사장이 밝힌 1400조 국민연금의 미래 시나리오 #국민연금 #연금고갈 #2099년 #목표 수익률5.5% #연금개혁 #김성주이사장"
2026-04-28 21:56:45,376,17,2,"""21세기 말까지 기금 소진 걱정 끝"" 김성주 이사장이 밝힌 1400조 국민연금의 미래 시나리오 #국민연금 #연금고갈 #2099년 #목표 수익률5.5% #연금개혁 #김성주이사장"
2026-04-29 00:21:57,376,17,2,"""21세기 말까지 기금 소진 걱정 끝"" 김성주 이사장이 밝힌 1400조 국민연금의 미래 시나리오 #국민연금 #연금고갈 #2099년 #목표 수익률5.5% #연금개혁 #김성주이사장"
2026-04-29 02:05:50,376,17,2,"""21세기 말까지 기금 소진 걱정 끝"" 김성주 이사장이 밝힌 1400조 국민연금의 미래 시나리오 #국민연금 #연금고갈 #2099년 #목표 수익률5.5% #연금개혁 #김성주이사장"
2026-04-29 03:45:39,376,17,2,"""21세기 말까지 기금 소진 걱정 끝"" 김성주 이사장이 밝힌 1400조 국민연금의 미래 시나리오 #국민연금 #연금고갈 #2099년 #목표 수익률5.5% #연금개혁 #김성주이사장"
2026-04-29 05:06:07,376,17,2,"""21세기 말까지 기금 소진 걱정 끝"" 김성주 이사장이 밝힌 1400조 국민연금의 미래 시나리오 #국민연금 #연금고갈 #2099년 #목표 수익률5.5% #연금개혁 #김성주이사장"
2026-04-29 06:16:03,376,17,2,"""21세기 말까지 기금 소진 걱정 끝"" 김성주 이사장이 밝힌 1400조 국민연금의 미래 시나리오 #국민연금 #연금고갈 #2099년 #목표 수익률5.5% #연금개혁 #김성주이사장"
2026-04-29 07:12:24,376,17,2,"""21세기 말까지 기금 소진 걱정 끝"" 김성주 이사장이 밝힌 1400조 국민연금의 미래 시나리오 #국민연금 #연금고갈 #2099년 #목표 수익률5.5% #연금개혁 #김성주이사장"
2026-04-29 08:09:20,376,17,2,"""21세기 말까지 기금 소진 걱정 끝"" 김성주 이사장이 밝힌 1400조 국민연금의 미래 시나리오 #국민연금 #연금고갈 #2099년 #목표 수익률5.5% #연금개혁 #김성주이사장"
2026-04-29 09:04:51,376,17,2,"""21세기 말까지 기금 소진 걱정 끝"" 김성주 이사장이 밝힌 1400조 국민연금의 미래 시나리오 #국민연금 #연금고갈 #2099년 #목표 수익률5.5% #연금개혁 #김성주이사장"
2026-04-29 12:56:27,376,17,2,"""21세기 말까지 기금 소진 걱정 끝"" 김성주 이사장이 밝힌 1400조 국민연금의 미래 시나리오 #국민연금 #연금고갈 #2099년 #목표 수익률5.5% #연금개혁 #김성주이사장"
2026-04-29 15:18:21,376,17,2,"""21세기 말까지 기금 소진 걱정 끝"" 김성주 이사장이 밝힌 1400조 국민연금의 미래 시나리오 #국민연금 #연금고갈 #2099년 #목표 수익률5.5% #연금개혁 #김성주이사장"
2026-04-29 17:34:56,376,17,2,"""21세기 말까지 기금 소진 걱정 끝"" 김성주 이사장이 밝힌 1400조 국민연금의 미래 시나리오 #국민연금 #연금고갈 #2099년 #목표 수익률5.5% #연금개혁 #김성주이사장"
2026-04-29 19:28:15,376,17,2,"""21세기 말까지 기금 소진 걱정 끝"" 김성주 이사장이 밝힌 1400조 국민연금의 미래 시나리오 #국민연금 #연금고갈 #2099년 #목표 수익률5.5% #연금개혁 #김성주이사장"
2026-04-29 20:58:52,376,17,2,"""21세기 말까지 기금 소진 걱정 끝"" 김성주 이사장이 밝힌 1400조 국민연금의 미래 시나리오 #국민연금 #연금고갈 #2099년 #목표 수익률5.5% #연금개혁 #김성주이사장"
2026-04-29 22:53:12,376,17,2,"""21세기 말까지 기금 소진 걱정 끝"" 김성주 이사장이 밝힌 1400조 국민연금의 미래 시나리오 #국민연금 #연금고갈 #2099년 #목표 수익률5.5% #연금개혁 #김성주이사장"
2026-04-30 00:49:01,376,17,2,"""21세기 말까지 기금 소진 걱정 끝"" 김성주 이사장이 밝힌 1400조 국민연금의 미래 시나리오 #국민연금 #연금고갈 #2099년 #목표 수익률5.5% #연금개혁 #김성주이사장"
2026-04-30 02:10:57,376,17,2,"""21세기 말까지 기금 소진 걱정 끝"" 김성주 이사장이 밝힌 1400조 국민연금의 미래 시나리오 #국민연금 #연금고갈 #2099년 #목표 수익률5.5% #연금개혁 #김성주이사장"
2026-04-30 03:45:43,376,17,2,"""21세기 말까지 기금 소진 걱정 끝"" 김성주 이사장이 밝힌 1400조 국민연금의 미래 시나리오 #국민연금 #연금고갈 #2099년 #목표 수익률5.5% #연금개혁 #김성주이사장"
2026-04-30 05:04:02,376,17,2,"""21세기 말까지 기금 소진 걱정 끝"" 김성주 이사장이 밝힌 1400조 국민연금의 미래 시나리오 #국민연금 #연금고갈 #2099년 #목표 수익률5.5% #연금개혁 #김성주이사장"
2026-04-30 06:15:27,376,17,2,"""21세기 말까지 기금 소진 걱정 끝"" 김성주 이사장이 밝힌 1400조 국민연금의 미래 시나리오 #국민연금 #연금고갈 #2099년 #목표 수익률5.5% #연금개혁 #김성주이사장"
2026-04-30 07:12:20,376,17,2,"""21세기 말까지 기금 소진 걱정 끝"" 김성주 이사장이 밝힌 1400조 국민연금의 미래 시나리오 #국민연금 #연금고갈 #2099년 #목표 수익률5.5% #연금개혁 #김성주이사장"
2026-04-30 08:09:36,376,17,2,"""21세기 말까지 기금 소진 걱정 끝"" 김성주 이사장이 밝힌 1400조 국민연금의 미래 시나리오 #국민연금 #연금고갈 #2099년 #목표 수익률5.5% #연금개혁 #김성주이사장"
2026-04-30 09:05:21,376,17,2,"""21세기 말까지 기금 소진 걱정 끝"" 김성주 이사장이 밝힌 1400조 국민연금의 미래 시나리오 #국민연금 #연금고갈 #2099년 #목표 수익률5.5% #연금개혁 #김성주이사장"
2026-04-30 12:58:07,376,17,2,"""21세기 말까지 기금 소진 걱정 끝"" 김성주 이사장이 밝힌 1400조 국민연금의 미래 시나리오 #국민연금 #연금고갈 #2099년 #목표 수익률5.5% #연금개혁 #김성주이사장"
2026-04-30 15:25:10,376,17,2,"""21세기 말까지 기금 소진 걱정 끝"" 김성주 이사장이 밝힌 1400조 국민연금의 미래 시나리오 #국민연금 #연금고갈 #2099년 #목표 수익률5.5% #연금개혁 #김성주이사장"
2026-04-30 17:38:05,379,17,2,"""21세기 말까지 기금 소진 걱정 끝"" 김성주 이사장이 밝힌 1400조 국민연금의 미래 시나리오 #국민연금 #연금고갈 #2099년 #목표 수익률5.5% #연금개혁 #김성주이사장"
2026-04-30 19:28:01,379,17,2,"""21세기 말까지 기금 소진 걱정 끝"" 김성주 이사장이 밝힌 1400조 국민연금의 미래 시나리오 #국민연금 #연금고갈 #2099년 #목표 수익률5.5% #연금개혁 #김성주이사장"
2026-04-30 20:58:06,379,17,2,"""21세기 말까지 기금 소진 걱정 끝"" 김성주 이사장이 밝힌 1400조 국민연금의 미래 시나리오 #국민연금 #연금고갈 #2099년 #목표 수익률5.5% #연금개혁 #김성주이사장"
2026-04-30 22:47:14,379,17,2,"""21세기 말까지 기금 소진 걱정 끝"" 김성주 이사장이 밝힌 1400조 국민연금의 미래 시나리오 #국민연금 #연금고갈 #2099년 #목표 수익률5.5% #연금개혁 #김성주이사장"
2026-05-01 00:29:27,379,17,2,"""21세기 말까지 기금 소진 걱정 끝"" 김성주 이사장이 밝힌 1400조 국민연금의 미래 시나리오 #국민연금 #연금고갈 #2099년 #목표 수익률5.5% #연금개혁 #김성주이사장"
2026-05-01 01:57:00,379,17,2,"""21세기 말까지 기금 소진 걱정 끝"" 김성주 이사장이 밝힌 1400조 국민연금의 미래 시나리오 #국민연금 #연금고갈 #2099년 #목표 수익률5.5% #연금개혁 #김성주이사장"
2026-05-01 03:06:15,379,17,2,"""21세기 말까지 기금 소진 걱정 끝"" 김성주 이사장이 밝힌 1400조 국민연금의 미래 시나리오 #국민연금 #연금고갈 #2099년 #목표 수익률5.5% #연금개혁 #김성주이사장"
2026-05-01 04:46:31,379,17,2,"""21세기 말까지 기금 소진 걱정 끝"" 김성주 이사장이 밝힌 1400조 국민연금의 미래 시나리오 #국민연금 #연금고갈 #2099년 #목표 수익률5.5% #연금개혁 #김성주이사장"
2026-05-01 05:44:25,379,17,2,"""21세기 말까지 기금 소진 걱정 끝"" 김성주 이사장이 밝힌 1400조 국민연금의 미래 시나리오 #국민연금 #연금고갈 #2099년 #목표 수익률5.5% #연금개혁 #김성주이사장"
2026-05-01 06:40:16,379,17,2,"""21세기 말까지 기금 소진 걱정 끝"" 김성주 이사장이 밝힌 1400조 국민연금의 미래 시나리오 #국민연금 #연금고갈 #2099년 #목표 수익률5.5% #연금개혁 #김성주이사장"
2026-05-01 07:33:44,379,17,2,"""21세기 말까지 기금 소진 걱정 끝"" 김성주 이사장이 밝힌 1400조 국민연금의 미래 시나리오 #국민연금 #연금고갈 #2099년 #목표 수익률5.5% #연금개혁 #김성주이사장"
2026-05-01 08:29:15,379,17,2,"""21세기 말까지 기금 소진 걱정 끝"" 김성주 이사장이 밝힌 1400조 국민연금의 미래 시나리오 #국민연금 #연금고갈 #2099년 #목표 수익률5.5% #연금개혁 #김성주이사장"
2026-05-01 09:13:06,379,17,2,"""21세기 말까지 기금 소진 걱정 끝"" 김성주 이사장이 밝힌 1400조 국민연금의 미래 시나리오 #국민연금 #연금고갈 #2099년 #목표 수익률5.5% #연금개혁 #김성주이사장"
2026-05-01 13:16:19,379,17,2,"""21세기 말까지 기금 소진 걱정 끝"" 김성주 이사장이 밝힌 1400조 국민연금의 미래 시나리오 #국민연금 #연금고갈 #2099년 #목표 수익률5.5% #연금개혁 #김성주이사장"
2026-05-01 15:45:44,379,17,2,"""21세기 말까지 기금 소진 걱정 끝"" 김성주 이사장이 밝힌 1400조 국민연금의 미래 시나리오 #국민연금 #연금고갈 #2099년 #목표 수익률5.5% #연금개혁 #김성주이사장"
2026-05-01 17:33:44,379,17,2,"""21세기 말까지 기금 소진 걱정 끝"" 김성주 이사장이 밝힌 1400조 국민연금의 미래 시나리오 #국민연금 #연금고갈 #2099년 #목표 수익률5.5% #연금개혁 #김성주이사장"
2026-05-01 19:08:23,379,17,2,"""21세기 말까지 기금 소진 걱정 끝"" 김성주 이사장이 밝힌 1400조 국민연금의 미래 시나리오 #국민연금 #연금고갈 #2099년 #목표 수익률5.5% #연금개혁 #김성주이사장"
2026-05-01 20:20:31,379,17,2,"""21세기 말까지 기금 소진 걱정 끝"" 김성주 이사장이 밝힌 1400조 국민연금의 미래 시나리오 #국민연금 #연금고갈 #2099년 #목표 수익률5.5% #연금개혁 #김성주이사장"
2026-05-01 21:09:19,379,17,2,"""21세기 말까지 기금 소진 걱정 끝"" 김성주 이사장이 밝힌 1400조 국민연금의 미래 시나리오 #국민연금 #연금고갈 #2099년 #목표 수익률5.5% #연금개혁 #김성주이사장"
2026-05-01 22:51:29,379,17,2,"""21세기 말까지 기금 소진 걱정 끝"" 김성주 이사장이 밝힌 1400조 국민연금의 미래 시나리오 #국민연금 #연금고갈 #2099년 #목표 수익률5.5% #연금개혁 #김성주이사장"
2026-05-01 23:42:27,379,17,2,"""21세기 말까지 기금 소진 걱정 끝"" 김성주 이사장이 밝힌 1400조 국민연금의 미래 시나리오 #국민연금 #연금고갈 #2099년 #목표 수익률5.5% #연금개혁 #김성주이사장"
2026-05-02 00:38:49,379,17,2,"""21세기 말까지 기금 소진 걱정 끝"" 김성주 이사장이 밝힌 1400조 국민연금의 미래 시나리오 #국민연금 #연금고갈 #2099년 #목표 수익률5.5% #연금개혁 #김성주이사장"
2026-05-02 01:35:29,379,17,2,"""21세기 말까지 기금 소진 걱정 끝"" 김성주 이사장이 밝힌 1400조 국민연금의 미래 시나리오 #국민연금 #연금고갈 #2099년 #목표 수익률5.5% #연금개혁 #김성주이사장"
2026-05-02 02:35:33,379,17,2,"""21세기 말까지 기금 소진 걱정 끝"" 김성주 이사장이 밝힌 1400조 국민연금의 미래 시나리오 #국민연금 #연금고갈 #2099년 #목표 수익률5.5% #연금개혁 #김성주이사장"
2026-05-02 03:42:31,379,17,2,"""21세기 말까지 기금 소진 걱정 끝"" 김성주 이사장이 밝힌 1400조 국민연금의 미래 시나리오 #국민연금 #연금고갈 #2099년 #목표 수익률5.5% #연금개혁 #김성주이사장"
2026-05-02 04:50:26,379,17,2,"""21세기 말까지 기금 소진 걱정 끝"" 김성주 이사장이 밝힌 1400조 국민연금의 미래 시나리오 #국민연금 #연금고갈 #2099년 #목표 수익률5.5% #연금개혁 #김성주이사장"
2026-05-02 05:37:24,379,17,2,"""21세기 말까지 기금 소진 걱정 끝"" 김성주 이사장이 밝힌 1400조 국민연금의 미래 시나리오 #국민연금 #연금고갈 #2099년 #목표 수익률5.5% #연금개혁 #김성주이사장"
2026-05-02 06:31:17,379,17,2,"""21세기 말까지 기금 소진 걱정 끝"" 김성주 이사장이 밝힌 1400조 국민연금의 미래 시나리오 #국민연금 #연금고갈 #2099년 #목표 수익률5.5% #연금개혁 #김성주이사장"
2026-05-02 07:25:43,379,17,2,"""21세기 말까지 기금 소진 걱정 끝"" 김성주 이사장이 밝힌 1400조 국민연금의 미래 시나리오 #국민연금 #연금고갈 #2099년 #목표 수익률5.5% #연금개혁 #김성주이사장"
2026-05-02 08:12:03,379,17,2,"""21세기 말까지 기금 소진 걱정 끝"" 김성주 이사장이 밝힌 1400조 국민연금의 미래 시나리오 #국민연금 #연금고갈 #2099년 #목표 수익률5.5% #연금개혁 #김성주이사장"
2026-05-02 09:04:19,379,17,2,"""21세기 말까지 기금 소진 걱정 끝"" 김성주 이사장이 밝힌 1400조 국민연금의 미래 시나리오 #국민연금 #연금고갈 #2099년 #목표 수익률5.5% #연금개혁 #김성주이사장"
2026-05-02 12:41:14,379,17,2,"""21세기 말까지 기금 소진 걱정 끝"" 김성주 이사장이 밝힌 1400조 국민연금의 미래 시나리오 #국민연금 #연금고갈 #2099년 #목표 수익률5.5% #연금개혁 #김성주이사장"
2026-05-02 14:54:50,379,17,2,"""21세기 말까지 기금 소진 걱정 끝"" 김성주 이사장이 밝힌 1400조 국민연금의 미래 시나리오 #국민연금 #연금고갈 #2099년 #목표 수익률5.5% #연금개혁 #김성주이사장"
2026-05-02 16:16:22,379,17,2,"""21세기 말까지 기금 소진 걱정 끝"" 김성주 이사장이 밝힌 1400조 국민연금의 미래 시나리오 #국민연금 #연금고갈 #2099년 #목표 수익률5.5% #연금개혁 #김성주이사장"
2026-05-02 17:44:32,379,17,2,"""21세기 말까지 기금 소진 걱정 끝"" 김성주 이사장이 밝힌 1400조 국민연금의 미래 시나리오 #국민연금 #연금고갈 #2099년 #목표 수익률5.5% #연금개혁 #김성주이사장"
2026-05-02 18:46:14,379,17,2,"""21세기 말까지 기금 소진 걱정 끝"" 김성주 이사장이 밝힌 1400조 국민연금의 미래 시나리오 #국민연금 #연금고갈 #2099년 #목표 수익률5.5% #연금개혁 #김성주이사장"
2026-05-02 19:35:27,379,17,2,"""21세기 말까지 기금 소진 걱정 끝"" 김성주 이사장이 밝힌 1400조 국민연금의 미래 시나리오 #국민연금 #연금고갈 #2099년 #목표 수익률5.5% #연금개혁 #김성주이사장"
2026-05-02 20:26:37,379,17,2,"""21세기 말까지 기금 소진 걱정 끝"" 김성주 이사장이 밝힌 1400조 국민연금의 미래 시나리오 #국민연금 #연금고갈 #2099년 #목표 수익률5.5% #연금개혁 #김성주이사장"
2026-05-02 21:04:25,379,17,2,"""21세기 말까지 기금 소진 걱정 끝"" 김성주 이사장이 밝힌 1400조 국민연금의 미래 시나리오 #국민연금 #연금고갈 #2099년 #목표 수익률5.5% #연금개혁 #김성주이사장"
2026-05-02 22:41:12,379,17,2,"""21세기 말까지 기금 소진 걱정 끝"" 김성주 이사장이 밝힌 1400조 국민연금의 미래 시나리오 #국민연금 #연금고갈 #2099년 #목표 수익률5.5% #연금개혁 #김성주이사장"
2026-05-02 23:32:29,379,17,2,"""21세기 말까지 기금 소진 걱정 끝"" 김성주 이사장이 밝힌 1400조 국민연금의 미래 시나리오 #국민연금 #연금고갈 #2099년 #목표 수익률5.5% #연금개혁 #김성주이사장"
2026-05-03 00:24:39,379,17,2,"""21세기 말까지 기금 소진 걱정 끝"" 김성주 이사장이 밝힌 1400조 국민연금의 미래 시나리오 #국민연금 #연금고갈 #2099년 #목표 수익률5.5% #연금개혁 #김성주이사장"
2026-05-03 01:04:45,379,17,2,"""21세기 말까지 기금 소진 걱정 끝"" 김성주 이사장이 밝힌 1400조 국민연금의 미래 시나리오 #국민연금 #연금고갈 #2099년 #목표 수익률5.5% #연금개혁 #김성주이사장"
2026-05-03 02:01:22,379,17,2,"""21세기 말까지 기금 소진 걱정 끝"" 김성주 이사장이 밝힌 1400조 국민연금의 미래 시나리오 #국민연금 #연금고갈 #2099년 #목표 수익률5.5% #연금개혁 #김성주이사장"
2026-05-03 02:51:13,379,17,2,"""21세기 말까지 기금 소진 걱정 끝"" 김성주 이사장이 밝힌 1400조 국민연금의 미래 시나리오 #국민연금 #연금고갈 #2099년 #목표 수익률5.5% #연금개혁 #김성주이사장"
2026-05-03 03:37:01,379,17,2,"""21세기 말까지 기금 소진 걱정 끝"" 김성주 이사장이 밝힌 1400조 국민연금의 미래 시나리오 #국민연금 #연금고갈 #2099년 #목표 수익률5.5% #연금개혁 #김성주이사장"
2026-05-03 04:38:23,379,17,2,"""21세기 말까지 기금 소진 걱정 끝"" 김성주 이사장이 밝힌 1400조 국민연금의 미래 시나리오 #국민연금 #연금고갈 #2099년 #목표 수익률5.5% #연금개혁 #김성주이사장"
2026-05-03 05:07:52,379,17,2,"""21세기 말까지 기금 소진 걱정 끝"" 김성주 이사장이 밝힌 1400조 국민연금의 미래 시나리오 #국민연금 #연금고갈 #2099년 #목표 수익률5.5% #연금개혁 #김성주이사장"
2026-05-03 05:57:27,379,17,2,"""21세기 말까지 기금 소진 걱정 끝"" 김성주 이사장이 밝힌 1400조 국민연금의 미래 시나리오 #국민연금 #연금고갈 #2099년 #목표 수익률5.5% #연금개혁 #김성주이사장"
2026-05-03 06:35:04,379,17,2,"""21세기 말까지 기금 소진 걱정 끝"" 김성주 이사장이 밝힌 1400조 국민연금의 미래 시나리오 #국민연금 #연금고갈 #2099년 #목표 수익률5.5% #연금개혁 #김성주이사장"
2026-05-03 07:09:25,379,17,2,"""21세기 말까지 기금 소진 걱정 끝"" 김성주 이사장이 밝힌 1400조 국민연금의 미래 시나리오 #국민연금 #연금고갈 #2099년 #목표 수익률5.5% #연금개혁 #김성주이사장"
2026-05-03 08:01:06,379,17,2,"""21세기 말까지 기금 소진 걱정 끝"" 김성주 이사장이 밝힌 1400조 국민연금의 미래 시나리오 #국민연금 #연금고갈 #2099년 #목표 수익률5.5% #연금개혁 #김성주이사장"
2026-05-03 08:51:22,379,17,2,"""21세기 말까지 기금 소진 걱정 끝"" 김성주 이사장이 밝힌 1400조 국민연금의 미래 시나리오 #국민연금 #연금고갈 #2099년 #목표 수익률5.5% #연금개혁 #김성주이사장"
2026-05-03 10:22:28,379,17,2,"""21세기 말까지 기금 소진 걱정 끝"" 김성주 이사장이 밝힌 1400조 국민연금의 미래 시나리오 #국민연금 #연금고갈 #2099년 #목표 수익률5.5% #연금개혁 #김성주이사장"
2026-05-03 13:51:04,379,17,2,"""21세기 말까지 기금 소진 걱정 끝"" 김성주 이사장이 밝힌 1400조 국민연금의 미래 시나리오 #국민연금 #연금고갈 #2099년 #목표 수익률5.5% #연금개혁 #김성주이사장"
2026-05-03 16:10:33,379,17,2,"""21세기 말까지 기금 소진 걱정 끝"" 김성주 이사장이 밝힌 1400조 국민연금의 미래 시나리오 #국민연금 #연금고갈 #2099년 #목표 수익률5.5% #연금개혁 #김성주이사장"
2026-05-03 17:55:47,379,17,2,"""21세기 말까지 기금 소진 걱정 끝"" 김성주 이사장이 밝힌 1400조 국민연금의 미래 시나리오 #국민연금 #연금고갈 #2099년 #목표 수익률5.5% #연금개혁 #김성주이사장"
2026-05-03 18:58:52,379,17,2,"""21세기 말까지 기금 소진 걱정 끝"" 김성주 이사장이 밝힌 1400조 국민연금의 미래 시나리오 #국민연금 #연금고갈 #2099년 #목표 수익률5.5% #연금개혁 #김성주이사장"
2026-05-03 19:54:12,379,17,2,"""21세기 말까지 기금 소진 걱정 끝"" 김성주 이사장이 밝힌 1400조 국민연금의 미래 시나리오 #국민연금 #연금고갈 #2099년 #목표 수익률5.5% #연금개혁 #김성주이사장"
2026-05-03 20:32:40,379,17,2,"""21세기 말까지 기금 소진 걱정 끝"" 김성주 이사장이 밝힌 1400조 국민연금의 미래 시나리오 #국민연금 #연금고갈 #2099년 #목표 수익률5.5% #연금개혁 #김성주이사장"
2026-05-03 21:08:18,379,17,2,"""21세기 말까지 기금 소진 걱정 끝"" 김성주 이사장이 밝힌 1400조 국민연금의 미래 시나리오 #국민연금 #연금고갈 #2099년 #목표 수익률5.5% #연금개혁 #김성주이사장"
2026-05-03 22:45:06,379,17,2,"""21세기 말까지 기금 소진 걱정 끝"" 김성주 이사장이 밝힌 1400조 국민연금의 미래 시나리오 #국민연금 #연금고갈 #2099년 #목표 수익률5.5% #연금개혁 #김성주이사장"
2026-05-03 23:34:17,379,17,2,"""21세기 말까지 기금 소진 걱정 끝"" 김성주 이사장이 밝힌 1400조 국민연금의 미래 시나리오 #국민연금 #연금고갈 #2099년 #목표 수익률5.5% #연금개혁 #김성주이사장"
2026-05-04 00:24:41,379,17,2,"""21세기 말까지 기금 소진 걱정 끝"" 김성주 이사장이 밝힌 1400조 국민연금의 미래 시나리오 #국민연금 #연금고갈 #2099년 #목표 수익률5.5% #연금개혁 #김성주이사장"
2026-05-04 01:04:38,379,17,2,"""21세기 말까지 기금 소진 걱정 끝"" 김성주 이사장이 밝힌 1400조 국민연금의 미래 시나리오 #국민연금 #연금고갈 #2099년 #목표 수익률5.5% #연금개혁 #김성주이사장"
2026-05-04 02:02:49,379,17,2,"""21세기 말까지 기금 소진 걱정 끝"" 김성주 이사장이 밝힌 1400조 국민연금의 미래 시나리오 #국민연금 #연금고갈 #2099년 #목표 수익률5.5% #연금개혁 #김성주이사장"
2026-05-04 02:53:15,379,17,2,"""21세기 말까지 기금 소진 걱정 끝"" 김성주 이사장이 밝힌 1400조 국민연금의 미래 시나리오 #국민연금 #연금고갈 #2099년 #목표 수익률5.5% #연금개혁 #김성주이사장"
2026-05-04 03:38:06,379,17,2,"""21세기 말까지 기금 소진 걱정 끝"" 김성주 이사장이 밝힌 1400조 국민연금의 미래 시나리오 #국민연금 #연금고갈 #2099년 #목표 수익률5.5% #연금개혁 #김성주이사장"
2026-05-04 04:38:26,379,17,2,"""21세기 말까지 기금 소진 걱정 끝"" 김성주 이사장이 밝힌 1400조 국민연금의 미래 시나리오 #국민연금 #연금고갈 #2099년 #목표 수익률5.5% #연금개혁 #김성주이사장"
2026-05-04 05:22:26,379,17,2,"""21세기 말까지 기금 소진 걱정 끝"" 김성주 이사장이 밝힌 1400조 국민연금의 미래 시나리오 #국민연금 #연금고갈 #2099년 #목표 수익률5.5% #연금개혁 #김성주이사장"
2026-05-04 06:05:55,379,17,2,"""21세기 말까지 기금 소진 걱정 끝"" 김성주 이사장이 밝힌 1400조 국민연금의 미래 시나리오 #국민연금 #연금고갈 #2099년 #목표 수익률5.5% #연금개혁 #김성주이사장"
2026-05-04 06:55:41,379,17,2,"""21세기 말까지 기금 소진 걱정 끝"" 김성주 이사장이 밝힌 1400조 국민연금의 미래 시나리오 #국민연금 #연금고갈 #2099년 #목표 수익률5.5% #연금개혁 #김성주이사장"
2026-05-04 07:30:23,379,17,2,"""21세기 말까지 기금 소진 걱정 끝"" 김성주 이사장이 밝힌 1400조 국민연금의 미래 시나리오 #국민연금 #연금고갈 #2099년 #목표 수익률5.5% #연금개혁 #김성주이사장"
2026-05-04 08:11:25,379,17,2,"""21세기 말까지 기금 소진 걱정 끝"" 김성주 이사장이 밝힌 1400조 국민연금의 미래 시나리오 #국민연금 #연금고갈 #2099년 #목표 수익률5.5% #연금개혁 #김성주이사장"
2026-05-04 09:01:54,379,17,2,"""21세기 말까지 기금 소진 걱정 끝"" 김성주 이사장이 밝힌 1400조 국민연금의 미래 시나리오 #국민연금 #연금고갈 #2099년 #목표 수익률5.5% #연금개혁 #김성주이사장"
2026-05-04 12:53:27,379,17,2,"""21세기 말까지 기금 소진 걱정 끝"" 김성주 이사장이 밝힌 1400조 국민연금의 미래 시나리오 #국민연금 #연금고갈 #2099년 #목표 수익률5.5% #연금개혁 #김성주이사장"
2026-05-04 15:31:30,379,17,2,"""21세기 말까지 기금 소진 걱정 끝"" 김성주 이사장이 밝힌 1400조 국민연금의 미래 시나리오 #국민연금 #연금고갈 #2099년 #목표 수익률5.5% #연금개혁 #김성주이사장"
2026-05-04 18:04:01,380,17,2,"""21세기 말까지 기금 소진 걱정 끝"" 김성주 이사장이 밝힌 1400조 국민연금의 미래 시나리오 #국민연금 #연금고갈 #2099년 #목표 수익률5.5% #연금개혁 #김성주이사장"
2026-05-04 20:11:03,380,17,2,"""21세기 말까지 기금 소진 걱정 끝"" 김성주 이사장이 밝힌 1400조 국민연금의 미래 시나리오 #국민연금 #연금고갈 #2099년 #목표 수익률5.5% #연금개혁 #김성주이사장"
2026-05-04 21:54:40,380,17,2,"""21세기 말까지 기금 소진 걱정 끝"" 김성주 이사장이 밝힌 1400조 국민연금의 미래 시나리오 #국민연금 #연금고갈 #2099년 #목표 수익률5.5% #연금개혁 #김성주이사장"
2026-05-04 23:59:40,380,17,2,"""21세기 말까지 기금 소진 걱정 끝"" 김성주 이사장이 밝힌 1400조 국민연금의 미래 시나리오 #국민연금 #연금고갈 #2099년 #목표 수익률5.5% #연금개혁 #김성주이사장"
2026-05-05 01:46:12,380,17,2,"""21세기 말까지 기금 소진 걱정 끝"" 김성주 이사장이 밝힌 1400조 국민연금의 미래 시나리오 #국민연금 #연금고갈 #2099년 #목표 수익률5.5% #연금개혁 #김성주이사장"
2026-05-05 03:06:08,380,17,2,"""21세기 말까지 기금 소진 걱정 끝"" 김성주 이사장이 밝힌 1400조 국민연금의 미래 시나리오 #국민연금 #연금고갈 #2099년 #목표 수익률5.5% #연금개혁 #김성주이사장"
2026-05-05 04:52:43,380,17,2,"""21세기 말까지 기금 소진 걱정 끝"" 김성주 이사장이 밝힌 1400조 국민연금의 미래 시나리오 #국민연금 #연금고갈 #2099년 #목표 수익률5.5% #연금개혁 #김성주이사장"
2026-05-05 05:54:13,380,17,2,"""21세기 말까지 기금 소진 걱정 끝"" 김성주 이사장이 밝힌 1400조 국민연금의 미래 시나리오 #국민연금 #연금고갈 #2099년 #목표 수익률5.5% #연금개혁 #김성주이사장"
2026-05-05 06:49:02,380,17,2,"""21세기 말까지 기금 소진 걱정 끝"" 김성주 이사장이 밝힌 1400조 국민연금의 미래 시나리오 #국민연금 #연금고갈 #2099년 #목표 수익률5.5% #연금개혁 #김성주이사장"
2026-05-05 07:42:58,380,17,2,"""21세기 말까지 기금 소진 걱정 끝"" 김성주 이사장이 밝힌 1400조 국민연금의 미래 시나리오 #국민연금 #연금고갈 #2099년 #목표 수익률5.5% #연금개혁 #김성주이사장"
2026-05-05 08:34:51,380,17,2,"""21세기 말까지 기금 소진 걱정 끝"" 김성주 이사장이 밝힌 1400조 국민연금의 미래 시나리오 #국민연금 #연금고갈 #2099년 #목표 수익률5.5% #연금개혁 #김성주이사장"
2026-05-05 10:13:43,380,17,2,"""21세기 말까지 기금 소진 걱정 끝"" 김성주 이사장이 밝힌 1400조 국민연금의 미래 시나리오 #국민연금 #연금고갈 #2099년 #목표 수익률5.5% #연금개혁 #김성주이사장"
2026-05-05 13:26:53,380,17,2,"""21세기 말까지 기금 소진 걱정 끝"" 김성주 이사장이 밝힌 1400조 국민연금의 미래 시나리오 #국민연금 #연금고갈 #2099년 #목표 수익률5.5% #연금개혁 #김성주이사장"
2026-05-05 15:33:11,380,17,2,"""21세기 말까지 기금 소진 걱정 끝"" 김성주 이사장이 밝힌 1400조 국민연금의 미래 시나리오 #국민연금 #연금고갈 #2099년 #목표 수익률5.5% #연금개혁 #김성주이사장"
2026-05-05 17:35:15,380,17,2,"""21세기 말까지 기금 소진 걱정 끝"" 김성주 이사장이 밝힌 1400조 국민연금의 미래 시나리오 #국민연금 #연금고갈 #2099년 #목표 수익률5.5% #연금개혁 #김성주이사장"
2026-05-05 19:22:22,380,17,2,"""21세기 말까지 기금 소진 걱정 끝"" 김성주 이사장이 밝힌 1400조 국민연금의 미래 시나리오 #국민연금 #연금고갈 #2099년 #목표 수익률5.5% #연금개혁 #김성주이사장"
2026-05-05 20:43:49,380,17,2,"""21세기 말까지 기금 소진 걱정 끝"" 김성주 이사장이 밝힌 1400조 국민연금의 미래 시나리오 #국민연금 #연금고갈 #2099년 #목표 수익률5.5% #연금개혁 #김성주이사장"
2026-05-05 21:55:02,380,17,2,"""21세기 말까지 기금 소진 걱정 끝"" 김성주 이사장이 밝힌 1400조 국민연금의 미래 시나리오 #국민연금 #연금고갈 #2099년 #목표 수익률5.5% #연금개혁 #김성주이사장"
2026-05-06 01:24:12,380,17,2,"""21세기 말까지 기금 소진 걱정 끝"" 김성주 이사장이 밝힌 1400조 국민연금의 미래 시나리오 #국민연금 #연금고갈 #2099년 #목표 수익률5.5% #연금개혁 #김성주이사장"
2026-05-06 02:56:44,380,17,2,"""21세기 말까지 기금 소진 걱정 끝"" 김성주 이사장이 밝힌 1400조 국민연금의 미래 시나리오 #국민연금 #연금고갈 #2099년 #목표 수익률5.5% #연금개혁 #김성주이사장"
2026-05-06 04:08:10,380,17,2,"""21세기 말까지 기금 소진 걱정 끝"" 김성주 이사장이 밝힌 1400조 국민연금의 미래 시나리오 #국민연금 #연금고갈 #2099년 #목표 수익률5.5% #연금개혁 #김성주이사장"
2026-05-06 05:18:26,380,17,2,"""21세기 말까지 기금 소진 걱정 끝"" 김성주 이사장이 밝힌 1400조 국민연금의 미래 시나리오 #국민연금 #연금고갈 #2099년 #목표 수익률5.5% #연금개혁 #김성주이사장"
2026-05-06 06:16:36,380,17,2,"""21세기 말까지 기금 소진 걱정 끝"" 김성주 이사장이 밝힌 1400조 국민연금의 미래 시나리오 #국민연금 #연금고갈 #2099년 #목표 수익률5.5% #연금개혁 #김성주이사장"
2026-05-06 07:13:27,380,17,2,"""21세기 말까지 기금 소진 걱정 끝"" 김성주 이사장이 밝힌 1400조 국민연금의 미래 시나리오 #국민연금 #연금고갈 #2099년 #목표 수익률5.5% #연금개혁 #김성주이사장"
2026-05-06 08:10:58,380,17,2,"""21세기 말까지 기금 소진 걱정 끝"" 김성주 이사장이 밝힌 1400조 국민연금의 미래 시나리오 #국민연금 #연금고갈 #2099년 #목표 수익률5.5% #연금개혁 #김성주이사장"
2026-05-06 09:00:59,380,17,2,"""21세기 말까지 기금 소진 걱정 끝"" 김성주 이사장이 밝힌 1400조 국민연금의 미래 시나리오 #국민연금 #연금고갈 #2099년 #목표 수익률5.5% #연금개혁 #김성주이사장"
2026-05-06 12:36:18,380,17,2,"""21세기 말까지 기금 소진 걱정 끝"" 김성주 이사장이 밝힌 1400조 국민연금의 미래 시나리오 #국민연금 #연금고갈 #2099년 #목표 수익률5.5% #연금개혁 #김성주이사장"
2026-05-06 15:18:58,380,17,2,"""21세기 말까지 기금 소진 걱정 끝"" 김성주 이사장이 밝힌 1400조 국민연금의 미래 시나리오 #국민연금 #연금고갈 #2099년 #목표 수익률5.5% #연금개혁 #김성주이사장"
2026-05-06 19:36:30,380,17,2,"""21세기 말까지 기금 소진 걱정 끝"" 김성주 이사장이 밝힌 1400조 국민연금의 미래 시나리오 #국민연금 #연금고갈 #2099년 #목표 수익률5.5% #연금개혁 #김성주이사장"
2026-05-06 21:17:00,380,17,2,"""21세기 말까지 기금 소진 걱정 끝"" 김성주 이사장이 밝힌 1400조 국민연금의 미래 시나리오 #국민연금 #연금고갈 #2099년 #목표 수익률5.5% #연금개혁 #김성주이사장"
2026-05-06 23:48:58,380,17,2,"""21세기 말까지 기금 소진 걱정 끝"" 김성주 이사장이 밝힌 1400조 국민연금의 미래 시나리오 #국민연금 #연금고갈 #2099년 #목표 수익률5.5% #연금개혁 #김성주이사장"
2026-05-07 01:20:37,380,17,2,"""21세기 말까지 기금 소진 걱정 끝"" 김성주 이사장이 밝힌 1400조 국민연금의 미래 시나리오 #국민연금 #연금고갈 #2099년 #목표 수익률5.5% #연금개혁 #김성주이사장"
2026-05-07 02:54:45,380,17,2,"""21세기 말까지 기금 소진 걱정 끝"" 김성주 이사장이 밝힌 1400조 국민연금의 미래 시나리오 #국민연금 #연금고갈 #2099년 #목표 수익률5.5% #연금개혁 #김성주이사장"
2026-05-07 04:15:32,380,17,2,"""21세기 말까지 기금 소진 걱정 끝"" 김성주 이사장이 밝힌 1400조 국민연금의 미래 시나리오 #국민연금 #연금고갈 #2099년 #목표 수익률5.5% #연금개혁 #김성주이사장"
2026-05-07 05:47:25,380,17,2,"""21세기 말까지 기금 소진 걱정 끝"" 김성주 이사장이 밝힌 1400조 국민연금의 미래 시나리오 #국민연금 #연금고갈 #2099년 #목표 수익률5.5% #연금개혁 #김성주이사장"
2026-05-07 06:46:28,380,17,2,"""21세기 말까지 기금 소진 걱정 끝"" 김성주 이사장이 밝힌 1400조 국민연금의 미래 시나리오 #국민연금 #연금고갈 #2099년 #목표 수익률5.5% #연금개혁 #김성주이사장"
2026-05-07 07:33:21,380,17,2,"""21세기 말까지 기금 소진 걱정 끝"" 김성주 이사장이 밝힌 1400조 국민연금의 미래 시나리오 #국민연금 #연금고갈 #2099년 #목표 수익률5.5% #연금개혁 #김성주이사장"
2026-05-07 08:30:03,380,17,2,"""21세기 말까지 기금 소진 걱정 끝"" 김성주 이사장이 밝힌 1400조 국민연금의 미래 시나리오 #국민연금 #연금고갈 #2099년 #목표 수익률5.5% #연금개혁 #김성주이사장"
2026-05-07 09:12:26,380,17,2,"""21세기 말까지 기금 소진 걱정 끝"" 김성주 이사장이 밝힌 1400조 국민연금의 미래 시나리오 #국민연금 #연금고갈 #2099년 #목표 수익률5.5% #연금개혁 #김성주이사장"
2026-05-07 13:03:47,380,17,2,"""21세기 말까지 기금 소진 걱정 끝"" 김성주 이사장이 밝힌 1400조 국민연금의 미래 시나리오 #국민연금 #연금고갈 #2099년 #목표 수익률5.5% #연금개혁 #김성주이사장"
2026-05-07 15:46:39,380,17,2,"""21세기 말까지 기금 소진 걱정 끝"" 김성주 이사장이 밝힌 1400조 국민연금의 미래 시나리오 #국민연금 #연금고갈 #2099년 #목표 수익률5.5% #연금개혁 #김성주이사장"
2026-05-07 18:16:48,380,17,2,"""21세기 말까지 기금 소진 걱정 끝"" 김성주 이사장이 밝힌 1400조 국민연금의 미래 시나리오 #국민연금 #연금고갈 #2099년 #목표 수익률5.5% #연금개혁 #김성주이사장"
2026-05-07 20:20:34,380,17,2,"""21세기 말까지 기금 소진 걱정 끝"" 김성주 이사장이 밝힌 1400조 국민연금의 미래 시나리오 #국민연금 #연금고갈 #2099년 #목표 수익률5.5% #연금개혁 #김성주이사장"
2026-05-07 22:10:30,380,17,2,"""21세기 말까지 기금 소진 걱정 끝"" 김성주 이사장이 밝힌 1400조 국민연금의 미래 시나리오 #국민연금 #연금고갈 #2099년 #목표 수익률5.5% #연금개혁 #김성주이사장"
2026-05-08 00:33:27,380,17,2,"""21세기 말까지 기금 소진 걱정 끝"" 김성주 이사장이 밝힌 1400조 국민연금의 미래 시나리오 #국민연금 #연금고갈 #2099년 #목표 수익률5.5% #연금개혁 #김성주이사장"
2026-05-08 02:19:30,380,17,2,"""21세기 말까지 기금 소진 걱정 끝"" 김성주 이사장이 밝힌 1400조 국민연금의 미래 시나리오 #국민연금 #연금고갈 #2099년 #목표 수익률5.5% #연금개혁 #김성주이사장"
2026-05-08 04:03:11,380,17,2,"""21세기 말까지 기금 소진 걱정 끝"" 김성주 이사장이 밝힌 1400조 국민연금의 미래 시나리오 #국민연금 #연금고갈 #2099년 #목표 수익률5.5% #연금개혁 #김성주이사장"
2026-05-08 05:21:21,380,17,2,"""21세기 말까지 기금 소진 걱정 끝"" 김성주 이사장이 밝힌 1400조 국민연금의 미래 시나리오 #국민연금 #연금고갈 #2099년 #목표 수익률5.5% #연금개혁 #김성주이사장"
2026-05-08 06:16:51,380,17,2,"""21세기 말까지 기금 소진 걱정 끝"" 김성주 이사장이 밝힌 1400조 국민연금의 미래 시나리오 #국민연금 #연금고갈 #2099년 #목표 수익률5.5% #연금개혁 #김성주이사장"
2026-05-08 07:17:35,380,17,2,"""21세기 말까지 기금 소진 걱정 끝"" 김성주 이사장이 밝힌 1400조 국민연금의 미래 시나리오 #국민연금 #연금고갈 #2099년 #목표 수익률5.5% #연금개혁 #김성주이사장"
2026-05-08 08:13:07,380,17,2,"""21세기 말까지 기금 소진 걱정 끝"" 김성주 이사장이 밝힌 1400조 국민연금의 미래 시나리오 #국민연금 #연금고갈 #2099년 #목표 수익률5.5% #연금개혁 #김성주이사장"
2026-05-08 09:06:06,380,17,2,"""21세기 말까지 기금 소진 걱정 끝"" 김성주 이사장이 밝힌 1400조 국민연금의 미래 시나리오 #국민연금 #연금고갈 #2099년 #목표 수익률5.5% #연금개혁 #김성주이사장"
2026-05-08 12:49:08,380,17,2,"""21세기 말까지 기금 소진 걱정 끝"" 김성주 이사장이 밝힌 1400조 국민연금의 미래 시나리오 #국민연금 #연금고갈 #2099년 #목표 수익률5.5% #연금개혁 #김성주이사장"
2026-05-08 14:48:42,380,17,2,"""21세기 말까지 기금 소진 걱정 끝"" 김성주 이사장이 밝힌 1400조 국민연금의 미래 시나리오 #국민연금 #연금고갈 #2099년 #목표 수익률5.5% #연금개혁 #김성주이사장"
2026-05-08 16:10:05,380,17,2,"""21세기 말까지 기금 소진 걱정 끝"" 김성주 이사장이 밝힌 1400조 국민연금의 미래 시나리오 #국민연금 #연금고갈 #2099년 #목표 수익률5.5% #연금개혁 #김성주이사장"
2026-05-08 17:47:07,380,17,2,"""21세기 말까지 기금 소진 걱정 끝"" 김성주 이사장이 밝힌 1400조 국민연금의 미래 시나리오 #국민연금 #연금고갈 #2099년 #목표 수익률5.5% #연금개혁 #김성주이사장"
2026-05-08 19:09:58,380,17,2,"""21세기 말까지 기금 소진 걱정 끝"" 김성주 이사장이 밝힌 1400조 국민연금의 미래 시나리오 #국민연금 #연금고갈 #2099년 #목표 수익률5.5% #연금개혁 #김성주이사장"
2026-05-08 20:43:15,380,17,2,"""21세기 말까지 기금 소진 걱정 끝"" 김성주 이사장이 밝힌 1400조 국민연금의 미래 시나리오 #국민연금 #연금고갈 #2099년 #목표 수익률5.5% #연금개혁 #김성주이사장"
2026-05-08 21:59:05,380,17,2,"""21세기 말까지 기금 소진 걱정 끝"" 김성주 이사장이 밝힌 1400조 국민연금의 미래 시나리오 #국민연금 #연금고갈 #2099년 #목표 수익률5.5% #연금개혁 #김성주이사장"
2026-05-08 23:51:17,380,17,2,"""21세기 말까지 기금 소진 걱정 끝"" 김성주 이사장이 밝힌 1400조 국민연금의 미래 시나리오 #국민연금 #연금고갈 #2099년 #목표 수익률5.5% #연금개혁 #김성주이사장"
2026-05-09 01:04:45,380,17,2,"""21세기 말까지 기금 소진 걱정 끝"" 김성주 이사장이 밝힌 1400조 국민연금의 미래 시나리오 #국민연금 #연금고갈 #2099년 #목표 수익률5.5% #연금개혁 #김성주이사장"
2026-05-09 02:40:36,380,17,2,"""21세기 말까지 기금 소진 걱정 끝"" 김성주 이사장이 밝힌 1400조 국민연금의 미래 시나리오 #국민연금 #연금고갈 #2099년 #목표 수익률5.5% #연금개혁 #김성주이사장"
2026-05-09 03:56:26,380,17,2,"""21세기 말까지 기금 소진 걱정 끝"" 김성주 이사장이 밝힌 1400조 국민연금의 미래 시나리오 #국민연금 #연금고갈 #2099년 #목표 수익률5.5% #연금개혁 #김성주이사장"
2026-05-09 05:04:05,380,17,2,"""21세기 말까지 기금 소진 걱정 끝"" 김성주 이사장이 밝힌 1400조 국민연금의 미래 시나리오 #국민연금 #연금고갈 #2099년 #목표 수익률5.5% #연금개혁 #김성주이사장"
2026-05-09 06:12:18,380,17,2,"""21세기 말까지 기금 소진 걱정 끝"" 김성주 이사장이 밝힌 1400조 국민연금의 미래 시나리오 #국민연금 #연금고갈 #2099년 #목표 수익률5.5% #연금개혁 #김성주이사장"
2026-05-09 07:10:32,380,17,2,"""21세기 말까지 기금 소진 걱정 끝"" 김성주 이사장이 밝힌 1400조 국민연금의 미래 시나리오 #국민연금 #연금고갈 #2099년 #목표 수익률5.5% #연금개혁 #김성주이사장"
2026-05-09 08:08:37,380,17,2,"""21세기 말까지 기금 소진 걱정 끝"" 김성주 이사장이 밝힌 1400조 국민연금의 미래 시나리오 #국민연금 #연금고갈 #2099년 #목표 수익률5.5% #연금개혁 #김성주이사장"
2026-05-09 09:07:19,380,17,2,"""21세기 말까지 기금 소진 걱정 끝"" 김성주 이사장이 밝힌 1400조 국민연금의 미래 시나리오 #국민연금 #연금고갈 #2099년 #목표 수익률5.5% #연금개혁 #김성주이사장"
2026-05-09 12:51:31,380,17,2,"""21세기 말까지 기금 소진 걱정 끝"" 김성주 이사장이 밝힌 1400조 국민연금의 미래 시나리오 #국민연금 #연금고갈 #2099년 #목표 수익률5.5% #연금개혁 #김성주이사장"
2026-05-09 15:06:25,380,18,3,"""21세기 말까지 기금 소진 걱정 끝"" 김성주 이사장이 밝힌 1400조 국민연금의 미래 시나리오 #국민연금 #연금고갈 #2099년 #목표 수익률5.5% #연금개혁 #김성주이사장"
2026-05-09 17:07:05,380,18,3,"""21세기 말까지 기금 소진 걱정 끝"" 김성주 이사장이 밝힌 1400조 국민연금의 미래 시나리오 #국민연금 #연금고갈 #2099년 #목표 수익률5.5% #연금개혁 #김성주이사장"
2026-05-09 18:41:40,382,18,3,"""21세기 말까지 기금 소진 걱정 끝"" 김성주 이사장이 밝힌 1400조 국민연금의 미래 시나리오 #국민연금 #연금고갈 #2099년 #목표 수익률5.5% #연금개혁 #김성주이사장"
2026-05-09 19:35:32,382,18,3,"""21세기 말까지 기금 소진 걱정 끝"" 김성주 이사장이 밝힌 1400조 국민연금의 미래 시나리오 #국민연금 #연금고갈 #2099년 #목표 수익률5.5% #연금개혁 #김성주이사장"
2026-05-09 20:28:19,382,18,3,"""21세기 말까지 기금 소진 걱정 끝"" 김성주 이사장이 밝힌 1400조 국민연금의 미래 시나리오 #국민연금 #연금고갈 #2099년 #목표 수익률5.5% #연금개혁 #김성주이사장"
2026-05-09 21:08:23,382,18,3,"""21세기 말까지 기금 소진 걱정 끝"" 김성주 이사장이 밝힌 1400조 국민연금의 미래 시나리오 #국민연금 #연금고갈 #2099년 #목표 수익률5.5% #연금개혁 #김성주이사장"
2026-05-09 22:48:30,382,18,3,"""21세기 말까지 기금 소진 걱정 끝"" 김성주 이사장이 밝힌 1400조 국민연금의 미래 시나리오 #국민연금 #연금고갈 #2099년 #목표 수익률5.5% #연금개혁 #김성주이사장"
2026-05-09 23:39:00,382,18,3,"""21세기 말까지 기금 소진 걱정 끝"" 김성주 이사장이 밝힌 1400조 국민연금의 미래 시나리오 #국민연금 #연금고갈 #2099년 #목표 수익률5.5% #연금개혁 #김성주이사장"
2026-05-10 00:33:37,382,18,3,"""21세기 말까지 기금 소진 걱정 끝"" 김성주 이사장이 밝힌 1400조 국민연금의 미래 시나리오 #국민연금 #연금고갈 #2099년 #목표 수익률5.5% #연금개혁 #김성주이사장"
2026-05-10 01:30:16,382,18,3,"""21세기 말까지 기금 소진 걱정 끝"" 김성주 이사장이 밝힌 1400조 국민연금의 미래 시나리오 #국민연금 #연금고갈 #2099년 #목표 수익률5.5% #연금개혁 #김성주이사장"
2026-05-10 02:28:57,382,18,3,"""21세기 말까지 기금 소진 걱정 끝"" 김성주 이사장이 밝힌 1400조 국민연금의 미래 시나리오 #국민연금 #연금고갈 #2099년 #목표 수익률5.5% #연금개혁 #김성주이사장"
2026-05-10 03:12:59,382,18,3,"""21세기 말까지 기금 소진 걱정 끝"" 김성주 이사장이 밝힌 1400조 국민연금의 미래 시나리오 #국민연금 #연금고갈 #2099년 #목표 수익률5.5% #연금개혁 #김성주이사장"
2026-05-10 04:32:18,382,18,3,"""21세기 말까지 기금 소진 걱정 끝"" 김성주 이사장이 밝힌 1400조 국민연금의 미래 시나리오 #국민연금 #연금고갈 #2099년 #목표 수익률5.5% #연금개혁 #김성주이사장"
2026-05-10 05:10:04,382,18,3,"""21세기 말까지 기금 소진 걱정 끝"" 김성주 이사장이 밝힌 1400조 국민연금의 미래 시나리오 #국민연금 #연금고갈 #2099년 #목표 수익률5.5% #연금개혁 #김성주이사장"
2026-05-10 06:00:30,382,18,3,"""21세기 말까지 기금 소진 걱정 끝"" 김성주 이사장이 밝힌 1400조 국민연금의 미래 시나리오 #국민연금 #연금고갈 #2099년 #목표 수익률5.5% #연금개혁 #김성주이사장"
2026-05-10 06:49:54,382,18,3,"""21세기 말까지 기금 소진 걱정 끝"" 김성주 이사장이 밝힌 1400조 국민연금의 미래 시나리오 #국민연금 #연금고갈 #2099년 #목표 수익률5.5% #연금개혁 #김성주이사장"
2026-05-10 07:28:08,382,18,3,"""21세기 말까지 기금 소진 걱정 끝"" 김성주 이사장이 밝힌 1400조 국민연금의 미래 시나리오 #국민연금 #연금고갈 #2099년 #목표 수익률5.5% #연금개혁 #김성주이사장"
2026-05-10 08:11:52,382,18,3,"""21세기 말까지 기금 소진 걱정 끝"" 김성주 이사장이 밝힌 1400조 국민연금의 미래 시나리오 #국민연금 #연금고갈 #2099년 #목표 수익률5.5% #연금개혁 #김성주이사장"
2026-05-10 09:02:24,382,18,3,"""21세기 말까지 기금 소진 걱정 끝"" 김성주 이사장이 밝힌 1400조 국민연금의 미래 시나리오 #국민연금 #연금고갈 #2099년 #목표 수익률5.5% #연금개혁 #김성주이사장"
2026-05-10 13:02:38,382,18,3,"""21세기 말까지 기금 소진 걱정 끝"" 김성주 이사장이 밝힌 1400조 국민연금의 미래 시나리오 #국민연금 #연금고갈 #2099년 #목표 수익률5.5% #연금개혁 #김성주이사장"
2026-05-10 15:39:27,382,18,3,"""21세기 말까지 기금 소진 걱정 끝"" 김성주 이사장이 밝힌 1400조 국민연금의 미래 시나리오 #국민연금 #연금고갈 #2099년 #목표 수익률5.5% #연금개혁 #김성주이사장"
2026-05-10 17:28:14,382,18,2,"""21세기 말까지 기금 소진 걱정 끝"" 김성주 이사장이 밝힌 1400조 국민연금의 미래 시나리오 #국민연금 #연금고갈 #2099년 #목표 수익률5.5% #연금개혁 #김성주이사장"
2026-05-10 18:52:45,382,18,2,"""21세기 말까지 기금 소진 걱정 끝"" 김성주 이사장이 밝힌 1400조 국민연금의 미래 시나리오 #국민연금 #연금고갈 #2099년 #목표 수익률5.5% #연금개혁 #김성주이사장"
2026-05-10 19:49:39,382,18,2,"""21세기 말까지 기금 소진 걱정 끝"" 김성주 이사장이 밝힌 1400조 국민연금의 미래 시나리오 #국민연금 #연금고갈 #2099년 #목표 수익률5.5% #연금개혁 #김성주이사장"
2026-05-10 20:37:17,382,18,2,"""21세기 말까지 기금 소진 걱정 끝"" 김성주 이사장이 밝힌 1400조 국민연금의 미래 시나리오 #국민연금 #연금고갈 #2099년 #목표 수익률5.5% #연금개혁 #김성주이사장"
2026-05-10 21:36:19,382,18,2,"""21세기 말까지 기금 소진 걱정 끝"" 김성주 이사장이 밝힌 1400조 국민연금의 미래 시나리오 #국민연금 #연금고갈 #2099년 #목표 수익률5.5% #연금개혁 #김성주이사장"
2026-05-10 23:03:28,382,18,2,"""21세기 말까지 기금 소진 걱정 끝"" 김성주 이사장이 밝힌 1400조 국민연금의 미래 시나리오 #국민연금 #연금고갈 #2099년 #목표 수익률5.5% #연금개혁 #김성주이사장"
2026-05-11 00:03:09,382,18,2,"""21세기 말까지 기금 소진 걱정 끝"" 김성주 이사장이 밝힌 1400조 국민연금의 미래 시나리오 #국민연금 #연금고갈 #2099년 #목표 수익률5.5% #연금개혁 #김성주이사장"
2026-05-11 01:01:13,382,18,2,"""21세기 말까지 기금 소진 걱정 끝"" 김성주 이사장이 밝힌 1400조 국민연금의 미래 시나리오 #국민연금 #연금고갈 #2099년 #목표 수익률5.5% #연금개혁 #김성주이사장"
2026-05-11 02:01:22,382,18,2,"""21세기 말까지 기금 소진 걱정 끝"" 김성주 이사장이 밝힌 1400조 국민연금의 미래 시나리오 #국민연금 #연금고갈 #2099년 #목표 수익률5.5% #연금개혁 #김성주이사장"
2026-05-11 02:55:29,382,18,2,"""21세기 말까지 기금 소진 걱정 끝"" 김성주 이사장이 밝힌 1400조 국민연금의 미래 시나리오 #국민연금 #연금고갈 #2099년 #목표 수익률5.5% #연금개혁 #김성주이사장"
2026-05-11 03:44:20,382,18,2,"""21세기 말까지 기금 소진 걱정 끝"" 김성주 이사장이 밝힌 1400조 국민연금의 미래 시나리오 #국민연금 #연금고갈 #2099년 #목표 수익률5.5% #연금개혁 #김성주이사장"
2026-05-11 04:45:46,382,18,2,"""21세기 말까지 기금 소진 걱정 끝"" 김성주 이사장이 밝힌 1400조 국민연금의 미래 시나리오 #국민연금 #연금고갈 #2099년 #목표 수익률5.5% #연금개혁 #김성주이사장"
2026-05-11 05:30:21,382,18,2,"""21세기 말까지 기금 소진 걱정 끝"" 김성주 이사장이 밝힌 1400조 국민연금의 미래 시나리오 #국민연금 #연금고갈 #2099년 #목표 수익률5.5% #연금개혁 #김성주이사장"
2026-05-11 06:13:13,382,18,2,"""21세기 말까지 기금 소진 걱정 끝"" 김성주 이사장이 밝힌 1400조 국민연금의 미래 시나리오 #국민연금 #연금고갈 #2099년 #목표 수익률5.5% #연금개혁 #김성주이사장"
2026-05-11 07:04:17,382,18,2,"""21세기 말까지 기금 소진 걱정 끝"" 김성주 이사장이 밝힌 1400조 국민연금의 미래 시나리오 #국민연금 #연금고갈 #2099년 #목표 수익률5.5% #연금개혁 #김성주이사장"
2026-05-11 07:59:56,382,18,2,"""21세기 말까지 기금 소진 걱정 끝"" 김성주 이사장이 밝힌 1400조 국민연금의 미래 시나리오 #국민연금 #연금고갈 #2099년 #목표 수익률5.5% #연금개혁 #김성주이사장"
2026-05-11 08:54:28,382,18,2,"""21세기 말까지 기금 소진 걱정 끝"" 김성주 이사장이 밝힌 1400조 국민연금의 미래 시나리오 #국민연금 #연금고갈 #2099년 #목표 수익률5.5% #연금개혁 #김성주이사장"
2026-05-11 10:45:34,382,18,2,"""21세기 말까지 기금 소진 걱정 끝"" 김성주 이사장이 밝힌 1400조 국민연금의 미래 시나리오 #국민연금 #연금고갈 #2099년 #목표 수익률5.5% #연금개혁 #김성주이사장"
2026-05-11 14:43:54,382,18,2,"""21세기 말까지 기금 소진 걱정 끝"" 김성주 이사장이 밝힌 1400조 국민연금의 미래 시나리오 #국민연금 #연금고갈 #2099년 #목표 수익률5.5% #연금개혁 #김성주이사장"
2026-05-11 17:46:43,382,18,2,"""21세기 말까지 기금 소진 걱정 끝"" 김성주 이사장이 밝힌 1400조 국민연금의 미래 시나리오 #국민연금 #연금고갈 #2099년 #목표 수익률5.5% #연금개혁 #김성주이사장"
2026-05-11 20:49:06,382,18,2,"""21세기 말까지 기금 소진 걱정 끝"" 김성주 이사장이 밝힌 1400조 국민연금의 미래 시나리오 #국민연금 #연금고갈 #2099년 #목표 수익률5.5% #연금개혁 #김성주이사장"
2026-05-11 23:12:32,382,18,2,"""21세기 말까지 기금 소진 걱정 끝"" 김성주 이사장이 밝힌 1400조 국민연금의 미래 시나리오 #국민연금 #연금고갈 #2099년 #목표 수익률5.5% #연금개혁 #김성주이사장"
2026-05-12 01:44:13,382,18,2,"""21세기 말까지 기금 소진 걱정 끝"" 김성주 이사장이 밝힌 1400조 국민연금의 미래 시나리오 #국민연금 #연금고갈 #2099년 #목표 수익률5.5% #연금개혁 #김성주이사장"
2026-05-12 03:25:03,382,18,2,"""21세기 말까지 기금 소진 걱정 끝"" 김성주 이사장이 밝힌 1400조 국민연금의 미래 시나리오 #국민연금 #연금고갈 #2099년 #목표 수익률5.5% #연금개혁 #김성주이사장"
2026-05-12 05:10:54,382,18,2,"""21세기 말까지 기금 소진 걱정 끝"" 김성주 이사장이 밝힌 1400조 국민연금의 미래 시나리오 #국민연금 #연금고갈 #2099년 #목표 수익률5.5% #연금개혁 #김성주이사장"
2026-05-12 06:40:04,382,18,2,"""21세기 말까지 기금 소진 걱정 끝"" 김성주 이사장이 밝힌 1400조 국민연금의 미래 시나리오 #국민연금 #연금고갈 #2099년 #목표 수익률5.5% #연금개혁 #김성주이사장"
2026-05-12 07:37:21,382,18,2,"""21세기 말까지 기금 소진 걱정 끝"" 김성주 이사장이 밝힌 1400조 국민연금의 미래 시나리오 #국민연금 #연금고갈 #2099년 #목표 수익률5.5% #연금개혁 #김성주이사장"
2026-05-12 08:35:23,382,18,2,"""21세기 말까지 기금 소진 걱정 끝"" 김성주 이사장이 밝힌 1400조 국민연금의 미래 시나리오 #국민연금 #연금고갈 #2099년 #목표 수익률5.5% #연금개혁 #김성주이사장"
2026-05-12 10:19:32,382,18,2,"""21세기 말까지 기금 소진 걱정 끝"" 김성주 이사장이 밝힌 1400조 국민연금의 미래 시나리오 #국민연금 #연금고갈 #2099년 #목표 수익률5.5% #연금개혁 #김성주이사장"
2026-05-12 13:49:41,382,18,2,"""21세기 말까지 기금 소진 걱정 끝"" 김성주 이사장이 밝힌 1400조 국민연금의 미래 시나리오 #국민연금 #연금고갈 #2099년 #목표 수익률5.5% #연금개혁 #김성주이사장"
2026-05-12 16:33:16,382,18,2,"""21세기 말까지 기금 소진 걱정 끝"" 김성주 이사장이 밝힌 1400조 국민연금의 미래 시나리오 #국민연금 #연금고갈 #2099년 #목표 수익률5.5% #연금개혁 #김성주이사장"
2026-05-12 19:07:22,382,18,2,"""21세기 말까지 기금 소진 걱정 끝"" 김성주 이사장이 밝힌 1400조 국민연금의 미래 시나리오 #국민연금 #연금고갈 #2099년 #목표 수익률5.5% #연금개혁 #김성주이사장"
2026-05-12 21:07:14,382,18,2,"""21세기 말까지 기금 소진 걱정 끝"" 김성주 이사장이 밝힌 1400조 국민연금의 미래 시나리오 #국민연금 #연금고갈 #2099년 #목표 수익률5.5% #연금개혁 #김성주이사장"
2026-05-12 23:46:41,382,18,2,"""21세기 말까지 기금 소진 걱정 끝"" 김성주 이사장이 밝힌 1400조 국민연금의 미래 시나리오 #국민연금 #연금고갈 #2099년 #목표 수익률5.5% #연금개혁 #김성주이사장"
2026-05-13 01:57:40,382,18,2,"""21세기 말까지 기금 소진 걱정 끝"" 김성주 이사장이 밝힌 1400조 국민연금의 미래 시나리오 #국민연금 #연금고갈 #2099년 #목표 수익률5.5% #연금개혁 #김성주이사장"
2026-05-13 03:53:14,382,18,2,"""21세기 말까지 기금 소진 걱정 끝"" 김성주 이사장이 밝힌 1400조 국민연금의 미래 시나리오 #국민연금 #연금고갈 #2099년 #목표 수익률5.5% #연금개혁 #김성주이사장"
2026-05-13 05:21:50,382,18,2,"""21세기 말까지 기금 소진 걱정 끝"" 김성주 이사장이 밝힌 1400조 국민연금의 미래 시나리오 #국민연금 #연금고갈 #2099년 #목표 수익률5.5% #연금개혁 #김성주이사장"
2026-05-13 06:44:22,382,18,2,"""21세기 말까지 기금 소진 걱정 끝"" 김성주 이사장이 밝힌 1400조 국민연금의 미래 시나리오 #국민연금 #연금고갈 #2099년 #목표 수익률5.5% #연금개혁 #김성주이사장"
2026-05-13 07:46:00,382,18,2,"""21세기 말까지 기금 소진 걱정 끝"" 김성주 이사장이 밝힌 1400조 국민연금의 미래 시나리오 #국민연금 #연금고갈 #2099년 #목표 수익률5.5% #연금개혁 #김성주이사장"
2026-05-13 08:42:40,382,18,2,"""21세기 말까지 기금 소진 걱정 끝"" 김성주 이사장이 밝힌 1400조 국민연금의 미래 시나리오 #국민연금 #연금고갈 #2099년 #목표 수익률5.5% #연금개혁 #김성주이사장"
2026-05-13 10:28:24,382,18,2,"""21세기 말까지 기금 소진 걱정 끝"" 김성주 이사장이 밝힌 1400조 국민연금의 미래 시나리오 #국민연금 #연금고갈 #2099년 #목표 수익률5.5% #연금개혁 #김성주이사장"
2026-05-13 14:07:08,382,18,2,"""21세기 말까지 기금 소진 걱정 끝"" 김성주 이사장이 밝힌 1400조 국민연금의 미래 시나리오 #국민연금 #연금고갈 #2099년 #목표 수익률5.5% #연금개혁 #김성주이사장"
2026-05-13 17:08:52,382,18,2,"""21세기 말까지 기금 소진 걱정 끝"" 김성주 이사장이 밝힌 1400조 국민연금의 미래 시나리오 #국민연금 #연금고갈 #2099년 #목표 수익률5.5% #연금개혁 #김성주이사장"
2026-05-13 19:40:00,382,18,2,"""21세기 말까지 기금 소진 걱정 끝"" 김성주 이사장이 밝힌 1400조 국민연금의 미래 시나리오 #국민연금 #연금고갈 #2099년 #목표 수익률5.5% #연금개혁 #김성주이사장"
2026-05-13 21:30:15,382,18,2,"""21세기 말까지 기금 소진 걱정 끝"" 김성주 이사장이 밝힌 1400조 국민연금의 미래 시나리오 #국민연금 #연금고갈 #2099년 #목표 수익률5.5% #연금개혁 #김성주이사장"
2026-05-14 00:25:02,382,18,2,"""21세기 말까지 기금 소진 걱정 끝"" 김성주 이사장이 밝힌 1400조 국민연금의 미래 시나리오 #국민연금 #연금고갈 #2099년 #목표 수익률5.5% #연금개혁 #김성주이사장"
2026-05-14 02:31:00,382,18,2,"""21세기 말까지 기금 소진 걱정 끝"" 김성주 이사장이 밝힌 1400조 국민연금의 미래 시나리오 #국민연금 #연금고갈 #2099년 #목표 수익률5.5% #연금개혁 #김성주이사장"
2026-05-14 04:18:11,382,18,2,"""21세기 말까지 기금 소진 걱정 끝"" 김성주 이사장이 밝힌 1400조 국민연금의 미래 시나리오 #국민연금 #연금고갈 #2099년 #목표 수익률5.5% #연금개혁 #김성주이사장"
2026-05-14 05:56:58,382,18,2,"""21세기 말까지 기금 소진 걱정 끝"" 김성주 이사장이 밝힌 1400조 국민연금의 미래 시나리오 #국민연금 #연금고갈 #2099년 #목표 수익률5.5% #연금개혁 #김성주이사장"
2026-05-14 07:06:01,382,18,2,"""21세기 말까지 기금 소진 걱정 끝"" 김성주 이사장이 밝힌 1400조 국민연금의 미래 시나리오 #국민연금 #연금고갈 #2099년 #목표 수익률5.5% #연금개혁 #김성주이사장"
2026-05-14 08:16:47,382,18,2,"""21세기 말까지 기금 소진 걱정 끝"" 김성주 이사장이 밝힌 1400조 국민연금의 미래 시나리오 #국민연금 #연금고갈 #2099년 #목표 수익률5.5% #연금개혁 #김성주이사장"
2026-05-14 09:16:28,382,18,2,"""21세기 말까지 기금 소진 걱정 끝"" 김성주 이사장이 밝힌 1400조 국민연금의 미래 시나리오 #국민연금 #연금고갈 #2099년 #목표 수익률5.5% #연금개혁 #김성주이사장"
2026-05-14 13:13:50,382,18,2,"""21세기 말까지 기금 소진 걱정 끝"" 김성주 이사장이 밝힌 1400조 국민연금의 미래 시나리오 #국민연금 #연금고갈 #2099년 #목표 수익률5.5% #연금개혁 #김성주이사장"
2026-05-14 16:20:57,382,18,2,"""21세기 말까지 기금 소진 걱정 끝"" 김성주 이사장이 밝힌 1400조 국민연금의 미래 시나리오 #국민연금 #연금고갈 #2099년 #목표 수익률5.5% #연금개혁 #김성주이사장"
2026-05-14 18:41:38,383,18,2,"""21세기 말까지 기금 소진 걱정 끝"" 김성주 이사장이 밝힌 1400조 국민연금의 미래 시나리오 #국민연금 #연금고갈 #2099년 #목표 수익률5.5% #연금개혁 #김성주이사장"
2026-05-14 20:28:41,384,18,2,"""21세기 말까지 기금 소진 걱정 끝"" 김성주 이사장이 밝힌 1400조 국민연금의 미래 시나리오 #국민연금 #연금고갈 #2099년 #목표 수익률5.5% #연금개혁 #김성주이사장"
2026-05-14 22:14:09,384,18,2,"""21세기 말까지 기금 소진 걱정 끝"" 김성주 이사장이 밝힌 1400조 국민연금의 미래 시나리오 #국민연금 #연금고갈 #2099년 #목표 수익률5.5% #연금개혁 #김성주이사장"
2026-05-15 00:32:37,384,18,2,"""21세기 말까지 기금 소진 걱정 끝"" 김성주 이사장이 밝힌 1400조 국민연금의 미래 시나리오 #국민연금 #연금고갈 #2099년 #목표 수익률5.5% #연금개혁 #김성주이사장"
2026-05-15 02:21:20,384,18,2,"""21세기 말까지 기금 소진 걱정 끝"" 김성주 이사장이 밝힌 1400조 국민연금의 미래 시나리오 #국민연금 #연금고갈 #2099년 #목표 수익률5.5% #연금개혁 #김성주이사장"
2026-05-15 04:12:46,384,18,2,"""21세기 말까지 기금 소진 걱정 끝"" 김성주 이사장이 밝힌 1400조 국민연금의 미래 시나리오 #국민연금 #연금고갈 #2099년 #목표 수익률5.5% #연금개혁 #김성주이사장"
2026-05-15 05:44:43,384,18,2,"""21세기 말까지 기금 소진 걱정 끝"" 김성주 이사장이 밝힌 1400조 국민연금의 미래 시나리오 #국민연금 #연금고갈 #2099년 #목표 수익률5.5% #연금개혁 #김성주이사장"
2026-05-15 06:50:31,384,18,2,"""21세기 말까지 기금 소진 걱정 끝"" 김성주 이사장이 밝힌 1400조 국민연금의 미래 시나리오 #국민연금 #연금고갈 #2099년 #목표 수익률5.5% #연금개혁 #김성주이사장"
2026-05-15 07:44:40,384,18,2,"""21세기 말까지 기금 소진 걱정 끝"" 김성주 이사장이 밝힌 1400조 국민연금의 미래 시나리오 #국민연금 #연금고갈 #2099년 #목표 수익률5.5% #연금개혁 #김성주이사장"
2026-05-15 08:37:44,384,18,2,"""21세기 말까지 기금 소진 걱정 끝"" 김성주 이사장이 밝힌 1400조 국민연금의 미래 시나리오 #국민연금 #연금고갈 #2099년 #목표 수익률5.5% #연금개혁 #김성주이사장"
2026-05-15 10:27:48,384,18,2,"""21세기 말까지 기금 소진 걱정 끝"" 김성주 이사장이 밝힌 1400조 국민연금의 미래 시나리오 #국민연금 #연금고갈 #2099년 #목표 수익률5.5% #연금개혁 #김성주이사장"
2026-05-15 14:09:37,384,18,2,"""21세기 말까지 기금 소진 걱정 끝"" 김성주 이사장이 밝힌 1400조 국민연금의 미래 시나리오 #국민연금 #연금고갈 #2099년 #목표 수익률5.5% #연금개혁 #김성주이사장"
2026-05-15 17:15:17,384,18,2,"""21세기 말까지 기금 소진 걱정 끝"" 김성주 이사장이 밝힌 1400조 국민연금의 미래 시나리오 #국민연금 #연금고갈 #2099년 #목표 수익률5.5% #연금개혁 #김성주이사장"
2026-05-15 19:38:22,384,18,2,"""21세기 말까지 기금 소진 걱정 끝"" 김성주 이사장이 밝힌 1400조 국민연금의 미래 시나리오 #국민연금 #연금고갈 #2099년 #목표 수익률5.5% #연금개혁 #김성주이사장"
2026-05-15 21:20:15,384,18,2,"""21세기 말까지 기금 소진 걱정 끝"" 김성주 이사장이 밝힌 1400조 국민연금의 미래 시나리오 #국민연금 #연금고갈 #2099년 #목표 수익률5.5% #연금개혁 #김성주이사장"
2026-05-15 23:39:49,384,18,2,"""21세기 말까지 기금 소진 걱정 끝"" 김성주 이사장이 밝힌 1400조 국민연금의 미래 시나리오 #국민연금 #연금고갈 #2099년 #목표 수익률5.5% #연금개혁 #김성주이사장"
2026-05-16 01:22:48,384,18,2,"""21세기 말까지 기금 소진 걱정 끝"" 김성주 이사장이 밝힌 1400조 국민연금의 미래 시나리오 #국민연금 #연금고갈 #2099년 #목표 수익률5.5% #연금개혁 #김성주이사장"
2026-05-16 02:55:45,384,18,2,"""21세기 말까지 기금 소진 걱정 끝"" 김성주 이사장이 밝힌 1400조 국민연금의 미래 시나리오 #국민연금 #연금고갈 #2099년 #목표 수익률5.5% #연금개혁 #김성주이사장"
2026-05-16 04:16:18,384,18,2,"""21세기 말까지 기금 소진 걱정 끝"" 김성주 이사장이 밝힌 1400조 국민연금의 미래 시나리오 #국민연금 #연금고갈 #2099년 #목표 수익률5.5% #연금개혁 #김성주이사장"
2026-05-16 05:35:30,384,18,2,"""21세기 말까지 기금 소진 걱정 끝"" 김성주 이사장이 밝힌 1400조 국민연금의 미래 시나리오 #국민연금 #연금고갈 #2099년 #목표 수익률5.5% #연금개혁 #김성주이사장"
2026-05-16 06:37:49,384,18,2,"""21세기 말까지 기금 소진 걱정 끝"" 김성주 이사장이 밝힌 1400조 국민연금의 미래 시나리오 #국민연금 #연금고갈 #2099년 #목표 수익률5.5% #연금개혁 #김성주이사장"
2026-05-16 07:33:46,384,18,2,"""21세기 말까지 기금 소진 걱정 끝"" 김성주 이사장이 밝힌 1400조 국민연금의 미래 시나리오 #국민연금 #연금고갈 #2099년 #목표 수익률5.5% #연금개혁 #김성주이사장"
2026-05-16 08:30:42,384,18,2,"""21세기 말까지 기금 소진 걱정 끝"" 김성주 이사장이 밝힌 1400조 국민연금의 미래 시나리오 #국민연금 #연금고갈 #2099년 #목표 수익률5.5% #연금개혁 #김성주이사장"
2026-05-16 10:16:08,384,18,2,"""21세기 말까지 기금 소진 걱정 끝"" 김성주 이사장이 밝힌 1400조 국민연금의 미래 시나리오 #국민연금 #연금고갈 #2099년 #목표 수익률5.5% #연금개혁 #김성주이사장"
2026-05-16 13:39:25,384,18,2,"""21세기 말까지 기금 소진 걱정 끝"" 김성주 이사장이 밝힌 1400조 국민연금의 미래 시나리오 #국민연금 #연금고갈 #2099년 #목표 수익률5.5% #연금개혁 #김성주이사장"
2026-05-16 16:01:14,384,18,2,"""21세기 말까지 기금 소진 걱정 끝"" 김성주 이사장이 밝힌 1400조 국민연금의 미래 시나리오 #국민연금 #연금고갈 #2099년 #목표 수익률5.5% #연금개혁 #김성주이사장"
2026-05-16 17:50:49,384,18,2,"""21세기 말까지 기금 소진 걱정 끝"" 김성주 이사장이 밝힌 1400조 국민연금의 미래 시나리오 #국민연금 #연금고갈 #2099년 #목표 수익률5.5% #연금개혁 #김성주이사장"
2026-05-16 19:04:51,384,18,2,"""21세기 말까지 기금 소진 걱정 끝"" 김성주 이사장이 밝힌 1400조 국민연금의 미래 시나리오 #국민연금 #연금고갈 #2099년 #목표 수익률5.5% #연금개혁 #김성주이사장"
2026-05-16 20:12:23,384,18,2,"""21세기 말까지 기금 소진 걱정 끝"" 김성주 이사장이 밝힌 1400조 국민연금의 미래 시나리오 #국민연금 #연금고갈 #2099년 #목표 수익률5.5% #연금개혁 #김성주이사장"
2026-05-16 21:04:36,384,18,2,"""21세기 말까지 기금 소진 걱정 끝"" 김성주 이사장이 밝힌 1400조 국민연금의 미래 시나리오 #국민연금 #연금고갈 #2099년 #목표 수익률5.5% #연금개혁 #김성주이사장"
2026-05-16 22:52:42,384,18,2,"""21세기 말까지 기금 소진 걱정 끝"" 김성주 이사장이 밝힌 1400조 국민연금의 미래 시나리오 #국민연금 #연금고갈 #2099년 #목표 수익률5.5% #연금개혁 #김성주이사장"
2026-05-16 23:44:34,384,18,2,"""21세기 말까지 기금 소진 걱정 끝"" 김성주 이사장이 밝힌 1400조 국민연금의 미래 시나리오 #국민연금 #연금고갈 #2099년 #목표 수익률5.5% #연금개혁 #김성주이사장"
2026-05-17 00:41:11,384,18,2,"""21세기 말까지 기금 소진 걱정 끝"" 김성주 이사장이 밝힌 1400조 국민연금의 미래 시나리오 #국민연금 #연금고갈 #2099년 #목표 수익률5.5% #연금개혁 #김성주이사장"
2026-05-17 01:35:13,384,18,2,"""21세기 말까지 기금 소진 걱정 끝"" 김성주 이사장이 밝힌 1400조 국민연금의 미래 시나리오 #국민연금 #연금고갈 #2099년 #목표 수익률5.5% #연금개혁 #김성주이사장"
2026-05-17 02:32:43,384,18,2,"""21세기 말까지 기금 소진 걱정 끝"" 김성주 이사장이 밝힌 1400조 국민연금의 미래 시나리오 #국민연금 #연금고갈 #2099년 #목표 수익률5.5% #연금개혁 #김성주이사장"
2026-05-17 03:33:17,384,18,2,"""21세기 말까지 기금 소진 걱정 끝"" 김성주 이사장이 밝힌 1400조 국민연금의 미래 시나리오 #국민연금 #연금고갈 #2099년 #목표 수익률5.5% #연금개혁 #김성주이사장"
2026-05-17 04:41:22,384,18,2,"""21세기 말까지 기금 소진 걱정 끝"" 김성주 이사장이 밝힌 1400조 국민연금의 미래 시나리오 #국민연금 #연금고갈 #2099년 #목표 수익률5.5% #연금개혁 #김성주이사장"
2026-05-17 05:26:11,384,18,2,"""21세기 말까지 기금 소진 걱정 끝"" 김성주 이사장이 밝힌 1400조 국민연금의 미래 시나리오 #국민연금 #연금고갈 #2099년 #목표 수익률5.5% #연금개혁 #김성주이사장"
2026-05-17 06:08:34,384,18,2,"""21세기 말까지 기금 소진 걱정 끝"" 김성주 이사장이 밝힌 1400조 국민연금의 미래 시나리오 #국민연금 #연금고갈 #2099년 #목표 수익률5.5% #연금개혁 #김성주이사장"
2026-05-17 07:01:17,384,18,2,"""21세기 말까지 기금 소진 걱정 끝"" 김성주 이사장이 밝힌 1400조 국민연금의 미래 시나리오 #국민연금 #연금고갈 #2099년 #목표 수익률5.5% #연금개혁 #김성주이사장"
2026-05-17 07:53:49,384,18,2,"""21세기 말까지 기금 소진 걱정 끝"" 김성주 이사장이 밝힌 1400조 국민연금의 미래 시나리오 #국민연금 #연금고갈 #2099년 #목표 수익률5.5% #연금개혁 #김성주이사장"
2026-05-17 08:37:39,384,18,2,"""21세기 말까지 기금 소진 걱정 끝"" 김성주 이사장이 밝힌 1400조 국민연금의 미래 시나리오 #국민연금 #연금고갈 #2099년 #목표 수익률5.5% #연금개혁 #김성주이사장"
2026-05-17 10:28:35,384,18,2,"""21세기 말까지 기금 소진 걱정 끝"" 김성주 이사장이 밝힌 1400조 국민연금의 미래 시나리오 #국민연금 #연금고갈 #2099년 #목표 수익률5.5% #연금개혁 #김성주이사장"
2026-05-17 14:08:24,384,18,2,"""21세기 말까지 기금 소진 걱정 끝"" 김성주 이사장이 밝힌 1400조 국민연금의 미래 시나리오 #국민연금 #연금고갈 #2099년 #목표 수익률5.5% #연금개혁 #김성주이사장"
2026-05-17 16:42:03,384,18,2,"""21세기 말까지 기금 소진 걱정 끝"" 김성주 이사장이 밝힌 1400조 국민연금의 미래 시나리오 #국민연금 #연금고갈 #2099년 #목표 수익률5.5% #연금개혁 #김성주이사장"
2026-05-17 18:23:36,384,18,2,"""21세기 말까지 기금 소진 걱정 끝"" 김성주 이사장이 밝힌 1400조 국민연금의 미래 시나리오 #국민연금 #연금고갈 #2099년 #목표 수익률5.5% #연금개혁 #김성주이사장"
2026-05-17 19:45:39,384,18,2,"""21세기 말까지 기금 소진 걱정 끝"" 김성주 이사장이 밝힌 1400조 국민연금의 미래 시나리오 #국민연금 #연금고갈 #2099년 #목표 수익률5.5% #연금개혁 #김성주이사장"
2026-05-17 20:45:18,384,18,2,"""21세기 말까지 기금 소진 걱정 끝"" 김성주 이사장이 밝힌 1400조 국민연금의 미래 시나리오 #국민연금 #연금고갈 #2099년 #목표 수익률5.5% #연금개혁 #김성주이사장"
2026-05-17 21:40:15,384,18,2,"""21세기 말까지 기금 소진 걱정 끝"" 김성주 이사장이 밝힌 1400조 국민연금의 미래 시나리오 #국민연금 #연금고갈 #2099년 #목표 수익률5.5% #연금개혁 #김성주이사장"
2026-05-17 23:08:59,384,18,2,"""21세기 말까지 기금 소진 걱정 끝"" 김성주 이사장이 밝힌 1400조 국민연금의 미래 시나리오 #국민연금 #연금고갈 #2099년 #목표 수익률5.5% #연금개혁 #김성주이사장"
2026-05-18 00:14:39,384,18,2,"""21세기 말까지 기금 소진 걱정 끝"" 김성주 이사장이 밝힌 1400조 국민연금의 미래 시나리오 #국민연금 #연금고갈 #2099년 #목표 수익률5.5% #연금개혁 #김성주이사장"
2026-05-18 01:11:25,384,18,2,"""21세기 말까지 기금 소진 걱정 끝"" 김성주 이사장이 밝힌 1400조 국민연금의 미래 시나리오 #국민연금 #연금고갈 #2099년 #목표 수익률5.5% #연금개혁 #김성주이사장"
2026-05-18 02:12:23,384,18,2,"""21세기 말까지 기금 소진 걱정 끝"" 김성주 이사장이 밝힌 1400조 국민연금의 미래 시나리오 #국민연금 #연금고갈 #2099년 #목표 수익률5.5% #연금개혁 #김성주이사장"
2026-05-18 03:09:05,384,18,2,"""21세기 말까지 기금 소진 걱정 끝"" 김성주 이사장이 밝힌 1400조 국민연금의 미래 시나리오 #국민연금 #연금고갈 #2099년 #목표 수익률5.5% #연금개혁 #김성주이사장"
2026-05-18 04:33:11,384,18,2,"""21세기 말까지 기금 소진 걱정 끝"" 김성주 이사장이 밝힌 1400조 국민연금의 미래 시나리오 #국민연금 #연금고갈 #2099년 #목표 수익률5.5% #연금개혁 #김성주이사장"
2026-05-18 05:25:46,384,18,2,"""21세기 말까지 기금 소진 걱정 끝"" 김성주 이사장이 밝힌 1400조 국민연금의 미래 시나리오 #국민연금 #연금고갈 #2099년 #목표 수익률5.5% #연금개혁 #김성주이사장"
2026-05-18 06:11:50,384,18,2,"""21세기 말까지 기금 소진 걱정 끝"" 김성주 이사장이 밝힌 1400조 국민연금의 미래 시나리오 #국민연금 #연금고갈 #2099년 #목표 수익률5.5% #연금개혁 #김성주이사장"
2026-05-18 07:07:22,384,18,2,"""21세기 말까지 기금 소진 걱정 끝"" 김성주 이사장이 밝힌 1400조 국민연금의 미래 시나리오 #국민연금 #연금고갈 #2099년 #목표 수익률5.5% #연금개혁 #김성주이사장"
2026-05-18 08:07:15,384,18,2,"""21세기 말까지 기금 소진 걱정 끝"" 김성주 이사장이 밝힌 1400조 국민연금의 미래 시나리오 #국민연금 #연금고갈 #2099년 #목표 수익률5.5% #연금개혁 #김성주이사장"
2026-05-18 09:07:33,384,18,2,"""21세기 말까지 기금 소진 걱정 끝"" 김성주 이사장이 밝힌 1400조 국민연금의 미래 시나리오 #국민연금 #연금고갈 #2099년 #목표 수익률5.5% #연금개혁 #김성주이사장"
2026-05-18 13:37:58,385,18,2,"""21세기 말까지 기금 소진 걱정 끝"" 김성주 이사장이 밝힌 1400조 국민연금의 미래 시나리오 #국민연금 #연금고갈 #2099년 #목표 수익률5.5% #연금개혁 #김성주이사장"
2026-05-18 17:33:43,385,18,2,"""21세기 말까지 기금 소진 걱정 끝"" 김성주 이사장이 밝힌 1400조 국민연금의 미래 시나리오 #국민연금 #연금고갈 #2099년 #목표 수익률5.5% #연금개혁 #김성주이사장"
2026-05-18 21:00:48,385,18,2,"""21세기 말까지 기금 소진 걱정 끝"" 김성주 이사장이 밝힌 1400조 국민연금의 미래 시나리오 #국민연금 #연금고갈 #2099년 #목표 수익률5.5% #연금개혁 #김성주이사장"
2026-05-19 00:40:23,385,18,2,"""21세기 말까지 기금 소진 걱정 끝"" 김성주 이사장이 밝힌 1400조 국민연금의 미래 시나리오 #국민연금 #연금고갈 #2099년 #목표 수익률5.5% #연금개혁 #김성주이사장"
2026-05-19 02:47:15,385,18,2,"""21세기 말까지 기금 소진 걱정 끝"" 김성주 이사장이 밝힌 1400조 국민연금의 미래 시나리오 #국민연금 #연금고갈 #2099년 #목표 수익률5.5% #연금개혁 #김성주이사장"
2026-05-19 04:16:45,385,18,2,"""21세기 말까지 기금 소진 걱정 끝"" 김성주 이사장이 밝힌 1400조 국민연금의 미래 시나리오 #국민연금 #연금고갈 #2099년 #목표 수익률5.5% #연금개혁 #김성주이사장"
2026-05-19 05:47:57,385,18,2,"""21세기 말까지 기금 소진 걱정 끝"" 김성주 이사장이 밝힌 1400조 국민연금의 미래 시나리오 #국민연금 #연금고갈 #2099년 #목표 수익률5.5% #연금개혁 #김성주이사장"
2026-05-19 06:52:53,385,18,2,"""21세기 말까지 기금 소진 걱정 끝"" 김성주 이사장이 밝힌 1400조 국민연금의 미래 시나리오 #국민연금 #연금고갈 #2099년 #목표 수익률5.5% #연금개혁 #김성주이사장"
2026-05-19 07:44:07,385,18,2,"""21세기 말까지 기금 소진 걱정 끝"" 김성주 이사장이 밝힌 1400조 국민연금의 미래 시나리오 #국민연금 #연금고갈 #2099년 #목표 수익률5.5% #연금개혁 #김성주이사장"
2026-05-19 08:45:32,385,18,2,"""21세기 말까지 기금 소진 걱정 끝"" 김성주 이사장이 밝힌 1400조 국민연금의 미래 시나리오 #국민연금 #연금고갈 #2099년 #목표 수익률5.5% #연금개혁 #김성주이사장"
2026-05-19 10:48:09,385,18,2,"""21세기 말까지 기금 소진 걱정 끝"" 김성주 이사장이 밝힌 1400조 국민연금의 미래 시나리오 #국민연금 #연금고갈 #2099년 #목표 수익률5.5% #연금개혁 #김성주이사장"
2026-05-19 14:51:41,385,18,2,"""21세기 말까지 기금 소진 걱정 끝"" 김성주 이사장이 밝힌 1400조 국민연금의 미래 시나리오 #국민연금 #연금고갈 #2099년 #목표 수익률5.5% #연금개혁 #김성주이사장"
2026-05-19 17:50:39,385,18,2,"""21세기 말까지 기금 소진 걱정 끝"" 김성주 이사장이 밝힌 1400조 국민연금의 미래 시나리오 #국민연금 #연금고갈 #2099년 #목표 수익률5.5% #연금개혁 #김성주이사장"
2026-05-19 20:48:03,385,18,2,"""21세기 말까지 기금 소진 걱정 끝"" 김성주 이사장이 밝힌 1400조 국민연금의 미래 시나리오 #국민연금 #연금고갈 #2099년 #목표 수익률5.5% #연금개혁 #김성주이사장"
2026-05-19 23:18:03,385,18,2,"""21세기 말까지 기금 소진 걱정 끝"" 김성주 이사장이 밝힌 1400조 국민연금의 미래 시나리오 #국민연금 #연금고갈 #2099년 #목표 수익률5.5% #연금개혁 #김성주이사장"
2026-05-20 02:17:19,385,18,2,"""21세기 말까지 기금 소진 걱정 끝"" 김성주 이사장이 밝힌 1400조 국민연금의 미래 시나리오 #국민연금 #연금고갈 #2099년 #목표 수익률5.5% #연금개혁 #김성주이사장"
2026-05-20 04:19:07,385,18,2,"""21세기 말까지 기금 소진 걱정 끝"" 김성주 이사장이 밝힌 1400조 국민연금의 미래 시나리오 #국민연금 #연금고갈 #2099년 #목표 수익률5.5% #연금개혁 #김성주이사장"
2026-05-20 05:53:01,385,18,2,"""21세기 말까지 기금 소진 걱정 끝"" 김성주 이사장이 밝힌 1400조 국민연금의 미래 시나리오 #국민연금 #연금고갈 #2099년 #목표 수익률5.5% #연금개혁 #김성주이사장"
2026-05-20 07:01:56,385,18,2,"""21세기 말까지 기금 소진 걱정 끝"" 김성주 이사장이 밝힌 1400조 국민연금의 미래 시나리오 #국민연금 #연금고갈 #2099년 #목표 수익률5.5% #연금개혁 #김성주이사장"
2026-05-20 08:11:47,385,18,2,"""21세기 말까지 기금 소진 걱정 끝"" 김성주 이사장이 밝힌 1400조 국민연금의 미래 시나리오 #국민연금 #연금고갈 #2099년 #목표 수익률5.5% #연금개혁 #김성주이사장"
2026-05-20 09:17:12,385,18,2,"""21세기 말까지 기금 소진 걱정 끝"" 김성주 이사장이 밝힌 1400조 국민연금의 미래 시나리오 #국민연금 #연금고갈 #2099년 #목표 수익률5.5% #연금개혁 #김성주이사장"
2026-05-20 13:38:22,385,18,2,"""21세기 말까지 기금 소진 걱정 끝"" 김성주 이사장이 밝힌 1400조 국민연금의 미래 시나리오 #국민연금 #연금고갈 #2099년 #목표 수익률5.5% #연금개혁 #김성주이사장"
2026-05-20 17:03:20,385,18,2,"""21세기 말까지 기금 소진 걱정 끝"" 김성주 이사장이 밝힌 1400조 국민연금의 미래 시나리오 #국민연금 #연금고갈 #2099년 #목표 수익률5.5% #연금개혁 #김성주이사장"
2026-05-20 20:15:44,385,18,2,"""21세기 말까지 기금 소진 걱정 끝"" 김성주 이사장이 밝힌 1400조 국민연금의 미래 시나리오 #국민연금 #연금고갈 #2099년 #목표 수익률5.5% #연금개혁 #김성주이사장"
2026-05-20 22:46:57,385,18,2,"""21세기 말까지 기금 소진 걱정 끝"" 김성주 이사장이 밝힌 1400조 국민연금의 미래 시나리오 #국민연금 #연금고갈 #2099년 #목표 수익률5.5% #연금개혁 #김성주이사장"
2026-05-21 01:39:14,385,18,2,"""21세기 말까지 기금 소진 걱정 끝"" 김성주 이사장이 밝힌 1400조 국민연금의 미래 시나리오 #국민연금 #연금고갈 #2099년 #목표 수익률5.5% #연금개혁 #김성주이사장"
2026-05-21 04:04:42,385,18,2,"""21세기 말까지 기금 소진 걱정 끝"" 김성주 이사장이 밝힌 1400조 국민연금의 미래 시나리오 #국민연금 #연금고갈 #2099년 #목표 수익률5.5% #연금개혁 #김성주이사장"
2026-05-21 06:05:40,385,18,2,"""21세기 말까지 기금 소진 걱정 끝"" 김성주 이사장이 밝힌 1400조 국민연금의 미래 시나리오 #국민연금 #연금고갈 #2099년 #목표 수익률5.5% #연금개혁 #김성주이사장"
2026-05-21 07:40:38,385,18,2,"""21세기 말까지 기금 소진 걱정 끝"" 김성주 이사장이 밝힌 1400조 국민연금의 미래 시나리오 #국민연금 #연금고갈 #2099년 #목표 수익률5.5% #연금개혁 #김성주이사장"
2026-05-21 08:52:21,385,18,2,"""21세기 말까지 기금 소진 걱정 끝"" 김성주 이사장이 밝힌 1400조 국민연금의 미래 시나리오 #국민연금 #연금고갈 #2099년 #목표 수익률5.5% #연금개혁 #김성주이사장"
2026-05-21 10:50:13,385,18,2,"""21세기 말까지 기금 소진 걱정 끝"" 김성주 이사장이 밝힌 1400조 국민연금의 미래 시나리오 #국민연금 #연금고갈 #2099년 #목표 수익률5.5% #연금개혁 #김성주이사장"
2026-05-21 14:56:13,385,18,2,"""21세기 말까지 기금 소진 걱정 끝"" 김성주 이사장이 밝힌 1400조 국민연금의 미래 시나리오 #국민연금 #연금고갈 #2099년 #목표 수익률5.5% #연금개혁 #김성주이사장"
2026-05-21 17:57:59,385,18,2,"""21세기 말까지 기금 소진 걱정 끝"" 김성주 이사장이 밝힌 1400조 국민연금의 미래 시나리오 #국민연금 #연금고갈 #2099년 #목표 수익률5.5% #연금개혁 #김성주이사장"
2026-05-21 21:11:40,385,18,2,"""21세기 말까지 기금 소진 걱정 끝"" 김성주 이사장이 밝힌 1400조 국민연금의 미래 시나리오 #국민연금 #연금고갈 #2099년 #목표 수익률5.5% #연금개혁 #김성주이사장"
2026-05-22 00:50:34,385,18,2,"""21세기 말까지 기금 소진 걱정 끝"" 김성주 이사장이 밝힌 1400조 국민연금의 미래 시나리오 #국민연금 #연금고갈 #2099년 #목표 수익률5.5% #연금개혁 #김성주이사장"
2026-05-22 02:47:08,385,18,2,"""21세기 말까지 기금 소진 걱정 끝"" 김성주 이사장이 밝힌 1400조 국민연금의 미래 시나리오 #국민연금 #연금고갈 #2099년 #목표 수익률5.5% #연금개혁 #김성주이사장"
2026-05-22 04:30:01,385,18,2,"""21세기 말까지 기금 소진 걱정 끝"" 김성주 이사장이 밝힌 1400조 국민연금의 미래 시나리오 #국민연금 #연금고갈 #2099년 #목표 수익률5.5% #연금개혁 #김성주이사장"
2026-05-22 06:12:37,385,18,2,"""21세기 말까지 기금 소진 걱정 끝"" 김성주 이사장이 밝힌 1400조 국민연금의 미래 시나리오 #국민연금 #연금고갈 #2099년 #목표 수익률5.5% #연금개혁 #김성주이사장"
2026-05-22 07:40:16,385,18,2,"""21세기 말까지 기금 소진 걱정 끝"" 김성주 이사장이 밝힌 1400조 국민연금의 미래 시나리오 #국민연금 #연금고갈 #2099년 #목표 수익률5.5% #연금개혁 #김성주이사장"
2026-05-22 08:39:18,385,18,2,"""21세기 말까지 기금 소진 걱정 끝"" 김성주 이사장이 밝힌 1400조 국민연금의 미래 시나리오 #국민연금 #연금고갈 #2099년 #목표 수익률5.5% #연금개혁 #김성주이사장"
2026-05-22 10:33:34,385,18,2,"""21세기 말까지 기금 소진 걱정 끝"" 김성주 이사장이 밝힌 1400조 국민연금의 미래 시나리오 #국민연금 #연금고갈 #2099년 #목표 수익률5.5% #연금개혁 #김성주이사장"
2026-05-22 14:44:24,385,18,2,"""21세기 말까지 기금 소진 걱정 끝"" 김성주 이사장이 밝힌 1400조 국민연금의 미래 시나리오 #국민연금 #연금고갈 #2099년 #목표 수익률5.5% #연금개혁 #김성주이사장"
2026-05-22 17:39:15,385,18,2,"""21세기 말까지 기금 소진 걱정 끝"" 김성주 이사장이 밝힌 1400조 국민연금의 미래 시나리오 #국민연금 #연금고갈 #2099년 #목표 수익률5.5% #연금개혁 #김성주이사장"
2026-05-22 20:27:52,385,18,2,"""21세기 말까지 기금 소진 걱정 끝"" 김성주 이사장이 밝힌 1400조 국민연금의 미래 시나리오 #국민연금 #연금고갈 #2099년 #목표 수익률5.5% #연금개혁 #김성주이사장"
2026-05-22 22:42:11,385,18,2,"""21세기 말까지 기금 소진 걱정 끝"" 김성주 이사장이 밝힌 1400조 국민연금의 미래 시나리오 #국민연금 #연금고갈 #2099년 #목표 수익률5.5% #연금개혁 #김성주이사장"
2026-05-23 01:05:13,385,18,2,"""21세기 말까지 기금 소진 걱정 끝"" 김성주 이사장이 밝힌 1400조 국민연금의 미래 시나리오 #국민연금 #연금고갈 #2099년 #목표 수익률5.5% #연금개혁 #김성주이사장"
2026-05-23 03:00:03,385,18,2,"""21세기 말까지 기금 소진 걱정 끝"" 김성주 이사장이 밝힌 1400조 국민연금의 미래 시나리오 #국민연금 #연금고갈 #2099년 #목표 수익률5.5% #연금개혁 #김성주이사장"
2026-05-23 04:48:51,385,18,2,"""21세기 말까지 기금 소진 걱정 끝"" 김성주 이사장이 밝힌 1400조 국민연금의 미래 시나리오 #국민연금 #연금고갈 #2099년 #목표 수익률5.5% #연금개혁 #김성주이사장"
2026-05-23 06:00:18,385,18,2,"""21세기 말까지 기금 소진 걱정 끝"" 김성주 이사장이 밝힌 1400조 국민연금의 미래 시나리오 #국민연금 #연금고갈 #2099년 #목표 수익률5.5% #연금개혁 #김성주이사장"
2026-05-23 07:09:55,385,18,2,"""21세기 말까지 기금 소진 걱정 끝"" 김성주 이사장이 밝힌 1400조 국민연금의 미래 시나리오 #국민연금 #연금고갈 #2099년 #목표 수익률5.5% #연금개혁 #김성주이사장"
2026-05-23 08:17:39,385,18,2,"""21세기 말까지 기금 소진 걱정 끝"" 김성주 이사장이 밝힌 1400조 국민연금의 미래 시나리오 #국민연금 #연금고갈 #2099년 #목표 수익률5.5% #연금개혁 #김성주이사장"
2026-05-23 09:16:44,385,18,2,"""21세기 말까지 기금 소진 걱정 끝"" 김성주 이사장이 밝힌 1400조 국민연금의 미래 시나리오 #국민연금 #연금고갈 #2099년 #목표 수익률5.5% #연금개혁 #김성주이사장"
2026-05-23 13:09:25,385,18,2,"""21세기 말까지 기금 소진 걱정 끝"" 김성주 이사장이 밝힌 1400조 국민연금의 미래 시나리오 #국민연금 #연금고갈 #2099년 #목표 수익률5.5% #연금개혁 #김성주이사장"
2026-05-23 15:43:07,385,18,2,"""21세기 말까지 기금 소진 걱정 끝"" 김성주 이사장이 밝힌 1400조 국민연금의 미래 시나리오 #국민연금 #연금고갈 #2099년 #목표 수익률5.5% #연금개혁 #김성주이사장"
2026-05-23 19:18:04,385,18,2,"""21세기 말까지 기금 소진 걱정 끝"" 김성주 이사장이 밝힌 1400조 국민연금의 미래 시나리오 #국민연금 #연금고갈 #2099년 #목표 수익률5.5% #연금개혁 #김성주이사장"
2026-05-23 20:37:06,385,18,2,"""21세기 말까지 기금 소진 걱정 끝"" 김성주 이사장이 밝힌 1400조 국민연금의 미래 시나리오 #국민연금 #연금고갈 #2099년 #목표 수익률5.5% #연금개혁 #김성주이사장"
2026-05-23 21:40:02,385,18,2,"""21세기 말까지 기금 소진 걱정 끝"" 김성주 이사장이 밝힌 1400조 국민연금의 미래 시나리오 #국민연금 #연금고갈 #2099년 #목표 수익률5.5% #연금개혁 #김성주이사장"
2026-05-23 23:12:27,385,18,2,"""21세기 말까지 기금 소진 걱정 끝"" 김성주 이사장이 밝힌 1400조 국민연금의 미래 시나리오 #국민연금 #연금고갈 #2099년 #목표 수익률5.5% #연금개혁 #김성주이사장"
2026-05-24 00:18:42,385,18,2,"""21세기 말까지 기금 소진 걱정 끝"" 김성주 이사장이 밝힌 1400조 국민연금의 미래 시나리오 #국민연금 #연금고갈 #2099년 #목표 수익률5.5% #연금개혁 #김성주이사장"
2026-05-24 01:15:02,385,18,2,"""21세기 말까지 기금 소진 걱정 끝"" 김성주 이사장이 밝힌 1400조 국민연금의 미래 시나리오 #국민연금 #연금고갈 #2099년 #목표 수익률5.5% #연금개혁 #김성주이사장"
2026-05-24 02:17:53,385,18,2,"""21세기 말까지 기금 소진 걱정 끝"" 김성주 이사장이 밝힌 1400조 국민연금의 미래 시나리오 #국민연금 #연금고갈 #2099년 #목표 수익률5.5% #연금개혁 #김성주이사장"
2026-05-24 03:12:02,385,18,2,"""21세기 말까지 기금 소진 걱정 끝"" 김성주 이사장이 밝힌 1400조 국민연금의 미래 시나리오 #국민연금 #연금고갈 #2099년 #목표 수익률5.5% #연금개혁 #김성주이사장"
2026-05-24 04:36:22,385,18,2,"""21세기 말까지 기금 소진 걱정 끝"" 김성주 이사장이 밝힌 1400조 국민연금의 미래 시나리오 #국민연금 #연금고갈 #2099년 #목표 수익률5.5% #연금개혁 #김성주이사장"
2026-05-24 05:29:02,385,18,2,"""21세기 말까지 기금 소진 걱정 끝"" 김성주 이사장이 밝힌 1400조 국민연금의 미래 시나리오 #국민연금 #연금고갈 #2099년 #목표 수익률5.5% #연금개혁 #김성주이사장"
2026-05-24 06:25:57,385,18,2,"""21세기 말까지 기금 소진 걱정 끝"" 김성주 이사장이 밝힌 1400조 국민연금의 미래 시나리오 #국민연금 #연금고갈 #2099년 #목표 수익률5.5% #연금개혁 #김성주이사장"
2026-05-24 07:12:10,385,18,2,"""21세기 말까지 기금 소진 걱정 끝"" 김성주 이사장이 밝힌 1400조 국민연금의 미래 시나리오 #국민연금 #연금고갈 #2099년 #목표 수익률5.5% #연금개혁 #김성주이사장"
2026-05-24 08:09:50,385,18,2,"""21세기 말까지 기금 소진 걱정 끝"" 김성주 이사장이 밝힌 1400조 국민연금의 미래 시나리오 #국민연금 #연금고갈 #2099년 #목표 수익률5.5% #연금개혁 #김성주이사장"
2026-05-24 09:09:02,385,18,2,"""21세기 말까지 기금 소진 걱정 끝"" 김성주 이사장이 밝힌 1400조 국민연금의 미래 시나리오 #국민연금 #연금고갈 #2099년 #목표 수익률5.5% #연금개혁 #김성주이사장"
2026-05-24 13:36:13,385,18,2,"""21세기 말까지 기금 소진 걱정 끝"" 김성주 이사장이 밝힌 1400조 국민연금의 미래 시나리오 #국민연금 #연금고갈 #2099년 #목표 수익률5.5% #연금개혁 #김성주이사장"
2026-05-24 16:38:24,385,18,2,"""21세기 말까지 기금 소진 걱정 끝"" 김성주 이사장이 밝힌 1400조 국민연금의 미래 시나리오 #국민연금 #연금고갈 #2099년 #목표 수익률5.5% #연금개혁 #김성주이사장"
2026-05-24 18:30:24,385,18,2,"""21세기 말까지 기금 소진 걱정 끝"" 김성주 이사장이 밝힌 1400조 국민연금의 미래 시나리오 #국민연금 #연금고갈 #2099년 #목표 수익률5.5% #연금개혁 #김성주이사장"
2026-05-24 19:55:30,385,18,2,"""21세기 말까지 기금 소진 걱정 끝"" 김성주 이사장이 밝힌 1400조 국민연금의 미래 시나리오 #국민연금 #연금고갈 #2099년 #목표 수익률5.5% #연금개혁 #김성주이사장"
2026-05-24 20:57:38,385,18,2,"""21세기 말까지 기금 소진 걱정 끝"" 김성주 이사장이 밝힌 1400조 국민연금의 미래 시나리오 #국민연금 #연금고갈 #2099년 #목표 수익률5.5% #연금개혁 #김성주이사장"
2026-05-24 22:15:19,385,18,2,"""21세기 말까지 기금 소진 걱정 끝"" 김성주 이사장이 밝힌 1400조 국민연금의 미래 시나리오 #국민연금 #연금고갈 #2099년 #목표 수익률5.5% #연금개혁 #김성주이사장"
2026-05-24 23:43:12,385,18,2,"""21세기 말까지 기금 소진 걱정 끝"" 김성주 이사장이 밝힌 1400조 국민연금의 미래 시나리오 #국민연금 #연금고갈 #2099년 #목표 수익률5.5% #연금개혁 #김성주이사장"
2026-05-25 00:47:15,385,18,2,"""21세기 말까지 기금 소진 걱정 끝"" 김성주 이사장이 밝힌 1400조 국민연금의 미래 시나리오 #국민연금 #연금고갈 #2099년 #목표 수익률5.5% #연금개혁 #김성주이사장"
2026-05-25 01:44:36,385,18,2,"""21세기 말까지 기금 소진 걱정 끝"" 김성주 이사장이 밝힌 1400조 국민연금의 미래 시나리오 #국민연금 #연금고갈 #2099년 #목표 수익률5.5% #연금개혁 #김성주이사장"
2026-05-25 02:41:48,385,18,2,"""21세기 말까지 기금 소진 걱정 끝"" 김성주 이사장이 밝힌 1400조 국민연금의 미래 시나리오 #국민연금 #연금고갈 #2099년 #목표 수익률5.5% #연금개혁 #김성주이사장"
2026-05-25 03:46:39,385,18,2,"""21세기 말까지 기금 소진 걱정 끝"" 김성주 이사장이 밝힌 1400조 국민연금의 미래 시나리오 #국민연금 #연금고갈 #2099년 #목표 수익률5.5% #연금개혁 #김성주이사장"
2026-05-25 04:52:30,385,18,2,"""21세기 말까지 기금 소진 걱정 끝"" 김성주 이사장이 밝힌 1400조 국민연금의 미래 시나리오 #국민연금 #연금고갈 #2099년 #목표 수익률5.5% #연금개혁 #김성주이사장"
2026-05-25 05:39:16,385,18,2,"""21세기 말까지 기금 소진 걱정 끝"" 김성주 이사장이 밝힌 1400조 국민연금의 미래 시나리오 #국민연금 #연금고갈 #2099년 #목표 수익률5.5% #연금개혁 #김성주이사장"
2026-05-25 06:36:10,385,18,2,"""21세기 말까지 기금 소진 걱정 끝"" 김성주 이사장이 밝힌 1400조 국민연금의 미래 시나리오 #국민연금 #연금고갈 #2099년 #목표 수익률5.5% #연금개혁 #김성주이사장"
2026-05-25 07:36:03,385,18,2,"""21세기 말까지 기금 소진 걱정 끝"" 김성주 이사장이 밝힌 1400조 국민연금의 미래 시나리오 #국민연금 #연금고갈 #2099년 #목표 수익률5.5% #연금개혁 #김성주이사장"
2026-05-25 08:38:51,385,18,2,"""21세기 말까지 기금 소진 걱정 끝"" 김성주 이사장이 밝힌 1400조 국민연금의 미래 시나리오 #국민연금 #연금고갈 #2099년 #목표 수익률5.5% #연금개혁 #김성주이사장"
2026-05-25 10:35:51,385,18,2,"""21세기 말까지 기금 소진 걱정 끝"" 김성주 이사장이 밝힌 1400조 국민연금의 미래 시나리오 #국민연금 #연금고갈 #2099년 #목표 수익률5.5% #연금개혁 #김성주이사장"
2026-05-25 15:06:11,385,18,2,"""21세기 말까지 기금 소진 걱정 끝"" 김성주 이사장이 밝힌 1400조 국민연금의 미래 시나리오 #국민연금 #연금고갈 #2099년 #목표 수익률5.5% #연금개혁 #김성주이사장"
2026-05-25 19:43:22,385,18,2,"""21세기 말까지 기금 소진 걱정 끝"" 김성주 이사장이 밝힌 1400조 국민연금의 미래 시나리오 #국민연금 #연금고갈 #2099년 #목표 수익률5.5% #연금개혁 #김성주이사장"
2026-05-25 22:48:57,385,18,2,"""21세기 말까지 기금 소진 걱정 끝"" 김성주 이사장이 밝힌 1400조 국민연금의 미래 시나리오 #국민연금 #연금고갈 #2099년 #목표 수익률5.5% #연금개혁 #김성주이사장"
2026-05-26 01:10:15,385,18,2,"""21세기 말까지 기금 소진 걱정 끝"" 김성주 이사장이 밝힌 1400조 국민연금의 미래 시나리오 #국민연금 #연금고갈 #2099년 #목표 수익률5.5% #연금개혁 #김성주이사장"
2026-05-26 02:53:07,385,18,2,"""21세기 말까지 기금 소진 걱정 끝"" 김성주 이사장이 밝힌 1400조 국민연금의 미래 시나리오 #국민연금 #연금고갈 #2099년 #목표 수익률5.5% #연금개혁 #김성주이사장"
2026-05-26 04:09:33,385,18,2,"""21세기 말까지 기금 소진 걱정 끝"" 김성주 이사장이 밝힌 1400조 국민연금의 미래 시나리오 #국민연금 #연금고갈 #2099년 #목표 수익률5.5% #연금개혁 #김성주이사장"
2026-05-26 05:41:24,385,18,2,"""21세기 말까지 기금 소진 걱정 끝"" 김성주 이사장이 밝힌 1400조 국민연금의 미래 시나리오 #국민연금 #연금고갈 #2099년 #목표 수익률5.5% #연금개혁 #김성주이사장"
2026-05-26 06:50:16,385,18,2,"""21세기 말까지 기금 소진 걱정 끝"" 김성주 이사장이 밝힌 1400조 국민연금의 미래 시나리오 #국민연금 #연금고갈 #2099년 #목표 수익률5.5% #연금개혁 #김성주이사장"
2026-05-26 07:45:52,385,18,2,"""21세기 말까지 기금 소진 걱정 끝"" 김성주 이사장이 밝힌 1400조 국민연금의 미래 시나리오 #국민연금 #연금고갈 #2099년 #목표 수익률5.5% #연금개혁 #김성주이사장"
2026-05-26 08:46:26,385,18,2,"""21세기 말까지 기금 소진 걱정 끝"" 김성주 이사장이 밝힌 1400조 국민연금의 미래 시나리오 #국민연금 #연금고갈 #2099년 #목표 수익률5.5% #연금개혁 #김성주이사장"
2026-05-26 10:31:12,385,18,2,"""21세기 말까지 기금 소진 걱정 끝"" 김성주 이사장이 밝힌 1400조 국민연금의 미래 시나리오 #국민연금 #연금고갈 #2099년 #목표 수익률5.5% #연금개혁 #김성주이사장"
2026-05-26 14:42:47,385,18,2,"""21세기 말까지 기금 소진 걱정 끝"" 김성주 이사장이 밝힌 1400조 국민연금의 미래 시나리오 #국민연금 #연금고갈 #2099년 #목표 수익률5.5% #연금개혁 #김성주이사장"
2026-05-26 17:54:04,385,18,2,"""21세기 말까지 기금 소진 걱정 끝"" 김성주 이사장이 밝힌 1400조 국민연금의 미래 시나리오 #국민연금 #연금고갈 #2099년 #목표 수익률5.5% #연금개혁 #김성주이사장"
2026-05-26 23:27:33,385,18,2,"""21세기 말까지 기금 소진 걱정 끝"" 김성주 이사장이 밝힌 1400조 국민연금의 미래 시나리오 #국민연금 #연금고갈 #2099년 #목표 수익률5.5% #연금개혁 #김성주이사장"
2026-05-27 02:41:24,385,18,2,"""21세기 말까지 기금 소진 걱정 끝"" 김성주 이사장이 밝힌 1400조 국민연금의 미래 시나리오 #국민연금 #연금고갈 #2099년 #목표 수익률5.5% #연금개혁 #김성주이사장"
2026-05-27 04:37:10,385,18,2,"""21세기 말까지 기금 소진 걱정 끝"" 김성주 이사장이 밝힌 1400조 국민연금의 미래 시나리오 #국민연금 #연금고갈 #2099년 #목표 수익률5.5% #연금개혁 #김성주이사장"
2026-05-27 06:15:59,385,18,2,"""21세기 말까지 기금 소진 걱정 끝"" 김성주 이사장이 밝힌 1400조 국민연금의 미래 시나리오 #국민연금 #연금고갈 #2099년 #목표 수익률5.5% #연금개혁 #김성주이사장"
2026-05-27 07:40:29,385,18,2,"""21세기 말까지 기금 소진 걱정 끝"" 김성주 이사장이 밝힌 1400조 국민연금의 미래 시나리오 #국민연금 #연금고갈 #2099년 #목표 수익률5.5% #연금개혁 #김성주이사장"
2026-05-27 08:45:18,385,18,2,"""21세기 말까지 기금 소진 걱정 끝"" 김성주 이사장이 밝힌 1400조 국민연금의 미래 시나리오 #국민연금 #연금고갈 #2099년 #목표 수익률5.5% #연금개혁 #김성주이사장"
2026-05-27 10:52:35,385,18,2,"""21세기 말까지 기금 소진 걱정 끝"" 김성주 이사장이 밝힌 1400조 국민연금의 미래 시나리오 #국민연금 #연금고갈 #2099년 #목표 수익률5.5% #연금개혁 #김성주이사장"
2026-05-27 15:04:02,385,18,2,"""21세기 말까지 기금 소진 걱정 끝"" 김성주 이사장이 밝힌 1400조 국민연금의 미래 시나리오 #국민연금 #연금고갈 #2099년 #목표 수익률5.5% #연금개혁 #김성주이사장"
2026-05-27 19:14:06,385,18,2,"""21세기 말까지 기금 소진 걱정 끝"" 김성주 이사장이 밝힌 1400조 국민연금의 미래 시나리오 #국민연금 #연금고갈 #2099년 #목표 수익률5.5% #연금개혁 #김성주이사장"
2026-05-27 22:48:00,385,18,2,"""21세기 말까지 기금 소진 걱정 끝"" 김성주 이사장이 밝힌 1400조 국민연금의 미래 시나리오 #국민연금 #연금고갈 #2099년 #목표 수익률5.5% #연금개혁 #김성주이사장"
2026-05-28 01:52:57,385,18,2,"""21세기 말까지 기금 소진 걱정 끝"" 김성주 이사장이 밝힌 1400조 국민연금의 미래 시나리오 #국민연금 #연금고갈 #2099년 #목표 수익률5.5% #연금개혁 #김성주이사장"
2026-05-28 04:09:29,385,18,2,"""21세기 말까지 기금 소진 걱정 끝"" 김성주 이사장이 밝힌 1400조 국민연금의 미래 시나리오 #국민연금 #연금고갈 #2099년 #목표 수익률5.5% #연금개혁 #김성주이사장"
2026-05-28 06:07:34,385,18,2,"""21세기 말까지 기금 소진 걱정 끝"" 김성주 이사장이 밝힌 1400조 국민연금의 미래 시나리오 #국민연금 #연금고갈 #2099년 #목표 수익률5.5% #연금개혁 #김성주이사장"
2026-05-28 07:48:19,385,18,2,"""21세기 말까지 기금 소진 걱정 끝"" 김성주 이사장이 밝힌 1400조 국민연금의 미래 시나리오 #국민연금 #연금고갈 #2099년 #목표 수익률5.5% #연금개혁 #김성주이사장"
2026-05-28 08:49:39,385,18,2,"""21세기 말까지 기금 소진 걱정 끝"" 김성주 이사장이 밝힌 1400조 국민연금의 미래 시나리오 #국민연금 #연금고갈 #2099년 #목표 수익률5.5% #연금개혁 #김성주이사장"
2026-05-28 10:27:12,385,18,2,"""21세기 말까지 기금 소진 걱정 끝"" 김성주 이사장이 밝힌 1400조 국민연금의 미래 시나리오 #국민연금 #연금고갈 #2099년 #목표 수익률5.5% #연금개혁 #김성주이사장"
2026-05-28 14:43:40,385,18,2,"""21세기 말까지 기금 소진 걱정 끝"" 김성주 이사장이 밝힌 1400조 국민연금의 미래 시나리오 #국민연금 #연금고갈 #2099년 #목표 수익률5.5% #연금개혁 #김성주이사장"
2026-05-28 18:04:41,385,18,2,"""21세기 말까지 기금 소진 걱정 끝"" 김성주 이사장이 밝힌 1400조 국민연금의 미래 시나리오 #국민연금 #연금고갈 #2099년 #목표 수익률5.5% #연금개혁 #김성주이사장"
2026-05-28 21:39:33,385,18,2,"""21세기 말까지 기금 소진 걱정 끝"" 김성주 이사장이 밝힌 1400조 국민연금의 미래 시나리오 #국민연금 #연금고갈 #2099년 #목표 수익률5.5% #연금개혁 #김성주이사장"
2026-05-29 01:41:16,385,18,2,"""21세기 말까지 기금 소진 걱정 끝"" 김성주 이사장이 밝힌 1400조 국민연금의 미래 시나리오 #국민연금 #연금고갈 #2099년 #목표 수익률5.5% #연금개혁 #김성주이사장"
2026-05-29 04:18:31,385,18,2,"""21세기 말까지 기금 소진 걱정 끝"" 김성주 이사장이 밝힌 1400조 국민연금의 미래 시나리오 #국민연금 #연금고갈 #2099년 #목표 수익률5.5% #연금개혁 #김성주이사장"
2026-05-29 06:23:05,385,18,2,"""21세기 말까지 기금 소진 걱정 끝"" 김성주 이사장이 밝힌 1400조 국민연금의 미래 시나리오 #국민연금 #연금고갈 #2099년 #목표 수익률5.5% #연금개혁 #김성주이사장"
2026-05-29 07:48:54,385,18,2,"""21세기 말까지 기금 소진 걱정 끝"" 김성주 이사장이 밝힌 1400조 국민연금의 미래 시나리오 #국민연금 #연금고갈 #2099년 #목표 수익률5.5% #연금개혁 #김성주이사장"
2026-05-29 08:56:49,385,18,2,"""21세기 말까지 기금 소진 걱정 끝"" 김성주 이사장이 밝힌 1400조 국민연금의 미래 시나리오 #국민연금 #연금고갈 #2099년 #목표 수익률5.5% #연금개혁 #김성주이사장"
2026-05-29 11:35:14,385,18,2,"""21세기 말까지 기금 소진 걱정 끝"" 김성주 이사장이 밝힌 1400조 국민연금의 미래 시나리오 #국민연금 #연금고갈 #2099년 #목표 수익률5.5% #연금개혁 #김성주이사장"
2026-05-29 15:40:07,385,18,2,"""21세기 말까지 기금 소진 걱정 끝"" 김성주 이사장이 밝힌 1400조 국민연금의 미래 시나리오 #국민연금 #연금고갈 #2099년 #목표 수익률5.5% #연금개혁 #김성주이사장"
2026-05-29 19:33:03,385,18,2,"""21세기 말까지 기금 소진 걱정 끝"" 김성주 이사장이 밝힌 1400조 국민연금의 미래 시나리오 #국민연금 #연금고갈 #2099년 #목표 수익률5.5% #연금개혁 #김성주이사장"
2026-05-29 22:45:30,385,18,2,"""21세기 말까지 기금 소진 걱정 끝"" 김성주 이사장이 밝힌 1400조 국민연금의 미래 시나리오 #국민연금 #연금고갈 #2099년 #목표 수익률5.5% #연금개혁 #김성주이사장"
2026-05-30 02:02:15,385,18,2,"""21세기 말까지 기금 소진 걱정 끝"" 김성주 이사장이 밝힌 1400조 국민연금의 미래 시나리오 #국민연금 #연금고갈 #2099년 #목표 수익률5.5% #연금개혁 #김성주이사장"
2026-05-30 04:36:01,385,18,2,"""21세기 말까지 기금 소진 걱정 끝"" 김성주 이사장이 밝힌 1400조 국민연금의 미래 시나리오 #국민연금 #연금고갈 #2099년 #목표 수익률5.5% #연금개혁 #김성주이사장"
2026-05-30 06:24:25,385,18,2,"""21세기 말까지 기금 소진 걱정 끝"" 김성주 이사장이 밝힌 1400조 국민연금의 미래 시나리오 #국민연금 #연금고갈 #2099년 #목표 수익률5.5% #연금개혁 #김성주이사장"
2026-05-30 07:45:53,385,18,2,"""21세기 말까지 기금 소진 걱정 끝"" 김성주 이사장이 밝힌 1400조 국민연금의 미래 시나리오 #국민연금 #연금고갈 #2099년 #목표 수익률5.5% #연금개혁 #김성주이사장"
2026-05-30 08:54:33,385,18,2,"""21세기 말까지 기금 소진 걱정 끝"" 김성주 이사장이 밝힌 1400조 국민연금의 미래 시나리오 #국민연금 #연금고갈 #2099년 #목표 수익률5.5% #연금개혁 #김성주이사장"
2026-05-30 10:48:11,385,18,2,"""21세기 말까지 기금 소진 걱정 끝"" 김성주 이사장이 밝힌 1400조 국민연금의 미래 시나리오 #국민연금 #연금고갈 #2099년 #목표 수익률5.5% #연금개혁 #김성주이사장"
2026-05-30 14:36:18,385,18,2,"""21세기 말까지 기금 소진 걱정 끝"" 김성주 이사장이 밝힌 1400조 국민연금의 미래 시나리오 #국민연금 #연금고갈 #2099년 #목표 수익률5.5% #연금개혁 #김성주이사장"
2026-05-30 17:05:25,385,18,2,"""21세기 말까지 기금 소진 걱정 끝"" 김성주 이사장이 밝힌 1400조 국민연금의 미래 시나리오 #국민연금 #연금고갈 #2099년 #목표 수익률5.5% #연금개혁 #김성주이사장"
2026-05-30 19:09:32,385,18,2,"""21세기 말까지 기금 소진 걱정 끝"" 김성주 이사장이 밝힌 1400조 국민연금의 미래 시나리오 #국민연금 #연금고갈 #2099년 #목표 수익률5.5% #연금개혁 #김성주이사장"
2026-05-30 20:43:19,385,18,2,"""21세기 말까지 기금 소진 걱정 끝"" 김성주 이사장이 밝힌 1400조 국민연금의 미래 시나리오 #국민연금 #연금고갈 #2099년 #목표 수익률5.5% #연금개혁 #김성주이사장"
2026-05-30 21:48:58,385,18,2,"""21세기 말까지 기금 소진 걱정 끝"" 김성주 이사장이 밝힌 1400조 국민연금의 미래 시나리오 #국민연금 #연금고갈 #2099년 #목표 수익률5.5% #연금개혁 #김성주이사장"
2026-05-30 23:19:35,385,18,2,"""21세기 말까지 기금 소진 걱정 끝"" 김성주 이사장이 밝힌 1400조 국민연금의 미래 시나리오 #국민연금 #연금고갈 #2099년 #목표 수익률5.5% #연금개혁 #김성주이사장"
2026-05-31 00:39:54,385,18,2,"""21세기 말까지 기금 소진 걱정 끝"" 김성주 이사장이 밝힌 1400조 국민연금의 미래 시나리오 #국민연금 #연금고갈 #2099년 #목표 수익률5.5% #연금개혁 #김성주이사장"
2026-05-31 01:39:02,385,18,2,"""21세기 말까지 기금 소진 걱정 끝"" 김성주 이사장이 밝힌 1400조 국민연금의 미래 시나리오 #국민연금 #연금고갈 #2099년 #목표 수익률5.5% #연금개혁 #김성주이사장"
2026-05-31 02:42:11,385,18,2,"""21세기 말까지 기금 소진 걱정 끝"" 김성주 이사장이 밝힌 1400조 국민연금의 미래 시나리오 #국민연금 #연금고갈 #2099년 #목표 수익률5.5% #연금개혁 #김성주이사장"
2026-05-31 03:45:50,385,18,2,"""21세기 말까지 기금 소진 걱정 끝"" 김성주 이사장이 밝힌 1400조 국민연금의 미래 시나리오 #국민연금 #연금고갈 #2099년 #목표 수익률5.5% #연금개혁 #김성주이사장"
2026-05-31 04:55:40,385,18,2,"""21세기 말까지 기금 소진 걱정 끝"" 김성주 이사장이 밝힌 1400조 국민연금의 미래 시나리오 #국민연금 #연금고갈 #2099년 #목표 수익률5.5% #연금개혁 #김성주이사장"
2026-05-31 05:43:31,385,18,2,"""21세기 말까지 기금 소진 걱정 끝"" 김성주 이사장이 밝힌 1400조 국민연금의 미래 시나리오 #국민연금 #연금고갈 #2099년 #목표 수익률5.5% #연금개혁 #김성주이사장"
2026-05-31 06:41:06,385,18,2,"""21세기 말까지 기금 소진 걱정 끝"" 김성주 이사장이 밝힌 1400조 국민연금의 미래 시나리오 #국민연금 #연금고갈 #2099년 #목표 수익률5.5% #연금개혁 #김성주이사장"
2026-05-31 07:36:49,385,18,2,"""21세기 말까지 기금 소진 걱정 끝"" 김성주 이사장이 밝힌 1400조 국민연금의 미래 시나리오 #국민연금 #연금고갈 #2099년 #목표 수익률5.5% #연금개혁 #김성주이사장"
2026-05-31 08:37:53,385,18,2,"""21세기 말까지 기금 소진 걱정 끝"" 김성주 이사장이 밝힌 1400조 국민연금의 미래 시나리오 #국민연금 #연금고갈 #2099년 #목표 수익률5.5% #연금개혁 #김성주이사장"
2026-05-31 10:37:31,385,18,2,"""21세기 말까지 기금 소진 걱정 끝"" 김성주 이사장이 밝힌 1400조 국민연금의 미래 시나리오 #국민연금 #연금고갈 #2099년 #목표 수익률5.5% #연금개혁 #김성주이사장"
2026-05-31 18:26:09,385,18,2,"""21세기 말까지 기금 소진 걱정 끝"" 김성주 이사장이 밝힌 1400조 국민연금의 미래 시나리오 #국민연금 #연금고갈 #2099년 #목표 수익률5.5% #연금개혁 #김성주이사장"
2026-05-31 18:26:52,385,18,2,"""21세기 말까지 기금 소진 걱정 끝"" 김성주 이사장이 밝힌 1400조 국민연금의 미래 시나리오 #국민연금 #연금고갈 #2099년 #목표 수익률5.5% #연금개혁 #김성주이사장"
2026-05-31 18:28:38,385,18,2,"""21세기 말까지 기금 소진 걱정 끝"" 김성주 이사장이 밝힌 1400조 국민연금의 미래 시나리오 #국민연금 #연금고갈 #2099년 #목표 수익률5.5% #연금개혁 #김성주이사장"
2026-05-31 19:52:21,385,18,2,"""21세기 말까지 기금 소진 걱정 끝"" 김성주 이사장이 밝힌 1400조 국민연금의 미래 시나리오 #국민연금 #연금고갈 #2099년 #목표 수익률5.5% #연금개혁 #김성주이사장"
2026-05-31 19:53:39,385,18,2,"""21세기 말까지 기금 소진 걱정 끝"" 김성주 이사장이 밝힌 1400조 국민연금의 미래 시나리오 #국민연금 #연금고갈 #2099년 #목표 수익률5.5% #연금개혁 #김성주이사장"
2026-05-31 20:15:36,385,18,2,"""21세기 말까지 기금 소진 걱정 끝"" 김성주 이사장이 밝힌 1400조 국민연금의 미래 시나리오 #국민연금 #연금고갈 #2099년 #목표 수익률5.5% #연금개혁 #김성주이사장"
2026-05-31 21:49:18,385,18,2,"""21세기 말까지 기금 소진 걱정 끝"" 김성주 이사장이 밝힌 1400조 국민연금의 미래 시나리오 #국민연금 #연금고갈 #2099년 #목표 수익률5.5% #연금개혁 #김성주이사장"
2026-05-31 23:23:16,385,18,2,"""21세기 말까지 기금 소진 걱정 끝"" 김성주 이사장이 밝힌 1400조 국민연금의 미래 시나리오 #국민연금 #연금고갈 #2099년 #목표 수익률5.5% #연금개혁 #김성주이사장"
2026-06-01 00:44:45,385,18,2,"""21세기 말까지 기금 소진 걱정 끝"" 김성주 이사장이 밝힌 1400조 국민연금의 미래 시나리오 #국민연금 #연금고갈 #2099년 #목표 수익률5.5% #연금개혁 #김성주이사장"
2026-06-01 01:47:32,385,18,2,"""21세기 말까지 기금 소진 걱정 끝"" 김성주 이사장이 밝힌 1400조 국민연금의 미래 시나리오 #국민연금 #연금고갈 #2099년 #목표 수익률5.5% #연금개혁 #김성주이사장"
2026-06-01 02:47:41,385,18,2,"""21세기 말까지 기금 소진 걱정 끝"" 김성주 이사장이 밝힌 1400조 국민연금의 미래 시나리오 #국민연금 #연금고갈 #2099년 #목표 수익률5.5% #연금개혁 #김성주이사장"
2026-06-01 03:55:47,385,18,2,"""21세기 말까지 기금 소진 걱정 끝"" 김성주 이사장이 밝힌 1400조 국민연금의 미래 시나리오 #국민연금 #연금고갈 #2099년 #목표 수익률5.5% #연금개혁 #김성주이사장"
2026-06-01 05:03:22,385,18,2,"""21세기 말까지 기금 소진 걱정 끝"" 김성주 이사장이 밝힌 1400조 국민연금의 미래 시나리오 #국민연금 #연금고갈 #2099년 #목표 수익률5.5% #연금개혁 #김성주이사장"
2026-06-01 06:12:20,385,18,2,"""21세기 말까지 기금 소진 걱정 끝"" 김성주 이사장이 밝힌 1400조 국민연금의 미래 시나리오 #국민연금 #연금고갈 #2099년 #목표 수익률5.5% #연금개혁 #김성주이사장"
2026-06-01 07:14:11,385,18,2,"""21세기 말까지 기금 소진 걱정 끝"" 김성주 이사장이 밝힌 1400조 국민연금의 미래 시나리오 #국민연금 #연금고갈 #2099년 #목표 수익률5.5% #연금개혁 #김성주이사장"
2026-06-01 08:19:09,385,18,2,"""21세기 말까지 기금 소진 걱정 끝"" 김성주 이사장이 밝힌 1400조 국민연금의 미래 시나리오 #국민연금 #연금고갈 #2099년 #목표 수익률5.5% #연금개혁 #김성주이사장"
2026-06-01 09:18:10,385,18,2,"""21세기 말까지 기금 소진 걱정 끝"" 김성주 이사장이 밝힌 1400조 국민연금의 미래 시나리오 #국민연금 #연금고갈 #2099년 #목표 수익률5.5% #연금개혁 #김성주이사장"
2026-06-01 14:20:57,385,18,2,"""21세기 말까지 기금 소진 걱정 끝"" 김성주 이사장이 밝힌 1400조 국민연금의 미래 시나리오 #국민연금 #연금고갈 #2099년 #목표 수익률5.5% #연금개혁 #김성주이사장"
2026-06-01 19:35:43,385,18,2,"""21세기 말까지 기금 소진 걱정 끝"" 김성주 이사장이 밝힌 1400조 국민연금의 미래 시나리오 #국민연금 #연금고갈 #2099년 #목표 수익률5.5% #연금개혁 #김성주이사장"
2026-06-02 01:25:40,385,18,2,"""21세기 말까지 기금 소진 걱정 끝"" 김성주 이사장이 밝힌 1400조 국민연금의 미래 시나리오 #국민연금 #연금고갈 #2099년 #목표 수익률5.5% #연금개혁 #김성주이사장"
2026-06-02 05:42:54,385,18,2,"""21세기 말까지 기금 소진 걱정 끝"" 김성주 이사장이 밝힌 1400조 국민연금의 미래 시나리오 #국민연금 #연금고갈 #2099년 #목표 수익률5.5% #연금개혁 #김성주이사장"
2026-06-02 07:51:46,385,18,2,"""21세기 말까지 기금 소진 걱정 끝"" 김성주 이사장이 밝힌 1400조 국민연금의 미래 시나리오 #국민연금 #연금고갈 #2099년 #목표 수익률5.5% #연금개혁 #김성주이사장"
2026-06-02 09:02:53,385,18,2,"""21세기 말까지 기금 소진 걱정 끝"" 김성주 이사장이 밝힌 1400조 국민연금의 미래 시나리오 #국민연금 #연금고갈 #2099년 #목표 수익률5.5% #연금개혁 #김성주이사장"
2026-06-02 13:55:55,385,18,2,"""21세기 말까지 기금 소진 걱정 끝"" 김성주 이사장이 밝힌 1400조 국민연금의 미래 시나리오 #국민연금 #연금고갈 #2099년 #목표 수익률5.5% #연금개혁 #김성주이사장"
2026-06-02 18:03:39,386,18,2,"""21세기 말까지 기금 소진 걱정 끝"" 김성주 이사장이 밝힌 1400조 국민연금의 미래 시나리오 #국민연금 #연금고갈 #2099년 #목표 수익률5.5% #연금개혁 #김성주이사장"
2026-06-02 21:49:34,386,18,2,"""21세기 말까지 기금 소진 걱정 끝"" 김성주 이사장이 밝힌 1400조 국민연금의 미래 시나리오 #국민연금 #연금고갈 #2099년 #목표 수익률5.5% #연금개혁 #김성주이사장"
2026-06-03 02:11:27,386,18,2,"""21세기 말까지 기금 소진 걱정 끝"" 김성주 이사장이 밝힌 1400조 국민연금의 미래 시나리오 #국민연금 #연금고갈 #2099년 #목표 수익률5.5% #연금개혁 #김성주이사장"
2026-06-03 05:19:06,386,18,2,"""21세기 말까지 기금 소진 걱정 끝"" 김성주 이사장이 밝힌 1400조 국민연금의 미래 시나리오 #국민연금 #연금고갈 #2099년 #목표 수익률5.5% #연금개혁 #김성주이사장"
2026-06-03 07:31:07,386,18,2,"""21세기 말까지 기금 소진 걱정 끝"" 김성주 이사장이 밝힌 1400조 국민연금의 미래 시나리오 #국민연금 #연금고갈 #2099년 #목표 수익률5.5% #연금개혁 #김성주이사장"
2026-06-03 09:14:06,386,18,2,"""21세기 말까지 기금 소진 걱정 끝"" 김성주 이사장이 밝힌 1400조 국민연금의 미래 시나리오 #국민연금 #연금고갈 #2099년 #목표 수익률5.5% #연금개혁 #김성주이사장"
2026-06-03 14:18:27,386,18,2,"""21세기 말까지 기금 소진 걱정 끝"" 김성주 이사장이 밝힌 1400조 국민연금의 미래 시나리오 #국민연금 #연금고갈 #2099년 #목표 수익률5.5% #연금개혁 #김성주이사장"
2026-06-03 19:12:18,386,18,2,"""21세기 말까지 기금 소진 걱정 끝"" 김성주 이사장이 밝힌 1400조 국민연금의 미래 시나리오 #국민연금 #연금고갈 #2099년 #목표 수익률5.5% #연금개혁 #김성주이사장"
2026-06-04 00:04:09,386,18,2,"""21세기 말까지 기금 소진 걱정 끝"" 김성주 이사장이 밝힌 1400조 국민연금의 미래 시나리오 #국민연금 #연금고갈 #2099년 #목표 수익률5.5% #연금개혁 #김성주이사장"
2026-06-04 03:55:11,386,18,2,"""21세기 말까지 기금 소진 걱정 끝"" 김성주 이사장이 밝힌 1400조 국민연금의 미래 시나리오 #국민연금 #연금고갈 #2099년 #목표 수익률5.5% #연금개혁 #김성주이사장"
2026-06-04 06:43:25,386,18,2,"""21세기 말까지 기금 소진 걱정 끝"" 김성주 이사장이 밝힌 1400조 국민연금의 미래 시나리오 #국민연금 #연금고갈 #2099년 #목표 수익률5.5% #연금개혁 #김성주이사장"
2026-06-04 08:23:58,386,18,2,"""21세기 말까지 기금 소진 걱정 끝"" 김성주 이사장이 밝힌 1400조 국민연금의 미래 시나리오 #국민연금 #연금고갈 #2099년 #목표 수익률5.5% #연금개혁 #김성주이사장"
2026-06-04 11:02:40,386,18,2,"""21세기 말까지 기금 소진 걱정 끝"" 김성주 이사장이 밝힌 1400조 국민연금의 미래 시나리오 #국민연금 #연금고갈 #2099년 #목표 수익률5.5% #연금개혁 #김성주이사장"
2026-06-04 15:52:35,386,18,2,"""21세기 말까지 기금 소진 걱정 끝"" 김성주 이사장이 밝힌 1400조 국민연금의 미래 시나리오 #국민연금 #연금고갈 #2099년 #목표 수익률5.5% #연금개혁 #김성주이사장"
2026-06-04 19:31:50,386,18,2,"""21세기 말까지 기금 소진 걱정 끝"" 김성주 이사장이 밝힌 1400조 국민연금의 미래 시나리오 #국민연금 #연금고갈 #2099년 #목표 수익률5.5% #연금개혁 #김성주이사장"
2026-06-04 22:43:40,386,18,2,"""21세기 말까지 기금 소진 걱정 끝"" 김성주 이사장이 밝힌 1400조 국민연금의 미래 시나리오 #국민연금 #연금고갈 #2099년 #목표 수익률5.5% #연금개혁 #김성주이사장"
2026-06-05 01:36:58,386,18,2,"""21세기 말까지 기금 소진 걱정 끝"" 김성주 이사장이 밝힌 1400조 국민연금의 미래 시나리오 #국민연금 #연금고갈 #2099년 #목표 수익률5.5% #연금개혁 #김성주이사장"
2026-06-05 03:38:50,386,18,2,"""21세기 말까지 기금 소진 걱정 끝"" 김성주 이사장이 밝힌 1400조 국민연금의 미래 시나리오 #국민연금 #연금고갈 #2099년 #목표 수익률5.5% #연금개혁 #김성주이사장"
2026-06-05 05:38:19,386,18,2,"""21세기 말까지 기금 소진 걱정 끝"" 김성주 이사장이 밝힌 1400조 국민연금의 미래 시나리오 #국민연금 #연금고갈 #2099년 #목표 수익률5.5% #연금개혁 #김성주이사장"
2026-06-05 07:10:59,386,18,2,"""21세기 말까지 기금 소진 걱정 끝"" 김성주 이사장이 밝힌 1400조 국민연금의 미래 시나리오 #국민연금 #연금고갈 #2099년 #목표 수익률5.5% #연금개혁 #김성주이사장"
2026-06-05 08:36:11,386,18,2,"""21세기 말까지 기금 소진 걱정 끝"" 김성주 이사장이 밝힌 1400조 국민연금의 미래 시나리오 #국민연금 #연금고갈 #2099년 #목표 수익률5.5% #연금개혁 #김성주이사장"
2026-06-05 10:40:02,386,18,2,"""21세기 말까지 기금 소진 걱정 끝"" 김성주 이사장이 밝힌 1400조 국민연금의 미래 시나리오 #국민연금 #연금고갈 #2099년 #목표 수익률5.5% #연금개혁 #김성주이사장"
2026-06-05 15:07:05,386,18,2,"""21세기 말까지 기금 소진 걱정 끝"" 김성주 이사장이 밝힌 1400조 국민연금의 미래 시나리오 #국민연금 #연금고갈 #2099년 #목표 수익률5.5% #연금개혁 #김성주이사장"
2026-06-05 19:12:46,386,18,2,"""21세기 말까지 기금 소진 걱정 끝"" 김성주 이사장이 밝힌 1400조 국민연금의 미래 시나리오 #국민연금 #연금고갈 #2099년 #목표 수익률5.5% #연금개혁 #김성주이사장"
2026-06-05 22:25:19,386,18,2,"""21세기 말까지 기금 소진 걱정 끝"" 김성주 이사장이 밝힌 1400조 국민연금의 미래 시나리오 #국민연금 #연금고갈 #2099년 #목표 수익률5.5% #연금개혁 #김성주이사장"
2026-06-06 01:11:59,386,18,2,"""21세기 말까지 기금 소진 걱정 끝"" 김성주 이사장이 밝힌 1400조 국민연금의 미래 시나리오 #국민연금 #연금고갈 #2099년 #목표 수익률5.5% #연금개혁 #김성주이사장"
2026-06-06 03:08:01,386,18,2,"""21세기 말까지 기금 소진 걱정 끝"" 김성주 이사장이 밝힌 1400조 국민연금의 미래 시나리오 #국민연금 #연금고갈 #2099년 #목표 수익률5.5% #연금개혁 #김성주이사장"
2026-06-06 05:07:58,386,18,2,"""21세기 말까지 기금 소진 걱정 끝"" 김성주 이사장이 밝힌 1400조 국민연금의 미래 시나리오 #국민연금 #연금고갈 #2099년 #목표 수익률5.5% #연금개혁 #김성주이사장"
2026-06-06 06:42:43,386,18,2,"""21세기 말까지 기금 소진 걱정 끝"" 김성주 이사장이 밝힌 1400조 국민연금의 미래 시나리오 #국민연금 #연금고갈 #2099년 #목표 수익률5.5% #연금개혁 #김성주이사장"
2026-06-06 07:47:37,386,18,2,"""21세기 말까지 기금 소진 걱정 끝"" 김성주 이사장이 밝힌 1400조 국민연금의 미래 시나리오 #국민연금 #연금고갈 #2099년 #목표 수익률5.5% #연금개혁 #김성주이사장"
2026-06-06 08:53:21,386,18,2,"""21세기 말까지 기금 소진 걱정 끝"" 김성주 이사장이 밝힌 1400조 국민연금의 미래 시나리오 #국민연금 #연금고갈 #2099년 #목표 수익률5.5% #연금개혁 #김성주이사장"
2026-06-06 10:52:01,386,18,2,"""21세기 말까지 기금 소진 걱정 끝"" 김성주 이사장이 밝힌 1400조 국민연금의 미래 시나리오 #국민연금 #연금고갈 #2099년 #목표 수익률5.5% #연금개혁 #김성주이사장"
2026-06-06 14:43:24,386,18,2,"""21세기 말까지 기금 소진 걱정 끝"" 김성주 이사장이 밝힌 1400조 국민연금의 미래 시나리오 #국민연금 #연금고갈 #2099년 #목표 수익률5.5% #연금개혁 #김성주이사장"
2026-06-06 17:14:21,386,18,2,"""21세기 말까지 기금 소진 걱정 끝"" 김성주 이사장이 밝힌 1400조 국민연금의 미래 시나리오 #국민연금 #연금고갈 #2099년 #목표 수익률5.5% #연금개혁 #김성주이사장"
2026-06-06 19:23:06,386,18,2,"""21세기 말까지 기금 소진 걱정 끝"" 김성주 이사장이 밝힌 1400조 국민연금의 미래 시나리오 #국민연금 #연금고갈 #2099년 #목표 수익률5.5% #연금개혁 #김성주이사장"
2026-06-06 20:50:33,386,18,2,"""21세기 말까지 기금 소진 걱정 끝"" 김성주 이사장이 밝힌 1400조 국민연금의 미래 시나리오 #국민연금 #연금고갈 #2099년 #목표 수익률5.5% #연금개혁 #김성주이사장"
2026-06-06 21:58:54,386,18,2,"""21세기 말까지 기금 소진 걱정 끝"" 김성주 이사장이 밝힌 1400조 국민연금의 미래 시나리오 #국민연금 #연금고갈 #2099년 #목표 수익률5.5% #연금개혁 #김성주이사장"
2026-06-06 23:43:17,386,18,2,"""21세기 말까지 기금 소진 걱정 끝"" 김성주 이사장이 밝힌 1400조 국민연금의 미래 시나리오 #국민연금 #연금고갈 #2099년 #목표 수익률5.5% #연금개혁 #김성주이사장"
2026-06-07 00:57:32,386,18,2,"""21세기 말까지 기금 소진 걱정 끝"" 김성주 이사장이 밝힌 1400조 국민연금의 미래 시나리오 #국민연금 #연금고갈 #2099년 #목표 수익률5.5% #연금개혁 #김성주이사장"
2026-06-07 02:12:56,386,18,2,"""21세기 말까지 기금 소진 걱정 끝"" 김성주 이사장이 밝힌 1400조 국민연금의 미래 시나리오 #국민연금 #연금고갈 #2099년 #목표 수익률5.5% #연금개혁 #김성주이사장"
2026-06-07 03:21:21,386,18,2,"""21세기 말까지 기금 소진 걱정 끝"" 김성주 이사장이 밝힌 1400조 국민연금의 미래 시나리오 #국민연금 #연금고갈 #2099년 #목표 수익률5.5% #연금개혁 #김성주이사장"
2026-06-07 04:50:40,386,18,2,"""21세기 말까지 기금 소진 걱정 끝"" 김성주 이사장이 밝힌 1400조 국민연금의 미래 시나리오 #국민연금 #연금고갈 #2099년 #목표 수익률5.5% #연금개혁 #김성주이사장"
2026-06-07 05:50:19,386,18,2,"""21세기 말까지 기금 소진 걱정 끝"" 김성주 이사장이 밝힌 1400조 국민연금의 미래 시나리오 #국민연금 #연금고갈 #2099년 #목표 수익률5.5% #연금개혁 #김성주이사장"
2026-06-07 06:48:46,386,18,2,"""21세기 말까지 기금 소진 걱정 끝"" 김성주 이사장이 밝힌 1400조 국민연금의 미래 시나리오 #국민연금 #연금고갈 #2099년 #목표 수익률5.5% #연금개혁 #김성주이사장"
2026-06-07 07:47:15,386,18,2,"""21세기 말까지 기금 소진 걱정 끝"" 김성주 이사장이 밝힌 1400조 국민연금의 미래 시나리오 #국민연금 #연금고갈 #2099년 #목표 수익률5.5% #연금개혁 #김성주이사장"
2026-06-07 08:47:52,386,18,2,"""21세기 말까지 기금 소진 걱정 끝"" 김성주 이사장이 밝힌 1400조 국민연금의 미래 시나리오 #국민연금 #연금고갈 #2099년 #목표 수익률5.5% #연금개혁 #김성주이사장"
2026-06-07 10:59:28,386,18,2,"""21세기 말까지 기금 소진 걱정 끝"" 김성주 이사장이 밝힌 1400조 국민연금의 미래 시나리오 #국민연금 #연금고갈 #2099년 #목표 수익률5.5% #연금개혁 #김성주이사장"
2026-06-07 15:32:42,386,18,2,"""21세기 말까지 기금 소진 걱정 끝"" 김성주 이사장이 밝힌 1400조 국민연금의 미래 시나리오 #국민연금 #연금고갈 #2099년 #목표 수익률5.5% #연금개혁 #김성주이사장"
2026-06-07 18:48:03,386,18,2,"""21세기 말까지 기금 소진 걱정 끝"" 김성주 이사장이 밝힌 1400조 국민연금의 미래 시나리오 #국민연금 #연금고갈 #2099년 #목표 수익률5.5% #연금개혁 #김성주이사장"
2026-06-07 20:28:49,386,18,2,"""21세기 말까지 기금 소진 걱정 끝"" 김성주 이사장이 밝힌 1400조 국민연금의 미래 시나리오 #국민연금 #연금고갈 #2099년 #목표 수익률5.5% #연금개혁 #김성주이사장"
2026-06-07 22:04:56,386,18,2,"""21세기 말까지 기금 소진 걱정 끝"" 김성주 이사장이 밝힌 1400조 국민연금의 미래 시나리오 #국민연금 #연금고갈 #2099년 #목표 수익률5.5% #연금개혁 #김성주이사장"
2026-06-07 23:57:56,386,18,2,"""21세기 말까지 기금 소진 걱정 끝"" 김성주 이사장이 밝힌 1400조 국민연금의 미래 시나리오 #국민연금 #연금고갈 #2099년 #목표 수익률5.5% #연금개혁 #김성주이사장"
2026-06-08 01:16:15,386,18,2,"""21세기 말까지 기금 소진 걱정 끝"" 김성주 이사장이 밝힌 1400조 국민연금의 미래 시나리오 #국민연금 #연금고갈 #2099년 #목표 수익률5.5% #연금개혁 #김성주이사장"
2026-06-08 02:42:15,386,18,2,"""21세기 말까지 기금 소진 걱정 끝"" 김성주 이사장이 밝힌 1400조 국민연금의 미래 시나리오 #국민연금 #연금고갈 #2099년 #목표 수익률5.5% #연금개혁 #김성주이사장"
2026-06-08 03:57:03,386,18,2,"""21세기 말까지 기금 소진 걱정 끝"" 김성주 이사장이 밝힌 1400조 국민연금의 미래 시나리오 #국민연금 #연금고갈 #2099년 #목표 수익률5.5% #연금개혁 #김성주이사장"
2026-06-08 05:09:44,386,18,2,"""21세기 말까지 기금 소진 걱정 끝"" 김성주 이사장이 밝힌 1400조 국민연금의 미래 시나리오 #국민연금 #연금고갈 #2099년 #목표 수익률5.5% #연금개혁 #김성주이사장"
2026-06-08 06:35:13,386,18,2,"""21세기 말까지 기금 소진 걱정 끝"" 김성주 이사장이 밝힌 1400조 국민연금의 미래 시나리오 #국민연금 #연금고갈 #2099년 #목표 수익률5.5% #연금개혁 #김성주이사장"
2026-06-08 07:41:25,386,18,2,"""21세기 말까지 기금 소진 걱정 끝"" 김성주 이사장이 밝힌 1400조 국민연금의 미래 시나리오 #국민연금 #연금고갈 #2099년 #목표 수익률5.5% #연금개혁 #김성주이사장"
2026-06-08 08:44:04,386,18,2,"""21세기 말까지 기금 소진 걱정 끝"" 김성주 이사장이 밝힌 1400조 국민연금의 미래 시나리오 #국민연금 #연금고갈 #2099년 #목표 수익률5.5% #연금개혁 #김성주이사장"
2026-06-08 11:02:08,386,18,2,"""21세기 말까지 기금 소진 걱정 끝"" 김성주 이사장이 밝힌 1400조 국민연금의 미래 시나리오 #국민연금 #연금고갈 #2099년 #목표 수익률5.5% #연금개혁 #김성주이사장"
2026-06-08 15:56:01,386,18,2,"""21세기 말까지 기금 소진 걱정 끝"" 김성주 이사장이 밝힌 1400조 국민연금의 미래 시나리오 #국민연금 #연금고갈 #2099년 #목표 수익률5.5% #연금개혁 #김성주이사장"
2026-06-08 20:52:46,386,18,2,"""21세기 말까지 기금 소진 걱정 끝"" 김성주 이사장이 밝힌 1400조 국민연금의 미래 시나리오 #국민연금 #연금고갈 #2099년 #목표 수익률5.5% #연금개혁 #김성주이사장"
2026-06-09 00:19:42,386,18,2,"""21세기 말까지 기금 소진 걱정 끝"" 김성주 이사장이 밝힌 1400조 국민연금의 미래 시나리오 #국민연금 #연금고갈 #2099년 #목표 수익률5.5% #연금개혁 #김성주이사장"
2026-06-09 03:09:42,386,18,2,"""21세기 말까지 기금 소진 걱정 끝"" 김성주 이사장이 밝힌 1400조 국민연금의 미래 시나리오 #국민연금 #연금고갈 #2099년 #목표 수익률5.5% #연금개혁 #김성주이사장"
2026-06-09 05:35:50,386,18,2,"""21세기 말까지 기금 소진 걱정 끝"" 김성주 이사장이 밝힌 1400조 국민연금의 미래 시나리오 #국민연금 #연금고갈 #2099년 #목표 수익률5.5% #연금개혁 #김성주이사장"
2026-06-09 07:13:44,386,18,2,"""21세기 말까지 기금 소진 걱정 끝"" 김성주 이사장이 밝힌 1400조 국민연금의 미래 시나리오 #국민연금 #연금고갈 #2099년 #목표 수익률5.5% #연금개혁 #김성주이사장"
2026-06-09 08:37:46,386,18,2,"""21세기 말까지 기금 소진 걱정 끝"" 김성주 이사장이 밝힌 1400조 국민연금의 미래 시나리오 #국민연금 #연금고갈 #2099년 #목표 수익률5.5% #연금개혁 #김성주이사장"
2026-06-09 10:30:13,386,18,2,"""21세기 말까지 기금 소진 걱정 끝"" 김성주 이사장이 밝힌 1400조 국민연금의 미래 시나리오 #국민연금 #연금고갈 #2099년 #목표 수익률5.5% #연금개혁 #김성주이사장"
2026-06-09 14:47:41,386,18,2,"""21세기 말까지 기금 소진 걱정 끝"" 김성주 이사장이 밝힌 1400조 국민연금의 미래 시나리오 #국민연금 #연금고갈 #2099년 #목표 수익률5.5% #연금개혁 #김성주이사장"
2026-06-09 17:51:52,386,18,2,"""21세기 말까지 기금 소진 걱정 끝"" 김성주 이사장이 밝힌 1400조 국민연금의 미래 시나리오 #국민연금 #연금고갈 #2099년 #목표 수익률5.5% #연금개혁 #김성주이사장"
2026-06-09 20:49:56,386,18,2,"""21세기 말까지 기금 소진 걱정 끝"" 김성주 이사장이 밝힌 1400조 국민연금의 미래 시나리오 #국민연금 #연금고갈 #2099년 #목표 수익률5.5% #연금개혁 #김성주이사장"
2026-06-09 23:09:49,386,18,2,"""21세기 말까지 기금 소진 걱정 끝"" 김성주 이사장이 밝힌 1400조 국민연금의 미래 시나리오 #국민연금 #연금고갈 #2099년 #목표 수익률5.5% #연금개혁 #김성주이사장"
2026-06-10 01:46:02,386,18,2,"""21세기 말까지 기금 소진 걱정 끝"" 김성주 이사장이 밝힌 1400조 국민연금의 미래 시나리오 #국민연금 #연금고갈 #2099년 #목표 수익률5.5% #연금개혁 #김성주이사장"
2026-06-10 04:01:35,386,18,2,"""21세기 말까지 기금 소진 걱정 끝"" 김성주 이사장이 밝힌 1400조 국민연금의 미래 시나리오 #국민연금 #연금고갈 #2099년 #목표 수익률5.5% #연금개혁 #김성주이사장"
2026-06-10 06:04:05,386,18,2,"""21세기 말까지 기금 소진 걱정 끝"" 김성주 이사장이 밝힌 1400조 국민연금의 미래 시나리오 #국민연금 #연금고갈 #2099년 #목표 수익률5.5% #연금개혁 #김성주이사장"
2026-06-10 07:44:46,386,18,2,"""21세기 말까지 기금 소진 걱정 끝"" 김성주 이사장이 밝힌 1400조 국민연금의 미래 시나리오 #국민연금 #연금고갈 #2099년 #목표 수익률5.5% #연금개혁 #김성주이사장"
2026-06-10 09:00:09,386,18,2,"""21세기 말까지 기금 소진 걱정 끝"" 김성주 이사장이 밝힌 1400조 국민연금의 미래 시나리오 #국민연금 #연금고갈 #2099년 #목표 수익률5.5% #연금개혁 #김성주이사장"
2026-06-10 13:15:12,386,18,2,"""21세기 말까지 기금 소진 걱정 끝"" 김성주 이사장이 밝힌 1400조 국민연금의 미래 시나리오 #국민연금 #연금고갈 #2099년 #목표 수익률5.5% #연금개혁 #김성주이사장"
2026-06-10 17:18:48,386,18,2,"""21세기 말까지 기금 소진 걱정 끝"" 김성주 이사장이 밝힌 1400조 국민연금의 미래 시나리오 #국민연금 #연금고갈 #2099년 #목표 수익률5.5% #연금개혁 #김성주이사장"
2026-06-10 20:49:57,386,18,2,"""21세기 말까지 기금 소진 걱정 끝"" 김성주 이사장이 밝힌 1400조 국민연금의 미래 시나리오 #국민연금 #연금고갈 #2099년 #목표 수익률5.5% #연금개혁 #김성주이사장"
2026-06-10 23:43:04,386,18,2,"""21세기 말까지 기금 소진 걱정 끝"" 김성주 이사장이 밝힌 1400조 국민연금의 미래 시나리오 #국민연금 #연금고갈 #2099년 #목표 수익률5.5% #연금개혁 #김성주이사장"
2026-06-11 02:45:22,386,18,2,"""21세기 말까지 기금 소진 걱정 끝"" 김성주 이사장이 밝힌 1400조 국민연금의 미래 시나리오 #국민연금 #연금고갈 #2099년 #목표 수익률5.5% #연금개혁 #김성주이사장"
2026-06-11 05:00:03,386,18,2,"""21세기 말까지 기금 소진 걱정 끝"" 김성주 이사장이 밝힌 1400조 국민연금의 미래 시나리오 #국민연금 #연금고갈 #2099년 #목표 수익률5.5% #연금개혁 #김성주이사장"
2026-06-11 07:08:42,386,18,2,"""21세기 말까지 기금 소진 걱정 끝"" 김성주 이사장이 밝힌 1400조 국민연금의 미래 시나리오 #국민연금 #연금고갈 #2099년 #목표 수익률5.5% #연금개혁 #김성주이사장"
2026-06-11 08:48:19,386,18,2,"""21세기 말까지 기금 소진 걱정 끝"" 김성주 이사장이 밝힌 1400조 국민연금의 미래 시나리오 #국민연금 #연금고갈 #2099년 #목표 수익률5.5% #연금개혁 #김성주이사장"
2026-06-11 11:06:20,386,18,2,"""21세기 말까지 기금 소진 걱정 끝"" 김성주 이사장이 밝힌 1400조 국민연금의 미래 시나리오 #국민연금 #연금고갈 #2099년 #목표 수익률5.5% #연금개혁 #김성주이사장"
2026-06-11 16:01:36,386,18,2,"""21세기 말까지 기금 소진 걱정 끝"" 김성주 이사장이 밝힌 1400조 국민연금의 미래 시나리오 #국민연금 #연금고갈 #2099년 #목표 수익률5.5% #연금개혁 #김성주이사장"
2026-06-11 20:43:25,386,18,2,"""21세기 말까지 기금 소진 걱정 끝"" 김성주 이사장이 밝힌 1400조 국민연금의 미래 시나리오 #국민연금 #연금고갈 #2099년 #목표 수익률5.5% #연금개혁 #김성주이사장"
2026-06-12 00:06:17,386,18,2,"""21세기 말까지 기금 소진 걱정 끝"" 김성주 이사장이 밝힌 1400조 국민연금의 미래 시나리오 #국민연금 #연금고갈 #2099년 #목표 수익률5.5% #연금개혁 #김성주이사장"
2026-06-12 03:27:55,386,18,2,"""21세기 말까지 기금 소진 걱정 끝"" 김성주 이사장이 밝힌 1400조 국민연금의 미래 시나리오 #국민연금 #연금고갈 #2099년 #목표 수익률5.5% #연금개혁 #김성주이사장"
2026-06-12 05:43:47,386,18,2,"""21세기 말까지 기금 소진 걱정 끝"" 김성주 이사장이 밝힌 1400조 국민연금의 미래 시나리오 #국민연금 #연금고갈 #2099년 #목표 수익률5.5% #연금개혁 #김성주이사장"
2026-06-12 07:30:24,386,18,2,"""21세기 말까지 기금 소진 걱정 끝"" 김성주 이사장이 밝힌 1400조 국민연금의 미래 시나리오 #국민연금 #연금고갈 #2099년 #목표 수익률5.5% #연금개혁 #김성주이사장"
2026-06-12 09:05:53,386,18,2,"""21세기 말까지 기금 소진 걱정 끝"" 김성주 이사장이 밝힌 1400조 국민연금의 미래 시나리오 #국민연금 #연금고갈 #2099년 #목표 수익률5.5% #연금개혁 #김성주이사장"
2026-06-12 13:59:04,386,18,2,"""21세기 말까지 기금 소진 걱정 끝"" 김성주 이사장이 밝힌 1400조 국민연금의 미래 시나리오 #국민연금 #연금고갈 #2099년 #목표 수익률5.5% #연금개혁 #김성주이사장"
2026-06-12 17:59:53,386,18,2,"""21세기 말까지 기금 소진 걱정 끝"" 김성주 이사장이 밝힌 1400조 국민연금의 미래 시나리오 #국민연금 #연금고갈 #2099년 #목표 수익률5.5% #연금개혁 #김성주이사장"
2026-06-12 21:23:29,386,18,2,"""21세기 말까지 기금 소진 걱정 끝"" 김성주 이사장이 밝힌 1400조 국민연금의 미래 시나리오 #국민연금 #연금고갈 #2099년 #목표 수익률5.5% #연금개혁 #김성주이사장"
2026-06-13 00:44:50,386,18,2,"""21세기 말까지 기금 소진 걱정 끝"" 김성주 이사장이 밝힌 1400조 국민연금의 미래 시나리오 #국민연금 #연금고갈 #2099년 #목표 수익률5.5% #연금개혁 #김성주이사장"
2026-06-13 02:54:19,386,18,2,"""21세기 말까지 기금 소진 걱정 끝"" 김성주 이사장이 밝힌 1400조 국민연금의 미래 시나리오 #국민연금 #연금고갈 #2099년 #목표 수익률5.5% #연금개혁 #김성주이사장"
2026-06-13 04:52:01,386,18,2,"""21세기 말까지 기금 소진 걱정 끝"" 김성주 이사장이 밝힌 1400조 국민연금의 미래 시나리오 #국민연금 #연금고갈 #2099년 #목표 수익률5.5% #연금개혁 #김성주이사장"
2026-06-13 06:22:23,386,18,2,"""21세기 말까지 기금 소진 걱정 끝"" 김성주 이사장이 밝힌 1400조 국민연금의 미래 시나리오 #국민연금 #연금고갈 #2099년 #목표 수익률5.5% #연금개혁 #김성주이사장"
2026-06-13 07:52:06,386,18,2,"""21세기 말까지 기금 소진 걱정 끝"" 김성주 이사장이 밝힌 1400조 국민연금의 미래 시나리오 #국민연금 #연금고갈 #2099년 #목표 수익률5.5% #연금개혁 #김성주이사장"
2026-06-13 09:09:12,386,18,2,"""21세기 말까지 기금 소진 걱정 끝"" 김성주 이사장이 밝힌 1400조 국민연금의 미래 시나리오 #국민연금 #연금고갈 #2099년 #목표 수익률5.5% #연금개혁 #김성주이사장"
2026-06-13 13:47:49,386,18,2,"""21세기 말까지 기금 소진 걱정 끝"" 김성주 이사장이 밝힌 1400조 국민연금의 미래 시나리오 #국민연금 #연금고갈 #2099년 #목표 수익률5.5% #연금개혁 #김성주이사장"
2026-06-13 17:13:46,386,18,2,"""21세기 말까지 기금 소진 걱정 끝"" 김성주 이사장이 밝힌 1400조 국민연금의 미래 시나리오 #국민연금 #연금고갈 #2099년 #목표 수익률5.5% #연금개혁 #김성주이사장"
2026-06-13 19:39:16,386,18,2,"""21세기 말까지 기금 소진 걱정 끝"" 김성주 이사장이 밝힌 1400조 국민연금의 미래 시나리오 #국민연금 #연금고갈 #2099년 #목표 수익률5.5% #연금개혁 #김성주이사장"
2026-06-13 21:13:57,386,18,2,"""21세기 말까지 기금 소진 걱정 끝"" 김성주 이사장이 밝힌 1400조 국민연금의 미래 시나리오 #국민연금 #연금고갈 #2099년 #목표 수익률5.5% #연금개혁 #김성주이사장"
2026-06-13 23:27:30,386,18,2,"""21세기 말까지 기금 소진 걱정 끝"" 김성주 이사장이 밝힌 1400조 국민연금의 미래 시나리오 #국민연금 #연금고갈 #2099년 #목표 수익률5.5% #연금개혁 #김성주이사장"
2026-06-14 00:57:44,386,18,2,"""21세기 말까지 기금 소진 걱정 끝"" 김성주 이사장이 밝힌 1400조 국민연금의 미래 시나리오 #국민연금 #연금고갈 #2099년 #목표 수익률5.5% #연금개혁 #김성주이사장"
2026-06-14 02:22:05,386,18,2,"""21세기 말까지 기금 소진 걱정 끝"" 김성주 이사장이 밝힌 1400조 국민연금의 미래 시나리오 #국민연금 #연금고갈 #2099년 #목표 수익률5.5% #연금개혁 #김성주이사장"
2026-06-14 03:49:59,386,18,2,"""21세기 말까지 기금 소진 걱정 끝"" 김성주 이사장이 밝힌 1400조 국민연금의 미래 시나리오 #국민연금 #연금고갈 #2099년 #목표 수익률5.5% #연금개혁 #김성주이사장"
2026-06-14 05:09:15,386,18,2,"""21세기 말까지 기금 소진 걱정 끝"" 김성주 이사장이 밝힌 1400조 국민연금의 미래 시나리오 #국민연금 #연금고갈 #2099년 #목표 수익률5.5% #연금개혁 #김성주이사장"
2026-06-14 06:36:51,386,18,2,"""21세기 말까지 기금 소진 걱정 끝"" 김성주 이사장이 밝힌 1400조 국민연금의 미래 시나리오 #국민연금 #연금고갈 #2099년 #목표 수익률5.5% #연금개혁 #김성주이사장"
2026-06-14 07:43:10,386,18,2,"""21세기 말까지 기금 소진 걱정 끝"" 김성주 이사장이 밝힌 1400조 국민연금의 미래 시나리오 #국민연금 #연금고갈 #2099년 #목표 수익률5.5% #연금개혁 #김성주이사장"
2026-06-14 08:47:48,386,18,2,"""21세기 말까지 기금 소진 걱정 끝"" 김성주 이사장이 밝힌 1400조 국민연금의 미래 시나리오 #국민연금 #연금고갈 #2099년 #목표 수익률5.5% #연금개혁 #김성주이사장"
2026-06-14 11:04:13,386,18,2,"""21세기 말까지 기금 소진 걱정 끝"" 김성주 이사장이 밝힌 1400조 국민연금의 미래 시나리오 #국민연금 #연금고갈 #2099년 #목표 수익률5.5% #연금개혁 #김성주이사장"
2026-06-14 15:53:46,386,18,2,"""21세기 말까지 기금 소진 걱정 끝"" 김성주 이사장이 밝힌 1400조 국민연금의 미래 시나리오 #국민연금 #연금고갈 #2099년 #목표 수익률5.5% #연금개혁 #김성주이사장"
2026-06-14 19:18:49,386,18,2,"""21세기 말까지 기금 소진 걱정 끝"" 김성주 이사장이 밝힌 1400조 국민연금의 미래 시나리오 #국민연금 #연금고갈 #2099년 #목표 수익률5.5% #연금개혁 #김성주이사장"
2026-06-14 21:18:40,386,18,2,"""21세기 말까지 기금 소진 걱정 끝"" 김성주 이사장이 밝힌 1400조 국민연금의 미래 시나리오 #국민연금 #연금고갈 #2099년 #목표 수익률5.5% #연금개혁 #김성주이사장"
2026-06-14 23:34:16,386,18,2,"""21세기 말까지 기금 소진 걱정 끝"" 김성주 이사장이 밝힌 1400조 국민연금의 미래 시나리오 #국민연금 #연금고갈 #2099년 #목표 수익률5.5% #연금개혁 #김성주이사장"
2026-06-15 01:08:51,386,18,2,"""21세기 말까지 기금 소진 걱정 끝"" 김성주 이사장이 밝힌 1400조 국민연금의 미래 시나리오 #국민연금 #연금고갈 #2099년 #목표 수익률5.5% #연금개혁 #김성주이사장"
2026-06-15 02:44:19,386,18,2,"""21세기 말까지 기금 소진 걱정 끝"" 김성주 이사장이 밝힌 1400조 국민연금의 미래 시나리오 #국민연금 #연금고갈 #2099년 #목표 수익률5.5% #연금개혁 #김성주이사장"
2026-06-15 03:59:27,386,18,2,"""21세기 말까지 기금 소진 걱정 끝"" 김성주 이사장이 밝힌 1400조 국민연금의 미래 시나리오 #국민연금 #연금고갈 #2099년 #목표 수익률5.5% #연금개혁 #김성주이사장"
2026-06-15 05:21:25,386,18,2,"""21세기 말까지 기금 소진 걱정 끝"" 김성주 이사장이 밝힌 1400조 국민연금의 미래 시나리오 #국민연금 #연금고갈 #2099년 #목표 수익률5.5% #연금개혁 #김성주이사장"
2026-06-15 06:46:06,386,18,2,"""21세기 말까지 기금 소진 걱정 끝"" 김성주 이사장이 밝힌 1400조 국민연금의 미래 시나리오 #국민연금 #연금고갈 #2099년 #목표 수익률5.5% #연금개혁 #김성주이사장"
2026-06-15 07:53:42,386,18,2,"""21세기 말까지 기금 소진 걱정 끝"" 김성주 이사장이 밝힌 1400조 국민연금의 미래 시나리오 #국민연금 #연금고갈 #2099년 #목표 수익률5.5% #연금개혁 #김성주이사장"
2026-06-15 08:59:23,386,18,2,"""21세기 말까지 기금 소진 걱정 끝"" 김성주 이사장이 밝힌 1400조 국민연금의 미래 시나리오 #국민연금 #연금고갈 #2099년 #목표 수익률5.5% #연금개혁 #김성주이사장"
2026-06-15 13:48:36,386,18,2,"""21세기 말까지 기금 소진 걱정 끝"" 김성주 이사장이 밝힌 1400조 국민연금의 미래 시나리오 #국민연금 #연금고갈 #2099년 #목표 수익률5.5% #연금개혁 #김성주이사장"
2026-06-15 19:47:29,387,18,2,"""21세기 말까지 기금 소진 걱정 끝"" 김성주 이사장이 밝힌 1400조 국민연금의 미래 시나리오 #국민연금 #연금고갈 #2099년 #목표 수익률5.5% #연금개혁 #김성주이사장"
2026-06-16 01:11:05,387,18,2,"""21세기 말까지 기금 소진 걱정 끝"" 김성주 이사장이 밝힌 1400조 국민연금의 미래 시나리오 #국민연금 #연금고갈 #2099년 #목표 수익률5.5% #연금개혁 #김성주이사장"
2026-06-16 04:55:29,387,18,2,"""21세기 말까지 기금 소진 걱정 끝"" 김성주 이사장이 밝힌 1400조 국민연금의 미래 시나리오 #국민연금 #연금고갈 #2099년 #목표 수익률5.5% #연금개혁 #김성주이사장"
2026-06-16 07:12:24,387,18,2,"""21세기 말까지 기금 소진 걱정 끝"" 김성주 이사장이 밝힌 1400조 국민연금의 미래 시나리오 #국민연금 #연금고갈 #2099년 #목표 수익률5.5% #연금개혁 #김성주이사장"
2026-06-16 09:02:11,387,18,2,"""21세기 말까지 기금 소진 걱정 끝"" 김성주 이사장이 밝힌 1400조 국민연금의 미래 시나리오 #국민연금 #연금고갈 #2099년 #목표 수익률5.5% #연금개혁 #김성주이사장"
2026-06-16 14:24:45,387,18,2,"""21세기 말까지 기금 소진 걱정 끝"" 김성주 이사장이 밝힌 1400조 국민연금의 미래 시나리오 #국민연금 #연금고갈 #2099년 #목표 수익률5.5% #연금개혁 #김성주이사장"
2026-06-16 19:23:43,389,18,2,"""21세기 말까지 기금 소진 걱정 끝"" 김성주 이사장이 밝힌 1400조 국민연금의 미래 시나리오 #국민연금 #연금고갈 #2099년 #목표 수익률5.5% #연금개혁 #김성주이사장"
2026-06-17 00:24:54,389,18,2,"""21세기 말까지 기금 소진 걱정 끝"" 김성주 이사장이 밝힌 1400조 국민연금의 미래 시나리오 #국민연금 #연금고갈 #2099년 #목표 수익률5.5% #연금개혁 #김성주이사장"
2026-06-17 04:01:19,389,18,2,"""21세기 말까지 기금 소진 걱정 끝"" 김성주 이사장이 밝힌 1400조 국민연금의 미래 시나리오 #국민연금 #연금고갈 #2099년 #목표 수익률5.5% #연금개혁 #김성주이사장"
2026-06-17 06:44:23,389,18,2,"""21세기 말까지 기금 소진 걱정 끝"" 김성주 이사장이 밝힌 1400조 국민연금의 미래 시나리오 #국민연금 #연금고갈 #2099년 #목표 수익률5.5% #연금개혁 #김성주이사장"
2026-06-17 08:11:18,389,18,2,"""21세기 말까지 기금 소진 걱정 끝"" 김성주 이사장이 밝힌 1400조 국민연금의 미래 시나리오 #국민연금 #연금고갈 #2099년 #목표 수익률5.5% #연금개혁 #김성주이사장"
2026-06-17 10:41:08,389,18,2,"""21세기 말까지 기금 소진 걱정 끝"" 김성주 이사장이 밝힌 1400조 국민연금의 미래 시나리오 #국민연금 #연금고갈 #2099년 #목표 수익률5.5% #연금개혁 #김성주이사장"
2026-06-17 15:50:15,389,18,2,"""21세기 말까지 기금 소진 걱정 끝"" 김성주 이사장이 밝힌 1400조 국민연금의 미래 시나리오 #국민연금 #연금고갈 #2099년 #목표 수익률5.5% #연금개혁 #김성주이사장"
2026-06-17 20:24:31,389,18,2,"""21세기 말까지 기금 소진 걱정 끝"" 김성주 이사장이 밝힌 1400조 국민연금의 미래 시나리오 #국민연금 #연금고갈 #2099년 #목표 수익률5.5% #연금개혁 #김성주이사장"
2026-06-17 23:32:25,389,18,2,"""21세기 말까지 기금 소진 걱정 끝"" 김성주 이사장이 밝힌 1400조 국민연금의 미래 시나리오 #국민연금 #연금고갈 #2099년 #목표 수익률5.5% #연금개혁 #김성주이사장"
2026-06-18 02:33:13,389,18,2,"""21세기 말까지 기금 소진 걱정 끝"" 김성주 이사장이 밝힌 1400조 국민연금의 미래 시나리오 #국민연금 #연금고갈 #2099년 #목표 수익률5.5% #연금개혁 #김성주이사장"
2026-06-18 04:39:05,389,18,2,"""21세기 말까지 기금 소진 걱정 끝"" 김성주 이사장이 밝힌 1400조 국민연금의 미래 시나리오 #국민연금 #연금고갈 #2099년 #목표 수익률5.5% #연금개혁 #김성주이사장"
2026-06-18 06:34:26,389,18,2,"""21세기 말까지 기금 소진 걱정 끝"" 김성주 이사장이 밝힌 1400조 국민연금의 미래 시나리오 #국민연금 #연금고갈 #2099년 #목표 수익률5.5% #연금개혁 #김성주이사장"
2026-06-18 08:04:26,389,18,2,"""21세기 말까지 기금 소진 걱정 끝"" 김성주 이사장이 밝힌 1400조 국민연금의 미래 시나리오 #국민연금 #연금고갈 #2099년 #목표 수익률5.5% #연금개혁 #김성주이사장"
2026-06-18 09:24:48,389,18,2,"""21세기 말까지 기금 소진 걱정 끝"" 김성주 이사장이 밝힌 1400조 국민연금의 미래 시나리오 #국민연금 #연금고갈 #2099년 #목표 수익률5.5% #연금개혁 #김성주이사장"
2026-06-18 14:13:06,389,18,2,"""21세기 말까지 기금 소진 걱정 끝"" 김성주 이사장이 밝힌 1400조 국민연금의 미래 시나리오 #국민연금 #연금고갈 #2099년 #목표 수익률5.5% #연금개혁 #김성주이사장"
2026-06-18 18:46:16,389,18,2,"""21세기 말까지 기금 소진 걱정 끝"" 김성주 이사장이 밝힌 1400조 국민연금의 미래 시나리오 #국민연금 #연금고갈 #2099년 #목표 수익률5.5% #연금개혁 #김성주이사장"
2026-06-18 21:42:01,389,18,2,"""21세기 말까지 기금 소진 걱정 끝"" 김성주 이사장이 밝힌 1400조 국민연금의 미래 시나리오 #국민연금 #연금고갈 #2099년 #목표 수익률5.5% #연금개혁 #김성주이사장"
2026-06-19 01:16:14,389,18,2,"""21세기 말까지 기금 소진 걱정 끝"" 김성주 이사장이 밝힌 1400조 국민연금의 미래 시나리오 #국민연금 #연금고갈 #2099년 #목표 수익률5.5% #연금개혁 #김성주이사장"
2026-06-19 03:37:47,389,18,2,"""21세기 말까지 기금 소진 걱정 끝"" 김성주 이사장이 밝힌 1400조 국민연금의 미래 시나리오 #국민연금 #연금고갈 #2099년 #목표 수익률5.5% #연금개혁 #김성주이사장"
2026-06-19 06:10:10,389,18,2,"""21세기 말까지 기금 소진 걱정 끝"" 김성주 이사장이 밝힌 1400조 국민연금의 미래 시나리오 #국민연금 #연금고갈 #2099년 #목표 수익률5.5% #연금개혁 #김성주이사장"
2026-06-19 08:03:51,389,18,2,"""21세기 말까지 기금 소진 걱정 끝"" 김성주 이사장이 밝힌 1400조 국민연금의 미래 시나리오 #국민연금 #연금고갈 #2099년 #목표 수익률5.5% #연금개혁 #김성주이사장"
2026-06-19 10:49:56,389,18,2,"""21세기 말까지 기금 소진 걱정 끝"" 김성주 이사장이 밝힌 1400조 국민연금의 미래 시나리오 #국민연금 #연금고갈 #2099년 #목표 수익률5.5% #연금개혁 #김성주이사장"
2026-06-19 15:52:09,389,18,2,"""21세기 말까지 기금 소진 걱정 끝"" 김성주 이사장이 밝힌 1400조 국민연금의 미래 시나리오 #국민연금 #연금고갈 #2099년 #목표 수익률5.5% #연금개혁 #김성주이사장"
2026-06-19 20:09:14,389,18,2,"""21세기 말까지 기금 소진 걱정 끝"" 김성주 이사장이 밝힌 1400조 국민연금의 미래 시나리오 #국민연금 #연금고갈 #2099년 #목표 수익률5.5% #연금개혁 #김성주이사장"
2026-06-19 23:20:47,389,18,2,"""21세기 말까지 기금 소진 걱정 끝"" 김성주 이사장이 밝힌 1400조 국민연금의 미래 시나리오 #국민연금 #연금고갈 #2099년 #목표 수익률5.5% #연금개혁 #김성주이사장"
2026-06-20 01:43:21,389,18,2,"""21세기 말까지 기금 소진 걱정 끝"" 김성주 이사장이 밝힌 1400조 국민연금의 미래 시나리오 #국민연금 #연금고갈 #2099년 #목표 수익률5.5% #연금개혁 #김성주이사장"
2026-06-20 03:26:46,389,18,2,"""21세기 말까지 기금 소진 걱정 끝"" 김성주 이사장이 밝힌 1400조 국민연금의 미래 시나리오 #국민연금 #연금고갈 #2099년 #목표 수익률5.5% #연금개혁 #김성주이사장"
2026-06-20 05:13:47,389,18,2,"""21세기 말까지 기금 소진 걱정 끝"" 김성주 이사장이 밝힌 1400조 국민연금의 미래 시나리오 #국민연금 #연금고갈 #2099년 #목표 수익률5.5% #연금개혁 #김성주이사장"
2026-06-20 06:35:42,389,18,2,"""21세기 말까지 기금 소진 걱정 끝"" 김성주 이사장이 밝힌 1400조 국민연금의 미래 시나리오 #국민연금 #연금고갈 #2099년 #목표 수익률5.5% #연금개혁 #김성주이사장"
2026-06-20 07:33:34,389,18,2,"""21세기 말까지 기금 소진 걱정 끝"" 김성주 이사장이 밝힌 1400조 국민연금의 미래 시나리오 #국민연금 #연금고갈 #2099년 #목표 수익률5.5% #연금개혁 #김성주이사장"
2026-06-20 08:42:37,389,18,2,"""21세기 말까지 기금 소진 걱정 끝"" 김성주 이사장이 밝힌 1400조 국민연금의 미래 시나리오 #국민연금 #연금고갈 #2099년 #목표 수익률5.5% #연금개혁 #김성주이사장"
2026-06-20 10:51:18,389,18,2,"""21세기 말까지 기금 소진 걱정 끝"" 김성주 이사장이 밝힌 1400조 국민연금의 미래 시나리오 #국민연금 #연금고갈 #2099년 #목표 수익률5.5% #연금개혁 #김성주이사장"
2026-06-20 15:06:36,389,18,2,"""21세기 말까지 기금 소진 걱정 끝"" 김성주 이사장이 밝힌 1400조 국민연금의 미래 시나리오 #국민연금 #연금고갈 #2099년 #목표 수익률5.5% #연금개혁 #김성주이사장"
2026-06-20 18:35:06,389,18,2,"""21세기 말까지 기금 소진 걱정 끝"" 김성주 이사장이 밝힌 1400조 국민연금의 미래 시나리오 #국민연금 #연금고갈 #2099년 #목표 수익률5.5% #연금개혁 #김성주이사장"
2026-06-20 20:32:13,389,18,2,"""21세기 말까지 기금 소진 걱정 끝"" 김성주 이사장이 밝힌 1400조 국민연금의 미래 시나리오 #국민연금 #연금고갈 #2099년 #목표 수익률5.5% #연금개혁 #김성주이사장"
2026-06-20 22:08:17,389,18,2,"""21세기 말까지 기금 소진 걱정 끝"" 김성주 이사장이 밝힌 1400조 국민연금의 미래 시나리오 #국민연금 #연금고갈 #2099년 #목표 수익률5.5% #연금개혁 #김성주이사장"
2026-06-21 00:10:55,389,18,2,"""21세기 말까지 기금 소진 걱정 끝"" 김성주 이사장이 밝힌 1400조 국민연금의 미래 시나리오 #국민연금 #연금고갈 #2099년 #목표 수익률5.5% #연금개혁 #김성주이사장"
2026-06-21 01:48:01,389,18,2,"""21세기 말까지 기금 소진 걱정 끝"" 김성주 이사장이 밝힌 1400조 국민연금의 미래 시나리오 #국민연금 #연금고갈 #2099년 #목표 수익률5.5% #연금개혁 #김성주이사장"
2026-06-21 03:02:11,389,18,2,"""21세기 말까지 기금 소진 걱정 끝"" 김성주 이사장이 밝힌 1400조 국민연금의 미래 시나리오 #국민연금 #연금고갈 #2099년 #목표 수익률5.5% #연금개혁 #김성주이사장"
2026-06-21 04:49:47,389,18,2,"""21세기 말까지 기금 소진 걱정 끝"" 김성주 이사장이 밝힌 1400조 국민연금의 미래 시나리오 #국민연금 #연금고갈 #2099년 #목표 수익률5.5% #연금개혁 #김성주이사장"
2026-06-21 05:58:13,389,18,2,"""21세기 말까지 기금 소진 걱정 끝"" 김성주 이사장이 밝힌 1400조 국민연금의 미래 시나리오 #국민연금 #연금고갈 #2099년 #목표 수익률5.5% #연금개혁 #김성주이사장"
2026-06-21 07:07:46,389,18,2,"""21세기 말까지 기금 소진 걱정 끝"" 김성주 이사장이 밝힌 1400조 국민연금의 미래 시나리오 #국민연금 #연금고갈 #2099년 #목표 수익률5.5% #연금개혁 #김성주이사장"
2026-06-21 08:23:12,389,18,2,"""21세기 말까지 기금 소진 걱정 끝"" 김성주 이사장이 밝힌 1400조 국민연금의 미래 시나리오 #국민연금 #연금고갈 #2099년 #목표 수익률5.5% #연금개혁 #김성주이사장"
2026-06-21 10:44:15,389,18,2,"""21세기 말까지 기금 소진 걱정 끝"" 김성주 이사장이 밝힌 1400조 국민연금의 미래 시나리오 #국민연금 #연금고갈 #2099년 #목표 수익률5.5% #연금개혁 #김성주이사장"
2026-06-21 15:32:36,389,18,2,"""21세기 말까지 기금 소진 걱정 끝"" 김성주 이사장이 밝힌 1400조 국민연금의 미래 시나리오 #국민연금 #연금고갈 #2099년 #목표 수익률5.5% #연금개혁 #김성주이사장"
2026-06-21 19:20:18,389,18,2,"""21세기 말까지 기금 소진 걱정 끝"" 김성주 이사장이 밝힌 1400조 국민연금의 미래 시나리오 #국민연금 #연금고갈 #2099년 #목표 수익률5.5% #연금개혁 #김성주이사장"
2026-06-21 21:22:59,389,18,2,"""21세기 말까지 기금 소진 걱정 끝"" 김성주 이사장이 밝힌 1400조 국민연금의 미래 시나리오 #국민연금 #연금고갈 #2099년 #목표 수익률5.5% #연금개혁 #김성주이사장"
2026-06-21 23:37:16,389,18,2,"""21세기 말까지 기금 소진 걱정 끝"" 김성주 이사장이 밝힌 1400조 국민연금의 미래 시나리오 #국민연금 #연금고갈 #2099년 #목표 수익률5.5% #연금개혁 #김성주이사장"
2026-06-22 01:18:51,389,18,2,"""21세기 말까지 기금 소진 걱정 끝"" 김성주 이사장이 밝힌 1400조 국민연금의 미래 시나리오 #국민연금 #연금고갈 #2099년 #목표 수익률5.5% #연금개혁 #김성주이사장"
2026-06-22 02:57:44,389,18,2,"""21세기 말까지 기금 소진 걱정 끝"" 김성주 이사장이 밝힌 1400조 국민연금의 미래 시나리오 #국민연금 #연금고갈 #2099년 #목표 수익률5.5% #연금개혁 #김성주이사장"
2026-06-22 04:28:57,389,18,2,"""21세기 말까지 기금 소진 걱정 끝"" 김성주 이사장이 밝힌 1400조 국민연금의 미래 시나리오 #국민연금 #연금고갈 #2099년 #목표 수익률5.5% #연금개혁 #김성주이사장"
2026-06-22 05:53:49,389,18,2,"""21세기 말까지 기금 소진 걱정 끝"" 김성주 이사장이 밝힌 1400조 국민연금의 미래 시나리오 #국민연금 #연금고갈 #2099년 #목표 수익률5.5% #연금개혁 #김성주이사장"
2026-06-22 07:07:29,389,18,2,"""21세기 말까지 기금 소진 걱정 끝"" 김성주 이사장이 밝힌 1400조 국민연금의 미래 시나리오 #국민연금 #연금고갈 #2099년 #목표 수익률5.5% #연금개혁 #김성주이사장"
2026-06-22 08:41:55,389,18,2,"""21세기 말까지 기금 소진 걱정 끝"" 김성주 이사장이 밝힌 1400조 국민연금의 미래 시나리오 #국민연금 #연금고갈 #2099년 #목표 수익률5.5% #연금개혁 #김성주이사장"
2026-06-22 11:09:17,389,18,2,"""21세기 말까지 기금 소진 걱정 끝"" 김성주 이사장이 밝힌 1400조 국민연금의 미래 시나리오 #국민연금 #연금고갈 #2099년 #목표 수익률5.5% #연금개혁 #김성주이사장"
2026-06-22 16:39:26,389,18,2,"""21세기 말까지 기금 소진 걱정 끝"" 김성주 이사장이 밝힌 1400조 국민연금의 미래 시나리오 #국민연금 #연금고갈 #2099년 #목표 수익률5.5% #연금개혁 #김성주이사장"
2026-06-22 22:16:59,389,18,2,"""21세기 말까지 기금 소진 걱정 끝"" 김성주 이사장이 밝힌 1400조 국민연금의 미래 시나리오 #국민연금 #연금고갈 #2099년 #목표 수익률5.5% #연금개혁 #김성주이사장"
2026-06-23 02:55:11,389,18,2,"""21세기 말까지 기금 소진 걱정 끝"" 김성주 이사장이 밝힌 1400조 국민연금의 미래 시나리오 #국민연금 #연금고갈 #2099년 #목표 수익률5.5% #연금개혁 #김성주이사장"
2026-06-23 05:36:06,389,18,2,"""21세기 말까지 기금 소진 걱정 끝"" 김성주 이사장이 밝힌 1400조 국민연금의 미래 시나리오 #국민연금 #연금고갈 #2099년 #목표 수익률5.5% #연금개혁 #김성주이사장"
2026-06-23 07:24:35,389,18,2,"""21세기 말까지 기금 소진 걱정 끝"" 김성주 이사장이 밝힌 1400조 국민연금의 미래 시나리오 #국민연금 #연금고갈 #2099년 #목표 수익률5.5% #연금개혁 #김성주이사장"
2026-06-23 08:48:13,389,18,2,"""21세기 말까지 기금 소진 걱정 끝"" 김성주 이사장이 밝힌 1400조 국민연금의 미래 시나리오 #국민연금 #연금고갈 #2099년 #목표 수익률5.5% #연금개혁 #김성주이사장"
2026-06-23 10:50:00,389,18,2,"""21세기 말까지 기금 소진 걱정 끝"" 김성주 이사장이 밝힌 1400조 국민연금의 미래 시나리오 #국민연금 #연금고갈 #2099년 #목표 수익률5.5% #연금개혁 #김성주이사장"
2026-06-23 14:55:08,389,18,2,"""21세기 말까지 기금 소진 걱정 끝"" 김성주 이사장이 밝힌 1400조 국민연금의 미래 시나리오 #국민연금 #연금고갈 #2099년 #목표 수익률5.5% #연금개혁 #김성주이사장"
2026-06-23 18:24:30,389,18,2,"""21세기 말까지 기금 소진 걱정 끝"" 김성주 이사장이 밝힌 1400조 국민연금의 미래 시나리오 #국민연금 #연금고갈 #2099년 #목표 수익률5.5% #연금개혁 #김성주이사장"
2026-06-23 21:19:02,389,18,2,"""21세기 말까지 기금 소진 걱정 끝"" 김성주 이사장이 밝힌 1400조 국민연금의 미래 시나리오 #국민연금 #연금고갈 #2099년 #목표 수익률5.5% #연금개혁 #김성주이사장"
2026-06-24 00:27:15,389,18,2,"""21세기 말까지 기금 소진 걱정 끝"" 김성주 이사장이 밝힌 1400조 국민연금의 미래 시나리오 #국민연금 #연금고갈 #2099년 #목표 수익률5.5% #연금개혁 #김성주이사장"
2026-06-24 02:25:23,389,18,2,"""21세기 말까지 기금 소진 걱정 끝"" 김성주 이사장이 밝힌 1400조 국민연금의 미래 시나리오 #국민연금 #연금고갈 #2099년 #목표 수익률5.5% #연금개혁 #김성주이사장"
2026-06-24 04:23:44,389,18,2,"""21세기 말까지 기금 소진 걱정 끝"" 김성주 이사장이 밝힌 1400조 국민연금의 미래 시나리오 #국민연금 #연금고갈 #2099년 #목표 수익률5.5% #연금개혁 #김성주이사장"
2026-06-24 06:10:39,389,18,2,"""21세기 말까지 기금 소진 걱정 끝"" 김성주 이사장이 밝힌 1400조 국민연금의 미래 시나리오 #국민연금 #연금고갈 #2099년 #목표 수익률5.5% #연금개혁 #김성주이사장"
2026-06-24 07:37:17,389,18,2,"""21세기 말까지 기금 소진 걱정 끝"" 김성주 이사장이 밝힌 1400조 국민연금의 미래 시나리오 #국민연금 #연금고갈 #2099년 #목표 수익률5.5% #연금개혁 #김성주이사장"
2026-06-24 08:38:50,389,18,2,"""21세기 말까지 기금 소진 걱정 끝"" 김성주 이사장이 밝힌 1400조 국민연금의 미래 시나리오 #국민연금 #연금고갈 #2099년 #목표 수익률5.5% #연금개혁 #김성주이사장"
2026-06-24 10:29:37,389,18,2,"""21세기 말까지 기금 소진 걱정 끝"" 김성주 이사장이 밝힌 1400조 국민연금의 미래 시나리오 #국민연금 #연금고갈 #2099년 #목표 수익률5.5% #연금개혁 #김성주이사장"
2026-06-24 14:41:13,389,18,2,"""21세기 말까지 기금 소진 걱정 끝"" 김성주 이사장이 밝힌 1400조 국민연금의 미래 시나리오 #국민연금 #연금고갈 #2099년 #목표 수익률5.5% #연금개혁 #김성주이사장"
2026-06-24 17:43:21,389,18,2,"""21세기 말까지 기금 소진 걱정 끝"" 김성주 이사장이 밝힌 1400조 국민연금의 미래 시나리오 #국민연금 #연금고갈 #2099년 #목표 수익률5.5% #연금개혁 #김성주이사장"
2026-06-24 20:30:27,389,18,2,"""21세기 말까지 기금 소진 걱정 끝"" 김성주 이사장이 밝힌 1400조 국민연금의 미래 시나리오 #국민연금 #연금고갈 #2099년 #목표 수익률5.5% #연금개혁 #김성주이사장"
2026-06-24 22:38:13,389,18,2,"""21세기 말까지 기금 소진 걱정 끝"" 김성주 이사장이 밝힌 1400조 국민연금의 미래 시나리오 #국민연금 #연금고갈 #2099년 #목표 수익률5.5% #연금개혁 #김성주이사장"
2026-06-25 00:58:20,389,18,2,"""21세기 말까지 기금 소진 걱정 끝"" 김성주 이사장이 밝힌 1400조 국민연금의 미래 시나리오 #국민연금 #연금고갈 #2099년 #목표 수익률5.5% #연금개혁 #김성주이사장"
2026-06-25 02:54:52,389,18,2,"""21세기 말까지 기금 소진 걱정 끝"" 김성주 이사장이 밝힌 1400조 국민연금의 미래 시나리오 #국민연금 #연금고갈 #2099년 #목표 수익률5.5% #연금개혁 #김성주이사장"
2026-06-25 04:27:15,389,18,2,"""21세기 말까지 기금 소진 걱정 끝"" 김성주 이사장이 밝힌 1400조 국민연금의 미래 시나리오 #국민연금 #연금고갈 #2099년 #목표 수익률5.5% #연금개혁 #김성주이사장"
2026-06-25 06:09:41,389,18,2,"""21세기 말까지 기금 소진 걱정 끝"" 김성주 이사장이 밝힌 1400조 국민연금의 미래 시나리오 #국민연금 #연금고갈 #2099년 #목표 수익률5.5% #연금개혁 #김성주이사장"
2026-06-25 07:38:57,389,18,2,"""21세기 말까지 기금 소진 걱정 끝"" 김성주 이사장이 밝힌 1400조 국민연금의 미래 시나리오 #국민연금 #연금고갈 #2099년 #목표 수익률5.5% #연금개혁 #김성주이사장"
2026-06-25 08:47:34,389,18,2,"""21세기 말까지 기금 소진 걱정 끝"" 김성주 이사장이 밝힌 1400조 국민연금의 미래 시나리오 #국민연금 #연금고갈 #2099년 #목표 수익률5.5% #연금개혁 #김성주이사장"
2026-06-25 10:51:21,389,18,2,"""21세기 말까지 기금 소진 걱정 끝"" 김성주 이사장이 밝힌 1400조 국민연금의 미래 시나리오 #국민연금 #연금고갈 #2099년 #목표 수익률5.5% #연금개혁 #김성주이사장"
2026-06-25 14:53:52,389,18,2,"""21세기 말까지 기금 소진 걱정 끝"" 김성주 이사장이 밝힌 1400조 국민연금의 미래 시나리오 #국민연금 #연금고갈 #2099년 #목표 수익률5.5% #연금개혁 #김성주이사장"
2026-06-25 17:45:02,389,18,2,"""21세기 말까지 기금 소진 걱정 끝"" 김성주 이사장이 밝힌 1400조 국민연금의 미래 시나리오 #국민연금 #연금고갈 #2099년 #목표 수익률5.5% #연금개혁 #김성주이사장"
2026-06-25 20:26:45,389,18,2,"""21세기 말까지 기금 소진 걱정 끝"" 김성주 이사장이 밝힌 1400조 국민연금의 미래 시나리오 #국민연금 #연금고갈 #2099년 #목표 수익률5.5% #연금개혁 #김성주이사장"
2026-06-25 22:35:01,389,18,2,"""21세기 말까지 기금 소진 걱정 끝"" 김성주 이사장이 밝힌 1400조 국민연금의 미래 시나리오 #국민연금 #연금고갈 #2099년 #목표 수익률5.5% #연금개혁 #김성주이사장"
2026-06-26 01:06:27,389,18,2,"""21세기 말까지 기금 소진 걱정 끝"" 김성주 이사장이 밝힌 1400조 국민연금의 미래 시나리오 #국민연금 #연금고갈 #2099년 #목표 수익률5.5% #연금개혁 #김성주이사장"
2026-06-26 03:23:00,389,18,2,"""21세기 말까지 기금 소진 걱정 끝"" 김성주 이사장이 밝힌 1400조 국민연금의 미래 시나리오 #국민연금 #연금고갈 #2099년 #목표 수익률5.5% #연금개혁 #김성주이사장"
2026-06-26 05:26:46,389,18,2,"""21세기 말까지 기금 소진 걱정 끝"" 김성주 이사장이 밝힌 1400조 국민연금의 미래 시나리오 #국민연금 #연금고갈 #2099년 #목표 수익률5.5% #연금개혁 #김성주이사장"
2026-06-26 07:00:17,389,18,2,"""21세기 말까지 기금 소진 걱정 끝"" 김성주 이사장이 밝힌 1400조 국민연금의 미래 시나리오 #국민연금 #연금고갈 #2099년 #목표 수익률5.5% #연금개혁 #김성주이사장"
2026-06-26 08:23:40,389,18,2,"""21세기 말까지 기금 소진 걱정 끝"" 김성주 이사장이 밝힌 1400조 국민연금의 미래 시나리오 #국민연금 #연금고갈 #2099년 #목표 수익률5.5% #연금개혁 #김성주이사장"
2026-06-26 10:34:39,389,18,2,"""21세기 말까지 기금 소진 걱정 끝"" 김성주 이사장이 밝힌 1400조 국민연금의 미래 시나리오 #국민연금 #연금고갈 #2099년 #목표 수익률5.5% #연금개혁 #김성주이사장"
2026-06-26 14:53:04,389,18,2,"""21세기 말까지 기금 소진 걱정 끝"" 김성주 이사장이 밝힌 1400조 국민연금의 미래 시나리오 #국민연금 #연금고갈 #2099년 #목표 수익률5.5% #연금개혁 #김성주이사장"
2026-06-26 17:44:05,389,18,2,"""21세기 말까지 기금 소진 걱정 끝"" 김성주 이사장이 밝힌 1400조 국민연금의 미래 시나리오 #국민연금 #연금고갈 #2099년 #목표 수익률5.5% #연금개혁 #김성주이사장"
2026-06-26 20:33:04,389,18,2,"""21세기 말까지 기금 소진 걱정 끝"" 김성주 이사장이 밝힌 1400조 국민연금의 미래 시나리오 #국민연금 #연금고갈 #2099년 #목표 수익률5.5% #연금개혁 #김성주이사장"
2026-06-26 22:34:44,389,18,2,"""21세기 말까지 기금 소진 걱정 끝"" 김성주 이사장이 밝힌 1400조 국민연금의 미래 시나리오 #국민연금 #연금고갈 #2099년 #목표 수익률5.5% #연금개혁 #김성주이사장"
2026-06-27 00:56:58,389,18,2,"""21세기 말까지 기금 소진 걱정 끝"" 김성주 이사장이 밝힌 1400조 국민연금의 미래 시나리오 #국민연금 #연금고갈 #2099년 #목표 수익률5.5% #연금개혁 #김성주이사장"
2026-06-27 02:44:48,389,18,2,"""21세기 말까지 기금 소진 걱정 끝"" 김성주 이사장이 밝힌 1400조 국민연금의 미래 시나리오 #국민연금 #연금고갈 #2099년 #목표 수익률5.5% #연금개혁 #김성주이사장"
2026-06-27 04:23:18,389,18,2,"""21세기 말까지 기금 소진 걱정 끝"" 김성주 이사장이 밝힌 1400조 국민연금의 미래 시나리오 #국민연금 #연금고갈 #2099년 #목표 수익률5.5% #연금개혁 #김성주이사장"
2026-06-27 06:00:35,389,18,2,"""21세기 말까지 기금 소진 걱정 끝"" 김성주 이사장이 밝힌 1400조 국민연금의 미래 시나리오 #국민연금 #연금고갈 #2099년 #목표 수익률5.5% #연금개혁 #김성주이사장"
2026-06-27 07:19:25,389,18,2,"""21세기 말까지 기금 소진 걱정 끝"" 김성주 이사장이 밝힌 1400조 국민연금의 미래 시나리오 #국민연금 #연금고갈 #2099년 #목표 수익률5.5% #연금개혁 #김성주이사장"
2026-06-27 08:37:56,389,18,2,"""21세기 말까지 기금 소진 걱정 끝"" 김성주 이사장이 밝힌 1400조 국민연금의 미래 시나리오 #국민연금 #연금고갈 #2099년 #목표 수익률5.5% #연금개혁 #김성주이사장"
2026-06-27 10:32:05,389,18,2,"""21세기 말까지 기금 소진 걱정 끝"" 김성주 이사장이 밝힌 1400조 국민연금의 미래 시나리오 #국민연금 #연금고갈 #2099년 #목표 수익률5.5% #연금개혁 #김성주이사장"
2026-06-27 14:32:37,389,18,2,"""21세기 말까지 기금 소진 걱정 끝"" 김성주 이사장이 밝힌 1400조 국민연금의 미래 시나리오 #국민연금 #연금고갈 #2099년 #목표 수익률5.5% #연금개혁 #김성주이사장"
2026-06-27 17:11:51,389,18,2,"""21세기 말까지 기금 소진 걱정 끝"" 김성주 이사장이 밝힌 1400조 국민연금의 미래 시나리오 #국민연금 #연금고갈 #2099년 #목표 수익률5.5% #연금개혁 #김성주이사장"
2026-06-27 19:23:07,389,18,2,"""21세기 말까지 기금 소진 걱정 끝"" 김성주 이사장이 밝힌 1400조 국민연금의 미래 시나리오 #국민연금 #연금고갈 #2099년 #목표 수익률5.5% #연금개혁 #김성주이사장"
2026-06-27 20:50:25,389,18,2,"""21세기 말까지 기금 소진 걱정 끝"" 김성주 이사장이 밝힌 1400조 국민연금의 미래 시나리오 #국민연금 #연금고갈 #2099년 #목표 수익률5.5% #연금개혁 #김성주이사장"
2026-06-27 22:00:04,389,18,2,"""21세기 말까지 기금 소진 걱정 끝"" 김성주 이사장이 밝힌 1400조 국민연금의 미래 시나리오 #국민연금 #연금고갈 #2099년 #목표 수익률5.5% #연금개혁 #김성주이사장"
2026-06-27 23:46:12,389,18,2,"""21세기 말까지 기금 소진 걱정 끝"" 김성주 이사장이 밝힌 1400조 국민연금의 미래 시나리오 #국민연금 #연금고갈 #2099년 #목표 수익률5.5% #연금개혁 #김성주이사장"
2026-06-28 00:54:18,389,18,2,"""21세기 말까지 기금 소진 걱정 끝"" 김성주 이사장이 밝힌 1400조 국민연금의 미래 시나리오 #국민연금 #연금고갈 #2099년 #목표 수익률5.5% #연금개혁 #김성주이사장"
2026-06-28 01:55:54,389,18,2,"""21세기 말까지 기금 소진 걱정 끝"" 김성주 이사장이 밝힌 1400조 국민연금의 미래 시나리오 #국민연금 #연금고갈 #2099년 #목표 수익률5.5% #연금개혁 #김성주이사장"
2026-06-28 02:57:28,389,18,2,"""21세기 말까지 기금 소진 걱정 끝"" 김성주 이사장이 밝힌 1400조 국민연금의 미래 시나리오 #국민연금 #연금고갈 #2099년 #목표 수익률5.5% #연금개혁 #김성주이사장"
2026-06-28 04:18:13,389,18,2,"""21세기 말까지 기금 소진 걱정 끝"" 김성주 이사장이 밝힌 1400조 국민연금의 미래 시나리오 #국민연금 #연금고갈 #2099년 #목표 수익률5.5% #연금개혁 #김성주이사장"
2026-06-28 05:34:39,389,18,2,"""21세기 말까지 기금 소진 걱정 끝"" 김성주 이사장이 밝힌 1400조 국민연금의 미래 시나리오 #국민연금 #연금고갈 #2099년 #목표 수익률5.5% #연금개혁 #김성주이사장"
2026-06-28 06:41:06,389,18,2,"""21세기 말까지 기금 소진 걱정 끝"" 김성주 이사장이 밝힌 1400조 국민연금의 미래 시나리오 #국민연금 #연금고갈 #2099년 #목표 수익률5.5% #연금개혁 #김성주이사장"
2026-06-28 07:43:31,389,18,2,"""21세기 말까지 기금 소진 걱정 끝"" 김성주 이사장이 밝힌 1400조 국민연금의 미래 시나리오 #국민연금 #연금고갈 #2099년 #목표 수익률5.5% #연금개혁 #김성주이사장"
2026-06-28 08:42:16,389,18,2,"""21세기 말까지 기금 소진 걱정 끝"" 김성주 이사장이 밝힌 1400조 국민연금의 미래 시나리오 #국민연금 #연금고갈 #2099년 #목표 수익률5.5% #연금개혁 #김성주이사장"
2026-06-28 10:52:10,389,18,2,"""21세기 말까지 기금 소진 걱정 끝"" 김성주 이사장이 밝힌 1400조 국민연금의 미래 시나리오 #국민연금 #연금고갈 #2099년 #목표 수익률5.5% #연금개혁 #김성주이사장"
2026-06-28 15:03:47,389,18,2,"""21세기 말까지 기금 소진 걱정 끝"" 김성주 이사장이 밝힌 1400조 국민연금의 미래 시나리오 #국민연금 #연금고갈 #2099년 #목표 수익률5.5% #연금개혁 #김성주이사장"
2026-06-28 18:27:41,389,18,2,"""21세기 말까지 기금 소진 걱정 끝"" 김성주 이사장이 밝힌 1400조 국민연금의 미래 시나리오 #국민연금 #연금고갈 #2099년 #목표 수익률5.5% #연금개혁 #김성주이사장"
2026-06-28 20:20:17,389,18,2,"""21세기 말까지 기금 소진 걱정 끝"" 김성주 이사장이 밝힌 1400조 국민연금의 미래 시나리오 #국민연금 #연금고갈 #2099년 #목표 수익률5.5% #연금개혁 #김성주이사장"
2026-06-28 21:48:29,389,18,2,"""21세기 말까지 기금 소진 걱정 끝"" 김성주 이사장이 밝힌 1400조 국민연금의 미래 시나리오 #국민연금 #연금고갈 #2099년 #목표 수익률5.5% #연금개혁 #김성주이사장"
2026-06-28 23:28:12,389,18,2,"""21세기 말까지 기금 소진 걱정 끝"" 김성주 이사장이 밝힌 1400조 국민연금의 미래 시나리오 #국민연금 #연금고갈 #2099년 #목표 수익률5.5% #연금개혁 #김성주이사장"
2026-06-29 00:50:17,389,18,2,"""21세기 말까지 기금 소진 걱정 끝"" 김성주 이사장이 밝힌 1400조 국민연금의 미래 시나리오 #국민연금 #연금고갈 #2099년 #목표 수익률5.5% #연금개혁 #김성주이사장"
2026-06-29 01:51:19,389,18,2,"""21세기 말까지 기금 소진 걱정 끝"" 김성주 이사장이 밝힌 1400조 국민연금의 미래 시나리오 #국민연금 #연금고갈 #2099년 #목표 수익률5.5% #연금개혁 #김성주이사장"
2026-06-29 02:55:09,389,18,2,"""21세기 말까지 기금 소진 걱정 끝"" 김성주 이사장이 밝힌 1400조 국민연금의 미래 시나리오 #국민연금 #연금고갈 #2099년 #목표 수익률5.5% #연금개혁 #김성주이사장"
2026-06-29 04:05:42,389,18,2,"""21세기 말까지 기금 소진 걱정 끝"" 김성주 이사장이 밝힌 1400조 국민연금의 미래 시나리오 #국민연금 #연금고갈 #2099년 #목표 수익률5.5% #연금개혁 #김성주이사장"
2026-06-29 05:21:32,389,18,2,"""21세기 말까지 기금 소진 걱정 끝"" 김성주 이사장이 밝힌 1400조 국민연금의 미래 시나리오 #국민연금 #연금고갈 #2099년 #목표 수익률5.5% #연금개혁 #김성주이사장"
2026-06-29 06:33:08,389,18,2,"""21세기 말까지 기금 소진 걱정 끝"" 김성주 이사장이 밝힌 1400조 국민연금의 미래 시나리오 #국민연금 #연금고갈 #2099년 #목표 수익률5.5% #연금개혁 #김성주이사장"
2026-06-29 07:38:25,389,18,2,"""21세기 말까지 기금 소진 걱정 끝"" 김성주 이사장이 밝힌 1400조 국민연금의 미래 시나리오 #국민연금 #연금고갈 #2099년 #목표 수익률5.5% #연금개혁 #김성주이사장"
2026-06-29 08:44:27,389,18,2,"""21세기 말까지 기금 소진 걱정 끝"" 김성주 이사장이 밝힌 1400조 국민연금의 미래 시나리오 #국민연금 #연금고갈 #2099년 #목표 수익률5.5% #연금개혁 #김성주이사장"
2026-06-29 10:56:02,389,18,2,"""21세기 말까지 기금 소진 걱정 끝"" 김성주 이사장이 밝힌 1400조 국민연금의 미래 시나리오 #국민연금 #연금고갈 #2099년 #목표 수익률5.5% #연금개혁 #김성주이사장"
2026-06-29 15:40:43,389,18,2,"""21세기 말까지 기금 소진 걱정 끝"" 김성주 이사장이 밝힌 1400조 국민연금의 미래 시나리오 #국민연금 #연금고갈 #2099년 #목표 수익률5.5% #연금개혁 #김성주이사장"
2026-06-29 20:35:14,389,18,2,"""21세기 말까지 기금 소진 걱정 끝"" 김성주 이사장이 밝힌 1400조 국민연금의 미래 시나리오 #국민연금 #연금고갈 #2099년 #목표 수익률5.5% #연금개혁 #김성주이사장"
2026-06-30 00:02:04,389,18,2,"""21세기 말까지 기금 소진 걱정 끝"" 김성주 이사장이 밝힌 1400조 국민연금의 미래 시나리오 #국민연금 #연금고갈 #2099년 #목표 수익률5.5% #연금개혁 #김성주이사장"
2026-06-30 02:45:27,389,18,2,"""21세기 말까지 기금 소진 걱정 끝"" 김성주 이사장이 밝힌 1400조 국민연금의 미래 시나리오 #국민연금 #연금고갈 #2099년 #목표 수익률5.5% #연금개혁 #김성주이사장"
2026-06-30 04:26:40,389,18,2,"""21세기 말까지 기금 소진 걱정 끝"" 김성주 이사장이 밝힌 1400조 국민연금의 미래 시나리오 #국민연금 #연금고갈 #2099년 #목표 수익률5.5% #연금개혁 #김성주이사장"
2026-06-30 06:07:15,389,18,2,"""21세기 말까지 기금 소진 걱정 끝"" 김성주 이사장이 밝힌 1400조 국민연금의 미래 시나리오 #국민연금 #연금고갈 #2099년 #목표 수익률5.5% #연금개혁 #김성주이사장"
2026-06-30 07:19:01,389,18,2,"""21세기 말까지 기금 소진 걱정 끝"" 김성주 이사장이 밝힌 1400조 국민연금의 미래 시나리오 #국민연금 #연금고갈 #2099년 #목표 수익률5.5% #연금개혁 #김성주이사장"
2026-06-30 08:32:31,389,18,2,"""21세기 말까지 기금 소진 걱정 끝"" 김성주 이사장이 밝힌 1400조 국민연금의 미래 시나리오 #국민연금 #연금고갈 #2099년 #목표 수익률5.5% #연금개혁 #김성주이사장"
2026-06-30 10:32:52,389,18,2,"""21세기 말까지 기금 소진 걱정 끝"" 김성주 이사장이 밝힌 1400조 국민연금의 미래 시나리오 #국민연금 #연금고갈 #2099년 #목표 수익률5.5% #연금개혁 #김성주이사장"
2026-06-30 14:50:23,389,18,2,"""21세기 말까지 기금 소진 걱정 끝"" 김성주 이사장이 밝힌 1400조 국민연금의 미래 시나리오 #국민연금 #연금고갈 #2099년 #목표 수익률5.5% #연금개혁 #김성주이사장"
2026-06-30 17:48:25,389,18,2,"""21세기 말까지 기금 소진 걱정 끝"" 김성주 이사장이 밝힌 1400조 국민연금의 미래 시나리오 #국민연금 #연금고갈 #2099년 #목표 수익률5.5% #연금개혁 #김성주이사장"
2026-06-30 20:34:51,389,18,2,"""21세기 말까지 기금 소진 걱정 끝"" 김성주 이사장이 밝힌 1400조 국민연금의 미래 시나리오 #국민연금 #연금고갈 #2099년 #목표 수익률5.5% #연금개혁 #김성주이사장"
2026-06-30 22:27:06,389,18,2,"""21세기 말까지 기금 소진 걱정 끝"" 김성주 이사장이 밝힌 1400조 국민연금의 미래 시나리오 #국민연금 #연금고갈 #2099년 #목표 수익률5.5% #연금개혁 #김성주이사장"
2026-07-01 01:02:50,389,18,2,"""21세기 말까지 기금 소진 걱정 끝"" 김성주 이사장이 밝힌 1400조 국민연금의 미래 시나리오 #국민연금 #연금고갈 #2099년 #목표 수익률5.5% #연금개혁 #김성주이사장"
2026-07-01 03:07:03,389,18,2,"""21세기 말까지 기금 소진 걱정 끝"" 김성주 이사장이 밝힌 1400조 국민연금의 미래 시나리오 #국민연금 #연금고갈 #2099년 #목표 수익률5.5% #연금개혁 #김성주이사장"
2026-07-01 05:14:48,389,18,2,"""21세기 말까지 기금 소진 걱정 끝"" 김성주 이사장이 밝힌 1400조 국민연금의 미래 시나리오 #국민연금 #연금고갈 #2099년 #목표 수익률5.5% #연금개혁 #김성주이사장"
2026-07-01 06:47:51,389,18,2,"""21세기 말까지 기금 소진 걱정 끝"" 김성주 이사장이 밝힌 1400조 국민연금의 미래 시나리오 #국민연금 #연금고갈 #2099년 #목표 수익률5.5% #연금개혁 #김성주이사장"
2026-07-01 07:59:18,389,18,2,"""21세기 말까지 기금 소진 걱정 끝"" 김성주 이사장이 밝힌 1400조 국민연금의 미래 시나리오 #국민연금 #연금고갈 #2099년 #목표 수익률5.5% #연금개혁 #김성주이사장"
2026-07-01 09:08:53,389,18,2,"""21세기 말까지 기금 소진 걱정 끝"" 김성주 이사장이 밝힌 1400조 국민연금의 미래 시나리오 #국민연금 #연금고갈 #2099년 #목표 수익률5.5% #연금개혁 #김성주이사장"
2026-07-01 13:51:52,389,18,2,"""21세기 말까지 기금 소진 걱정 끝"" 김성주 이사장이 밝힌 1400조 국민연금의 미래 시나리오 #국민연금 #연금고갈 #2099년 #목표 수익률5.5% #연금개혁 #김성주이사장"
2026-07-01 17:42:31,389,18,2,"""21세기 말까지 기금 소진 걱정 끝"" 김성주 이사장이 밝힌 1400조 국민연금의 미래 시나리오 #국민연금 #연금고갈 #2099년 #목표 수익률5.5% #연금개혁 #김성주이사장"
2026-07-01 20:43:41,389,18,2,"""21세기 말까지 기금 소진 걱정 끝"" 김성주 이사장이 밝힌 1400조 국민연금의 미래 시나리오 #국민연금 #연금고갈 #2099년 #목표 수익률5.5% #연금개혁 #김성주이사장"
2026-07-01 22:55:26,389,18,2,"""21세기 말까지 기금 소진 걱정 끝"" 김성주 이사장이 밝힌 1400조 국민연금의 미래 시나리오 #국민연금 #연금고갈 #2099년 #목표 수익률5.5% #연금개혁 #김성주이사장"
2026-07-02 01:19:58,389,18,2,"""21세기 말까지 기금 소진 걱정 끝"" 김성주 이사장이 밝힌 1400조 국민연금의 미래 시나리오 #국민연금 #연금고갈 #2099년 #목표 수익률5.5% #연금개혁 #김성주이사장"
2026-07-02 03:19:16,389,18,2,"""21세기 말까지 기금 소진 걱정 끝"" 김성주 이사장이 밝힌 1400조 국민연금의 미래 시나리오 #국민연금 #연금고갈 #2099년 #목표 수익률5.5% #연금개혁 #김성주이사장"
2026-07-02 05:18:38,389,18,2,"""21세기 말까지 기금 소진 걱정 끝"" 김성주 이사장이 밝힌 1400조 국민연금의 미래 시나리오 #국민연금 #연금고갈 #2099년 #목표 수익률5.5% #연금개혁 #김성주이사장"
2026-07-02 06:52:25,389,18,2,"""21세기 말까지 기금 소진 걱정 끝"" 김성주 이사장이 밝힌 1400조 국민연금의 미래 시나리오 #국민연금 #연금고갈 #2099년 #목표 수익률5.5% #연금개혁 #김성주이사장"
2026-07-02 07:57:54,389,18,2,"""21세기 말까지 기금 소진 걱정 끝"" 김성주 이사장이 밝힌 1400조 국민연금의 미래 시나리오 #국민연금 #연금고갈 #2099년 #목표 수익률5.5% #연금개혁 #김성주이사장"
2026-07-02 09:06:31,389,18,2,"""21세기 말까지 기금 소진 걱정 끝"" 김성주 이사장이 밝힌 1400조 국민연금의 미래 시나리오 #국민연금 #연금고갈 #2099년 #목표 수익률5.5% #연금개혁 #김성주이사장"
2026-07-02 13:18:08,389,18,2,"""21세기 말까지 기금 소진 걱정 끝"" 김성주 이사장이 밝힌 1400조 국민연금의 미래 시나리오 #국민연금 #연금고갈 #2099년 #목표 수익률5.5% #연금개혁 #김성주이사장"
2026-07-02 16:46:15,389,18,2,"""21세기 말까지 기금 소진 걱정 끝"" 김성주 이사장이 밝힌 1400조 국민연금의 미래 시나리오 #국민연금 #연금고갈 #2099년 #목표 수익률5.5% #연금개혁 #김성주이사장"
2026-07-02 19:22:35,389,18,2,"""21세기 말까지 기금 소진 걱정 끝"" 김성주 이사장이 밝힌 1400조 국민연금의 미래 시나리오 #국민연금 #연금고갈 #2099년 #목표 수익률5.5% #연금개혁 #김성주이사장"
2026-07-02 21:24:17,389,18,2,"""21세기 말까지 기금 소진 걱정 끝"" 김성주 이사장이 밝힌 1400조 국민연금의 미래 시나리오 #국민연금 #연금고갈 #2099년 #목표 수익률5.5% #연금개혁 #김성주이사장"
2026-07-02 23:35:09,389,18,2,"""21세기 말까지 기금 소진 걱정 끝"" 김성주 이사장이 밝힌 1400조 국민연금의 미래 시나리오 #국민연금 #연금고갈 #2099년 #목표 수익률5.5% #연금개혁 #김성주이사장"
2026-07-03 01:23:23,389,18,2,"""21세기 말까지 기금 소진 걱정 끝"" 김성주 이사장이 밝힌 1400조 국민연금의 미래 시나리오 #국민연금 #연금고갈 #2099년 #목표 수익률5.5% #연금개혁 #김성주이사장"
2026-07-03 03:08:21,389,18,2,"""21세기 말까지 기금 소진 걱정 끝"" 김성주 이사장이 밝힌 1400조 국민연금의 미래 시나리오 #국민연금 #연금고갈 #2099년 #목표 수익률5.5% #연금개혁 #김성주이사장"
2026-07-03 04:47:37,389,18,2,"""21세기 말까지 기금 소진 걱정 끝"" 김성주 이사장이 밝힌 1400조 국민연금의 미래 시나리오 #국민연금 #연금고갈 #2099년 #목표 수익률5.5% #연금개혁 #김성주이사장"
2026-07-03 05:46:21,389,18,2,"""21세기 말까지 기금 소진 걱정 끝"" 김성주 이사장이 밝힌 1400조 국민연금의 미래 시나리오 #국민연금 #연금고갈 #2099년 #목표 수익률5.5% #연금개혁 #김성주이사장"
2026-07-03 06:52:08,389,18,2,"""21세기 말까지 기금 소진 걱정 끝"" 김성주 이사장이 밝힌 1400조 국민연금의 미래 시나리오 #국민연금 #연금고갈 #2099년 #목표 수익률5.5% #연금개혁 #김성주이사장"
2026-07-03 07:52:29,389,18,2,"""21세기 말까지 기금 소진 걱정 끝"" 김성주 이사장이 밝힌 1400조 국민연금의 미래 시나리오 #국민연금 #연금고갈 #2099년 #목표 수익률5.5% #연금개혁 #김성주이사장"
2026-07-03 08:51:36,389,18,2,"""21세기 말까지 기금 소진 걱정 끝"" 김성주 이사장이 밝힌 1400조 국민연금의 미래 시나리오 #국민연금 #연금고갈 #2099년 #목표 수익률5.5% #연금개혁 #김성주이사장"
2026-07-03 10:23:02,389,18,2,"""21세기 말까지 기금 소진 걱정 끝"" 김성주 이사장이 밝힌 1400조 국민연금의 미래 시나리오 #국민연금 #연금고갈 #2099년 #목표 수익률5.5% #연금개혁 #김성주이사장"
2026-07-03 14:04:27,391,18,2,"""21세기 말까지 기금 소진 걱정 끝"" 김성주 이사장이 밝힌 1400조 국민연금의 미래 시나리오 #국민연금 #연금고갈 #2099년 #목표 수익률5.5% #연금개혁 #김성주이사장"
2026-07-03 17:20:41,391,18,2,"""21세기 말까지 기금 소진 걱정 끝"" 김성주 이사장이 밝힌 1400조 국민연금의 미래 시나리오 #국민연금 #연금고갈 #2099년 #목표 수익률5.5% #연금개혁 #김성주이사장"
2026-07-03 20:04:10,391,18,2,"""21세기 말까지 기금 소진 걱정 끝"" 김성주 이사장이 밝힌 1400조 국민연금의 미래 시나리오 #국민연금 #연금고갈 #2099년 #목표 수익률5.5% #연금개혁 #김성주이사장"
2026-07-03 22:03:35,391,18,2,"""21세기 말까지 기금 소진 걱정 끝"" 김성주 이사장이 밝힌 1400조 국민연금의 미래 시나리오 #국민연금 #연금고갈 #2099년 #목표 수익률5.5% #연금개혁 #김성주이사장"
2026-07-04 00:19:49,391,18,2,"""21세기 말까지 기금 소진 걱정 끝"" 김성주 이사장이 밝힌 1400조 국민연금의 미래 시나리오 #국민연금 #연금고갈 #2099년 #목표 수익률5.5% #연금개혁 #김성주이사장"
2026-07-04 01:48:29,391,18,2,"""21세기 말까지 기금 소진 걱정 끝"" 김성주 이사장이 밝힌 1400조 국민연금의 미래 시나리오 #국민연금 #연금고갈 #2099년 #목표 수익률5.5% #연금개혁 #김성주이사장"
2026-07-04 03:04:27,391,18,2,"""21세기 말까지 기금 소진 걱정 끝"" 김성주 이사장이 밝힌 1400조 국민연금의 미래 시나리오 #국민연금 #연금고갈 #2099년 #목표 수익률5.5% #연금개혁 #김성주이사장"
2026-07-04 04:43:38,391,18,2,"""21세기 말까지 기금 소진 걱정 끝"" 김성주 이사장이 밝힌 1400조 국민연금의 미래 시나리오 #국민연금 #연금고갈 #2099년 #목표 수익률5.5% #연금개혁 #김성주이사장"
2026-07-04 05:44:13,391,18,2,"""21세기 말까지 기금 소진 걱정 끝"" 김성주 이사장이 밝힌 1400조 국민연금의 미래 시나리오 #국민연금 #연금고갈 #2099년 #목표 수익률5.5% #연금개혁 #김성주이사장"
2026-07-04 06:46:30,391,18,2,"""21세기 말까지 기금 소진 걱정 끝"" 김성주 이사장이 밝힌 1400조 국민연금의 미래 시나리오 #국민연금 #연금고갈 #2099년 #목표 수익률5.5% #연금개혁 #김성주이사장"
2026-07-04 07:45:02,391,18,2,"""21세기 말까지 기금 소진 걱정 끝"" 김성주 이사장이 밝힌 1400조 국민연금의 미래 시나리오 #국민연금 #연금고갈 #2099년 #목표 수익률5.5% #연금개혁 #김성주이사장"
2026-07-04 08:44:52,391,18,2,"""21세기 말까지 기금 소진 걱정 끝"" 김성주 이사장이 밝힌 1400조 국민연금의 미래 시나리오 #국민연금 #연금고갈 #2099년 #목표 수익률5.5% #연금개혁 #김성주이사장"
2026-07-04 10:18:38,391,18,2,"""21세기 말까지 기금 소진 걱정 끝"" 김성주 이사장이 밝힌 1400조 국민연금의 미래 시나리오 #국민연금 #연금고갈 #2099년 #목표 수익률5.5% #연금개혁 #김성주이사장"
2026-07-04 13:55:51,391,18,2,"""21세기 말까지 기금 소진 걱정 끝"" 김성주 이사장이 밝힌 1400조 국민연금의 미래 시나리오 #국민연금 #연금고갈 #2099년 #목표 수익률5.5% #연금개혁 #김성주이사장"
2026-07-04 16:39:53,391,18,2,"""21세기 말까지 기금 소진 걱정 끝"" 김성주 이사장이 밝힌 1400조 국민연금의 미래 시나리오 #국민연금 #연금고갈 #2099년 #목표 수익률5.5% #연금개혁 #김성주이사장"
2026-07-04 18:51:02,391,18,2,"""21세기 말까지 기금 소진 걱정 끝"" 김성주 이사장이 밝힌 1400조 국민연금의 미래 시나리오 #국민연금 #연금고갈 #2099년 #목표 수익률5.5% #연금개혁 #김성주이사장"
2026-07-04 20:14:02,391,18,2,"""21세기 말까지 기금 소진 걱정 끝"" 김성주 이사장이 밝힌 1400조 국민연금의 미래 시나리오 #국민연금 #연금고갈 #2099년 #목표 수익률5.5% #연금개혁 #김성주이사장"
2026-07-04 21:18:45,391,18,2,"""21세기 말까지 기금 소진 걱정 끝"" 김성주 이사장이 밝힌 1400조 국민연금의 미래 시나리오 #국민연금 #연금고갈 #2099년 #목표 수익률5.5% #연금개혁 #김성주이사장"
2026-07-04 23:03:14,391,18,2,"""21세기 말까지 기금 소진 걱정 끝"" 김성주 이사장이 밝힌 1400조 국민연금의 미래 시나리오 #국민연금 #연금고갈 #2099년 #목표 수익률5.5% #연금개혁 #김성주이사장"
2026-07-05 00:16:00,391,18,2,"""21세기 말까지 기금 소진 걱정 끝"" 김성주 이사장이 밝힌 1400조 국민연금의 미래 시나리오 #국민연금 #연금고갈 #2099년 #목표 수익률5.5% #연금개혁 #김성주이사장"
2026-07-05 01:16:50,391,18,2,"""21세기 말까지 기금 소진 걱정 끝"" 김성주 이사장이 밝힌 1400조 국민연금의 미래 시나리오 #국민연금 #연금고갈 #2099년 #목표 수익률5.5% #연금개혁 #김성주이사장"
2026-07-05 02:30:01,391,18,2,"""21세기 말까지 기금 소진 걱정 끝"" 김성주 이사장이 밝힌 1400조 국민연금의 미래 시나리오 #국민연금 #연금고갈 #2099년 #목표 수익률5.5% #연금개혁 #김성주이사장"
2026-07-05 03:33:49,391,18,2,"""21세기 말까지 기금 소진 걱정 끝"" 김성주 이사장이 밝힌 1400조 국민연금의 미래 시나리오 #국민연금 #연금고갈 #2099년 #목표 수익률5.5% #연금개혁 #김성주이사장"
2026-07-05 04:48:03,391,18,2,"""21세기 말까지 기금 소진 걱정 끝"" 김성주 이사장이 밝힌 1400조 국민연금의 미래 시나리오 #국민연금 #연금고갈 #2099년 #목표 수익률5.5% #연금개혁 #김성주이사장"
2026-07-05 05:38:19,391,18,2,"""21세기 말까지 기금 소진 걱정 끝"" 김성주 이사장이 밝힌 1400조 국민연금의 미래 시나리오 #국민연금 #연금고갈 #2099년 #목표 수익률5.5% #연금개혁 #김성주이사장"
2026-07-05 06:36:28,391,18,2,"""21세기 말까지 기금 소진 걱정 끝"" 김성주 이사장이 밝힌 1400조 국민연금의 미래 시나리오 #국민연금 #연금고갈 #2099년 #목표 수익률5.5% #연금개혁 #김성주이사장"
2026-07-05 07:35:04,391,18,2,"""21세기 말까지 기금 소진 걱정 끝"" 김성주 이사장이 밝힌 1400조 국민연금의 미래 시나리오 #국민연금 #연금고갈 #2099년 #목표 수익률5.5% #연금개혁 #김성주이사장"
2026-07-05 08:38:39,391,18,2,"""21세기 말까지 기금 소진 걱정 끝"" 김성주 이사장이 밝힌 1400조 국민연금의 미래 시나리오 #국민연금 #연금고갈 #2099년 #목표 수익률5.5% #연금개혁 #김성주이사장"
2026-07-05 10:22:21,391,18,2,"""21세기 말까지 기금 소진 걱정 끝"" 김성주 이사장이 밝힌 1400조 국민연금의 미래 시나리오 #국민연금 #연금고갈 #2099년 #목표 수익률5.5% #연금개혁 #김성주이사장"
2026-07-05 14:13:16,391,18,2,"""21세기 말까지 기금 소진 걱정 끝"" 김성주 이사장이 밝힌 1400조 국민연금의 미래 시나리오 #국민연금 #연금고갈 #2099년 #목표 수익률5.5% #연금개혁 #김성주이사장"
2026-07-05 17:17:44,391,18,2,"""21세기 말까지 기금 소진 걱정 끝"" 김성주 이사장이 밝힌 1400조 국민연금의 미래 시나리오 #국민연금 #연금고갈 #2099년 #목표 수익률5.5% #연금개혁 #김성주이사장"
2026-07-05 19:30:36,391,18,2,"""21세기 말까지 기금 소진 걱정 끝"" 김성주 이사장이 밝힌 1400조 국민연금의 미래 시나리오 #국민연금 #연금고갈 #2099년 #목표 수익률5.5% #연금개혁 #김성주이사장"
2026-07-05 20:57:07,391,18,2,"""21세기 말까지 기금 소진 걱정 끝"" 김성주 이사장이 밝힌 1400조 국민연금의 미래 시나리오 #국민연금 #연금고갈 #2099년 #목표 수익률5.5% #연금개혁 #김성주이사장"
2026-07-05 22:25:11,391,18,2,"""21세기 말까지 기금 소진 걱정 끝"" 김성주 이사장이 밝힌 1400조 국민연금의 미래 시나리오 #국민연금 #연금고갈 #2099년 #목표 수익률5.5% #연금개혁 #김성주이사장"
2026-07-05 23:56:25,391,18,2,"""21세기 말까지 기금 소진 걱정 끝"" 김성주 이사장이 밝힌 1400조 국민연금의 미래 시나리오 #국민연금 #연금고갈 #2099년 #목표 수익률5.5% #연금개혁 #김성주이사장"
2026-07-06 01:03:20,391,18,2,"""21세기 말까지 기금 소진 걱정 끝"" 김성주 이사장이 밝힌 1400조 국민연금의 미래 시나리오 #국민연금 #연금고갈 #2099년 #목표 수익률5.5% #연금개혁 #김성주이사장"
2026-07-06 02:22:56,391,18,2,"""21세기 말까지 기금 소진 걱정 끝"" 김성주 이사장이 밝힌 1400조 국민연금의 미래 시나리오 #국민연금 #연금고갈 #2099년 #목표 수익률5.5% #연금개혁 #김성주이사장"
2026-07-06 03:33:34,391,18,2,"""21세기 말까지 기금 소진 걱정 끝"" 김성주 이사장이 밝힌 1400조 국민연금의 미래 시나리오 #국민연금 #연금고갈 #2099년 #목표 수익률5.5% #연금개혁 #김성주이사장"
2026-07-06 04:53:56,391,18,2,"""21세기 말까지 기금 소진 걱정 끝"" 김성주 이사장이 밝힌 1400조 국민연금의 미래 시나리오 #국민연금 #연금고갈 #2099년 #목표 수익률5.5% #연금개혁 #김성주이사장"
2026-07-06 05:44:46,391,18,2,"""21세기 말까지 기금 소진 걱정 끝"" 김성주 이사장이 밝힌 1400조 국민연금의 미래 시나리오 #국민연금 #연금고갈 #2099년 #목표 수익률5.5% #연금개혁 #김성주이사장"
2026-07-06 06:42:43,391,18,2,"""21세기 말까지 기금 소진 걱정 끝"" 김성주 이사장이 밝힌 1400조 국민연금의 미래 시나리오 #국민연금 #연금고갈 #2099년 #목표 수익률5.5% #연금개혁 #김성주이사장"
2026-07-06 07:39:57,391,18,2,"""21세기 말까지 기금 소진 걱정 끝"" 김성주 이사장이 밝힌 1400조 국민연금의 미래 시나리오 #국민연금 #연금고갈 #2099년 #목표 수익률5.5% #연금개혁 #김성주이사장"
2026-07-06 08:43:15,391,18,2,"""21세기 말까지 기금 소진 걱정 끝"" 김성주 이사장이 밝힌 1400조 국민연금의 미래 시나리오 #국민연금 #연금고갈 #2099년 #목표 수익률5.5% #연금개혁 #김성주이사장"
2026-07-06 10:24:02,391,18,2,"""21세기 말까지 기금 소진 걱정 끝"" 김성주 이사장이 밝힌 1400조 국민연금의 미래 시나리오 #국민연금 #연금고갈 #2099년 #목표 수익률5.5% #연금개혁 #김성주이사장"
2026-07-06 14:45:34,391,18,2,"""21세기 말까지 기금 소진 걱정 끝"" 김성주 이사장이 밝힌 1400조 국민연금의 미래 시나리오 #국민연금 #연금고갈 #2099년 #목표 수익률5.5% #연금개혁 #김성주이사장"
2026-07-06 18:45:19,391,18,2,"""21세기 말까지 기금 소진 걱정 끝"" 김성주 이사장이 밝힌 1400조 국민연금의 미래 시나리오 #국민연금 #연금고갈 #2099년 #목표 수익률5.5% #연금개혁 #김성주이사장"
2026-07-06 22:32:05,391,18,2,"""21세기 말까지 기금 소진 걱정 끝"" 김성주 이사장이 밝힌 1400조 국민연금의 미래 시나리오 #국민연금 #연금고갈 #2099년 #목표 수익률5.5% #연금개혁 #김성주이사장"
2026-07-07 01:41:05,391,18,2,"""21세기 말까지 기금 소진 걱정 끝"" 김성주 이사장이 밝힌 1400조 국민연금의 미래 시나리오 #국민연금 #연금고갈 #2099년 #목표 수익률5.5% #연금개혁 #김성주이사장"
2026-07-07 03:30:37,391,18,2,"""21세기 말까지 기금 소진 걱정 끝"" 김성주 이사장이 밝힌 1400조 국민연금의 미래 시나리오 #국민연금 #연금고갈 #2099년 #목표 수익률5.5% #연금개혁 #김성주이사장"
2026-07-07 05:27:23,391,18,2,"""21세기 말까지 기금 소진 걱정 끝"" 김성주 이사장이 밝힌 1400조 국민연금의 미래 시나리오 #국민연금 #연금고갈 #2099년 #목표 수익률5.5% #연금개혁 #김성주이사장"
2026-07-07 06:55:06,391,18,2,"""21세기 말까지 기금 소진 걱정 끝"" 김성주 이사장이 밝힌 1400조 국민연금의 미래 시나리오 #국민연금 #연금고갈 #2099년 #목표 수익률5.5% #연금개혁 #김성주이사장"
2026-07-07 07:59:36,391,18,2,"""21세기 말까지 기금 소진 걱정 끝"" 김성주 이사장이 밝힌 1400조 국민연금의 미래 시나리오 #국민연금 #연금고갈 #2099년 #목표 수익률5.5% #연금개혁 #김성주이사장"
2026-07-07 09:12:34,391,18,2,"""21세기 말까지 기금 소진 걱정 끝"" 김성주 이사장이 밝힌 1400조 국민연금의 미래 시나리오 #국민연금 #연금고갈 #2099년 #목표 수익률5.5% #연금개혁 #김성주이사장"
2026-07-07 13:16:35,391,18,2,"""21세기 말까지 기금 소진 걱정 끝"" 김성주 이사장이 밝힌 1400조 국민연금의 미래 시나리오 #국민연금 #연금고갈 #2099년 #목표 수익률5.5% #연금개혁 #김성주이사장"
2026-07-07 16:54:21,391,18,2,"""21세기 말까지 기금 소진 걱정 끝"" 김성주 이사장이 밝힌 1400조 국민연금의 미래 시나리오 #국민연금 #연금고갈 #2099년 #목표 수익률5.5% #연금개혁 #김성주이사장"
2026-07-07 19:44:51,391,18,2,"""21세기 말까지 기금 소진 걱정 끝"" 김성주 이사장이 밝힌 1400조 국민연금의 미래 시나리오 #국민연금 #연금고갈 #2099년 #목표 수익률5.5% #연금개혁 #김성주이사장"
2026-07-07 22:06:47,391,18,2,"""21세기 말까지 기금 소진 걱정 끝"" 김성주 이사장이 밝힌 1400조 국민연금의 미래 시나리오 #국민연금 #연금고갈 #2099년 #목표 수익률5.5% #연금개혁 #김성주이사장"
2026-07-08 00:49:16,391,18,2,"""21세기 말까지 기금 소진 걱정 끝"" 김성주 이사장이 밝힌 1400조 국민연금의 미래 시나리오 #국민연금 #연금고갈 #2099년 #목표 수익률5.5% #연금개혁 #김성주이사장"
2026-07-08 02:47:08,391,18,2,"""21세기 말까지 기금 소진 걱정 끝"" 김성주 이사장이 밝힌 1400조 국민연금의 미래 시나리오 #국민연금 #연금고갈 #2099년 #목표 수익률5.5% #연금개혁 #김성주이사장"
2026-07-08 04:26:40,391,18,2,"""21세기 말까지 기금 소진 걱정 끝"" 김성주 이사장이 밝힌 1400조 국민연금의 미래 시나리오 #국민연금 #연금고갈 #2099년 #목표 수익률5.5% #연금개혁 #김성주이사장"
2026-07-08 06:04:51,391,18,2,"""21세기 말까지 기금 소진 걱정 끝"" 김성주 이사장이 밝힌 1400조 국민연금의 미래 시나리오 #국민연금 #연금고갈 #2099년 #목표 수익률5.5% #연금개혁 #김성주이사장"
2026-07-08 07:19:44,391,18,2,"""21세기 말까지 기금 소진 걱정 끝"" 김성주 이사장이 밝힌 1400조 국민연금의 미래 시나리오 #국민연금 #연금고갈 #2099년 #목표 수익률5.5% #연금개혁 #김성주이사장"
2026-07-08 08:17:40,391,18,2,"""21세기 말까지 기금 소진 걱정 끝"" 김성주 이사장이 밝힌 1400조 국민연금의 미래 시나리오 #국민연금 #연금고갈 #2099년 #목표 수익률5.5% #연금개혁 #김성주이사장"
2026-07-08 09:15:05,391,18,2,"""21세기 말까지 기금 소진 걱정 끝"" 김성주 이사장이 밝힌 1400조 국민연금의 미래 시나리오 #국민연금 #연금고갈 #2099년 #목표 수익률5.5% #연금개혁 #김성주이사장"
2026-07-08 12:46:39,391,18,2,"""21세기 말까지 기금 소진 걱정 끝"" 김성주 이사장이 밝힌 1400조 국민연금의 미래 시나리오 #국민연금 #연금고갈 #2099년 #목표 수익률5.5% #연금개혁 #김성주이사장"
2026-07-08 15:17:07,391,18,2,"""21세기 말까지 기금 소진 걱정 끝"" 김성주 이사장이 밝힌 1400조 국민연금의 미래 시나리오 #국민연금 #연금고갈 #2099년 #목표 수익률5.5% #연금개혁 #김성주이사장"
2026-07-08 17:46:50,391,18,2,"""21세기 말까지 기금 소진 걱정 끝"" 김성주 이사장이 밝힌 1400조 국민연금의 미래 시나리오 #국민연금 #연금고갈 #2099년 #목표 수익률5.5% #연금개혁 #김성주이사장"
2026-07-08 19:50:50,391,18,2,"""21세기 말까지 기금 소진 걱정 끝"" 김성주 이사장이 밝힌 1400조 국민연금의 미래 시나리오 #국민연금 #연금고갈 #2099년 #목표 수익률5.5% #연금개혁 #김성주이사장"
2026-07-08 21:09:51,391,18,2,"""21세기 말까지 기금 소진 걱정 끝"" 김성주 이사장이 밝힌 1400조 국민연금의 미래 시나리오 #국민연금 #연금고갈 #2099년 #목표 수익률5.5% #연금개혁 #김성주이사장"
2026-07-08 23:38:58,391,18,2,"""21세기 말까지 기금 소진 걱정 끝"" 김성주 이사장이 밝힌 1400조 국민연금의 미래 시나리오 #국민연금 #연금고갈 #2099년 #목표 수익률5.5% #연금개혁 #김성주이사장"
2026-07-09 01:18:36,391,18,2,"""21세기 말까지 기금 소진 걱정 끝"" 김성주 이사장이 밝힌 1400조 국민연금의 미래 시나리오 #국민연금 #연금고갈 #2099년 #목표 수익률5.5% #연금개혁 #김성주이사장"
2026-07-09 02:54:35,391,18,2,"""21세기 말까지 기금 소진 걱정 끝"" 김성주 이사장이 밝힌 1400조 국민연금의 미래 시나리오 #국민연금 #연금고갈 #2099년 #목표 수익률5.5% #연금개혁 #김성주이사장"
2026-07-09 04:07:12,391,18,2,"""21세기 말까지 기금 소진 걱정 끝"" 김성주 이사장이 밝힌 1400조 국민연금의 미래 시나리오 #국민연금 #연금고갈 #2099년 #목표 수익률5.5% #연금개혁 #김성주이사장"
2026-07-09 05:35:58,391,18,2,"""21세기 말까지 기금 소진 걱정 끝"" 김성주 이사장이 밝힌 1400조 국민연금의 미래 시나리오 #국민연금 #연금고갈 #2099년 #목표 수익률5.5% #연금개혁 #김성주이사장"
2026-07-09 06:46:11,391,18,2,"""21세기 말까지 기금 소진 걱정 끝"" 김성주 이사장이 밝힌 1400조 국민연금의 미래 시나리오 #국민연금 #연금고갈 #2099년 #목표 수익률5.5% #연금개혁 #김성주이사장"
2026-07-09 07:45:40,392,18,2,"""21세기 말까지 기금 소진 걱정 끝"" 김성주 이사장이 밝힌 1400조 국민연금의 미래 시나리오 #국민연금 #연금고갈 #2099년 #목표 수익률5.5% #연금개혁 #김성주이사장"
2026-07-09 08:48:16,391,18,2,"""21세기 말까지 기금 소진 걱정 끝"" 김성주 이사장이 밝힌 1400조 국민연금의 미래 시나리오 #국민연금 #연금고갈 #2099년 #목표 수익률5.5% #연금개혁 #김성주이사장"
2026-07-09 10:20:35,392,18,2,"""21세기 말까지 기금 소진 걱정 끝"" 김성주 이사장이 밝힌 1400조 국민연금의 미래 시나리오 #국민연금 #연금고갈 #2099년 #목표 수익률5.5% #연금개혁 #김성주이사장"
2026-07-09 14:12:56,392,18,2,"""21세기 말까지 기금 소진 걱정 끝"" 김성주 이사장이 밝힌 1400조 국민연금의 미래 시나리오 #국민연금 #연금고갈 #2099년 #목표 수익률5.5% #연금개혁 #김성주이사장"
2026-07-09 17:55:13,392,18,2,"""21세기 말까지 기금 소진 걱정 끝"" 김성주 이사장이 밝힌 1400조 국민연금의 미래 시나리오 #국민연금 #연금고갈 #2099년 #목표 수익률5.5% #연금개혁 #김성주이사장"
2026-07-09 20:41:45,392,18,2,"""21세기 말까지 기금 소진 걱정 끝"" 김성주 이사장이 밝힌 1400조 국민연금의 미래 시나리오 #국민연금 #연금고갈 #2099년 #목표 수익률5.5% #연금개혁 #김성주이사장"
2026-07-09 23:11:57,392,18,2,"""21세기 말까지 기금 소진 걱정 끝"" 김성주 이사장이 밝힌 1400조 국민연금의 미래 시나리오 #국민연금 #연금고갈 #2099년 #목표 수익률5.5% #연금개혁 #김성주이사장"
2026-07-10 01:40:22,392,18,2,"""21세기 말까지 기금 소진 걱정 끝"" 김성주 이사장이 밝힌 1400조 국민연금의 미래 시나리오 #국민연금 #연금고갈 #2099년 #목표 수익률5.5% #연금개혁 #김성주이사장"
2026-07-10 03:25:29,392,18,2,"""21세기 말까지 기금 소진 걱정 끝"" 김성주 이사장이 밝힌 1400조 국민연금의 미래 시나리오 #국민연금 #연금고갈 #2099년 #목표 수익률5.5% #연금개혁 #김성주이사장"
2026-07-10 05:15:55,392,18,2,"""21세기 말까지 기금 소진 걱정 끝"" 김성주 이사장이 밝힌 1400조 국민연금의 미래 시나리오 #국민연금 #연금고갈 #2099년 #목표 수익률5.5% #연금개혁 #김성주이사장"
2026-07-10 06:47:52,392,18,2,"""21세기 말까지 기금 소진 걱정 끝"" 김성주 이사장이 밝힌 1400조 국민연금의 미래 시나리오 #국민연금 #연금고갈 #2099년 #목표 수익률5.5% #연금개혁 #김성주이사장"
2026-07-10 07:58:14,392,18,2,"""21세기 말까지 기금 소진 걱정 끝"" 김성주 이사장이 밝힌 1400조 국민연금의 미래 시나리오 #국민연금 #연금고갈 #2099년 #목표 수익률5.5% #연금개혁 #김성주이사장"
2026-07-10 09:05:21,392,18,2,"""21세기 말까지 기금 소진 걱정 끝"" 김성주 이사장이 밝힌 1400조 국민연금의 미래 시나리오 #국민연금 #연금고갈 #2099년 #목표 수익률5.5% #연금개혁 #김성주이사장"
2026-07-10 13:08:16,392,18,2,"""21세기 말까지 기금 소진 걱정 끝"" 김성주 이사장이 밝힌 1400조 국민연금의 미래 시나리오 #국민연금 #연금고갈 #2099년 #목표 수익률5.5% #연금개혁 #김성주이사장"
2026-07-10 16:49:39,392,18,2,"""21세기 말까지 기금 소진 걱정 끝"" 김성주 이사장이 밝힌 1400조 국민연금의 미래 시나리오 #국민연금 #연금고갈 #2099년 #목표 수익률5.5% #연금개혁 #김성주이사장"
2026-07-10 19:39:39,392,18,2,"""21세기 말까지 기금 소진 걱정 끝"" 김성주 이사장이 밝힌 1400조 국민연금의 미래 시나리오 #국민연금 #연금고갈 #2099년 #목표 수익률5.5% #연금개혁 #김성주이사장"
2026-07-10 21:57:15,392,18,2,"""21세기 말까지 기금 소진 걱정 끝"" 김성주 이사장이 밝힌 1400조 국민연금의 미래 시나리오 #국민연금 #연금고갈 #2099년 #목표 수익률5.5% #연금개혁 #김성주이사장"
2026-07-11 00:30:30,392,18,2,"""21세기 말까지 기금 소진 걱정 끝"" 김성주 이사장이 밝힌 1400조 국민연금의 미래 시나리오 #국민연금 #연금고갈 #2099년 #목표 수익률5.5% #연금개혁 #김성주이사장"
2026-07-11 02:21:14,392,18,2,"""21세기 말까지 기금 소진 걱정 끝"" 김성주 이사장이 밝힌 1400조 국민연금의 미래 시나리오 #국민연금 #연금고갈 #2099년 #목표 수익률5.5% #연금개혁 #김성주이사장"
2026-07-11 03:52:28,392,18,2,"""21세기 말까지 기금 소진 걱정 끝"" 김성주 이사장이 밝힌 1400조 국민연금의 미래 시나리오 #국민연금 #연금고갈 #2099년 #목표 수익률5.5% #연금개혁 #김성주이사장"
2026-07-11 05:09:25,392,18,2,"""21세기 말까지 기금 소진 걱정 끝"" 김성주 이사장이 밝힌 1400조 국민연금의 미래 시나리오 #국민연금 #연금고갈 #2099년 #목표 수익률5.5% #연금개혁 #김성주이사장"
2026-07-11 06:19:00,392,18,2,"""21세기 말까지 기금 소진 걱정 끝"" 김성주 이사장이 밝힌 1400조 국민연금의 미래 시나리오 #국민연금 #연금고갈 #2099년 #목표 수익률5.5% #연금개혁 #김성주이사장"
2026-07-11 07:28:22,392,18,2,"""21세기 말까지 기금 소진 걱정 끝"" 김성주 이사장이 밝힌 1400조 국민연금의 미래 시나리오 #국민연금 #연금고갈 #2099년 #목표 수익률5.5% #연금개혁 #김성주이사장"
2026-07-11 08:28:59,392,18,2,"""21세기 말까지 기금 소진 걱정 끝"" 김성주 이사장이 밝힌 1400조 국민연금의 미래 시나리오 #국민연금 #연금고갈 #2099년 #목표 수익률5.5% #연금개혁 #김성주이사장"
2026-07-11 09:57:23,392,18,2,"""21세기 말까지 기금 소진 걱정 끝"" 김성주 이사장이 밝힌 1400조 국민연금의 미래 시나리오 #국민연금 #연금고갈 #2099년 #목표 수익률5.5% #연금개혁 #김성주이사장"
2026-07-11 13:11:30,392,18,2,"""21세기 말까지 기금 소진 걱정 끝"" 김성주 이사장이 밝힌 1400조 국민연금의 미래 시나리오 #국민연금 #연금고갈 #2099년 #목표 수익률5.5% #연금개혁 #김성주이사장"
2026-07-11 15:25:57,392,18,2,"""21세기 말까지 기금 소진 걱정 끝"" 김성주 이사장이 밝힌 1400조 국민연금의 미래 시나리오 #국민연금 #연금고갈 #2099년 #목표 수익률5.5% #연금개혁 #김성주이사장"
2026-07-11 17:18:31,392,18,2,"""21세기 말까지 기금 소진 걱정 끝"" 김성주 이사장이 밝힌 1400조 국민연금의 미래 시나리오 #국민연금 #연금고갈 #2099년 #목표 수익률5.5% #연금개혁 #김성주이사장"
2026-07-11 18:51:58,392,18,2,"""21세기 말까지 기금 소진 걱정 끝"" 김성주 이사장이 밝힌 1400조 국민연금의 미래 시나리오 #국민연금 #연금고갈 #2099년 #목표 수익률5.5% #연금개혁 #김성주이사장"
2026-07-11 19:48:33,392,18,2,"""21세기 말까지 기금 소진 걱정 끝"" 김성주 이사장이 밝힌 1400조 국민연금의 미래 시나리오 #국민연금 #연금고갈 #2099년 #목표 수익률5.5% #연금개혁 #김성주이사장"
2026-07-11 20:38:22,392,18,2,"""21세기 말까지 기금 소진 걱정 끝"" 김성주 이사장이 밝힌 1400조 국민연금의 미래 시나리오 #국민연금 #연금고갈 #2099년 #목표 수익률5.5% #연금개혁 #김성주이사장"
2026-07-11 21:37:40,392,18,2,"""21세기 말까지 기금 소진 걱정 끝"" 김성주 이사장이 밝힌 1400조 국민연금의 미래 시나리오 #국민연금 #연금고갈 #2099년 #목표 수익률5.5% #연금개혁 #김성주이사장"
2026-07-11 23:07:22,392,18,2,"""21세기 말까지 기금 소진 걱정 끝"" 김성주 이사장이 밝힌 1400조 국민연금의 미래 시나리오 #국민연금 #연금고갈 #2099년 #목표 수익률5.5% #연금개혁 #김성주이사장"
2026-07-12 00:11:32,392,18,2,"""21세기 말까지 기금 소진 걱정 끝"" 김성주 이사장이 밝힌 1400조 국민연금의 미래 시나리오 #국민연금 #연금고갈 #2099년 #목표 수익률5.5% #연금개혁 #김성주이사장"
2026-07-12 01:09:31,392,18,2,"""21세기 말까지 기금 소진 걱정 끝"" 김성주 이사장이 밝힌 1400조 국민연금의 미래 시나리오 #국민연금 #연금고갈 #2099년 #목표 수익률5.5% #연금개혁 #김성주이사장"
2026-07-12 02:13:28,392,18,2,"""21세기 말까지 기금 소진 걱정 끝"" 김성주 이사장이 밝힌 1400조 국민연금의 미래 시나리오 #국민연금 #연금고갈 #2099년 #목표 수익률5.5% #연금개혁 #김성주이사장"
2026-07-12 03:07:04,392,18,2,"""21세기 말까지 기금 소진 걱정 끝"" 김성주 이사장이 밝힌 1400조 국민연금의 미래 시나리오 #국민연금 #연금고갈 #2099년 #목표 수익률5.5% #연금개혁 #김성주이사장"
2026-07-12 04:22:03,392,18,2,"""21세기 말까지 기금 소진 걱정 끝"" 김성주 이사장이 밝힌 1400조 국민연금의 미래 시나리오 #국민연금 #연금고갈 #2099년 #목표 수익률5.5% #연금개혁 #김성주이사장"
2026-07-12 05:13:13,392,18,2,"""21세기 말까지 기금 소진 걱정 끝"" 김성주 이사장이 밝힌 1400조 국민연금의 미래 시나리오 #국민연금 #연금고갈 #2099년 #목표 수익률5.5% #연금개혁 #김성주이사장"
2026-07-12 06:06:45,392,18,2,"""21세기 말까지 기금 소진 걱정 끝"" 김성주 이사장이 밝힌 1400조 국민연금의 미래 시나리오 #국민연금 #연금고갈 #2099년 #목표 수익률5.5% #연금개혁 #김성주이사장"
2026-07-12 07:02:34,392,18,2,"""21세기 말까지 기금 소진 걱정 끝"" 김성주 이사장이 밝힌 1400조 국민연금의 미래 시나리오 #국민연금 #연금고갈 #2099년 #목표 수익률5.5% #연금개혁 #김성주이사장"
2026-07-12 07:59:49,392,18,2,"""21세기 말까지 기금 소진 걱정 끝"" 김성주 이사장이 밝힌 1400조 국민연금의 미래 시나리오 #국민연금 #연금고갈 #2099년 #목표 수익률5.5% #연금개혁 #김성주이사장"
2026-07-12 09:00:54,392,18,2,"""21세기 말까지 기금 소진 걱정 끝"" 김성주 이사장이 밝힌 1400조 국민연금의 미래 시나리오 #국민연금 #연금고갈 #2099년 #목표 수익률5.5% #연금개혁 #김성주이사장"
2026-07-12 12:38:31,392,18,2,"""21세기 말까지 기금 소진 걱정 끝"" 김성주 이사장이 밝힌 1400조 국민연금의 미래 시나리오 #국민연금 #연금고갈 #2099년 #목표 수익률5.5% #연금개혁 #김성주이사장"
2026-07-12 15:19:25,392,18,2,"""21세기 말까지 기금 소진 걱정 끝"" 김성주 이사장이 밝힌 1400조 국민연금의 미래 시나리오 #국민연금 #연금고갈 #2099년 #목표 수익률5.5% #연금개혁 #김성주이사장"
2026-07-12 17:33:55,392,18,2,"""21세기 말까지 기금 소진 걱정 끝"" 김성주 이사장이 밝힌 1400조 국민연금의 미래 시나리오 #국민연금 #연금고갈 #2099년 #목표 수익률5.5% #연금개혁 #김성주이사장"
2026-07-12 19:09:57,392,18,2,"""21세기 말까지 기금 소진 걱정 끝"" 김성주 이사장이 밝힌 1400조 국민연금의 미래 시나리오 #국민연금 #연금고갈 #2099년 #목표 수익률5.5% #연금개혁 #김성주이사장"
2026-07-12 20:25:21,392,18,2,"""21세기 말까지 기금 소진 걱정 끝"" 김성주 이사장이 밝힌 1400조 국민연금의 미래 시나리오 #국민연금 #연금고갈 #2099년 #목표 수익률5.5% #연금개혁 #김성주이사장"
2026-07-12 21:12:48,392,18,2,"""21세기 말까지 기금 소진 걱정 끝"" 김성주 이사장이 밝힌 1400조 국민연금의 미래 시나리오 #국민연금 #연금고갈 #2099년 #목표 수익률5.5% #연금개혁 #김성주이사장"
2026-07-12 22:56:35,392,18,2,"""21세기 말까지 기금 소진 걱정 끝"" 김성주 이사장이 밝힌 1400조 국민연금의 미래 시나리오 #국민연금 #연금고갈 #2099년 #목표 수익률5.5% #연금개혁 #김성주이사장"
2026-07-12 23:50:41,392,18,2,"""21세기 말까지 기금 소진 걱정 끝"" 김성주 이사장이 밝힌 1400조 국민연금의 미래 시나리오 #국민연금 #연금고갈 #2099년 #목표 수익률5.5% #연금개혁 #김성주이사장"
2026-07-13 00:44:16,392,18,2,"""21세기 말까지 기금 소진 걱정 끝"" 김성주 이사장이 밝힌 1400조 국민연금의 미래 시나리오 #국민연금 #연금고갈 #2099년 #목표 수익률5.5% #연금개혁 #김성주이사장"
2026-07-13 01:36:34,392,18,2,"""21세기 말까지 기금 소진 걱정 끝"" 김성주 이사장이 밝힌 1400조 국민연금의 미래 시나리오 #국민연금 #연금고갈 #2099년 #목표 수익률5.5% #연금개혁 #김성주이사장"
2026-07-13 02:39:23,392,18,2,"""21세기 말까지 기금 소진 걱정 끝"" 김성주 이사장이 밝힌 1400조 국민연금의 미래 시나리오 #국민연금 #연금고갈 #2099년 #목표 수익률5.5% #연금개혁 #김성주이사장"
2026-07-13 03:34:09,392,18,2,"""21세기 말까지 기금 소진 걱정 끝"" 김성주 이사장이 밝힌 1400조 국민연금의 미래 시나리오 #국민연금 #연금고갈 #2099년 #목표 수익률5.5% #연금개혁 #김성주이사장"
2026-07-13 04:44:20,392,18,2,"""21세기 말까지 기금 소진 걱정 끝"" 김성주 이사장이 밝힌 1400조 국민연금의 미래 시나리오 #국민연금 #연금고갈 #2099년 #목표 수익률5.5% #연금개혁 #김성주이사장"
2026-07-13 05:28:15,392,18,2,"""21세기 말까지 기금 소진 걱정 끝"" 김성주 이사장이 밝힌 1400조 국민연금의 미래 시나리오 #국민연금 #연금고갈 #2099년 #목표 수익률5.5% #연금개혁 #김성주이사장"
2026-07-13 06:23:19,392,18,2,"""21세기 말까지 기금 소진 걱정 끝"" 김성주 이사장이 밝힌 1400조 국민연금의 미래 시나리오 #국민연금 #연금고갈 #2099년 #목표 수익률5.5% #연금개혁 #김성주이사장"
2026-07-13 07:11:50,392,18,2,"""21세기 말까지 기금 소진 걱정 끝"" 김성주 이사장이 밝힌 1400조 국민연금의 미래 시나리오 #국민연금 #연금고갈 #2099년 #목표 수익률5.5% #연금개혁 #김성주이사장"
2026-07-13 08:08:49,392,18,2,"""21세기 말까지 기금 소진 걱정 끝"" 김성주 이사장이 밝힌 1400조 국민연금의 미래 시나리오 #국민연금 #연금고갈 #2099년 #목표 수익률5.5% #연금개혁 #김성주이사장"
2026-07-13 09:08:02,392,18,2,"""21세기 말까지 기금 소진 걱정 끝"" 김성주 이사장이 밝힌 1400조 국민연금의 미래 시나리오 #국민연금 #연금고갈 #2099년 #목표 수익률5.5% #연금개혁 #김성주이사장"
2026-07-13 12:54:04,392,18,2,"""21세기 말까지 기금 소진 걱정 끝"" 김성주 이사장이 밝힌 1400조 국민연금의 미래 시나리오 #국민연금 #연금고갈 #2099년 #목표 수익률5.5% #연금개혁 #김성주이사장"
2026-07-13 15:43:41,392,18,2,"""21세기 말까지 기금 소진 걱정 끝"" 김성주 이사장이 밝힌 1400조 국민연금의 미래 시나리오 #국민연금 #연금고갈 #2099년 #목표 수익률5.5% #연금개혁 #김성주이사장"
2026-07-13 18:59:31,392,18,2,"""21세기 말까지 기금 소진 걱정 끝"" 김성주 이사장이 밝힌 1400조 국민연금의 미래 시나리오 #국민연금 #연금고갈 #2099년 #목표 수익률5.5% #연금개혁 #김성주이사장"
2026-07-13 21:34:03,392,18,2,"""21세기 말까지 기금 소진 걱정 끝"" 김성주 이사장이 밝힌 1400조 국민연금의 미래 시나리오 #국민연금 #연금고갈 #2099년 #목표 수익률5.5% #연금개혁 #김성주이사장"
2026-07-14 00:29:53,392,18,2,"""21세기 말까지 기금 소진 걱정 끝"" 김성주 이사장이 밝힌 1400조 국민연금의 미래 시나리오 #국민연금 #연금고갈 #2099년 #목표 수익률5.5% #연금개혁 #김성주이사장"
2026-07-14 02:31:11,392,18,2,"""21세기 말까지 기금 소진 걱정 끝"" 김성주 이사장이 밝힌 1400조 국민연금의 미래 시나리오 #국민연금 #연금고갈 #2099년 #목표 수익률5.5% #연금개혁 #김성주이사장"
2026-07-14 03:57:25,392,18,2,"""21세기 말까지 기금 소진 걱정 끝"" 김성주 이사장이 밝힌 1400조 국민연금의 미래 시나리오 #국민연금 #연금고갈 #2099년 #목표 수익률5.5% #연금개혁 #김성주이사장"
2026-07-14 05:13:07,392,18,2,"""21세기 말까지 기금 소진 걱정 끝"" 김성주 이사장이 밝힌 1400조 국민연금의 미래 시나리오 #국민연금 #연금고갈 #2099년 #목표 수익률5.5% #연금개혁 #김성주이사장"
2026-07-14 06:13:11,392,18,2,"""21세기 말까지 기금 소진 걱정 끝"" 김성주 이사장이 밝힌 1400조 국민연금의 미래 시나리오 #국민연금 #연금고갈 #2099년 #목표 수익률5.5% #연금개혁 #김성주이사장"
2026-07-14 07:09:44,392,18,2,"""21세기 말까지 기금 소진 걱정 끝"" 김성주 이사장이 밝힌 1400조 국민연금의 미래 시나리오 #국민연금 #연금고갈 #2099년 #목표 수익률5.5% #연금개혁 #김성주이사장"
2026-07-14 08:11:06,392,18,2,"""21세기 말까지 기금 소진 걱정 끝"" 김성주 이사장이 밝힌 1400조 국민연금의 미래 시나리오 #국민연금 #연금고갈 #2099년 #목표 수익률5.5% #연금개혁 #김성주이사장"
2026-07-14 09:06:18,392,18,2,"""21세기 말까지 기금 소진 걱정 끝"" 김성주 이사장이 밝힌 1400조 국민연금의 미래 시나리오 #국민연금 #연금고갈 #2099년 #목표 수익률5.5% #연금개혁 #김성주이사장"
2026-07-14 12:27:23,392,18,2,"""21세기 말까지 기금 소진 걱정 끝"" 김성주 이사장이 밝힌 1400조 국민연금의 미래 시나리오 #국민연금 #연금고갈 #2099년 #목표 수익률5.5% #연금개혁 #김성주이사장"
2026-07-14 14:51:46,392,18,2,"""21세기 말까지 기금 소진 걱정 끝"" 김성주 이사장이 밝힌 1400조 국민연금의 미래 시나리오 #국민연금 #연금고갈 #2099년 #목표 수익률5.5% #연금개혁 #김성주이사장"
2026-07-14 16:30:34,392,18,2,"""21세기 말까지 기금 소진 걱정 끝"" 김성주 이사장이 밝힌 1400조 국민연금의 미래 시나리오 #국민연금 #연금고갈 #2099년 #목표 수익률5.5% #연금개혁 #김성주이사장"
2026-07-14 18:27:02,392,18,2,"""21세기 말까지 기금 소진 걱정 끝"" 김성주 이사장이 밝힌 1400조 국민연금의 미래 시나리오 #국민연금 #연금고갈 #2099년 #목표 수익률5.5% #연금개혁 #김성주이사장"
2026-07-14 20:06:30,392,18,2,"""21세기 말까지 기금 소진 걱정 끝"" 김성주 이사장이 밝힌 1400조 국민연금의 미래 시나리오 #국민연금 #연금고갈 #2099년 #목표 수익률5.5% #연금개혁 #김성주이사장"
2026-07-14 21:20:58,392,18,2,"""21세기 말까지 기금 소진 걱정 끝"" 김성주 이사장이 밝힌 1400조 국민연금의 미래 시나리오 #국민연금 #연금고갈 #2099년 #목표 수익률5.5% #연금개혁 #김성주이사장"
2026-07-14 23:18:38,392,18,2,"""21세기 말까지 기금 소진 걱정 끝"" 김성주 이사장이 밝힌 1400조 국민연금의 미래 시나리오 #국민연금 #연금고갈 #2099년 #목표 수익률5.5% #연금개혁 #김성주이사장"
2026-07-15 00:51:20,392,18,2,"""21세기 말까지 기금 소진 걱정 끝"" 김성주 이사장이 밝힌 1400조 국민연금의 미래 시나리오 #국민연금 #연금고갈 #2099년 #목표 수익률5.5% #연금개혁 #김성주이사장"
2026-07-15 01:57:01,392,18,2,"""21세기 말까지 기금 소진 걱정 끝"" 김성주 이사장이 밝힌 1400조 국민연금의 미래 시나리오 #국민연금 #연금고갈 #2099년 #목표 수익률5.5% #연금개혁 #김성주이사장"
2026-07-15 02:59:18,392,18,2,"""21세기 말까지 기금 소진 걱정 끝"" 김성주 이사장이 밝힌 1400조 국민연금의 미래 시나리오 #국민연금 #연금고갈 #2099년 #목표 수익률5.5% #연금개혁 #김성주이사장"
2026-07-15 04:23:43,392,18,2,"""21세기 말까지 기금 소진 걱정 끝"" 김성주 이사장이 밝힌 1400조 국민연금의 미래 시나리오 #국민연금 #연금고갈 #2099년 #목표 수익률5.5% #연금개혁 #김성주이사장"
2026-07-15 05:34:56,392,18,2,"""21세기 말까지 기금 소진 걱정 끝"" 김성주 이사장이 밝힌 1400조 국민연금의 미래 시나리오 #국민연금 #연금고갈 #2099년 #목표 수익률5.5% #연금개혁 #김성주이사장"
2026-07-15 06:33:31,392,18,2,"""21세기 말까지 기금 소진 걱정 끝"" 김성주 이사장이 밝힌 1400조 국민연금의 미래 시나리오 #국민연금 #연금고갈 #2099년 #목표 수익률5.5% #연금개혁 #김성주이사장"
2026-07-15 07:34:40,392,18,2,"""21세기 말까지 기금 소진 걱정 끝"" 김성주 이사장이 밝힌 1400조 국민연금의 미래 시나리오 #국민연금 #연금고갈 #2099년 #목표 수익률5.5% #연금개혁 #김성주이사장"
2026-07-15 08:28:09,392,18,2,"""21세기 말까지 기금 소진 걱정 끝"" 김성주 이사장이 밝힌 1400조 국민연금의 미래 시나리오 #국민연금 #연금고갈 #2099년 #목표 수익률5.5% #연금개혁 #김성주이사장"
2026-07-15 09:50:28,392,18,2,"""21세기 말까지 기금 소진 걱정 끝"" 김성주 이사장이 밝힌 1400조 국민연금의 미래 시나리오 #국민연금 #연금고갈 #2099년 #목표 수익률5.5% #연금개혁 #김성주이사장"
2026-07-15 12:49:54,392,18,2,"""21세기 말까지 기금 소진 걱정 끝"" 김성주 이사장이 밝힌 1400조 국민연금의 미래 시나리오 #국민연금 #연금고갈 #2099년 #목표 수익률5.5% #연금개혁 #김성주이사장"
2026-07-15 15:02:13,392,18,2,"""21세기 말까지 기금 소진 걱정 끝"" 김성주 이사장이 밝힌 1400조 국민연금의 미래 시나리오 #국민연금 #연금고갈 #2099년 #목표 수익률5.5% #연금개혁 #김성주이사장"
2026-07-15 17:29:09,392,18,2,"""21세기 말까지 기금 소진 걱정 끝"" 김성주 이사장이 밝힌 1400조 국민연금의 미래 시나리오 #국민연금 #연금고갈 #2099년 #목표 수익률5.5% #연금개혁 #김성주이사장"
2026-07-15 19:21:38,392,18,2,"""21세기 말까지 기금 소진 걱정 끝"" 김성주 이사장이 밝힌 1400조 국민연금의 미래 시나리오 #국민연금 #연금고갈 #2099년 #목표 수익률5.5% #연금개혁 #김성주이사장"
2026-07-15 20:53:57,392,18,2,"""21세기 말까지 기금 소진 걱정 끝"" 김성주 이사장이 밝힌 1400조 국민연금의 미래 시나리오 #국민연금 #연금고갈 #2099년 #목표 수익률5.5% #연금개혁 #김성주이사장"
2026-07-15 22:05:32,392,18,2,"""21세기 말까지 기금 소진 걱정 끝"" 김성주 이사장이 밝힌 1400조 국민연금의 미래 시나리오 #국민연금 #연금고갈 #2099년 #목표 수익률5.5% #연금개혁 #김성주이사장"
2026-07-15 23:59:59,392,18,2,"""21세기 말까지 기금 소진 걱정 끝"" 김성주 이사장이 밝힌 1400조 국민연금의 미래 시나리오 #국민연금 #연금고갈 #2099년 #목표 수익률5.5% #연금개혁 #김성주이사장"
2026-07-16 01:27:05,392,18,2,"""21세기 말까지 기금 소진 걱정 끝"" 김성주 이사장이 밝힌 1400조 국민연금의 미래 시나리오 #국민연금 #연금고갈 #2099년 #목표 수익률5.5% #연금개혁 #김성주이사장"
2026-07-16 02:46:26,392,18,2,"""21세기 말까지 기금 소진 걱정 끝"" 김성주 이사장이 밝힌 1400조 국민연금의 미래 시나리오 #국민연금 #연금고갈 #2099년 #목표 수익률5.5% #연금개혁 #김성주이사장"
2026-07-16 03:47:15,392,18,2,"""21세기 말까지 기금 소진 걱정 끝"" 김성주 이사장이 밝힌 1400조 국민연금의 미래 시나리오 #국민연금 #연금고갈 #2099년 #목표 수익률5.5% #연금개혁 #김성주이사장"
2026-07-16 04:55:28,392,18,2,"""21세기 말까지 기금 소진 걱정 끝"" 김성주 이사장이 밝힌 1400조 국민연금의 미래 시나리오 #국민연금 #연금고갈 #2099년 #목표 수익률5.5% #연금개혁 #김성주이사장"
2026-07-16 05:52:03,392,18,2,"""21세기 말까지 기금 소진 걱정 끝"" 김성주 이사장이 밝힌 1400조 국민연금의 미래 시나리오 #국민연금 #연금고갈 #2099년 #목표 수익률5.5% #연금개혁 #김성주이사장"
2026-07-16 06:43:51,392,18,2,"""21세기 말까지 기금 소진 걱정 끝"" 김성주 이사장이 밝힌 1400조 국민연금의 미래 시나리오 #국민연금 #연금고갈 #2099년 #목표 수익률5.5% #연금개혁 #김성주이사장"
2026-07-16 07:41:07,392,18,2,"""21세기 말까지 기금 소진 걱정 끝"" 김성주 이사장이 밝힌 1400조 국민연금의 미래 시나리오 #국민연금 #연금고갈 #2099년 #목표 수익률5.5% #연금개혁 #김성주이사장"
2026-07-16 08:40:08,392,18,2,"""21세기 말까지 기금 소진 걱정 끝"" 김성주 이사장이 밝힌 1400조 국민연금의 미래 시나리오 #국민연금 #연금고갈 #2099년 #목표 수익률5.5% #연금개혁 #김성주이사장"
2026-07-16 10:06:21,392,18,2,"""21세기 말까지 기금 소진 걱정 끝"" 김성주 이사장이 밝힌 1400조 국민연금의 미래 시나리오 #국민연금 #연금고갈 #2099년 #목표 수익률5.5% #연금개혁 #김성주이사장"
2026-07-16 13:20:31,392,18,2,"""21세기 말까지 기금 소진 걱정 끝"" 김성주 이사장이 밝힌 1400조 국민연금의 미래 시나리오 #국민연금 #연금고갈 #2099년 #목표 수익률5.5% #연금개혁 #김성주이사장"
2026-07-16 15:36:36,392,18,2,"""21세기 말까지 기금 소진 걱정 끝"" 김성주 이사장이 밝힌 1400조 국민연금의 미래 시나리오 #국민연금 #연금고갈 #2099년 #목표 수익률5.5% #연금개혁 #김성주이사장"
2026-07-16 17:58:47,392,18,2,"""21세기 말까지 기금 소진 걱정 끝"" 김성주 이사장이 밝힌 1400조 국민연금의 미래 시나리오 #국민연금 #연금고갈 #2099년 #목표 수익률5.5% #연금개혁 #김성주이사장"
2026-07-16 20:01:50,392,18,2,"""21세기 말까지 기금 소진 걱정 끝"" 김성주 이사장이 밝힌 1400조 국민연금의 미래 시나리오 #국민연금 #연금고갈 #2099년 #목표 수익률5.5% #연금개혁 #김성주이사장"
2026-07-16 21:26:08,392,18,2,"""21세기 말까지 기금 소진 걱정 끝"" 김성주 이사장이 밝힌 1400조 국민연금의 미래 시나리오 #국민연금 #연금고갈 #2099년 #목표 수익률5.5% #연금개혁 #김성주이사장"
2026-07-16 23:31:47,392,18,2,"""21세기 말까지 기금 소진 걱정 끝"" 김성주 이사장이 밝힌 1400조 국민연금의 미래 시나리오 #국민연금 #연금고갈 #2099년 #목표 수익률5.5% #연금개혁 #김성주이사장"
2026-07-17 00:59:37,392,18,2,"""21세기 말까지 기금 소진 걱정 끝"" 김성주 이사장이 밝힌 1400조 국민연금의 미래 시나리오 #국민연금 #연금고갈 #2099년 #목표 수익률5.5% #연금개혁 #김성주이사장"
2026-07-17 02:21:28,392,18,2,"""21세기 말까지 기금 소진 걱정 끝"" 김성주 이사장이 밝힌 1400조 국민연금의 미래 시나리오 #국민연금 #연금고갈 #2099년 #목표 수익률5.5% #연금개혁 #김성주이사장"
2026-07-17 03:36:02,392,18,2,"""21세기 말까지 기금 소진 걱정 끝"" 김성주 이사장이 밝힌 1400조 국민연금의 미래 시나리오 #국민연금 #연금고갈 #2099년 #목표 수익률5.5% #연금개혁 #김성주이사장"
2026-07-17 04:44:14,392,18,2,"""21세기 말까지 기금 소진 걱정 끝"" 김성주 이사장이 밝힌 1400조 국민연금의 미래 시나리오 #국민연금 #연금고갈 #2099년 #목표 수익률5.5% #연금개혁 #김성주이사장"
2026-07-17 05:35:33,392,18,2,"""21세기 말까지 기금 소진 걱정 끝"" 김성주 이사장이 밝힌 1400조 국민연금의 미래 시나리오 #국민연금 #연금고갈 #2099년 #목표 수익률5.5% #연금개혁 #김성주이사장"
2026-07-17 06:40:50,392,18,2,"""21세기 말까지 기금 소진 걱정 끝"" 김성주 이사장이 밝힌 1400조 국민연금의 미래 시나리오 #국민연금 #연금고갈 #2099년 #목표 수익률5.5% #연금개혁 #김성주이사장"
2026-07-17 07:36:50,392,18,2,"""21세기 말까지 기금 소진 걱정 끝"" 김성주 이사장이 밝힌 1400조 국민연금의 미래 시나리오 #국민연금 #연금고갈 #2099년 #목표 수익률5.5% #연금개혁 #김성주이사장"
2026-07-17 08:32:31,392,18,2,"""21세기 말까지 기금 소진 걱정 끝"" 김성주 이사장이 밝힌 1400조 국민연금의 미래 시나리오 #국민연금 #연금고갈 #2099년 #목표 수익률5.5% #연금개혁 #김성주이사장"
2026-07-17 10:06:05,392,18,2,"""21세기 말까지 기금 소진 걱정 끝"" 김성주 이사장이 밝힌 1400조 국민연금의 미래 시나리오 #국민연금 #연금고갈 #2099년 #목표 수익률5.5% #연금개혁 #김성주이사장"
2026-07-17 13:18:55,392,18,2,"""21세기 말까지 기금 소진 걱정 끝"" 김성주 이사장이 밝힌 1400조 국민연금의 미래 시나리오 #국민연금 #연금고갈 #2099년 #목표 수익률5.5% #연금개혁 #김성주이사장"
2026-07-17 15:31:28,392,18,2,"""21세기 말까지 기금 소진 걱정 끝"" 김성주 이사장이 밝힌 1400조 국민연금의 미래 시나리오 #국민연금 #연금고갈 #2099년 #목표 수익률5.5% #연금개혁 #김성주이사장"
2026-07-17 17:37:38,392,18,2,"""21세기 말까지 기금 소진 걱정 끝"" 김성주 이사장이 밝힌 1400조 국민연금의 미래 시나리오 #국민연금 #연금고갈 #2099년 #목표 수익률5.5% #연금개혁 #김성주이사장"
2026-07-17 19:23:20,392,18,2,"""21세기 말까지 기금 소진 걱정 끝"" 김성주 이사장이 밝힌 1400조 국민연금의 미래 시나리오 #국민연금 #연금고갈 #2099년 #목표 수익률5.5% #연금개혁 #김성주이사장"
2026-07-17 20:47:08,392,18,2,"""21세기 말까지 기금 소진 걱정 끝"" 김성주 이사장이 밝힌 1400조 국민연금의 미래 시나리오 #국민연금 #연금고갈 #2099년 #목표 수익률5.5% #연금개혁 #김성주이사장"
2026-07-17 21:50:29,392,18,2,"""21세기 말까지 기금 소진 걱정 끝"" 김성주 이사장이 밝힌 1400조 국민연금의 미래 시나리오 #국민연금 #연금고갈 #2099년 #목표 수익률5.5% #연금개혁 #김성주이사장"
2026-07-17 23:21:12,392,18,2,"""21세기 말까지 기금 소진 걱정 끝"" 김성주 이사장이 밝힌 1400조 국민연금의 미래 시나리오 #국민연금 #연금고갈 #2099년 #목표 수익률5.5% #연금개혁 #김성주이사장"
2026-07-18 00:49:43,392,18,2,"""21세기 말까지 기금 소진 걱정 끝"" 김성주 이사장이 밝힌 1400조 국민연금의 미래 시나리오 #국민연금 #연금고갈 #2099년 #목표 수익률5.5% #연금개혁 #김성주이사장"
2026-07-18 01:53:25,392,18,2,"""21세기 말까지 기금 소진 걱정 끝"" 김성주 이사장이 밝힌 1400조 국민연금의 미래 시나리오 #국민연금 #연금고갈 #2099년 #목표 수익률5.5% #연금개혁 #김성주이사장"
2026-07-18 02:54:11,392,18,2,"""21세기 말까지 기금 소진 걱정 끝"" 김성주 이사장이 밝힌 1400조 국민연금의 미래 시나리오 #국민연금 #연금고갈 #2099년 #목표 수익률5.5% #연금개혁 #김성주이사장"
2026-07-18 03:51:27,392,18,2,"""21세기 말까지 기금 소진 걱정 끝"" 김성주 이사장이 밝힌 1400조 국민연금의 미래 시나리오 #국민연금 #연금고갈 #2099년 #목표 수익률5.5% #연금개혁 #김성주이사장"
2026-07-18 04:53:56,392,18,2,"""21세기 말까지 기금 소진 걱정 끝"" 김성주 이사장이 밝힌 1400조 국민연금의 미래 시나리오 #국민연금 #연금고갈 #2099년 #목표 수익률5.5% #연금개혁 #김성주이사장"
2026-07-18 05:41:22,392,18,2,"""21세기 말까지 기금 소진 걱정 끝"" 김성주 이사장이 밝힌 1400조 국민연금의 미래 시나리오 #국민연금 #연금고갈 #2099년 #목표 수익률5.5% #연금개혁 #김성주이사장"
2026-07-18 06:32:17,392,18,2,"""21세기 말까지 기금 소진 걱정 끝"" 김성주 이사장이 밝힌 1400조 국민연금의 미래 시나리오 #국민연금 #연금고갈 #2099년 #목표 수익률5.5% #연금개혁 #김성주이사장"
2026-07-18 07:26:11,392,18,2,"""21세기 말까지 기금 소진 걱정 끝"" 김성주 이사장이 밝힌 1400조 국민연금의 미래 시나리오 #국민연금 #연금고갈 #2099년 #목표 수익률5.5% #연금개혁 #김성주이사장"
2026-07-18 08:21:34,392,18,2,"""21세기 말까지 기금 소진 걱정 끝"" 김성주 이사장이 밝힌 1400조 국민연금의 미래 시나리오 #국민연금 #연금고갈 #2099년 #목표 수익률5.5% #연금개혁 #김성주이사장"
2026-07-18 09:13:03,392,18,2,"""21세기 말까지 기금 소진 걱정 끝"" 김성주 이사장이 밝힌 1400조 국민연금의 미래 시나리오 #국민연금 #연금고갈 #2099년 #목표 수익률5.5% #연금개혁 #김성주이사장"
2026-07-18 12:31:45,392,18,2,"""21세기 말까지 기금 소진 걱정 끝"" 김성주 이사장이 밝힌 1400조 국민연금의 미래 시나리오 #국민연금 #연금고갈 #2099년 #목표 수익률5.5% #연금개혁 #김성주이사장"
2026-07-18 14:48:46,392,18,2,"""21세기 말까지 기금 소진 걱정 끝"" 김성주 이사장이 밝힌 1400조 국민연금의 미래 시나리오 #국민연금 #연금고갈 #2099년 #목표 수익률5.5% #연금개혁 #김성주이사장"
2026-07-18 16:20:35,392,18,2,"""21세기 말까지 기금 소진 걱정 끝"" 김성주 이사장이 밝힌 1400조 국민연금의 미래 시나리오 #국민연금 #연금고갈 #2099년 #목표 수익률5.5% #연금개혁 #김성주이사장"
2026-07-18 18:03:00,392,18,2,"""21세기 말까지 기금 소진 걱정 끝"" 김성주 이사장이 밝힌 1400조 국민연금의 미래 시나리오 #국민연금 #연금고갈 #2099년 #목표 수익률5.5% #연금개혁 #김성주이사장"
2026-07-18 19:26:13,392,18,2,"""21세기 말까지 기금 소진 걱정 끝"" 김성주 이사장이 밝힌 1400조 국민연금의 미래 시나리오 #국민연금 #연금고갈 #2099년 #목표 수익률5.5% #연금개혁 #김성주이사장"
2026-07-18 20:29:07,392,18,2,"""21세기 말까지 기금 소진 걱정 끝"" 김성주 이사장이 밝힌 1400조 국민연금의 미래 시나리오 #국민연금 #연금고갈 #2099년 #목표 수익률5.5% #연금개혁 #김성주이사장"
2026-07-18 21:27:47,392,18,2,"""21세기 말까지 기금 소진 걱정 끝"" 김성주 이사장이 밝힌 1400조 국민연금의 미래 시나리오 #국민연금 #연금고갈 #2099년 #목표 수익률5.5% #연금개혁 #김성주이사장"
2026-07-18 22:56:39,392,18,2,"""21세기 말까지 기금 소진 걱정 끝"" 김성주 이사장이 밝힌 1400조 국민연금의 미래 시나리오 #국민연금 #연금고갈 #2099년 #목표 수익률5.5% #연금개혁 #김성주이사장"
2026-07-18 23:48:01,392,18,2,"""21세기 말까지 기금 소진 걱정 끝"" 김성주 이사장이 밝힌 1400조 국민연금의 미래 시나리오 #국민연금 #연금고갈 #2099년 #목표 수익률5.5% #연금개혁 #김성주이사장"
2026-07-19 00:40:23,392,18,2,"""21세기 말까지 기금 소진 걱정 끝"" 김성주 이사장이 밝힌 1400조 국민연금의 미래 시나리오 #국민연금 #연금고갈 #2099년 #목표 수익률5.5% #연금개혁 #김성주이사장"
2026-07-19 01:35:34,392,18,2,"""21세기 말까지 기금 소진 걱정 끝"" 김성주 이사장이 밝힌 1400조 국민연금의 미래 시나리오 #국민연금 #연금고갈 #2099년 #목표 수익률5.5% #연금개혁 #김성주이사장"
2026-07-19 02:37:16,392,18,2,"""21세기 말까지 기금 소진 걱정 끝"" 김성주 이사장이 밝힌 1400조 국민연금의 미래 시나리오 #국민연금 #연금고갈 #2099년 #목표 수익률5.5% #연금개혁 #김성주이사장"
2026-07-19 03:33:26,392,18,2,"""21세기 말까지 기금 소진 걱정 끝"" 김성주 이사장이 밝힌 1400조 국민연금의 미래 시나리오 #국민연금 #연금고갈 #2099년 #목표 수익률5.5% #연금개혁 #김성주이사장"
2026-07-19 04:45:28,392,18,2,"""21세기 말까지 기금 소진 걱정 끝"" 김성주 이사장이 밝힌 1400조 국민연금의 미래 시나리오 #국민연금 #연금고갈 #2099년 #목표 수익률5.5% #연금개혁 #김성주이사장"
2026-07-19 05:32:01,392,18,2,"""21세기 말까지 기금 소진 걱정 끝"" 김성주 이사장이 밝힌 1400조 국민연금의 미래 시나리오 #국민연금 #연금고갈 #2099년 #목표 수익률5.5% #연금개혁 #김성주이사장"
2026-07-19 06:27:02,392,18,2,"""21세기 말까지 기금 소진 걱정 끝"" 김성주 이사장이 밝힌 1400조 국민연금의 미래 시나리오 #국민연금 #연금고갈 #2099년 #목표 수익률5.5% #연금개혁 #김성주이사장"
2026-07-19 07:13:28,392,18,2,"""21세기 말까지 기금 소진 걱정 끝"" 김성주 이사장이 밝힌 1400조 국민연금의 미래 시나리오 #국민연금 #연금고갈 #2099년 #목표 수익률5.5% #연금개혁 #김성주이사장"
2026-07-19 08:11:28,392,18,2,"""21세기 말까지 기금 소진 걱정 끝"" 김성주 이사장이 밝힌 1400조 국민연금의 미래 시나리오 #국민연금 #연금고갈 #2099년 #목표 수익률5.5% #연금개혁 #김성주이사장"
2026-07-19 09:09:05,392,18,2,"""21세기 말까지 기금 소진 걱정 끝"" 김성주 이사장이 밝힌 1400조 국민연금의 미래 시나리오 #국민연금 #연금고갈 #2099년 #목표 수익률5.5% #연금개혁 #김성주이사장"
2026-07-19 12:48:37,392,18,2,"""21세기 말까지 기금 소진 걱정 끝"" 김성주 이사장이 밝힌 1400조 국민연금의 미래 시나리오 #국민연금 #연금고갈 #2099년 #목표 수익률5.5% #연금개혁 #김성주이사장"
2026-07-19 15:17:40,392,18,2,"""21세기 말까지 기금 소진 걱정 끝"" 김성주 이사장이 밝힌 1400조 국민연금의 미래 시나리오 #국민연금 #연금고갈 #2099년 #목표 수익률5.5% #연금개혁 #김성주이사장"
2026-07-19 17:36:44,392,18,2,"""21세기 말까지 기금 소진 걱정 끝"" 김성주 이사장이 밝힌 1400조 국민연금의 미래 시나리오 #국민연금 #연금고갈 #2099년 #목표 수익률5.5% #연금개혁 #김성주이사장"
2026-07-19 19:11:24,392,18,2,"""21세기 말까지 기금 소진 걱정 끝"" 김성주 이사장이 밝힌 1400조 국민연금의 미래 시나리오 #국민연금 #연금고갈 #2099년 #목표 수익률5.5% #연금개혁 #김성주이사장"
2026-07-19 20:24:50,392,18,2,"""21세기 말까지 기금 소진 걱정 끝"" 김성주 이사장이 밝힌 1400조 국민연금의 미래 시나리오 #국민연금 #연금고갈 #2099년 #목표 수익률5.5% #연금개혁 #김성주이사장"
2026-07-19 21:11:25,392,18,2,"""21세기 말까지 기금 소진 걱정 끝"" 김성주 이사장이 밝힌 1400조 국민연금의 미래 시나리오 #국민연금 #연금고갈 #2099년 #목표 수익률5.5% #연금개혁 #김성주이사장"
2026-07-19 22:51:50,392,18,2,"""21세기 말까지 기금 소진 걱정 끝"" 김성주 이사장이 밝힌 1400조 국민연금의 미래 시나리오 #국민연금 #연금고갈 #2099년 #목표 수익률5.5% #연금개혁 #김성주이사장"
2026-07-19 23:43:44,392,18,2,"""21세기 말까지 기금 소진 걱정 끝"" 김성주 이사장이 밝힌 1400조 국민연금의 미래 시나리오 #국민연금 #연금고갈 #2099년 #목표 수익률5.5% #연금개혁 #김성주이사장"
2026-07-20 00:39:37,392,18,2,"""21세기 말까지 기금 소진 걱정 끝"" 김성주 이사장이 밝힌 1400조 국민연금의 미래 시나리오 #국민연금 #연금고갈 #2099년 #목표 수익률5.5% #연금개혁 #김성주이사장"
2026-07-20 01:33:12,392,18,2,"""21세기 말까지 기금 소진 걱정 끝"" 김성주 이사장이 밝힌 1400조 국민연금의 미래 시나리오 #국민연금 #연금고갈 #2099년 #목표 수익률5.5% #연금개혁 #김성주이사장"
2026-07-20 02:35:05,392,18,2,"""21세기 말까지 기금 소진 걱정 끝"" 김성주 이사장이 밝힌 1400조 국민연금의 미래 시나리오 #국민연금 #연금고갈 #2099년 #목표 수익률5.5% #연금개혁 #김성주이사장"
2026-07-20 03:33:17,392,18,2,"""21세기 말까지 기금 소진 걱정 끝"" 김성주 이사장이 밝힌 1400조 국민연금의 미래 시나리오 #국민연금 #연금고갈 #2099년 #목표 수익률5.5% #연금개혁 #김성주이사장"
2026-07-20 04:45:48,392,18,2,"""21세기 말까지 기금 소진 걱정 끝"" 김성주 이사장이 밝힌 1400조 국민연금의 미래 시나리오 #국민연금 #연금고갈 #2099년 #목표 수익률5.5% #연금개혁 #김성주이사장"
2026-07-20 05:30:37,392,18,2,"""21세기 말까지 기금 소진 걱정 끝"" 김성주 이사장이 밝힌 1400조 국민연금의 미래 시나리오 #국민연금 #연금고갈 #2099년 #목표 수익률5.5% #연금개혁 #김성주이사장"
2026-07-20 06:27:37,392,18,2,"""21세기 말까지 기금 소진 걱정 끝"" 김성주 이사장이 밝힌 1400조 국민연금의 미래 시나리오 #국민연금 #연금고갈 #2099년 #목표 수익률5.5% #연금개혁 #김성주이사장"
2026-07-20 07:25:41,392,18,2,"""21세기 말까지 기금 소진 걱정 끝"" 김성주 이사장이 밝힌 1400조 국민연금의 미래 시나리오 #국민연금 #연금고갈 #2099년 #목표 수익률5.5% #연금개혁 #김성주이사장"
2026-07-20 08:26:02,392,18,2,"""21세기 말까지 기금 소진 걱정 끝"" 김성주 이사장이 밝힌 1400조 국민연금의 미래 시나리오 #국민연금 #연금고갈 #2099년 #목표 수익률5.5% #연금개혁 #김성주이사장"
2026-07-20 10:02:29,392,18,2,"""21세기 말까지 기금 소진 걱정 끝"" 김성주 이사장이 밝힌 1400조 국민연금의 미래 시나리오 #국민연금 #연금고갈 #2099년 #목표 수익률5.5% #연금개혁 #김성주이사장"
2026-07-20 13:43:26,392,18,2,"""21세기 말까지 기금 소진 걱정 끝"" 김성주 이사장이 밝힌 1400조 국민연금의 미래 시나리오 #국민연금 #연금고갈 #2099년 #목표 수익률5.5% #연금개혁 #김성주이사장"
2026-07-20 16:46:12,392,18,2,"""21세기 말까지 기금 소진 걱정 끝"" 김성주 이사장이 밝힌 1400조 국민연금의 미래 시나리오 #국민연금 #연금고갈 #2099년 #목표 수익률5.5% #연금개혁 #김성주이사장"
2026-07-20 19:32:15,392,18,2,"""21세기 말까지 기금 소진 걱정 끝"" 김성주 이사장이 밝힌 1400조 국민연금의 미래 시나리오 #국민연금 #연금고갈 #2099년 #목표 수익률5.5% #연금개혁 #김성주이사장"
2026-07-20 21:35:12,392,18,2,"""21세기 말까지 기금 소진 걱정 끝"" 김성주 이사장이 밝힌 1400조 국민연금의 미래 시나리오 #국민연금 #연금고갈 #2099년 #목표 수익률5.5% #연금개혁 #김성주이사장"
2026-07-20 23:51:42,392,18,2,"""21세기 말까지 기금 소진 걱정 끝"" 김성주 이사장이 밝힌 1400조 국민연금의 미래 시나리오 #국민연금 #연금고갈 #2099년 #목표 수익률5.5% #연금개혁 #김성주이사장"
2026-07-21 01:17:44,392,18,2,"""21세기 말까지 기금 소진 걱정 끝"" 김성주 이사장이 밝힌 1400조 국민연금의 미래 시나리오 #국민연금 #연금고갈 #2099년 #목표 수익률5.5% #연금개혁 #김성주이사장"
2026-07-21 03:23:14,392,18,2,"""21세기 말까지 기금 소진 걱정 끝"" 김성주 이사장이 밝힌 1400조 국민연금의 미래 시나리오 #국민연금 #연금고갈 #2099년 #목표 수익률5.5% #연금개혁 #김성주이사장"
2026-07-21 05:01:20,392,18,2,"""21세기 말까지 기금 소진 걱정 끝"" 김성주 이사장이 밝힌 1400조 국민연금의 미래 시나리오 #국민연금 #연금고갈 #2099년 #목표 수익률5.5% #연금개혁 #김성주이사장"
2026-07-21 06:17:57,392,18,2,"""21세기 말까지 기금 소진 걱정 끝"" 김성주 이사장이 밝힌 1400조 국민연금의 미래 시나리오 #국민연금 #연금고갈 #2099년 #목표 수익률5.5% #연금개혁 #김성주이사장"
2026-07-21 07:15:21,392,18,2,"""21세기 말까지 기금 소진 걱정 끝"" 김성주 이사장이 밝힌 1400조 국민연금의 미래 시나리오 #국민연금 #연금고갈 #2099년 #목표 수익률5.5% #연금개혁 #김성주이사장"
2026-07-21 08:16:05,392,18,2,"""21세기 말까지 기금 소진 걱정 끝"" 김성주 이사장이 밝힌 1400조 국민연금의 미래 시나리오 #국민연금 #연금고갈 #2099년 #목표 수익률5.5% #연금개혁 #김성주이사장"
2026-07-21 09:12:28,392,18,2,"""21세기 말까지 기금 소진 걱정 끝"" 김성주 이사장이 밝힌 1400조 국민연금의 미래 시나리오 #국민연금 #연금고갈 #2099년 #목표 수익률5.5% #연금개혁 #김성주이사장"
2026-07-21 12:44:34,392,18,2,"""21세기 말까지 기금 소진 걱정 끝"" 김성주 이사장이 밝힌 1400조 국민연금의 미래 시나리오 #국민연금 #연금고갈 #2099년 #목표 수익률5.5% #연금개혁 #김성주이사장"
2026-07-21 15:17:04,392,18,2,"""21세기 말까지 기금 소진 걱정 끝"" 김성주 이사장이 밝힌 1400조 국민연금의 미래 시나리오 #국민연금 #연금고갈 #2099년 #목표 수익률5.5% #연금개혁 #김성주이사장"
2026-07-21 17:48:33,392,18,2,"""21세기 말까지 기금 소진 걱정 끝"" 김성주 이사장이 밝힌 1400조 국민연금의 미래 시나리오 #국민연금 #연금고갈 #2099년 #목표 수익률5.5% #연금개혁 #김성주이사장"
2026-07-21 19:53:01,392,18,2,"""21세기 말까지 기금 소진 걱정 끝"" 김성주 이사장이 밝힌 1400조 국민연금의 미래 시나리오 #국민연금 #연금고갈 #2099년 #목표 수익률5.5% #연금개혁 #김성주이사장"
2026-07-21 21:16:08,392,18,2,"""21세기 말까지 기금 소진 걱정 끝"" 김성주 이사장이 밝힌 1400조 국민연금의 미래 시나리오 #국민연금 #연금고갈 #2099년 #목표 수익률5.5% #연금개혁 #김성주이사장"
2026-07-21 23:25:41,392,18,2,"""21세기 말까지 기금 소진 걱정 끝"" 김성주 이사장이 밝힌 1400조 국민연금의 미래 시나리오 #국민연금 #연금고갈 #2099년 #목표 수익률5.5% #연금개혁 #김성주이사장"
2026-07-22 01:00:02,392,18,2,"""21세기 말까지 기금 소진 걱정 끝"" 김성주 이사장이 밝힌 1400조 국민연금의 미래 시나리오 #국민연금 #연금고갈 #2099년 #목표 수익률5.5% #연금개혁 #김성주이사장"
2026-07-22 02:25:55,392,18,2,"""21세기 말까지 기금 소진 걱정 끝"" 김성주 이사장이 밝힌 1400조 국민연금의 미래 시나리오 #국민연금 #연금고갈 #2099년 #목표 수익률5.5% #연금개혁 #김성주이사장"
2026-07-22 03:48:23,392,18,2,"""21세기 말까지 기금 소진 걱정 끝"" 김성주 이사장이 밝힌 1400조 국민연금의 미래 시나리오 #국민연금 #연금고갈 #2099년 #목표 수익률5.5% #연금개혁 #김성주이사장"
2026-07-22 05:07:50,392,18,2,"""21세기 말까지 기금 소진 걱정 끝"" 김성주 이사장이 밝힌 1400조 국민연금의 미래 시나리오 #국민연금 #연금고갈 #2099년 #목표 수익률5.5% #연금개혁 #김성주이사장"
2026-07-22 06:23:40,392,18,2,"""21세기 말까지 기금 소진 걱정 끝"" 김성주 이사장이 밝힌 1400조 국민연금의 미래 시나리오 #국민연금 #연금고갈 #2099년 #목표 수익률5.5% #연금개혁 #김성주이사장"
2026-07-22 07:24:00,392,18,2,"""21세기 말까지 기금 소진 걱정 끝"" 김성주 이사장이 밝힌 1400조 국민연금의 미래 시나리오 #국민연금 #연금고갈 #2099년 #목표 수익률5.5% #연금개혁 #김성주이사장"
2026-07-22 08:26:05,392,18,2,"""21세기 말까지 기금 소진 걱정 끝"" 김성주 이사장이 밝힌 1400조 국민연금의 미래 시나리오 #국민연금 #연금고갈 #2099년 #목표 수익률5.5% #연금개혁 #김성주이사장"
2026-07-22 09:14:32,392,18,2,"""21세기 말까지 기금 소진 걱정 끝"" 김성주 이사장이 밝힌 1400조 국민연금의 미래 시나리오 #국민연금 #연금고갈 #2099년 #목표 수익률5.5% #연금개혁 #김성주이사장"
2026-07-22 12:48:26,392,18,2,"""21세기 말까지 기금 소진 걱정 끝"" 김성주 이사장이 밝힌 1400조 국민연금의 미래 시나리오 #국민연금 #연금고갈 #2099년 #목표 수익률5.5% #연금개혁 #김성주이사장"
2026-07-22 15:17:01,392,18,2,"""21세기 말까지 기금 소진 걱정 끝"" 김성주 이사장이 밝힌 1400조 국민연금의 미래 시나리오 #국민연금 #연금고갈 #2099년 #목표 수익률5.5% #연금개혁 #김성주이사장"
2026-07-22 17:47:00,392,18,2,"""21세기 말까지 기금 소진 걱정 끝"" 김성주 이사장이 밝힌 1400조 국민연금의 미래 시나리오 #국민연금 #연금고갈 #2099년 #목표 수익률5.5% #연금개혁 #김성주이사장"
2026-07-22 19:53:35,393,18,2,"""21세기 말까지 기금 소진 걱정 끝"" 김성주 이사장이 밝힌 1400조 국민연금의 미래 시나리오 #국민연금 #연금고갈 #2099년 #목표 수익률5.5% #연금개혁 #김성주이사장"
2026-07-22 21:19:42,393,18,2,"""21세기 말까지 기금 소진 걱정 끝"" 김성주 이사장이 밝힌 1400조 국민연금의 미래 시나리오 #국민연금 #연금고갈 #2099년 #목표 수익률5.5% #연금개혁 #김성주이사장"
2026-07-22 23:29:59,393,18,2,"""21세기 말까지 기금 소진 걱정 끝"" 김성주 이사장이 밝힌 1400조 국민연금의 미래 시나리오 #국민연금 #연금고갈 #2099년 #목표 수익률5.5% #연금개혁 #김성주이사장"
2026-07-23 01:01:41,393,18,2,"""21세기 말까지 기금 소진 걱정 끝"" 김성주 이사장이 밝힌 1400조 국민연금의 미래 시나리오 #국민연금 #연금고갈 #2099년 #목표 수익률5.5% #연금개혁 #김성주이사장"
2026-07-23 02:34:09,393,18,2,"""21세기 말까지 기금 소진 걱정 끝"" 김성주 이사장이 밝힌 1400조 국민연금의 미래 시나리오 #국민연금 #연금고갈 #2099년 #목표 수익률5.5% #연금개혁 #김성주이사장"
2026-07-23 03:44:10,393,18,2,"""21세기 말까지 기금 소진 걱정 끝"" 김성주 이사장이 밝힌 1400조 국민연금의 미래 시나리오 #국민연금 #연금고갈 #2099년 #목표 수익률5.5% #연금개혁 #김성주이사장"
2026-07-23 04:58:41,393,18,2,"""21세기 말까지 기금 소진 걱정 끝"" 김성주 이사장이 밝힌 1400조 국민연금의 미래 시나리오 #국민연금 #연금고갈 #2099년 #목표 수익률5.5% #연금개혁 #김성주이사장"
2026-07-23 06:09:24,393,18,2,"""21세기 말까지 기금 소진 걱정 끝"" 김성주 이사장이 밝힌 1400조 국민연금의 미래 시나리오 #국민연금 #연금고갈 #2099년 #목표 수익률5.5% #연금개혁 #김성주이사장"
2026-07-23 07:15:03,393,18,2,"""21세기 말까지 기금 소진 걱정 끝"" 김성주 이사장이 밝힌 1400조 국민연금의 미래 시나리오 #국민연금 #연금고갈 #2099년 #목표 수익률5.5% #연금개혁 #김성주이사장"
2026-07-23 08:17:03,393,18,2,"""21세기 말까지 기금 소진 걱정 끝"" 김성주 이사장이 밝힌 1400조 국민연금의 미래 시나리오 #국민연금 #연금고갈 #2099년 #목표 수익률5.5% #연금개혁 #김성주이사장"
2026-07-23 09:15:02,393,18,2,"""21세기 말까지 기금 소진 걱정 끝"" 김성주 이사장이 밝힌 1400조 국민연금의 미래 시나리오 #국민연금 #연금고갈 #2099년 #목표 수익률5.5% #연금개혁 #김성주이사장"
2026-07-23 12:46:39,393,18,2,"""21세기 말까지 기금 소진 걱정 끝"" 김성주 이사장이 밝힌 1400조 국민연금의 미래 시나리오 #국민연금 #연금고갈 #2099년 #목표 수익률5.5% #연금개혁 #김성주이사장"
2026-07-23 15:20:18,393,18,2,"""21세기 말까지 기금 소진 걱정 끝"" 김성주 이사장이 밝힌 1400조 국민연금의 미래 시나리오 #국민연금 #연금고갈 #2099년 #목표 수익률5.5% #연금개혁 #김성주이사장"
2026-07-23 18:02:45,393,18,2,"""21세기 말까지 기금 소진 걱정 끝"" 김성주 이사장이 밝힌 1400조 국민연금의 미래 시나리오 #국민연금 #연금고갈 #2099년 #목표 수익률5.5% #연금개혁 #김성주이사장"
2026-07-23 20:17:29,394,18,2,"""21세기 말까지 기금 소진 걱정 끝"" 김성주 이사장이 밝힌 1400조 국민연금의 미래 시나리오 #국민연금 #연금고갈 #2099년 #목표 수익률5.5% #연금개혁 #김성주이사장"
2026-07-23 21:51:21,394,18,2,"""21세기 말까지 기금 소진 걱정 끝"" 김성주 이사장이 밝힌 1400조 국민연금의 미래 시나리오 #국민연금 #연금고갈 #2099년 #목표 수익률5.5% #연금개혁 #김성주이사장"
2026-07-23 23:56:05,394,18,2,"""21세기 말까지 기금 소진 걱정 끝"" 김성주 이사장이 밝힌 1400조 국민연금의 미래 시나리오 #국민연금 #연금고갈 #2099년 #목표 수익률5.5% #연금개혁 #김성주이사장"
2026-07-24 01:22:45,394,18,2,"""21세기 말까지 기금 소진 걱정 끝"" 김성주 이사장이 밝힌 1400조 국민연금의 미래 시나리오 #국민연금 #연금고갈 #2099년 #목표 수익률5.5% #연금개혁 #김성주이사장"
2026-07-24 02:51:56,394,18,2,"""21세기 말까지 기금 소진 걱정 끝"" 김성주 이사장이 밝힌 1400조 국민연금의 미래 시나리오 #국민연금 #연금고갈 #2099년 #목표 수익률5.5% #연금개혁 #김성주이사장"
2026-07-24 03:53:47,394,18,2,"""21세기 말까지 기금 소진 걱정 끝"" 김성주 이사장이 밝힌 1400조 국민연금의 미래 시나리오 #국민연금 #연금고갈 #2099년 #목표 수익률5.5% #연금개혁 #김성주이사장"
2026-07-24 05:06:16,394,18,2,"""21세기 말까지 기금 소진 걱정 끝"" 김성주 이사장이 밝힌 1400조 국민연금의 미래 시나리오 #국민연금 #연금고갈 #2099년 #목표 수익률5.5% #연금개혁 #김성주이사장"
2026-07-24 06:18:16,394,18,2,"""21세기 말까지 기금 소진 걱정 끝"" 김성주 이사장이 밝힌 1400조 국민연금의 미래 시나리오 #국민연금 #연금고갈 #2099년 #목표 수익률5.5% #연금개혁 #김성주이사장"
2026-07-24 07:17:47,394,18,2,"""21세기 말까지 기금 소진 걱정 끝"" 김성주 이사장이 밝힌 1400조 국민연금의 미래 시나리오 #국민연금 #연금고갈 #2099년 #목표 수익률5.5% #연금개혁 #김성주이사장"
2026-07-24 08:14:39,394,18,2,"""21세기 말까지 기금 소진 걱정 끝"" 김성주 이사장이 밝힌 1400조 국민연금의 미래 시나리오 #국민연금 #연금고갈 #2099년 #목표 수익률5.5% #연금개혁 #김성주이사장"
2026-07-24 09:12:02,394,18,2,"""21세기 말까지 기금 소진 걱정 끝"" 김성주 이사장이 밝힌 1400조 국민연금의 미래 시나리오 #국민연금 #연금고갈 #2099년 #목표 수익률5.5% #연금개혁 #김성주이사장"
2026-07-24 12:42:55,394,18,2,"""21세기 말까지 기금 소진 걱정 끝"" 김성주 이사장이 밝힌 1400조 국민연금의 미래 시나리오 #국민연금 #연금고갈 #2099년 #목표 수익률5.5% #연금개혁 #김성주이사장"
2026-07-24 15:13:52,394,18,2,"""21세기 말까지 기금 소진 걱정 끝"" 김성주 이사장이 밝힌 1400조 국민연금의 미래 시나리오 #국민연금 #연금고갈 #2099년 #목표 수익률5.5% #연금개혁 #김성주이사장"
2026-07-24 17:42:56,394,18,2,"""21세기 말까지 기금 소진 걱정 끝"" 김성주 이사장이 밝힌 1400조 국민연금의 미래 시나리오 #국민연금 #연금고갈 #2099년 #목표 수익률5.5% #연금개혁 #김성주이사장"
2026-07-24 19:48:10,394,18,2,"""21세기 말까지 기금 소진 걱정 끝"" 김성주 이사장이 밝힌 1400조 국민연금의 미래 시나리오 #국민연금 #연금고갈 #2099년 #목표 수익률5.5% #연금개혁 #김성주이사장"
2026-07-24 21:08:48,394,18,2,"""21세기 말까지 기금 소진 걱정 끝"" 김성주 이사장이 밝힌 1400조 국민연금의 미래 시나리오 #국민연금 #연금고갈 #2099년 #목표 수익률5.5% #연금개혁 #김성주이사장"
2026-07-24 23:07:53,394,18,2,"""21세기 말까지 기금 소진 걱정 끝"" 김성주 이사장이 밝힌 1400조 국민연금의 미래 시나리오 #국민연금 #연금고갈 #2099년 #목표 수익률5.5% #연금개혁 #김성주이사장"
2026-07-25 00:41:46,394,18,2,"""21세기 말까지 기금 소진 걱정 끝"" 김성주 이사장이 밝힌 1400조 국민연금의 미래 시나리오 #국민연금 #연금고갈 #2099년 #목표 수익률5.5% #연금개혁 #김성주이사장"
2026-07-25 02:11:33,394,18,2,"""21세기 말까지 기금 소진 걱정 끝"" 김성주 이사장이 밝힌 1400조 국민연금의 미래 시나리오 #국민연금 #연금고갈 #2099년 #목표 수익률5.5% #연금개혁 #김성주이사장"
2026-07-25 03:45:18,394,18,2,"""21세기 말까지 기금 소진 걱정 끝"" 김성주 이사장이 밝힌 1400조 국민연금의 미래 시나리오 #국민연금 #연금고갈 #2099년 #목표 수익률5.5% #연금개혁 #김성주이사장"
2026-07-25 05:03:48,394,18,2,"""21세기 말까지 기금 소진 걱정 끝"" 김성주 이사장이 밝힌 1400조 국민연금의 미래 시나리오 #국민연금 #연금고갈 #2099년 #목표 수익률5.5% #연금개혁 #김성주이사장"
2026-07-25 06:15:36,394,18,2,"""21세기 말까지 기금 소진 걱정 끝"" 김성주 이사장이 밝힌 1400조 국민연금의 미래 시나리오 #국민연금 #연금고갈 #2099년 #목표 수익률5.5% #연금개혁 #김성주이사장"
2026-07-25 07:28:45,394,18,2,"""21세기 말까지 기금 소진 걱정 끝"" 김성주 이사장이 밝힌 1400조 국민연금의 미래 시나리오 #국민연금 #연금고갈 #2099년 #목표 수익률5.5% #연금개혁 #김성주이사장"
2026-07-25 08:33:03,394,18,2,"""21세기 말까지 기금 소진 걱정 끝"" 김성주 이사장이 밝힌 1400조 국민연금의 미래 시나리오 #국민연금 #연금고갈 #2099년 #목표 수익률5.5% #연금개혁 #김성주이사장"
2026-07-25 10:05:12,393,18,2,"""21세기 말까지 기금 소진 걱정 끝"" 김성주 이사장이 밝힌 1400조 국민연금의 미래 시나리오 #국민연금 #연금고갈 #2099년 #목표 수익률5.5% #연금개혁 #김성주이사장"
2026-07-25 13:20:31,393,18,2,"""21세기 말까지 기금 소진 걱정 끝"" 김성주 이사장이 밝힌 1400조 국민연금의 미래 시나리오 #국민연금 #연금고갈 #2099년 #목표 수익률5.5% #연금개혁 #김성주이사장"
2026-07-25 15:33:11,393,18,2,"""21세기 말까지 기금 소진 걱정 끝"" 김성주 이사장이 밝힌 1400조 국민연금의 미래 시나리오 #국민연금 #연금고갈 #2099년 #목표 수익률5.5% #연금개혁 #김성주이사장"
2026-07-25 17:33:21,393,18,2,"""21세기 말까지 기금 소진 걱정 끝"" 김성주 이사장이 밝힌 1400조 국민연금의 미래 시나리오 #국민연금 #연금고갈 #2099년 #목표 수익률5.5% #연금개혁 #김성주이사장"
2026-07-25 19:11:55,393,18,2,"""21세기 말까지 기금 소진 걱정 끝"" 김성주 이사장이 밝힌 1400조 국민연금의 미래 시나리오 #국민연금 #연금고갈 #2099년 #목표 수익률5.5% #연금개혁 #김성주이사장"
2026-07-25 20:33:26,393,18,2,"""21세기 말까지 기금 소진 걱정 끝"" 김성주 이사장이 밝힌 1400조 국민연금의 미래 시나리오 #국민연금 #연금고갈 #2099년 #목표 수익률5.5% #연금개혁 #김성주이사장"
2026-07-25 23:13:25,393,18,2,"""21세기 말까지 기금 소진 걱정 끝"" 김성주 이사장이 밝힌 1400조 국민연금의 미래 시나리오 #국민연금 #연금고갈 #2099년 #목표 수익률5.5% #연금개혁 #김성주이사장"
2026-07-26 00:19:43,393,18,2,"""21세기 말까지 기금 소진 걱정 끝"" 김성주 이사장이 밝힌 1400조 국민연금의 미래 시나리오 #국민연금 #연금고갈 #2099년 #목표 수익률5.5% #연금개혁 #김성주이사장"
2026-07-26 01:14:49,393,18,2,"""21세기 말까지 기금 소진 걱정 끝"" 김성주 이사장이 밝힌 1400조 국민연금의 미래 시나리오 #국민연금 #연금고갈 #2099년 #목표 수익률5.5% #연금개혁 #김성주이사장"
2026-07-26 02:17:22,393,18,2,"""21세기 말까지 기금 소진 걱정 끝"" 김성주 이사장이 밝힌 1400조 국민연금의 미래 시나리오 #국민연금 #연금고갈 #2099년 #목표 수익률5.5% #연금개혁 #김성주이사장"
2026-07-26 03:10:58,393,18,2,"""21세기 말까지 기금 소진 걱정 끝"" 김성주 이사장이 밝힌 1400조 국민연금의 미래 시나리오 #국민연금 #연금고갈 #2099년 #목표 수익률5.5% #연금개혁 #김성주이사장"
2026-07-26 04:33:07,393,18,2,"""21세기 말까지 기금 소진 걱정 끝"" 김성주 이사장이 밝힌 1400조 국민연금의 미래 시나리오 #국민연금 #연금고갈 #2099년 #목표 수익률5.5% #연금개혁 #김성주이사장"
2026-07-26 05:29:03,393,18,2,"""21세기 말까지 기금 소진 걱정 끝"" 김성주 이사장이 밝힌 1400조 국민연금의 미래 시나리오 #국민연금 #연금고갈 #2099년 #목표 수익률5.5% #연금개혁 #김성주이사장"
2026-07-26 06:26:00,393,18,2,"""21세기 말까지 기금 소진 걱정 끝"" 김성주 이사장이 밝힌 1400조 국민연금의 미래 시나리오 #국민연금 #연금고갈 #2099년 #목표 수익률5.5% #연금개혁 #김성주이사장"
2026-07-26 07:25:15,393,18,2,"""21세기 말까지 기금 소진 걱정 끝"" 김성주 이사장이 밝힌 1400조 국민연금의 미래 시나리오 #국민연금 #연금고갈 #2099년 #목표 수익률5.5% #연금개혁 #김성주이사장"
2026-07-26 08:27:45,393,18,2,"""21세기 말까지 기금 소진 걱정 끝"" 김성주 이사장이 밝힌 1400조 국민연금의 미래 시나리오 #국민연금 #연금고갈 #2099년 #목표 수익률5.5% #연금개혁 #김성주이사장"
2026-07-26 10:06:30,393,18,2,"""21세기 말까지 기금 소진 걱정 끝"" 김성주 이사장이 밝힌 1400조 국민연금의 미래 시나리오 #국민연금 #연금고갈 #2099년 #목표 수익률5.5% #연금개혁 #김성주이사장"
2026-07-26 13:36:25,393,18,2,"""21세기 말까지 기금 소진 걱정 끝"" 김성주 이사장이 밝힌 1400조 국민연금의 미래 시나리오 #국민연금 #연금고갈 #2099년 #목표 수익률5.5% #연금개혁 #김성주이사장"
2026-07-26 16:15:09,393,18,2,"""21세기 말까지 기금 소진 걱정 끝"" 김성주 이사장이 밝힌 1400조 국민연금의 미래 시나리오 #국민연금 #연금고갈 #2099년 #목표 수익률5.5% #연금개혁 #김성주이사장"
2026-07-26 18:25:11,393,18,2,"""21세기 말까지 기금 소진 걱정 끝"" 김성주 이사장이 밝힌 1400조 국민연금의 미래 시나리오 #국민연금 #연금고갈 #2099년 #목표 수익률5.5% #연금개혁 #김성주이사장"
2026-07-26 19:57:30,393,18,2,"""21세기 말까지 기금 소진 걱정 끝"" 김성주 이사장이 밝힌 1400조 국민연금의 미래 시나리오 #국민연금 #연금고갈 #2099년 #목표 수익률5.5% #연금개혁 #김성주이사장"
2026-07-26 21:01:52,393,18,2,"""21세기 말까지 기금 소진 걱정 끝"" 김성주 이사장이 밝힌 1400조 국민연금의 미래 시나리오 #국민연금 #연금고갈 #2099년 #목표 수익률5.5% #연금개혁 #김성주이사장"
2026-07-26 22:47:31,393,18,2,"""21세기 말까지 기금 소진 걱정 끝"" 김성주 이사장이 밝힌 1400조 국민연금의 미래 시나리오 #국민연금 #연금고갈 #2099년 #목표 수익률5.5% #연금개혁 #김성주이사장"
2026-07-26 23:52:45,393,18,2,"""21세기 말까지 기금 소진 걱정 끝"" 김성주 이사장이 밝힌 1400조 국민연금의 미래 시나리오 #국민연금 #연금고갈 #2099년 #목표 수익률5.5% #연금개혁 #김성주이사장"
2026-07-27 00:50:19,393,18,2,"""21세기 말까지 기금 소진 걱정 끝"" 김성주 이사장이 밝힌 1400조 국민연금의 미래 시나리오 #국민연금 #연금고갈 #2099년 #목표 수익률5.5% #연금개혁 #김성주이사장"
2026-07-27 01:40:13,393,18,2,"""21세기 말까지 기금 소진 걱정 끝"" 김성주 이사장이 밝힌 1400조 국민연금의 미래 시나리오 #국민연금 #연금고갈 #2099년 #목표 수익률5.5% #연금개혁 #김성주이사장"
2026-07-27 02:41:51,393,18,2,"""21세기 말까지 기금 소진 걱정 끝"" 김성주 이사장이 밝힌 1400조 국민연금의 미래 시나리오 #국민연금 #연금고갈 #2099년 #목표 수익률5.5% #연금개혁 #김성주이사장"
2026-07-27 03:42:18,393,18,2,"""21세기 말까지 기금 소진 걱정 끝"" 김성주 이사장이 밝힌 1400조 국민연금의 미래 시나리오 #국민연금 #연금고갈 #2099년 #목표 수익률5.5% #연금개혁 #김성주이사장"
2026-07-27 04:53:28,393,18,2,"""21세기 말까지 기금 소진 걱정 끝"" 김성주 이사장이 밝힌 1400조 국민연금의 미래 시나리오 #국민연금 #연금고갈 #2099년 #목표 수익률5.5% #연금개혁 #김성주이사장"
2026-07-27 05:42:46,393,18,2,"""21세기 말까지 기금 소진 걱정 끝"" 김성주 이사장이 밝힌 1400조 국민연금의 미래 시나리오 #국민연금 #연금고갈 #2099년 #목표 수익률5.5% #연금개혁 #김성주이사장"
2026-07-27 06:39:45,393,18,2,"""21세기 말까지 기금 소진 걱정 끝"" 김성주 이사장이 밝힌 1400조 국민연금의 미래 시나리오 #국민연금 #연금고갈 #2099년 #목표 수익률5.5% #연금개혁 #김성주이사장"
2026-07-27 07:39:41,393,18,2,"""21세기 말까지 기금 소진 걱정 끝"" 김성주 이사장이 밝힌 1400조 국민연금의 미래 시나리오 #국민연금 #연금고갈 #2099년 #목표 수익률5.5% #연금개혁 #김성주이사장"
2026-07-27 08:39:07,393,18,2,"""21세기 말까지 기금 소진 걱정 끝"" 김성주 이사장이 밝힌 1400조 국민연금의 미래 시나리오 #국민연금 #연금고갈 #2099년 #목표 수익률5.5% #연금개혁 #김성주이사장"
2026-07-27 10:16:12,393,18,2,"""21세기 말까지 기금 소진 걱정 끝"" 김성주 이사장이 밝힌 1400조 국민연금의 미래 시나리오 #국민연금 #연금고갈 #2099년 #목표 수익률5.5% #연금개혁 #김성주이사장"
2026-07-27 13:54:51,393,18,2,"""21세기 말까지 기금 소진 걱정 끝"" 김성주 이사장이 밝힌 1400조 국민연금의 미래 시나리오 #국민연금 #연금고갈 #2099년 #목표 수익률5.5% #연금개혁 #김성주이사장"
2026-07-27 17:22:17,393,18,2,"""21세기 말까지 기금 소진 걱정 끝"" 김성주 이사장이 밝힌 1400조 국민연금의 미래 시나리오 #국민연금 #연금고갈 #2099년 #목표 수익률5.5% #연금개혁 #김성주이사장"
2026-07-27 20:45:52,393,18,2,"""21세기 말까지 기금 소진 걱정 끝"" 김성주 이사장이 밝힌 1400조 국민연금의 미래 시나리오 #국민연금 #연금고갈 #2099년 #목표 수익률5.5% #연금개혁 #김성주이사장"
2026-07-27 22:59:52,393,18,2,"""21세기 말까지 기금 소진 걱정 끝"" 김성주 이사장이 밝힌 1400조 국민연금의 미래 시나리오 #국민연금 #연금고갈 #2099년 #목표 수익률5.5% #연금개혁 #김성주이사장"
2026-07-28 01:24:42,393,18,2,"""21세기 말까지 기금 소진 걱정 끝"" 김성주 이사장이 밝힌 1400조 국민연금의 미래 시나리오 #국민연금 #연금고갈 #2099년 #목표 수익률5.5% #연금개혁 #김성주이사장"
2026-07-28 03:00:32,393,18,2,"""21세기 말까지 기금 소진 걱정 끝"" 김성주 이사장이 밝힌 1400조 국민연금의 미래 시나리오 #국민연금 #연금고갈 #2099년 #목표 수익률5.5% #연금개혁 #김성주이사장"
2026-07-28 04:44:03,393,18,2,"""21세기 말까지 기금 소진 걱정 끝"" 김성주 이사장이 밝힌 1400조 국민연금의 미래 시나리오 #국민연금 #연금고갈 #2099년 #목표 수익률5.5% #연금개혁 #김성주이사장"
2026-07-28 05:54:22,393,18,2,"""21세기 말까지 기금 소진 걱정 끝"" 김성주 이사장이 밝힌 1400조 국민연금의 미래 시나리오 #국민연금 #연금고갈 #2099년 #목표 수익률5.5% #연금개혁 #김성주이사장"
2026-07-28 06:56:15,393,18,2,"""21세기 말까지 기금 소진 걱정 끝"" 김성주 이사장이 밝힌 1400조 국민연금의 미래 시나리오 #국민연금 #연금고갈 #2099년 #목표 수익률5.5% #연금개혁 #김성주이사장"
2026-07-28 07:56:14,393,18,2,"""21세기 말까지 기금 소진 걱정 끝"" 김성주 이사장이 밝힌 1400조 국민연금의 미래 시나리오 #국민연금 #연금고갈 #2099년 #목표 수익률5.5% #연금개혁 #김성주이사장"
2026-07-28 08:57:59,393,18,2,"""21세기 말까지 기금 소진 걱정 끝"" 김성주 이사장이 밝힌 1400조 국민연금의 미래 시나리오 #국민연금 #연금고갈 #2099년 #목표 수익률5.5% #연금개혁 #김성주이사장"
2026-07-28 11:29:35,393,18,2,"""21세기 말까지 기금 소진 걱정 끝"" 김성주 이사장이 밝힌 1400조 국민연금의 미래 시나리오 #국민연금 #연금고갈 #2099년 #목표 수익률5.5% #연금개혁 #김성주이사장"
2026-07-28 14:31:46,393,18,2,"""21세기 말까지 기금 소진 걱정 끝"" 김성주 이사장이 밝힌 1400조 국민연금의 미래 시나리오 #국민연금 #연금고갈 #2099년 #목표 수익률5.5% #연금개혁 #김성주이사장"
2026-07-28 17:01:58,393,18,2,"""21세기 말까지 기금 소진 걱정 끝"" 김성주 이사장이 밝힌 1400조 국민연금의 미래 시나리오 #국민연금 #연금고갈 #2099년 #목표 수익률5.5% #연금개혁 #김성주이사장"
2026-07-28 19:43:21,393,18,2,"""21세기 말까지 기금 소진 걱정 끝"" 김성주 이사장이 밝힌 1400조 국민연금의 미래 시나리오 #국민연금 #연금고갈 #2099년 #목표 수익률5.5% #연금개혁 #김성주이사장"
2026-07-28 21:25:27,393,18,2,"""21세기 말까지 기금 소진 걱정 끝"" 김성주 이사장이 밝힌 1400조 국민연금의 미래 시나리오 #국민연금 #연금고갈 #2099년 #목표 수익률5.5% #연금개혁 #김성주이사장"
2026-07-28 23:57:41,393,18,2,"""21세기 말까지 기금 소진 걱정 끝"" 김성주 이사장이 밝힌 1400조 국민연금의 미래 시나리오 #국민연금 #연금고갈 #2099년 #목표 수익률5.5% #연금개혁 #김성주이사장"
2026-07-29 01:39:59,393,18,2,"""21세기 말까지 기금 소진 걱정 끝"" 김성주 이사장이 밝힌 1400조 국민연금의 미래 시나리오 #국민연금 #연금고갈 #2099년 #목표 수익률5.5% #연금개혁 #김성주이사장"
2026-07-29 03:02:19,393,18,2,"""21세기 말까지 기금 소진 걱정 끝"" 김성주 이사장이 밝힌 1400조 국민연금의 미래 시나리오 #국민연금 #연금고갈 #2099년 #목표 수익률5.5% #연금개혁 #김성주이사장"
2026-07-29 04:45:23,393,18,2,"""21세기 말까지 기금 소진 걱정 끝"" 김성주 이사장이 밝힌 1400조 국민연금의 미래 시나리오 #국민연금 #연금고갈 #2099년 #목표 수익률5.5% #연금개혁 #김성주이사장"
2026-07-29 05:49:08,393,18,2,"""21세기 말까지 기금 소진 걱정 끝"" 김성주 이사장이 밝힌 1400조 국민연금의 미래 시나리오 #국민연금 #연금고갈 #2099년 #목표 수익률5.5% #연금개혁 #김성주이사장"
2026-07-29 06:50:01,393,18,2,"""21세기 말까지 기금 소진 걱정 끝"" 김성주 이사장이 밝힌 1400조 국민연금의 미래 시나리오 #국민연금 #연금고갈 #2099년 #목표 수익률5.5% #연금개혁 #김성주이사장"
2026-07-29 07:45:17,393,18,2,"""21세기 말까지 기금 소진 걱정 끝"" 김성주 이사장이 밝힌 1400조 국민연금의 미래 시나리오 #국민연금 #연금고갈 #2099년 #목표 수익률5.5% #연금개혁 #김성주이사장"
2026-07-29 08:42:49,393,18,2,"""21세기 말까지 기금 소진 걱정 끝"" 김성주 이사장이 밝힌 1400조 국민연금의 미래 시나리오 #국민연금 #연금고갈 #2099년 #목표 수익률5.5% #연금개혁 #김성주이사장"
2026-07-29 10:09:27,393,18,2,"""21세기 말까지 기금 소진 걱정 끝"" 김성주 이사장이 밝힌 1400조 국민연금의 미래 시나리오 #국민연금 #연금고갈 #2099년 #목표 수익률5.5% #연금개혁 #김성주이사장"
2026-07-29 13:27:42,393,18,2,"""21세기 말까지 기금 소진 걱정 끝"" 김성주 이사장이 밝힌 1400조 국민연금의 미래 시나리오 #국민연금 #연금고갈 #2099년 #목표 수익률5.5% #연금개혁 #김성주이사장"
2026-07-29 16:18:18,393,18,2,"""21세기 말까지 기금 소진 걱정 끝"" 김성주 이사장이 밝힌 1400조 국민연금의 미래 시나리오 #국민연금 #연금고갈 #2099년 #목표 수익률5.5% #연금개혁 #김성주이사장"
2026-07-29 18:59:55,393,18,2,"""21세기 말까지 기금 소진 걱정 끝"" 김성주 이사장이 밝힌 1400조 국민연금의 미래 시나리오 #국민연금 #연금고갈 #2099년 #목표 수익률5.5% #연금개혁 #김성주이사장"
2026-07-29 21:04:27,393,18,2,"""21세기 말까지 기금 소진 걱정 끝"" 김성주 이사장이 밝힌 1400조 국민연금의 미래 시나리오 #국민연금 #연금고갈 #2099년 #목표 수익률5.5% #연금개혁 #김성주이사장"
2026-07-29 23:27:44,393,18,2,"""21세기 말까지 기금 소진 걱정 끝"" 김성주 이사장이 밝힌 1400조 국민연금의 미래 시나리오 #국민연금 #연금고갈 #2099년 #목표 수익률5.5% #연금개혁 #김성주이사장"
2026-07-30 01:00:36,393,18,2,"""21세기 말까지 기금 소진 걱정 끝"" 김성주 이사장이 밝힌 1400조 국민연금의 미래 시나리오 #국민연금 #연금고갈 #2099년 #목표 수익률5.5% #연금개혁 #김성주이사장"
2026-07-30 02:21:08,393,18,2,"""21세기 말까지 기금 소진 걱정 끝"" 김성주 이사장이 밝힌 1400조 국민연금의 미래 시나리오 #국민연금 #연금고갈 #2099년 #목표 수익률5.5% #연금개혁 #김성주이사장"
2026-07-30 03:16:57,393,18,2,"""21세기 말까지 기금 소진 걱정 끝"" 김성주 이사장이 밝힌 1400조 국민연금의 미래 시나리오 #국민연금 #연금고갈 #2099년 #목표 수익률5.5% #연금개혁 #김성주이사장"
2026-07-30 04:47:11,393,18,2,"""21세기 말까지 기금 소진 걱정 끝"" 김성주 이사장이 밝힌 1400조 국민연금의 미래 시나리오 #국민연금 #연금고갈 #2099년 #목표 수익률5.5% #연금개혁 #김성주이사장"
2026-07-30 05:38:55,393,18,2,"""21세기 말까지 기금 소진 걱정 끝"" 김성주 이사장이 밝힌 1400조 국민연금의 미래 시나리오 #국민연금 #연금고갈 #2099년 #목표 수익률5.5% #연금개혁 #김성주이사장"
2026-07-30 06:33:50,393,18,2,"""21세기 말까지 기금 소진 걱정 끝"" 김성주 이사장이 밝힌 1400조 국민연금의 미래 시나리오 #국민연금 #연금고갈 #2099년 #목표 수익률5.5% #연금개혁 #김성주이사장"
2026-07-30 07:33:06,393,18,2,"""21세기 말까지 기금 소진 걱정 끝"" 김성주 이사장이 밝힌 1400조 국민연금의 미래 시나리오 #국민연금 #연금고갈 #2099년 #목표 수익률5.5% #연금개혁 #김성주이사장"
2026-07-30 08:35:30,393,18,2,"""21세기 말까지 기금 소진 걱정 끝"" 김성주 이사장이 밝힌 1400조 국민연금의 미래 시나리오 #국민연금 #연금고갈 #2099년 #목표 수익률5.5% #연금개혁 #김성주이사장"
2026-07-30 09:58:47,393,18,2,"""21세기 말까지 기금 소진 걱정 끝"" 김성주 이사장이 밝힌 1400조 국민연금의 미래 시나리오 #국민연금 #연금고갈 #2099년 #목표 수익률5.5% #연금개혁 #김성주이사장"
2026-07-30 12:57:39,393,18,2,"""21세기 말까지 기금 소진 걱정 끝"" 김성주 이사장이 밝힌 1400조 국민연금의 미래 시나리오 #국민연금 #연금고갈 #2099년 #목표 수익률5.5% #연금개혁 #김성주이사장"
2026-07-30 15:26:37,393,18,2,"""21세기 말까지 기금 소진 걱정 끝"" 김성주 이사장이 밝힌 1400조 국민연금의 미래 시나리오 #국민연금 #연금고갈 #2099년 #목표 수익률5.5% #연금개혁 #김성주이사장"
2026-07-30 18:11:34,393,18,2,"""21세기 말까지 기금 소진 걱정 끝"" 김성주 이사장이 밝힌 1400조 국민연금의 미래 시나리오 #국민연금 #연금고갈 #2099년 #목표 수익률5.5% #연금개혁 #김성주이사장"
2026-07-30 20:20:41,393,18,2,"""21세기 말까지 기금 소진 걱정 끝"" 김성주 이사장이 밝힌 1400조 국민연금의 미래 시나리오 #국민연금 #연금고갈 #2099년 #목표 수익률5.5% #연금개혁 #김성주이사장"
2026-07-30 21:56:39,393,18,2,"""21세기 말까지 기금 소진 걱정 끝"" 김성주 이사장이 밝힌 1400조 국민연금의 미래 시나리오 #국민연금 #연금고갈 #2099년 #목표 수익률5.5% #연금개혁 #김성주이사장"
2026-07-31 00:07:08,393,18,2,"""21세기 말까지 기금 소진 걱정 끝"" 김성주 이사장이 밝힌 1400조 국민연금의 미래 시나리오 #국민연금 #연금고갈 #2099년 #목표 수익률5.5% #연금개혁 #김성주이사장"
2026-07-31 03:03:22,393,18,2,"""21세기 말까지 기금 소진 걱정 끝"" 김성주 이사장이 밝힌 1400조 국민연금의 미래 시나리오 #국민연금 #연금고갈 #2099년 #목표 수익률5.5% #연금개혁 #김성주이사장"
2026-07-31 04:45:19,393,18,2,"""21세기 말까지 기금 소진 걱정 끝"" 김성주 이사장이 밝힌 1400조 국민연금의 미래 시나리오 #국민연금 #연금고갈 #2099년 #목표 수익률5.5% #연금개혁 #김성주이사장"
2026-07-31 05:47:31,393,18,2,"""21세기 말까지 기금 소진 걱정 끝"" 김성주 이사장이 밝힌 1400조 국민연금의 미래 시나리오 #국민연금 #연금고갈 #2099년 #목표 수익률5.5% #연금개혁 #김성주이사장"
2026-07-31 06:51:09,393,18,2,"""21세기 말까지 기금 소진 걱정 끝"" 김성주 이사장이 밝힌 1400조 국민연금의 미래 시나리오 #국민연금 #연금고갈 #2099년 #목표 수익률5.5% #연금개혁 #김성주이사장"
2026-07-31 07:51:39,393,18,2,"""21세기 말까지 기금 소진 걱정 끝"" 김성주 이사장이 밝힌 1400조 국민연금의 미래 시나리오 #국민연금 #연금고갈 #2099년 #목표 수익률5.5% #연금개혁 #김성주이사장"
2026-07-31 08:46:30,393,18,2,"""21세기 말까지 기금 소진 걱정 끝"" 김성주 이사장이 밝힌 1400조 국민연금의 미래 시나리오 #국민연금 #연금고갈 #2099년 #목표 수익률5.5% #연금개혁 #김성주이사장"
2026-07-31 10:16:25,393,18,2,"""21세기 말까지 기금 소진 걱정 끝"" 김성주 이사장이 밝힌 1400조 국민연금의 미래 시나리오 #국민연금 #연금고갈 #2099년 #목표 수익률5.5% #연금개혁 #김성주이사장"
2026-07-31 13:44:58,393,18,2,"""21세기 말까지 기금 소진 걱정 끝"" 김성주 이사장이 밝힌 1400조 국민연금의 미래 시나리오 #국민연금 #연금고갈 #2099년 #목표 수익률5.5% #연금개혁 #김성주이사장"
2026-07-31 16:36:24,393,18,2,"""21세기 말까지 기금 소진 걱정 끝"" 김성주 이사장이 밝힌 1400조 국민연금의 미래 시나리오 #국민연금 #연금고갈 #2099년 #목표 수익률5.5% #연금개혁 #김성주이사장"
2026-07-31 19:11:09,393,18,2,"""21세기 말까지 기금 소진 걱정 끝"" 김성주 이사장이 밝힌 1400조 국민연금의 미래 시나리오 #국민연금 #연금고갈 #2099년 #목표 수익률5.5% #연금개혁 #김성주이사장"
2026-07-31 21:14:55,393,18,2,"""21세기 말까지 기금 소진 걱정 끝"" 김성주 이사장이 밝힌 1400조 국민연금의 미래 시나리오 #국민연금 #연금고갈 #2099년 #목표 수익률5.5% #연금개혁 #김성주이사장"
2026-07-31 23:37:09,393,18,2,"""21세기 말까지 기금 소진 걱정 끝"" 김성주 이사장이 밝힌 1400조 국민연금의 미래 시나리오 #국민연금 #연금고갈 #2099년 #목표 수익률5.5% #연금개혁 #김성주이사장"
2026-08-01 01:20:05,393,18,2,"""21세기 말까지 기금 소진 걱정 끝"" 김성주 이사장이 밝힌 1400조 국민연금의 미래 시나리오 #국민연금 #연금고갈 #2099년 #목표 수익률5.5% #연금개혁 #김성주이사장"
2026-08-01 02:57:45,393,18,2,"""21세기 말까지 기금 소진 걱정 끝"" 김성주 이사장이 밝힌 1400조 국민연금의 미래 시나리오 #국민연금 #연금고갈 #2099년 #목표 수익률5.5% #연금개혁 #김성주이사장"
2026-08-01 04:22:21,393,18,2,"""21세기 말까지 기금 소진 걱정 끝"" 김성주 이사장이 밝힌 1400조 국민연금의 미래 시나리오 #국민연금 #연금고갈 #2099년 #목표 수익률5.5% #연금개혁 #김성주이사장"
2026-08-01 05:38:53,393,18,2,"""21세기 말까지 기금 소진 걱정 끝"" 김성주 이사장이 밝힌 1400조 국민연금의 미래 시나리오 #국민연금 #연금고갈 #2099년 #목표 수익률5.5% #연금개혁 #김성주이사장"
2026-08-01 06:44:40,393,18,2,"""21세기 말까지 기금 소진 걱정 끝"" 김성주 이사장이 밝힌 1400조 국민연금의 미래 시나리오 #국민연금 #연금고갈 #2099년 #목표 수익률5.5% #연금개혁 #김성주이사장"
2026-08-01 07:43:22,393,18,2,"""21세기 말까지 기금 소진 걱정 끝"" 김성주 이사장이 밝힌 1400조 국민연금의 미래 시나리오 #국민연금 #연금고갈 #2099년 #목표 수익률5.5% #연금개혁 #김성주이사장"
2026-08-01 08:42:29,393,18,2,"""21세기 말까지 기금 소진 걱정 끝"" 김성주 이사장이 밝힌 1400조 국민연금의 미래 시나리오 #국민연금 #연금고갈 #2099년 #목표 수익률5.5% #연금개혁 #김성주이사장"
2026-08-01 10:14:34,393,18,2,"""21세기 말까지 기금 소진 걱정 끝"" 김성주 이사장이 밝힌 1400조 국민연금의 미래 시나리오 #국민연금 #연금고갈 #2099년 #목표 수익률5.5% #연금개혁 #김성주이사장"
2026-08-01 13:36:10,393,18,2,"""21세기 말까지 기금 소진 걱정 끝"" 김성주 이사장이 밝힌 1400조 국민연금의 미래 시나리오 #국민연금 #연금고갈 #2099년 #목표 수익률5.5% #연금개혁 #김성주이사장"
2026-08-01 16:08:49,393,18,2,"""21세기 말까지 기금 소진 걱정 끝"" 김성주 이사장이 밝힌 1400조 국민연금의 미래 시나리오 #국민연금 #연금고갈 #2099년 #목표 수익률5.5% #연금개혁 #김성주이사장"
2026-08-01 18:17:42,393,18,2,"""21세기 말까지 기금 소진 걱정 끝"" 김성주 이사장이 밝힌 1400조 국민연금의 미래 시나리오 #국민연금 #연금고갈 #2099년 #목표 수익률5.5% #연금개혁 #김성주이사장"
2026-08-01 19:51:45,393,18,2,"""21세기 말까지 기금 소진 걱정 끝"" 김성주 이사장이 밝힌 1400조 국민연금의 미래 시나리오 #국민연금 #연금고갈 #2099년 #목표 수익률5.5% #연금개혁 #김성주이사장"
2026-08-01 20:52:01,393,18,2,"""21세기 말까지 기금 소진 걱정 끝"" 김성주 이사장이 밝힌 1400조 국민연금의 미래 시나리오 #국민연금 #연금고갈 #2099년 #목표 수익률5.5% #연금개혁 #김성주이사장"
2026-08-01 21:44:16,393,18,2,"""21세기 말까지 기금 소진 걱정 끝"" 김성주 이사장이 밝힌 1400조 국민연금의 미래 시나리오 #국민연금 #연금고갈 #2099년 #목표 수익률5.5% #연금개혁 #김성주이사장"
2026-08-01 23:14:57,393,18,2,"""21세기 말까지 기금 소진 걱정 끝"" 김성주 이사장이 밝힌 1400조 국민연금의 미래 시나리오 #국민연금 #연금고갈 #2099년 #목표 수익률5.5% #연금개혁 #김성주이사장"
2026-08-02 00:28:06,393,18,2,"""21세기 말까지 기금 소진 걱정 끝"" 김성주 이사장이 밝힌 1400조 국민연금의 미래 시나리오 #국민연금 #연금고갈 #2099년 #목표 수익률5.5% #연금개혁 #김성주이사장"
2026-08-02 01:28:54,393,18,2,"""21세기 말까지 기금 소진 걱정 끝"" 김성주 이사장이 밝힌 1400조 국민연금의 미래 시나리오 #국민연금 #연금고갈 #2099년 #목표 수익률5.5% #연금개혁 #김성주이사장"
2026-08-02 02:32:14,393,18,2,"""21세기 말까지 기금 소진 걱정 끝"" 김성주 이사장이 밝힌 1400조 국민연금의 미래 시나리오 #국민연금 #연금고갈 #2099년 #목표 수익률5.5% #연금개혁 #김성주이사장"
2026-08-02 03:32:09,393,18,2,"""21세기 말까지 기금 소진 걱정 끝"" 김성주 이사장이 밝힌 1400조 국민연금의 미래 시나리오 #국민연금 #연금고갈 #2099년 #목표 수익률5.5% #연금개혁 #김성주이사장"
2026-08-02 04:46:58,393,18,2,"""21세기 말까지 기금 소진 걱정 끝"" 김성주 이사장이 밝힌 1400조 국민연금의 미래 시나리오 #국민연금 #연금고갈 #2099년 #목표 수익률5.5% #연금개혁 #김성주이사장"
2026-08-02 05:34:40,393,18,2,"""21세기 말까지 기금 소진 걱정 끝"" 김성주 이사장이 밝힌 1400조 국민연금의 미래 시나리오 #국민연금 #연금고갈 #2099년 #목표 수익률5.5% #연금개혁 #김성주이사장"
2026-08-02 06:29:54,393,18,2,"""21세기 말까지 기금 소진 걱정 끝"" 김성주 이사장이 밝힌 1400조 국민연금의 미래 시나리오 #국민연금 #연금고갈 #2099년 #목표 수익률5.5% #연금개혁 #김성주이사장"
2026-08-02 07:28:11,393,18,2,"""21세기 말까지 기금 소진 걱정 끝"" 김성주 이사장이 밝힌 1400조 국민연금의 미래 시나리오 #국민연금 #연금고갈 #2099년 #목표 수익률5.5% #연금개혁 #김성주이사장"
2026-08-02 08:28:39,393,18,2,"""21세기 말까지 기금 소진 걱정 끝"" 김성주 이사장이 밝힌 1400조 국민연금의 미래 시나리오 #국민연금 #연금고갈 #2099년 #목표 수익률5.5% #연금개혁 #김성주이사장"
2026-08-02 10:06:46,393,18,2,"""21세기 말까지 기금 소진 걱정 끝"" 김성주 이사장이 밝힌 1400조 국민연금의 미래 시나리오 #국민연금 #연금고갈 #2099년 #목표 수익률5.5% #연금개혁 #김성주이사장"
2026-08-02 13:33:36,393,18,2,"""21세기 말까지 기금 소진 걱정 끝"" 김성주 이사장이 밝힌 1400조 국민연금의 미래 시나리오 #국민연금 #연금고갈 #2099년 #목표 수익률5.5% #연금개혁 #김성주이사장"
2026-08-02 16:10:50,393,18,2,"""21세기 말까지 기금 소진 걱정 끝"" 김성주 이사장이 밝힌 1400조 국민연금의 미래 시나리오 #국민연금 #연금고갈 #2099년 #목표 수익률5.5% #연금개혁 #김성주이사장"
2026-08-02 18:19:34,393,18,2,"""21세기 말까지 기금 소진 걱정 끝"" 김성주 이사장이 밝힌 1400조 국민연금의 미래 시나리오 #국민연금 #연금고갈 #2099년 #목표 수익률5.5% #연금개혁 #김성주이사장"
2026-08-02 19:53:37,393,18,2,"""21세기 말까지 기금 소진 걱정 끝"" 김성주 이사장이 밝힌 1400조 국민연금의 미래 시나리오 #국민연금 #연금고갈 #2099년 #목표 수익률5.5% #연금개혁 #김성주이사장"
2026-08-02 20:50:58,393,18,2,"""21세기 말까지 기금 소진 걱정 끝"" 김성주 이사장이 밝힌 1400조 국민연금의 미래 시나리오 #국민연금 #연금고갈 #2099년 #목표 수익률5.5% #연금개혁 #김성주이사장"
2026-08-02 21:45:27,393,18,2,"""21세기 말까지 기금 소진 걱정 끝"" 김성주 이사장이 밝힌 1400조 국민연금의 미래 시나리오 #국민연금 #연금고갈 #2099년 #목표 수익률5.5% #연금개혁 #김성주이사장"
2026-08-02 23:16:11,393,18,2,"""21세기 말까지 기금 소진 걱정 끝"" 김성주 이사장이 밝힌 1400조 국민연금의 미래 시나리오 #국민연금 #연금고갈 #2099년 #목표 수익률5.5% #연금개혁 #김성주이사장"
2026-08-03 00:30:24,393,18,2,"""21세기 말까지 기금 소진 걱정 끝"" 김성주 이사장이 밝힌 1400조 국민연금의 미래 시나리오 #국민연금 #연금고갈 #2099년 #목표 수익률5.5% #연금개혁 #김성주이사장"
2026-08-03 01:29:41,393,18,2,"""21세기 말까지 기금 소진 걱정 끝"" 김성주 이사장이 밝힌 1400조 국민연금의 미래 시나리오 #국민연금 #연금고갈 #2099년 #목표 수익률5.5% #연금개혁 #김성주이사장"
2026-08-03 02:33:34,393,18,2,"""21세기 말까지 기금 소진 걱정 끝"" 김성주 이사장이 밝힌 1400조 국민연금의 미래 시나리오 #국민연금 #연금고갈 #2099년 #목표 수익률5.5% #연금개혁 #김성주이사장"
2026-08-03 03:34:24,393,18,2,"""21세기 말까지 기금 소진 걱정 끝"" 김성주 이사장이 밝힌 1400조 국민연금의 미래 시나리오 #국민연금 #연금고갈 #2099년 #목표 수익률5.5% #연금개혁 #김성주이사장"
2026-08-03 04:47:35,393,18,2,"""21세기 말까지 기금 소진 걱정 끝"" 김성주 이사장이 밝힌 1400조 국민연금의 미래 시나리오 #국민연금 #연금고갈 #2099년 #목표 수익률5.5% #연금개혁 #김성주이사장"
2026-08-03 05:37:38,393,18,2,"""21세기 말까지 기금 소진 걱정 끝"" 김성주 이사장이 밝힌 1400조 국민연금의 미래 시나리오 #국민연금 #연금고갈 #2099년 #목표 수익률5.5% #연금개혁 #김성주이사장"
2026-08-03 06:32:11,393,18,2,"""21세기 말까지 기금 소진 걱정 끝"" 김성주 이사장이 밝힌 1400조 국민연금의 미래 시나리오 #국민연금 #연금고갈 #2099년 #목표 수익률5.5% #연금개혁 #김성주이사장"
2026-08-03 07:30:57,393,18,2,"""21세기 말까지 기금 소진 걱정 끝"" 김성주 이사장이 밝힌 1400조 국민연금의 미래 시나리오 #국민연금 #연금고갈 #2099년 #목표 수익률5.5% #연금개혁 #김성주이사장"
2026-08-03 08:31:16,393,18,2,"""21세기 말까지 기금 소진 걱정 끝"" 김성주 이사장이 밝힌 1400조 국민연금의 미래 시나리오 #국민연금 #연금고갈 #2099년 #목표 수익률5.5% #연금개혁 #김성주이사장"
2026-08-03 10:08:48,393,18,2,"""21세기 말까지 기금 소진 걱정 끝"" 김성주 이사장이 밝힌 1400조 국민연금의 미래 시나리오 #국민연금 #연금고갈 #2099년 #목표 수익률5.5% #연금개혁 #김성주이사장"
2026-08-03 13:44:14,393,18,2,"""21세기 말까지 기금 소진 걱정 끝"" 김성주 이사장이 밝힌 1400조 국민연금의 미래 시나리오 #국민연금 #연금고갈 #2099년 #목표 수익률5.5% #연금개혁 #김성주이사장"
2026-08-03 17:04:10,393,18,2,"""21세기 말까지 기금 소진 걱정 끝"" 김성주 이사장이 밝힌 1400조 국민연금의 미래 시나리오 #국민연금 #연금고갈 #2099년 #목표 수익률5.5% #연금개혁 #김성주이사장"
2026-08-03 20:38:24,393,18,2,"""21세기 말까지 기금 소진 걱정 끝"" 김성주 이사장이 밝힌 1400조 국민연금의 미래 시나리오 #국민연금 #연금고갈 #2099년 #목표 수익률5.5% #연금개혁 #김성주이사장"
2026-08-03 23:00:38,393,18,2,"""21세기 말까지 기금 소진 걱정 끝"" 김성주 이사장이 밝힌 1400조 국민연금의 미래 시나리오 #국민연금 #연금고갈 #2099년 #목표 수익률5.5% #연금개혁 #김성주이사장"
2026-08-04 01:30:56,393,18,2,"""21세기 말까지 기금 소진 걱정 끝"" 김성주 이사장이 밝힌 1400조 국민연금의 미래 시나리오 #국민연금 #연금고갈 #2099년 #목표 수익률5.5% #연금개혁 #김성주이사장"
2026-08-04 03:18:32,393,18,2,"""21세기 말까지 기금 소진 걱정 끝"" 김성주 이사장이 밝힌 1400조 국민연금의 미래 시나리오 #국민연금 #연금고갈 #2099년 #목표 수익률5.5% #연금개혁 #김성주이사장"
2026-08-04 05:02:19,393,18,2,"""21세기 말까지 기금 소진 걱정 끝"" 김성주 이사장이 밝힌 1400조 국민연금의 미래 시나리오 #국민연금 #연금고갈 #2099년 #목표 수익률5.5% #연금개혁 #김성주이사장"
2026-08-04 07:18:41,393,18,2,"""21세기 말까지 기금 소진 걱정 끝"" 김성주 이사장이 밝힌 1400조 국민연금의 미래 시나리오 #국민연금 #연금고갈 #2099년 #목표 수익률5.5% #연금개혁 #김성주이사장"
2026-08-04 08:30:21,393,18,2,"""21세기 말까지 기금 소진 걱정 끝"" 김성주 이사장이 밝힌 1400조 국민연금의 미래 시나리오 #국민연금 #연금고갈 #2099년 #목표 수익률5.5% #연금개혁 #김성주이사장"
2026-08-04 10:01:26,393,18,2,"""21세기 말까지 기금 소진 걱정 끝"" 김성주 이사장이 밝힌 1400조 국민연금의 미래 시나리오 #국민연금 #연금고갈 #2099년 #목표 수익률5.5% #연금개혁 #김성주이사장"
2026-08-04 13:19:12,393,18,2,"""21세기 말까지 기금 소진 걱정 끝"" 김성주 이사장이 밝힌 1400조 국민연금의 미래 시나리오 #국민연금 #연금고갈 #2099년 #목표 수익률5.5% #연금개혁 #김성주이사장"
2026-08-04 15:44:37,393,18,2,"""21세기 말까지 기금 소진 걱정 끝"" 김성주 이사장이 밝힌 1400조 국민연금의 미래 시나리오 #국민연금 #연금고갈 #2099년 #목표 수익률5.5% #연금개혁 #김성주이사장"
2026-08-04 18:29:31,393,18,2,"""21세기 말까지 기금 소진 걱정 끝"" 김성주 이사장이 밝힌 1400조 국민연금의 미래 시나리오 #국민연금 #연금고갈 #2099년 #목표 수익률5.5% #연금개혁 #김성주이사장"
2026-08-04 20:40:12,393,18,2,"""21세기 말까지 기금 소진 걱정 끝"" 김성주 이사장이 밝힌 1400조 국민연금의 미래 시나리오 #국민연금 #연금고갈 #2099년 #목표 수익률5.5% #연금개혁 #김성주이사장"
2026-08-04 22:22:03,393,18,2,"""21세기 말까지 기금 소진 걱정 끝"" 김성주 이사장이 밝힌 1400조 국민연금의 미래 시나리오 #국민연금 #연금고갈 #2099년 #목표 수익률5.5% #연금개혁 #김성주이사장"
2026-08-05 00:41:03,393,18,2,"""21세기 말까지 기금 소진 걱정 끝"" 김성주 이사장이 밝힌 1400조 국민연금의 미래 시나리오 #국민연금 #연금고갈 #2099년 #목표 수익률5.5% #연금개혁 #김성주이사장"
2026-08-05 02:19:09,393,18,2,"""21세기 말까지 기금 소진 걱정 끝"" 김성주 이사장이 밝힌 1400조 국민연금의 미래 시나리오 #국민연금 #연금고갈 #2099년 #목표 수익률5.5% #연금개혁 #김성주이사장"
2026-08-05 03:58:35,393,18,2,"""21세기 말까지 기금 소진 걱정 끝"" 김성주 이사장이 밝힌 1400조 국민연금의 미래 시나리오 #국민연금 #연금고갈 #2099년 #목표 수익률5.5% #연금개혁 #김성주이사장"
2026-08-05 05:25:13,393,18,2,"""21세기 말까지 기금 소진 걱정 끝"" 김성주 이사장이 밝힌 1400조 국민연금의 미래 시나리오 #국민연금 #연금고갈 #2099년 #목표 수익률5.5% #연금개혁 #김성주이사장"
2026-08-05 06:45:57,393,18,2,"""21세기 말까지 기금 소진 걱정 끝"" 김성주 이사장이 밝힌 1400조 국민연금의 미래 시나리오 #국민연금 #연금고갈 #2099년 #목표 수익률5.5% #연금개혁 #김성주이사장"
2026-08-05 07:46:01,393,18,2,"""21세기 말까지 기금 소진 걱정 끝"" 김성주 이사장이 밝힌 1400조 국민연금의 미래 시나리오 #국민연금 #연금고갈 #2099년 #목표 수익률5.5% #연금개혁 #김성주이사장"
2026-08-05 08:45:09,393,18,2,"""21세기 말까지 기금 소진 걱정 끝"" 김성주 이사장이 밝힌 1400조 국민연금의 미래 시나리오 #국민연금 #연금고갈 #2099년 #목표 수익률5.5% #연금개혁 #김성주이사장"
2026-08-05 10:07:32,393,18,2,"""21세기 말까지 기금 소진 걱정 끝"" 김성주 이사장이 밝힌 1400조 국민연금의 미래 시나리오 #국민연금 #연금고갈 #2099년 #목표 수익률5.5% #연금개혁 #김성주이사장"
2026-08-05 13:24:44,393,18,2,"""21세기 말까지 기금 소진 걱정 끝"" 김성주 이사장이 밝힌 1400조 국민연금의 미래 시나리오 #국민연금 #연금고갈 #2099년 #목표 수익률5.5% #연금개혁 #김성주이사장"
2026-08-05 16:09:03,393,18,2,"""21세기 말까지 기금 소진 걱정 끝"" 김성주 이사장이 밝힌 1400조 국민연금의 미래 시나리오 #국민연금 #연금고갈 #2099년 #목표 수익률5.5% #연금개혁 #김성주이사장"
2026-08-05 18:45:58,393,18,2,"""21세기 말까지 기금 소진 걱정 끝"" 김성주 이사장이 밝힌 1400조 국민연금의 미래 시나리오 #국민연금 #연금고갈 #2099년 #목표 수익률5.5% #연금개혁 #김성주이사장"
2026-08-05 20:46:08,393,18,2,"""21세기 말까지 기금 소진 걱정 끝"" 김성주 이사장이 밝힌 1400조 국민연금의 미래 시나리오 #국민연금 #연금고갈 #2099년 #목표 수익률5.5% #연금개혁 #김성주이사장"
2026-08-05 22:24:24,393,18,2,"""21세기 말까지 기금 소진 걱정 끝"" 김성주 이사장이 밝힌 1400조 국민연금의 미래 시나리오 #국민연금 #연금고갈 #2099년 #목표 수익률5.5% #연금개혁 #김성주이사장"
2026-08-06 00:35:17,393,18,2,"""21세기 말까지 기금 소진 걱정 끝"" 김성주 이사장이 밝힌 1400조 국민연금의 미래 시나리오 #국민연금 #연금고갈 #2099년 #목표 수익률5.5% #연금개혁 #김성주이사장"
2026-08-06 02:06:19,393,18,2,"""21세기 말까지 기금 소진 걱정 끝"" 김성주 이사장이 밝힌 1400조 국민연금의 미래 시나리오 #국민연금 #연금고갈 #2099년 #목표 수익률5.5% #연금개혁 #김성주이사장"
2026-08-06 03:44:21,393,18,2,"""21세기 말까지 기금 소진 걱정 끝"" 김성주 이사장이 밝힌 1400조 국민연금의 미래 시나리오 #국민연금 #연금고갈 #2099년 #목표 수익률5.5% #연금개혁 #김성주이사장"
2026-08-06 05:15:18,393,18,2,"""21세기 말까지 기금 소진 걱정 끝"" 김성주 이사장이 밝힌 1400조 국민연금의 미래 시나리오 #국민연금 #연금고갈 #2099년 #목표 수익률5.5% #연금개혁 #김성주이사장"
2026-08-06 06:34:31,393,18,2,"""21세기 말까지 기금 소진 걱정 끝"" 김성주 이사장이 밝힌 1400조 국민연금의 미래 시나리오 #국민연금 #연금고갈 #2099년 #목표 수익률5.5% #연금개혁 #김성주이사장"
2026-08-06 07:37:58,393,18,2,"""21세기 말까지 기금 소진 걱정 끝"" 김성주 이사장이 밝힌 1400조 국민연금의 미래 시나리오 #국민연금 #연금고갈 #2099년 #목표 수익률5.5% #연금개혁 #김성주이사장"
2026-08-06 08:34:34,393,18,2,"""21세기 말까지 기금 소진 걱정 끝"" 김성주 이사장이 밝힌 1400조 국민연금의 미래 시나리오 #국민연금 #연금고갈 #2099년 #목표 수익률5.5% #연금개혁 #김성주이사장"
2026-08-06 09:58:42,393,18,2,"""21세기 말까지 기금 소진 걱정 끝"" 김성주 이사장이 밝힌 1400조 국민연금의 미래 시나리오 #국민연금 #연금고갈 #2099년 #목표 수익률5.5% #연금개혁 #김성주이사장"
2026-08-06 13:13:49,393,18,2,"""21세기 말까지 기금 소진 걱정 끝"" 김성주 이사장이 밝힌 1400조 국민연금의 미래 시나리오 #국민연금 #연금고갈 #2099년 #목표 수익률5.5% #연금개혁 #김성주이사장"
2026-08-06 15:46:25,393,18,2,"""21세기 말까지 기금 소진 걱정 끝"" 김성주 이사장이 밝힌 1400조 국민연금의 미래 시나리오 #국민연금 #연금고갈 #2099년 #목표 수익률5.5% #연금개혁 #김성주이사장"
2026-08-06 18:31:23,393,18,2,"""21세기 말까지 기금 소진 걱정 끝"" 김성주 이사장이 밝힌 1400조 국민연금의 미래 시나리오 #국민연금 #연금고갈 #2099년 #목표 수익률5.5% #연금개혁 #김성주이사장"
2026-08-06 20:48:00,393,18,2,"""21세기 말까지 기금 소진 걱정 끝"" 김성주 이사장이 밝힌 1400조 국민연금의 미래 시나리오 #국민연금 #연금고갈 #2099년 #목표 수익률5.5% #연금개혁 #김성주이사장"
2026-08-06 22:22:29,393,18,2,"""21세기 말까지 기금 소진 걱정 끝"" 김성주 이사장이 밝힌 1400조 국민연금의 미래 시나리오 #국민연금 #연금고갈 #2099년 #목표 수익률5.5% #연금개혁 #김성주이사장"
2026-08-07 00:36:44,393,18,2,"""21세기 말까지 기금 소진 걱정 끝"" 김성주 이사장이 밝힌 1400조 국민연금의 미래 시나리오 #국민연금 #연금고갈 #2099년 #목표 수익률5.5% #연금개혁 #김성주이사장"
2026-08-07 09:30:07,393,18,2,"""21세기 말까지 기금 소진 걱정 끝"" 김성주 이사장이 밝힌 1400조 국민연금의 미래 시나리오 #국민연금 #연금고갈 #2099년 #목표 수익률5.5% #연금개혁 #김성주이사장"
2026-08-07 12:30:51,393,18,2,"""21세기 말까지 기금 소진 걱정 끝"" 김성주 이사장이 밝힌 1400조 국민연금의 미래 시나리오 #국민연금 #연금고갈 #2099년 #목표 수익률5.5% #연금개혁 #김성주이사장"
2026-08-07 14:17:04,393,18,2,"""21세기 말까지 기금 소진 걱정 끝"" 김성주 이사장이 밝힌 1400조 국민연금의 미래 시나리오 #국민연금 #연금고갈 #2099년 #목표 수익률5.5% #연금개혁 #김성주이사장"
2026-08-07 15:34:36,393,18,2,"""21세기 말까지 기금 소진 걱정 끝"" 김성주 이사장이 밝힌 1400조 국민연금의 미래 시나리오 #국민연금 #연금고갈 #2099년 #목표 수익률5.5% #연금개혁 #김성주이사장"
2026-08-07 16:54:01,393,18,2,"""21세기 말까지 기금 소진 걱정 끝"" 김성주 이사장이 밝힌 1400조 국민연금의 미래 시나리오 #국민연금 #연금고갈 #2099년 #목표 수익률5.5% #연금개혁 #김성주이사장"
2026-08-07 17:44:26,393,18,2,"""21세기 말까지 기금 소진 걱정 끝"" 김성주 이사장이 밝힌 1400조 국민연금의 미래 시나리오 #국민연금 #연금고갈 #2099년 #목표 수익률5.5% #연금개혁 #김성주이사장"
2026-08-07 18:42:34,393,18,2,"""21세기 말까지 기금 소진 걱정 끝"" 김성주 이사장이 밝힌 1400조 국민연금의 미래 시나리오 #국민연금 #연금고갈 #2099년 #목표 수익률5.5% #연금개혁 #김성주이사장"
2026-08-07 19:33:20,393,18,2,"""21세기 말까지 기금 소진 걱정 끝"" 김성주 이사장이 밝힌 1400조 국민연금의 미래 시나리오 #국민연금 #연금고갈 #2099년 #목표 수익률5.5% #연금개혁 #김성주이사장"
2026-08-07 20:25:53,393,18,2,"""21세기 말까지 기금 소진 걱정 끝"" 김성주 이사장이 밝힌 1400조 국민연금의 미래 시나리오 #국민연금 #연금고갈 #2099년 #목표 수익률5.5% #연금개혁 #김성주이사장"
2026-08-07 21:06:37,393,18,2,"""21세기 말까지 기금 소진 걱정 끝"" 김성주 이사장이 밝힌 1400조 국민연금의 미래 시나리오 #국민연금 #연금고갈 #2099년 #목표 수익률5.5% #연금개혁 #김성주이사장"
2026-08-07 22:32:54,393,18,2,"""21세기 말까지 기금 소진 걱정 끝"" 김성주 이사장이 밝힌 1400조 국민연금의 미래 시나리오 #국민연금 #연금고갈 #2099년 #목표 수익률5.5% #연금개혁 #김성주이사장"
2026-08-07 23:34:04,393,18,2,"""21세기 말까지 기금 소진 걱정 끝"" 김성주 이사장이 밝힌 1400조 국민연금의 미래 시나리오 #국민연금 #연금고갈 #2099년 #목표 수익률5.5% #연금개혁 #김성주이사장"
2026-08-08 00:28:47,393,18,2,"""21세기 말까지 기금 소진 걱정 끝"" 김성주 이사장이 밝힌 1400조 국민연금의 미래 시나리오 #국민연금 #연금고갈 #2099년 #목표 수익률5.5% #연금개혁 #김성주이사장"
2026-08-08 01:24:43,393,18,2,"""21세기 말까지 기금 소진 걱정 끝"" 김성주 이사장이 밝힌 1400조 국민연금의 미래 시나리오 #국민연금 #연금고갈 #2099년 #목표 수익률5.5% #연금개혁 #김성주이사장"
2026-08-08 02:13:47,393,18,2,"""21세기 말까지 기금 소진 걱정 끝"" 김성주 이사장이 밝힌 1400조 국민연금의 미래 시나리오 #국민연금 #연금고갈 #2099년 #목표 수익률5.5% #연금개혁 #김성주이사장"
2026-08-08 03:02:10,393,18,2,"""21세기 말까지 기금 소진 걱정 끝"" 김성주 이사장이 밝힌 1400조 국민연금의 미래 시나리오 #국민연금 #연금고갈 #2099년 #목표 수익률5.5% #연금개혁 #김성주이사장"
2026-08-08 04:07:57,393,18,2,"""21세기 말까지 기금 소진 걱정 끝"" 김성주 이사장이 밝힌 1400조 국민연금의 미래 시나리오 #국민연금 #연금고갈 #2099년 #목표 수익률5.5% #연금개혁 #김성주이사장"
2026-08-08 04:56:40,393,18,2,"""21세기 말까지 기금 소진 걱정 끝"" 김성주 이사장이 밝힌 1400조 국민연금의 미래 시나리오 #국민연금 #연금고갈 #2099년 #목표 수익률5.5% #연금개혁 #김성주이사장"
2026-08-08 05:35:55,393,18,2,"""21세기 말까지 기금 소진 걱정 끝"" 김성주 이사장이 밝힌 1400조 국민연금의 미래 시나리오 #국민연금 #연금고갈 #2099년 #목표 수익률5.5% #연금개혁 #김성주이사장"
2026-08-08 06:19:32,393,18,2,"""21세기 말까지 기금 소진 걱정 끝"" 김성주 이사장이 밝힌 1400조 국민연금의 미래 시나리오 #국민연금 #연금고갈 #2099년 #목표 수익률5.5% #연금개혁 #김성주이사장"
2026-08-08 06:59:06,393,18,2,"""21세기 말까지 기금 소진 걱정 끝"" 김성주 이사장이 밝힌 1400조 국민연금의 미래 시나리오 #국민연금 #연금고갈 #2099년 #목표 수익률5.5% #연금개혁 #김성주이사장"
2026-08-08 07:38:09,393,18,2,"""21세기 말까지 기금 소진 걱정 끝"" 김성주 이사장이 밝힌 1400조 국민연금의 미래 시나리오 #국민연금 #연금고갈 #2099년 #목표 수익률5.5% #연금개혁 #김성주이사장"
2026-08-08 08:15:45,393,18,2,"""21세기 말까지 기금 소진 걱정 끝"" 김성주 이사장이 밝힌 1400조 국민연금의 미래 시나리오 #국민연금 #연금고갈 #2099년 #목표 수익률5.5% #연금개혁 #김성주이사장"
2026-08-08 08:49:43,393,18,2,"""21세기 말까지 기금 소진 걱정 끝"" 김성주 이사장이 밝힌 1400조 국민연금의 미래 시나리오 #국민연금 #연금고갈 #2099년 #목표 수익률5.5% #연금개혁 #김성주이사장"
2026-08-08 09:34:57,393,18,2,"""21세기 말까지 기금 소진 걱정 끝"" 김성주 이사장이 밝힌 1400조 국민연금의 미래 시나리오 #국민연금 #연금고갈 #2099년 #목표 수익률5.5% #연금개혁 #김성주이사장"
2026-08-08 11:31:46,393,18,2,"""21세기 말까지 기금 소진 걱정 끝"" 김성주 이사장이 밝힌 1400조 국민연금의 미래 시나리오 #국민연금 #연금고갈 #2099년 #목표 수익률5.5% #연금개혁 #김성주이사장"
2026-08-08 12:52:05,393,18,2,"""21세기 말까지 기금 소진 걱정 끝"" 김성주 이사장이 밝힌 1400조 국민연금의 미래 시나리오 #국민연금 #연금고갈 #2099년 #목표 수익률5.5% #연금개혁 #김성주이사장"
2026-08-08 13:43:06,393,18,2,"""21세기 말까지 기금 소진 걱정 끝"" 김성주 이사장이 밝힌 1400조 국민연금의 미래 시나리오 #국민연금 #연금고갈 #2099년 #목표 수익률5.5% #연금개혁 #김성주이사장"
2026-08-08 14:26:31,393,18,2,"""21세기 말까지 기금 소진 걱정 끝"" 김성주 이사장이 밝힌 1400조 국민연금의 미래 시나리오 #국민연금 #연금고갈 #2099년 #목표 수익률5.5% #연금개혁 #김성주이사장"
2026-08-08 15:04:38,393,18,2,"""21세기 말까지 기금 소진 걱정 끝"" 김성주 이사장이 밝힌 1400조 국민연금의 미래 시나리오 #국민연금 #연금고갈 #2099년 #목표 수익률5.5% #연금개혁 #김성주이사장"
2026-08-08 16:08:48,393,18,2,"""21세기 말까지 기금 소진 걱정 끝"" 김성주 이사장이 밝힌 1400조 국민연금의 미래 시나리오 #국민연금 #연금고갈 #2099년 #목표 수익률5.5% #연금개혁 #김성주이사장"
2026-08-08 16:56:53,393,18,2,"""21세기 말까지 기금 소진 걱정 끝"" 김성주 이사장이 밝힌 1400조 국민연금의 미래 시나리오 #국민연금 #연금고갈 #2099년 #목표 수익률5.5% #연금개혁 #김성주이사장"
2026-08-08 17:35:53,393,18,2,"""21세기 말까지 기금 소진 걱정 끝"" 김성주 이사장이 밝힌 1400조 국민연금의 미래 시나리오 #국민연금 #연금고갈 #2099년 #목표 수익률5.5% #연금개혁 #김성주이사장"
2026-08-08 18:19:45,393,18,2,"""21세기 말까지 기금 소진 걱정 끝"" 김성주 이사장이 밝힌 1400조 국민연금의 미래 시나리오 #국민연금 #연금고갈 #2099년 #목표 수익률5.5% #연금개혁 #김성주이사장"
2026-08-08 18:57:46,393,18,2,"""21세기 말까지 기금 소진 걱정 끝"" 김성주 이사장이 밝힌 1400조 국민연금의 미래 시나리오 #국민연금 #연금고갈 #2099년 #목표 수익률5.5% #연금개혁 #김성주이사장"
2026-08-08 19:31:15,393,18,2,"""21세기 말까지 기금 소진 걱정 끝"" 김성주 이사장이 밝힌 1400조 국민연금의 미래 시나리오 #국민연금 #연금고갈 #2099년 #목표 수익률5.5% #연금개혁 #김성주이사장"
2026-08-08 20:02:36,393,18,2,"""21세기 말까지 기금 소진 걱정 끝"" 김성주 이사장이 밝힌 1400조 국민연금의 미래 시나리오 #국민연금 #연금고갈 #2099년 #목표 수익률5.5% #연금개혁 #김성주이사장"
2026-08-08 20:36:51,393,18,2,"""21세기 말까지 기금 소진 걱정 끝"" 김성주 이사장이 밝힌 1400조 국민연금의 미래 시나리오 #국민연금 #연금고갈 #2099년 #목표 수익률5.5% #연금개혁 #김성주이사장"
2026-08-08 20:58:28,393,18,2,"""21세기 말까지 기금 소진 걱정 끝"" 김성주 이사장이 밝힌 1400조 국민연금의 미래 시나리오 #국민연금 #연금고갈 #2099년 #목표 수익률5.5% #연금개혁 #김성주이사장"
2026-08-08 21:49:30,393,18,2,"""21세기 말까지 기금 소진 걱정 끝"" 김성주 이사장이 밝힌 1400조 국민연금의 미래 시나리오 #국민연금 #연금고갈 #2099년 #목표 수익률5.5% #연금개혁 #김성주이사장"
2026-08-08 22:35:12,393,18,2,"""21세기 말까지 기금 소진 걱정 끝"" 김성주 이사장이 밝힌 1400조 국민연금의 미래 시나리오 #국민연금 #연금고갈 #2099년 #목표 수익률5.5% #연금개혁 #김성주이사장"
2026-08-08 23:09:50,393,18,2,"""21세기 말까지 기금 소진 걱정 끝"" 김성주 이사장이 밝힌 1400조 국민연금의 미래 시나리오 #국민연금 #연금고갈 #2099년 #목표 수익률5.5% #연금개혁 #김성주이사장"
2026-08-08 23:47:46,393,18,2,"""21세기 말까지 기금 소진 걱정 끝"" 김성주 이사장이 밝힌 1400조 국민연금의 미래 시나리오 #국민연금 #연금고갈 #2099년 #목표 수익률5.5% #연금개혁 #김성주이사장"
2026-08-09 00:12:54,393,18,2,"""21세기 말까지 기금 소진 걱정 끝"" 김성주 이사장이 밝힌 1400조 국민연금의 미래 시나리오 #국민연금 #연금고갈 #2099년 #목표 수익률5.5% #연금개혁 #김성주이사장"
2026-08-09 00:45:30,393,18,2,"""21세기 말까지 기금 소진 걱정 끝"" 김성주 이사장이 밝힌 1400조 국민연금의 미래 시나리오 #국민연금 #연금고갈 #2099년 #목표 수익률5.5% #연금개혁 #김성주이사장"
2026-08-09 01:05:16,393,18,2,"""21세기 말까지 기금 소진 걱정 끝"" 김성주 이사장이 밝힌 1400조 국민연금의 미래 시나리오 #국민연금 #연금고갈 #2099년 #목표 수익률5.5% #연금개혁 #김성주이사장"
2026-08-09 01:48:21,393,18,2,"""21세기 말까지 기금 소진 걱정 끝"" 김성주 이사장이 밝힌 1400조 국민연금의 미래 시나리오 #국민연금 #연금고갈 #2099년 #목표 수익률5.5% #연금개혁 #김성주이사장"
2026-08-09 02:15:10,393,18,2,"""21세기 말까지 기금 소진 걱정 끝"" 김성주 이사장이 밝힌 1400조 국민연금의 미래 시나리오 #국민연금 #연금고갈 #2099년 #목표 수익률5.5% #연금개혁 #김성주이사장"
2026-08-09 02:47:20,393,18,2,"""21세기 말까지 기금 소진 걱정 끝"" 김성주 이사장이 밝힌 1400조 국민연금의 미래 시나리오 #국민연금 #연금고갈 #2099년 #목표 수익률5.5% #연금개혁 #김성주이사장"
2026-08-09 03:14:25,393,18,2,"""21세기 말까지 기금 소진 걱정 끝"" 김성주 이사장이 밝힌 1400조 국민연금의 미래 시나리오 #국민연금 #연금고갈 #2099년 #목표 수익률5.5% #연금개혁 #김성주이사장"
2026-08-09 03:59:39,393,18,2,"""21세기 말까지 기금 소진 걱정 끝"" 김성주 이사장이 밝힌 1400조 국민연금의 미래 시나리오 #국민연금 #연금고갈 #2099년 #목표 수익률5.5% #연금개혁 #김성주이사장"
2026-08-09 04:33:30,393,18,2,"""21세기 말까지 기금 소진 걱정 끝"" 김성주 이사장이 밝힌 1400조 국민연금의 미래 시나리오 #국민연금 #연금고갈 #2099년 #목표 수익률5.5% #연금개혁 #김성주이사장"
2026-08-09 04:57:50,393,18,2,"""21세기 말까지 기금 소진 걱정 끝"" 김성주 이사장이 밝힌 1400조 국민연금의 미래 시나리오 #국민연금 #연금고갈 #2099년 #목표 수익률5.5% #연금개혁 #김성주이사장"
2026-08-09 05:28:16,393,18,2,"""21세기 말까지 기금 소진 걱정 끝"" 김성주 이사장이 밝힌 1400조 국민연금의 미래 시나리오 #국민연금 #연금고갈 #2099년 #목표 수익률5.5% #연금개혁 #김성주이사장"
2026-08-09 05:58:48,393,18,2,"""21세기 말까지 기금 소진 걱정 끝"" 김성주 이사장이 밝힌 1400조 국민연금의 미래 시나리오 #국민연금 #연금고갈 #2099년 #목표 수익률5.5% #연금개혁 #김성주이사장"
2026-08-09 06:31:34,393,18,2,"""21세기 말까지 기금 소진 걱정 끝"" 김성주 이사장이 밝힌 1400조 국민연금의 미래 시나리오 #국민연금 #연금고갈 #2099년 #목표 수익률5.5% #연금개혁 #김성주이사장"
2026-08-09 06:57:34,393,18,2,"""21세기 말까지 기금 소진 걱정 끝"" 김성주 이사장이 밝힌 1400조 국민연금의 미래 시나리오 #국민연금 #연금고갈 #2099년 #목표 수익률5.5% #연금개혁 #김성주이사장"
2026-08-09 07:27:17,393,18,2,"""21세기 말까지 기금 소진 걱정 끝"" 김성주 이사장이 밝힌 1400조 국민연금의 미래 시나리오 #국민연금 #연금고갈 #2099년 #목표 수익률5.5% #연금개혁 #김성주이사장"
2026-08-09 07:57:24,393,18,2,"""21세기 말까지 기금 소진 걱정 끝"" 김성주 이사장이 밝힌 1400조 국민연금의 미래 시나리오 #국민연금 #연금고갈 #2099년 #목표 수익률5.5% #연금개혁 #김성주이사장"
2026-08-09 08:25:33,393,18,2,"""21세기 말까지 기금 소진 걱정 끝"" 김성주 이사장이 밝힌 1400조 국민연금의 미래 시나리오 #국민연금 #연금고갈 #2099년 #목표 수익률5.5% #연금개혁 #김성주이사장"
2026-08-09 08:52:37,393,18,2,"""21세기 말까지 기금 소진 걱정 끝"" 김성주 이사장이 밝힌 1400조 국민연금의 미래 시나리오 #국민연금 #연금고갈 #2099년 #목표 수익률5.5% #연금개혁 #김성주이사장"
2026-08-09 09:38:02,393,18,2,"""21세기 말까지 기금 소진 걱정 끝"" 김성주 이사장이 밝힌 1400조 국민연금의 미래 시나리오 #국민연금 #연금고갈 #2099년 #목표 수익률5.5% #연금개혁 #김성주이사장"
2026-08-09 11:48:58,393,18,2,"""21세기 말까지 기금 소진 걱정 끝"" 김성주 이사장이 밝힌 1400조 국민연금의 미래 시나리오 #국민연금 #연금고갈 #2099년 #목표 수익률5.5% #연금개혁 #김성주이사장"
2026-08-09 13:05:18,393,18,2,"""21세기 말까지 기금 소진 걱정 끝"" 김성주 이사장이 밝힌 1400조 국민연금의 미래 시나리오 #국민연금 #연금고갈 #2099년 #목표 수익률5.5% #연금개혁 #김성주이사장"
2026-08-09 14:14:36,393,18,2,"""21세기 말까지 기금 소진 걱정 끝"" 김성주 이사장이 밝힌 1400조 국민연금의 미래 시나리오 #국민연금 #연금고갈 #2099년 #목표 수익률5.5% #연금개혁 #김성주이사장"
2026-08-09 14:58:44,393,18,2,"""21세기 말까지 기금 소진 걱정 끝"" 김성주 이사장이 밝힌 1400조 국민연금의 미래 시나리오 #국민연금 #연금고갈 #2099년 #목표 수익률5.5% #연금개혁 #김성주이사장"
2026-08-09 15:58:24,393,18,2,"""21세기 말까지 기금 소진 걱정 끝"" 김성주 이사장이 밝힌 1400조 국민연금의 미래 시나리오 #국민연금 #연금고갈 #2099년 #목표 수익률5.5% #연금개혁 #김성주이사장"
2026-08-09 16:54:18,393,18,2,"""21세기 말까지 기금 소진 걱정 끝"" 김성주 이사장이 밝힌 1400조 국민연금의 미래 시나리오 #국민연금 #연금고갈 #2099년 #목표 수익률5.5% #연금개혁 #김성주이사장"
2026-08-09 17:29:16,393,18,2,"""21세기 말까지 기금 소진 걱정 끝"" 김성주 이사장이 밝힌 1400조 국민연금의 미래 시나리오 #국민연금 #연금고갈 #2099년 #목표 수익률5.5% #연금개혁 #김성주이사장"
2026-08-09 18:12:14,393,18,2,"""21세기 말까지 기금 소진 걱정 끝"" 김성주 이사장이 밝힌 1400조 국민연금의 미래 시나리오 #국민연금 #연금고갈 #2099년 #목표 수익률5.5% #연금개혁 #김성주이사장"
2026-08-09 18:55:45,393,18,2,"""21세기 말까지 기금 소진 걱정 끝"" 김성주 이사장이 밝힌 1400조 국민연금의 미래 시나리오 #국민연금 #연금고갈 #2099년 #목표 수익률5.5% #연금개혁 #김성주이사장"
2026-08-09 19:26:20,393,18,2,"""21세기 말까지 기금 소진 걱정 끝"" 김성주 이사장이 밝힌 1400조 국민연금의 미래 시나리오 #국민연금 #연금고갈 #2099년 #목표 수익률5.5% #연금개혁 #김성주이사장"
2026-08-09 20:01:17,393,18,2,"""21세기 말까지 기금 소진 걱정 끝"" 김성주 이사장이 밝힌 1400조 국민연금의 미래 시나리오 #국민연금 #연금고갈 #2099년 #목표 수익률5.5% #연금개혁 #김성주이사장"
2026-08-09 20:37:24,393,18,2,"""21세기 말까지 기금 소진 걱정 끝"" 김성주 이사장이 밝힌 1400조 국민연금의 미래 시나리오 #국민연금 #연금고갈 #2099년 #목표 수익률5.5% #연금개혁 #김성주이사장"
2026-08-09 20:59:57,393,18,2,"""21세기 말까지 기금 소진 걱정 끝"" 김성주 이사장이 밝힌 1400조 국민연금의 미래 시나리오 #국민연금 #연금고갈 #2099년 #목표 수익률5.5% #연금개혁 #김성주이사장"
2026-08-09 22:00:10,393,18,2,"""21세기 말까지 기금 소진 걱정 끝"" 김성주 이사장이 밝힌 1400조 국민연금의 미래 시나리오 #국민연금 #연금고갈 #2099년 #목표 수익률5.5% #연금개혁 #김성주이사장"
2026-08-09 22:52:53,393,18,2,"""21세기 말까지 기금 소진 걱정 끝"" 김성주 이사장이 밝힌 1400조 국민연금의 미래 시나리오 #국민연금 #연금고갈 #2099년 #목표 수익률5.5% #연금개혁 #김성주이사장"
2026-08-09 23:21:25,393,18,2,"""21세기 말까지 기금 소진 걱정 끝"" 김성주 이사장이 밝힌 1400조 국민연금의 미래 시나리오 #국민연금 #연금고갈 #2099년 #목표 수익률5.5% #연금개혁 #김성주이사장"
2026-08-09 23:56:44,393,18,2,"""21세기 말까지 기금 소진 걱정 끝"" 김성주 이사장이 밝힌 1400조 국민연금의 미래 시나리오 #국민연금 #연금고갈 #2099년 #목표 수익률5.5% #연금개혁 #김성주이사장"
2026-08-10 00:27:00,393,18,2,"""21세기 말까지 기금 소진 걱정 끝"" 김성주 이사장이 밝힌 1400조 국민연금의 미래 시나리오 #국민연금 #연금고갈 #2099년 #목표 수익률5.5% #연금개혁 #김성주이사장"
2026-08-10 00:56:56,393,18,2,"""21세기 말까지 기금 소진 걱정 끝"" 김성주 이사장이 밝힌 1400조 국민연금의 미래 시나리오 #국민연금 #연금고갈 #2099년 #목표 수익률5.5% #연금개혁 #김성주이사장"
2026-08-10 01:30:30,393,18,2,"""21세기 말까지 기금 소진 걱정 끝"" 김성주 이사장이 밝힌 1400조 국민연금의 미래 시나리오 #국민연금 #연금고갈 #2099년 #목표 수익률5.5% #연금개혁 #김성주이사장"
2026-08-10 02:05:42,393,18,2,"""21세기 말까지 기금 소진 걱정 끝"" 김성주 이사장이 밝힌 1400조 국민연금의 미래 시나리오 #국민연금 #연금고갈 #2099년 #목표 수익률5.5% #연금개혁 #김성주이사장"
2026-08-10 02:43:03,393,18,2,"""21세기 말까지 기금 소진 걱정 끝"" 김성주 이사장이 밝힌 1400조 국민연금의 미래 시나리오 #국민연금 #연금고갈 #2099년 #목표 수익률5.5% #연금개혁 #김성주이사장"
2026-08-10 03:04:48,393,18,2,"""21세기 말까지 기금 소진 걱정 끝"" 김성주 이사장이 밝힌 1400조 국민연금의 미래 시나리오 #국민연금 #연금고갈 #2099년 #목표 수익률5.5% #연금개혁 #김성주이사장"
2026-08-10 03:55:12,393,18,2,"""21세기 말까지 기금 소진 걱정 끝"" 김성주 이사장이 밝힌 1400조 국민연금의 미래 시나리오 #국민연금 #연금고갈 #2099년 #목표 수익률5.5% #연금개혁 #김성주이사장"
2026-08-10 04:25:53,393,18,2,"""21세기 말까지 기금 소진 걱정 끝"" 김성주 이사장이 밝힌 1400조 국민연금의 미래 시나리오 #국민연금 #연금고갈 #2099년 #목표 수익률5.5% #연금개혁 #김성주이사장"
2026-08-10 04:55:17,393,18,2,"""21세기 말까지 기금 소진 걱정 끝"" 김성주 이사장이 밝힌 1400조 국민연금의 미래 시나리오 #국민연금 #연금고갈 #2099년 #목표 수익률5.5% #연금개혁 #김성주이사장"
2026-08-10 05:21:46,393,18,2,"""21세기 말까지 기금 소진 걱정 끝"" 김성주 이사장이 밝힌 1400조 국민연금의 미래 시나리오 #국민연금 #연금고갈 #2099년 #목표 수익률5.5% #연금개혁 #김성주이사장"
2026-08-10 05:57:11,393,18,2,"""21세기 말까지 기금 소진 걱정 끝"" 김성주 이사장이 밝힌 1400조 국민연금의 미래 시나리오 #국민연금 #연금고갈 #2099년 #목표 수익률5.5% #연금개혁 #김성주이사장"
2026-08-10 06:29:00,393,18,2,"""21세기 말까지 기금 소진 걱정 끝"" 김성주 이사장이 밝힌 1400조 국민연금의 미래 시나리오 #국민연금 #연금고갈 #2099년 #목표 수익률5.5% #연금개혁 #김성주이사장"
2026-08-10 06:58:48,393,18,2,"""21세기 말까지 기금 소진 걱정 끝"" 김성주 이사장이 밝힌 1400조 국민연금의 미래 시나리오 #국민연금 #연금고갈 #2099년 #목표 수익률5.5% #연금개혁 #김성주이사장"
2026-08-10 07:32:34,393,18,2,"""21세기 말까지 기금 소진 걱정 끝"" 김성주 이사장이 밝힌 1400조 국민연금의 미래 시나리오 #국민연금 #연금고갈 #2099년 #목표 수익률5.5% #연금개혁 #김성주이사장"
2026-08-10 08:02:43,393,18,2,"""21세기 말까지 기금 소진 걱정 끝"" 김성주 이사장이 밝힌 1400조 국민연금의 미래 시나리오 #국민연금 #연금고갈 #2099년 #목표 수익률5.5% #연금개혁 #김성주이사장"
2026-08-10 08:39:49,393,18,2,"""21세기 말까지 기금 소진 걱정 끝"" 김성주 이사장이 밝힌 1400조 국민연금의 미래 시나리오 #국민연금 #연금고갈 #2099년 #목표 수익률5.5% #연금개혁 #김성주이사장"
2026-08-10 09:03:19,393,18,2,"""21세기 말까지 기금 소진 걱정 끝"" 김성주 이사장이 밝힌 1400조 국민연금의 미래 시나리오 #국민연금 #연금고갈 #2099년 #목표 수익률5.5% #연금개혁 #김성주이사장"
2026-08-10 11:27:34,393,18,2,"""21세기 말까지 기금 소진 걱정 끝"" 김성주 이사장이 밝힌 1400조 국민연금의 미래 시나리오 #국민연금 #연금고갈 #2099년 #목표 수익률5.5% #연금개혁 #김성주이사장"
2026-08-10 13:12:16,393,18,2,"""21세기 말까지 기금 소진 걱정 끝"" 김성주 이사장이 밝힌 1400조 국민연금의 미래 시나리오 #국민연금 #연금고갈 #2099년 #목표 수익률5.5% #연금개혁 #김성주이사장"
2026-08-10 14:43:14,393,18,2,"""21세기 말까지 기금 소진 걱정 끝"" 김성주 이사장이 밝힌 1400조 국민연금의 미래 시나리오 #국민연금 #연금고갈 #2099년 #목표 수익률5.5% #연금개혁 #김성주이사장"
2026-08-10 15:56:34,393,18,2,"""21세기 말까지 기금 소진 걱정 끝"" 김성주 이사장이 밝힌 1400조 국민연금의 미래 시나리오 #국민연금 #연금고갈 #2099년 #목표 수익률5.5% #연금개혁 #김성주이사장"
2026-08-10 17:24:23,393,18,2,"""21세기 말까지 기금 소진 걱정 끝"" 김성주 이사장이 밝힌 1400조 국민연금의 미래 시나리오 #국민연금 #연금고갈 #2099년 #목표 수익률5.5% #연금개혁 #김성주이사장"
2026-08-10 18:54:52,393,18,2,"""21세기 말까지 기금 소진 걱정 끝"" 김성주 이사장이 밝힌 1400조 국민연금의 미래 시나리오 #국민연금 #연금고갈 #2099년 #목표 수익률5.5% #연금개혁 #김성주이사장"
2026-08-10 19:57:58,393,18,2,"""21세기 말까지 기금 소진 걱정 끝"" 김성주 이사장이 밝힌 1400조 국민연금의 미래 시나리오 #국민연금 #연금고갈 #2099년 #목표 수익률5.5% #연금개혁 #김성주이사장"
2026-08-10 20:46:25,393,18,2,"""21세기 말까지 기금 소진 걱정 끝"" 김성주 이사장이 밝힌 1400조 국민연금의 미래 시나리오 #국민연금 #연금고갈 #2099년 #목표 수익률5.5% #연금개혁 #김성주이사장"
2026-08-10 21:34:00,393,18,2,"""21세기 말까지 기금 소진 걱정 끝"" 김성주 이사장이 밝힌 1400조 국민연금의 미래 시나리오 #국민연금 #연금고갈 #2099년 #목표 수익률5.5% #연금개혁 #김성주이사장"
2026-08-10 23:00:33,393,18,2,"""21세기 말까지 기금 소진 걱정 끝"" 김성주 이사장이 밝힌 1400조 국민연금의 미래 시나리오 #국민연금 #연금고갈 #2099년 #목표 수익률5.5% #연금개혁 #김성주이사장"
2026-08-11 00:05:03,393,18,2,"""21세기 말까지 기금 소진 걱정 끝"" 김성주 이사장이 밝힌 1400조 국민연금의 미래 시나리오 #국민연금 #연금고갈 #2099년 #목표 수익률5.5% #연금개혁 #김성주이사장"
2026-08-11 01:07:05,393,18,2,"""21세기 말까지 기금 소진 걱정 끝"" 김성주 이사장이 밝힌 1400조 국민연금의 미래 시나리오 #국민연금 #연금고갈 #2099년 #목표 수익률5.5% #연금개혁 #김성주이사장"
2026-08-11 02:04:34,393,18,2,"""21세기 말까지 기금 소진 걱정 끝"" 김성주 이사장이 밝힌 1400조 국민연금의 미래 시나리오 #국민연금 #연금고갈 #2099년 #목표 수익률5.5% #연금개혁 #김성주이사장"
2026-08-11 02:57:59,393,18,2,"""21세기 말까지 기금 소진 걱정 끝"" 김성주 이사장이 밝힌 1400조 국민연금의 미래 시나리오 #국민연금 #연금고갈 #2099년 #목표 수익률5.5% #연금개혁 #김성주이사장"
2026-08-11 03:55:56,393,18,2,"""21세기 말까지 기금 소진 걱정 끝"" 김성주 이사장이 밝힌 1400조 국민연금의 미래 시나리오 #국민연금 #연금고갈 #2099년 #목표 수익률5.5% #연금개혁 #김성주이사장"
2026-08-11 04:51:07,393,18,2,"""21세기 말까지 기금 소진 걱정 끝"" 김성주 이사장이 밝힌 1400조 국민연금의 미래 시나리오 #국민연금 #연금고갈 #2099년 #목표 수익률5.5% #연금개혁 #김성주이사장"
2026-08-11 05:26:54,393,18,2,"""21세기 말까지 기금 소진 걱정 끝"" 김성주 이사장이 밝힌 1400조 국민연금의 미래 시나리오 #국민연금 #연금고갈 #2099년 #목표 수익률5.5% #연금개혁 #김성주이사장"
2026-08-11 06:11:00,393,18,2,"""21세기 말까지 기금 소진 걱정 끝"" 김성주 이사장이 밝힌 1400조 국민연금의 미래 시나리오 #국민연금 #연금고갈 #2099년 #목표 수익률5.5% #연금개혁 #김성주이사장"
2026-08-11 06:56:15,393,18,2,"""21세기 말까지 기금 소진 걱정 끝"" 김성주 이사장이 밝힌 1400조 국민연금의 미래 시나리오 #국민연금 #연금고갈 #2099년 #목표 수익률5.5% #연금개혁 #김성주이사장"
2026-08-11 07:32:01,393,18,2,"""21세기 말까지 기금 소진 걱정 끝"" 김성주 이사장이 밝힌 1400조 국민연금의 미래 시나리오 #국민연금 #연금고갈 #2099년 #목표 수익률5.5% #연금개혁 #김성주이사장"
2026-08-11 08:08:29,393,18,2,"""21세기 말까지 기금 소진 걱정 끝"" 김성주 이사장이 밝힌 1400조 국민연금의 미래 시나리오 #국민연금 #연금고갈 #2099년 #목표 수익률5.5% #연금개혁 #김성주이사장"
2026-08-11 08:48:07,393,18,2,"""21세기 말까지 기금 소진 걱정 끝"" 김성주 이사장이 밝힌 1400조 국민연금의 미래 시나리오 #국민연금 #연금고갈 #2099년 #목표 수익률5.5% #연금개혁 #김성주이사장"
2026-08-11 09:36:55,393,18,2,"""21세기 말까지 기금 소진 걱정 끝"" 김성주 이사장이 밝힌 1400조 국민연금의 미래 시나리오 #국민연금 #연금고갈 #2099년 #목표 수익률5.5% #연금개혁 #김성주이사장"
2026-08-11 11:38:24,393,18,2,"""21세기 말까지 기금 소진 걱정 끝"" 김성주 이사장이 밝힌 1400조 국민연금의 미래 시나리오 #국민연금 #연금고갈 #2099년 #목표 수익률5.5% #연금개혁 #김성주이사장"
2026-08-11 13:05:09,393,18,2,"""21세기 말까지 기금 소진 걱정 끝"" 김성주 이사장이 밝힌 1400조 국민연금의 미래 시나리오 #국민연금 #연금고갈 #2099년 #목표 수익률5.5% #연금개혁 #김성주이사장"
2026-08-11 14:17:28,393,18,2,"""21세기 말까지 기금 소진 걱정 끝"" 김성주 이사장이 밝힌 1400조 국민연금의 미래 시나리오 #국민연금 #연금고갈 #2099년 #목표 수익률5.5% #연금개혁 #김성주이사장"
2026-08-11 15:07:20,393,18,2,"""21세기 말까지 기금 소진 걱정 끝"" 김성주 이사장이 밝힌 1400조 국민연금의 미래 시나리오 #국민연금 #연금고갈 #2099년 #목표 수익률5.5% #연금개혁 #김성주이사장"
2026-08-11 16:24:38,393,18,2,"""21세기 말까지 기금 소진 걱정 끝"" 김성주 이사장이 밝힌 1400조 국민연금의 미래 시나리오 #국민연금 #연금고갈 #2099년 #목표 수익률5.5% #연금개혁 #김성주이사장"
2026-08-11 17:29:05,393,18,2,"""21세기 말까지 기금 소진 걱정 끝"" 김성주 이사장이 밝힌 1400조 국민연금의 미래 시나리오 #국민연금 #연금고갈 #2099년 #목표 수익률5.5% #연금개혁 #김성주이사장"
2026-08-11 18:32:06,393,18,2,"""21세기 말까지 기금 소진 걱정 끝"" 김성주 이사장이 밝힌 1400조 국민연금의 미래 시나리오 #국민연금 #연금고갈 #2099년 #목표 수익률5.5% #연금개혁 #김성주이사장"
2026-08-11 19:27:00,393,18,2,"""21세기 말까지 기금 소진 걱정 끝"" 김성주 이사장이 밝힌 1400조 국민연금의 미래 시나리오 #국민연금 #연금고갈 #2099년 #목표 수익률5.5% #연금개혁 #김성주이사장"
2026-08-11 20:13:10,393,18,2,"""21세기 말까지 기금 소진 걱정 끝"" 김성주 이사장이 밝힌 1400조 국민연금의 미래 시나리오 #국민연금 #연금고갈 #2099년 #목표 수익률5.5% #연금개혁 #김성주이사장"
2026-08-11 20:56:29,393,18,2,"""21세기 말까지 기금 소진 걱정 끝"" 김성주 이사장이 밝힌 1400조 국민연금의 미래 시나리오 #국민연금 #연금고갈 #2099년 #목표 수익률5.5% #연금개혁 #김성주이사장"
2026-08-11 21:53:01,393,18,2,"""21세기 말까지 기금 소진 걱정 끝"" 김성주 이사장이 밝힌 1400조 국민연금의 미래 시나리오 #국민연금 #연금고갈 #2099년 #목표 수익률5.5% #연금개혁 #김성주이사장"
2026-08-11 23:08:41,393,18,2,"""21세기 말까지 기금 소진 걱정 끝"" 김성주 이사장이 밝힌 1400조 국민연금의 미래 시나리오 #국민연금 #연금고갈 #2099년 #목표 수익률5.5% #연금개혁 #김성주이사장"
2026-08-12 00:14:24,393,18,2,"""21세기 말까지 기금 소진 걱정 끝"" 김성주 이사장이 밝힌 1400조 국민연금의 미래 시나리오 #국민연금 #연금고갈 #2099년 #목표 수익률5.5% #연금개혁 #김성주이사장"
2026-08-12 01:11:24,393,18,2,"""21세기 말까지 기금 소진 걱정 끝"" 김성주 이사장이 밝힌 1400조 국민연금의 미래 시나리오 #국민연금 #연금고갈 #2099년 #목표 수익률5.5% #연금개혁 #김성주이사장"
2026-08-12 02:11:22,393,18,2,"""21세기 말까지 기금 소진 걱정 끝"" 김성주 이사장이 밝힌 1400조 국민연금의 미래 시나리오 #국민연금 #연금고갈 #2099년 #목표 수익률5.5% #연금개혁 #김성주이사장"
2026-08-12 03:05:40,393,18,2,"""21세기 말까지 기금 소진 걱정 끝"" 김성주 이사장이 밝힌 1400조 국민연금의 미래 시나리오 #국민연금 #연금고갈 #2099년 #목표 수익률5.5% #연금개혁 #김성주이사장"
2026-08-12 04:15:37,393,18,2,"""21세기 말까지 기금 소진 걱정 끝"" 김성주 이사장이 밝힌 1400조 국민연금의 미래 시나리오 #국민연금 #연금고갈 #2099년 #목표 수익률5.5% #연금개혁 #김성주이사장"
2026-08-12 05:06:03,393,18,2,"""21세기 말까지 기금 소진 걱정 끝"" 김성주 이사장이 밝힌 1400조 국민연금의 미래 시나리오 #국민연금 #연금고갈 #2099년 #목표 수익률5.5% #연금개혁 #김성주이사장"
2026-08-12 05:59:14,393,18,2,"""21세기 말까지 기금 소진 걱정 끝"" 김성주 이사장이 밝힌 1400조 국민연금의 미래 시나리오 #국민연금 #연금고갈 #2099년 #목표 수익률5.5% #연금개혁 #김성주이사장"
2026-08-12 06:51:21,393,18,2,"""21세기 말까지 기금 소진 걱정 끝"" 김성주 이사장이 밝힌 1400조 국민연금의 미래 시나리오 #국민연금 #연금고갈 #2099년 #목표 수익률5.5% #연금개혁 #김성주이사장"
2026-08-12 07:27:24,393,18,2,"""21세기 말까지 기금 소진 걱정 끝"" 김성주 이사장이 밝힌 1400조 국민연금의 미래 시나리오 #국민연금 #연금고갈 #2099년 #목표 수익률5.5% #연금개혁 #김성주이사장"
2026-08-12 08:11:31,393,18,2,"""21세기 말까지 기금 소진 걱정 끝"" 김성주 이사장이 밝힌 1400조 국민연금의 미래 시나리오 #국민연금 #연금고갈 #2099년 #목표 수익률5.5% #연금개혁 #김성주이사장"
2026-08-12 08:58:36,393,18,2,"""21세기 말까지 기금 소진 걱정 끝"" 김성주 이사장이 밝힌 1400조 국민연금의 미래 시나리오 #국민연금 #연금고갈 #2099년 #목표 수익률5.5% #연금개혁 #김성주이사장"
2026-08-12 10:58:28,393,18,2,"""21세기 말까지 기금 소진 걱정 끝"" 김성주 이사장이 밝힌 1400조 국민연금의 미래 시나리오 #국민연금 #연금고갈 #2099년 #목표 수익률5.5% #연금개혁 #김성주이사장"
2026-08-12 13:09:01,393,18,2,"""21세기 말까지 기금 소진 걱정 끝"" 김성주 이사장이 밝힌 1400조 국민연금의 미래 시나리오 #국민연금 #연금고갈 #2099년 #목표 수익률5.5% #연금개혁 #김성주이사장"
2026-08-12 14:44:15,393,18,2,"""21세기 말까지 기금 소진 걱정 끝"" 김성주 이사장이 밝힌 1400조 국민연금의 미래 시나리오 #국민연금 #연금고갈 #2099년 #목표 수익률5.5% #연금개혁 #김성주이사장"
2026-08-12 15:58:52,393,18,2,"""21세기 말까지 기금 소진 걱정 끝"" 김성주 이사장이 밝힌 1400조 국민연금의 미래 시나리오 #국민연금 #연금고갈 #2099년 #목표 수익률5.5% #연금개혁 #김성주이사장"
2026-08-12 17:19:15,393,18,2,"""21세기 말까지 기금 소진 걱정 끝"" 김성주 이사장이 밝힌 1400조 국민연금의 미래 시나리오 #국민연금 #연금고갈 #2099년 #목표 수익률5.5% #연금개혁 #김성주이사장"
2026-08-12 18:34:12,393,18,2,"""21세기 말까지 기금 소진 걱정 끝"" 김성주 이사장이 밝힌 1400조 국민연금의 미래 시나리오 #국민연금 #연금고갈 #2099년 #목표 수익률5.5% #연금개혁 #김성주이사장"
2026-08-12 19:38:57,393,18,2,"""21세기 말까지 기금 소진 걱정 끝"" 김성주 이사장이 밝힌 1400조 국민연금의 미래 시나리오 #국민연금 #연금고갈 #2099년 #목표 수익률5.5% #연금개혁 #김성주이사장"
2026-08-12 20:27:34,393,18,2,"""21세기 말까지 기금 소진 걱정 끝"" 김성주 이사장이 밝힌 1400조 국민연금의 미래 시나리오 #국민연금 #연금고갈 #2099년 #목표 수익률5.5% #연금개혁 #김성주이사장"
2026-08-12 21:08:45,393,18,2,"""21세기 말까지 기금 소진 걱정 끝"" 김성주 이사장이 밝힌 1400조 국민연금의 미래 시나리오 #국민연금 #연금고갈 #2099년 #목표 수익률5.5% #연금개혁 #김성주이사장"
2026-08-12 22:41:46,393,18,2,"""21세기 말까지 기금 소진 걱정 끝"" 김성주 이사장이 밝힌 1400조 국민연금의 미래 시나리오 #국민연금 #연금고갈 #2099년 #목표 수익률5.5% #연금개혁 #김성주이사장"
2026-08-12 23:43:16,393,18,2,"""21세기 말까지 기금 소진 걱정 끝"" 김성주 이사장이 밝힌 1400조 국민연금의 미래 시나리오 #국민연금 #연금고갈 #2099년 #목표 수익률5.5% #연금개혁 #김성주이사장"
2026-08-13 00:39:08,393,18,2,"""21세기 말까지 기금 소진 걱정 끝"" 김성주 이사장이 밝힌 1400조 국민연금의 미래 시나리오 #국민연금 #연금고갈 #2099년 #목표 수익률5.5% #연금개혁 #김성주이사장"
2026-08-13 01:33:18,393,18,2,"""21세기 말까지 기금 소진 걱정 끝"" 김성주 이사장이 밝힌 1400조 국민연금의 미래 시나리오 #국민연금 #연금고갈 #2099년 #목표 수익률5.5% #연금개혁 #김성주이사장"
2026-08-13 02:33:29,393,18,2,"""21세기 말까지 기금 소진 걱정 끝"" 김성주 이사장이 밝힌 1400조 국민연금의 미래 시나리오 #국민연금 #연금고갈 #2099년 #목표 수익률5.5% #연금개혁 #김성주이사장"
2026-08-13 03:30:05,393,18,2,"""21세기 말까지 기금 소진 걱정 끝"" 김성주 이사장이 밝힌 1400조 국민연금의 미래 시나리오 #국민연금 #연금고갈 #2099년 #목표 수익률5.5% #연금개혁 #김성주이사장"
2026-08-13 04:38:46,393,18,2,"""21세기 말까지 기금 소진 걱정 끝"" 김성주 이사장이 밝힌 1400조 국민연금의 미래 시나리오 #국민연금 #연금고갈 #2099년 #목표 수익률5.5% #연금개혁 #김성주이사장"
2026-08-13 05:20:45,393,18,2,"""21세기 말까지 기금 소진 걱정 끝"" 김성주 이사장이 밝힌 1400조 국민연금의 미래 시나리오 #국민연금 #연금고갈 #2099년 #목표 수익률5.5% #연금개혁 #김성주이사장"
2026-08-13 06:08:02,393,18,2,"""21세기 말까지 기금 소진 걱정 끝"" 김성주 이사장이 밝힌 1400조 국민연금의 미래 시나리오 #국민연금 #연금고갈 #2099년 #목표 수익률5.5% #연금개혁 #김성주이사장"
2026-08-13 06:58:51,393,18,2,"""21세기 말까지 기금 소진 걱정 끝"" 김성주 이사장이 밝힌 1400조 국민연금의 미래 시나리오 #국민연금 #연금고갈 #2099년 #목표 수익률5.5% #연금개혁 #김성주이사장"
2026-08-13 07:42:13,393,18,2,"""21세기 말까지 기금 소진 걱정 끝"" 김성주 이사장이 밝힌 1400조 국민연금의 미래 시나리오 #국민연금 #연금고갈 #2099년 #목표 수익률5.5% #연금개혁 #김성주이사장"
2026-08-13 08:23:09,393,18,2,"""21세기 말까지 기금 소진 걱정 끝"" 김성주 이사장이 밝힌 1400조 국민연금의 미래 시나리오 #국민연금 #연금고갈 #2099년 #목표 수익률5.5% #연금개혁 #김성주이사장"
2026-08-13 09:03:31,393,18,2,"""21세기 말까지 기금 소진 걱정 끝"" 김성주 이사장이 밝힌 1400조 국민연금의 미래 시나리오 #국민연금 #연금고갈 #2099년 #목표 수익률5.5% #연금개혁 #김성주이사장"
2026-08-13 11:38:49,393,18,2,"""21세기 말까지 기금 소진 걱정 끝"" 김성주 이사장이 밝힌 1400조 국민연금의 미래 시나리오 #국민연금 #연금고갈 #2099년 #목표 수익률5.5% #연금개혁 #김성주이사장"
2026-08-13 13:28:53,393,18,2,"""21세기 말까지 기금 소진 걱정 끝"" 김성주 이사장이 밝힌 1400조 국민연금의 미래 시나리오 #국민연금 #연금고갈 #2099년 #목표 수익률5.5% #연금개혁 #김성주이사장"
2026-08-13 14:57:41,393,18,2,"""21세기 말까지 기금 소진 걱정 끝"" 김성주 이사장이 밝힌 1400조 국민연금의 미래 시나리오 #국민연금 #연금고갈 #2099년 #목표 수익률5.5% #연금개혁 #김성주이사장"
2026-08-13 16:24:15,393,18,2,"""21세기 말까지 기금 소진 걱정 끝"" 김성주 이사장이 밝힌 1400조 국민연금의 미래 시나리오 #국민연금 #연금고갈 #2099년 #목표 수익률5.5% #연금개혁 #김성주이사장"
2026-08-13 17:48:28,393,18,2,"""21세기 말까지 기금 소진 걱정 끝"" 김성주 이사장이 밝힌 1400조 국민연금의 미래 시나리오 #국민연금 #연금고갈 #2099년 #목표 수익률5.5% #연금개혁 #김성주이사장"
2026-08-13 18:49:23,393,18,2,"""21세기 말까지 기금 소진 걱정 끝"" 김성주 이사장이 밝힌 1400조 국민연금의 미래 시나리오 #국민연금 #연금고갈 #2099년 #목표 수익률5.5% #연금개혁 #김성주이사장"
2026-08-13 19:46:32,393,18,2,"""21세기 말까지 기금 소진 걱정 끝"" 김성주 이사장이 밝힌 1400조 국민연금의 미래 시나리오 #국민연금 #연금고갈 #2099년 #목표 수익률5.5% #연금개혁 #김성주이사장"
2026-08-13 20:33:19,393,18,2,"""21세기 말까지 기금 소진 걱정 끝"" 김성주 이사장이 밝힌 1400조 국민연금의 미래 시나리오 #국민연금 #연금고갈 #2099년 #목표 수익률5.5% #연금개혁 #김성주이사장"
2026-08-13 21:27:36,393,18,2,"""21세기 말까지 기금 소진 걱정 끝"" 김성주 이사장이 밝힌 1400조 국민연금의 미래 시나리오 #국민연금 #연금고갈 #2099년 #목표 수익률5.5% #연금개혁 #김성주이사장"
2026-08-13 22:56:09,393,18,2,"""21세기 말까지 기금 소진 걱정 끝"" 김성주 이사장이 밝힌 1400조 국민연금의 미래 시나리오 #국민연금 #연금고갈 #2099년 #목표 수익률5.5% #연금개혁 #김성주이사장"
2026-08-13 23:52:19,393,18,2,"""21세기 말까지 기금 소진 걱정 끝"" 김성주 이사장이 밝힌 1400조 국민연금의 미래 시나리오 #국민연금 #연금고갈 #2099년 #목표 수익률5.5% #연금개혁 #김성주이사장"
2026-08-14 00:44:25,393,18,2,"""21세기 말까지 기금 소진 걱정 끝"" 김성주 이사장이 밝힌 1400조 국민연금의 미래 시나리오 #국민연금 #연금고갈 #2099년 #목표 수익률5.5% #연금개혁 #김성주이사장"
2026-08-14 01:36:56,393,18,2,"""21세기 말까지 기금 소진 걱정 끝"" 김성주 이사장이 밝힌 1400조 국민연금의 미래 시나리오 #국민연금 #연금고갈 #2099년 #목표 수익률5.5% #연금개혁 #김성주이사장"
2026-08-14 02:35:37,393,18,2,"""21세기 말까지 기금 소진 걱정 끝"" 김성주 이사장이 밝힌 1400조 국민연금의 미래 시나리오 #국민연금 #연금고갈 #2099년 #목표 수익률5.5% #연금개혁 #김성주이사장"
2026-08-14 03:32:27,393,18,2,"""21세기 말까지 기금 소진 걱정 끝"" 김성주 이사장이 밝힌 1400조 국민연금의 미래 시나리오 #국민연금 #연금고갈 #2099년 #목표 수익률5.5% #연금개혁 #김성주이사장"
2026-08-14 04:37:47,393,18,2,"""21세기 말까지 기금 소진 걱정 끝"" 김성주 이사장이 밝힌 1400조 국민연금의 미래 시나리오 #국민연금 #연금고갈 #2099년 #목표 수익률5.5% #연금개혁 #김성주이사장"
2026-08-14 05:16:58,393,18,2,"""21세기 말까지 기금 소진 걱정 끝"" 김성주 이사장이 밝힌 1400조 국민연금의 미래 시나리오 #국민연금 #연금고갈 #2099년 #목표 수익률5.5% #연금개혁 #김성주이사장"
2026-08-14 06:06:00,393,18,2,"""21세기 말까지 기금 소진 걱정 끝"" 김성주 이사장이 밝힌 1400조 국민연금의 미래 시나리오 #국민연금 #연금고갈 #2099년 #목표 수익률5.5% #연금개혁 #김성주이사장"
2026-08-14 06:57:18,393,18,2,"""21세기 말까지 기금 소진 걱정 끝"" 김성주 이사장이 밝힌 1400조 국민연금의 미래 시나리오 #국민연금 #연금고갈 #2099년 #목표 수익률5.5% #연금개혁 #김성주이사장"
2026-08-14 07:38:39,393,18,2,"""21세기 말까지 기금 소진 걱정 끝"" 김성주 이사장이 밝힌 1400조 국민연금의 미래 시나리오 #국민연금 #연금고갈 #2099년 #목표 수익률5.5% #연금개혁 #김성주이사장"
2026-08-14 08:22:49,393,18,2,"""21세기 말까지 기금 소진 걱정 끝"" 김성주 이사장이 밝힌 1400조 국민연금의 미래 시나리오 #국민연금 #연금고갈 #2099년 #목표 수익률5.5% #연금개혁 #김성주이사장"
2026-08-14 09:03:10,393,18,2,"""21세기 말까지 기금 소진 걱정 끝"" 김성주 이사장이 밝힌 1400조 국민연금의 미래 시나리오 #국민연금 #연금고갈 #2099년 #목표 수익률5.5% #연금개혁 #김성주이사장"
2026-08-14 11:36:39,393,18,2,"""21세기 말까지 기금 소진 걱정 끝"" 김성주 이사장이 밝힌 1400조 국민연금의 미래 시나리오 #국민연금 #연금고갈 #2099년 #목표 수익률5.5% #연금개혁 #김성주이사장"
2026-08-14 13:25:34,393,18,2,"""21세기 말까지 기금 소진 걱정 끝"" 김성주 이사장이 밝힌 1400조 국민연금의 미래 시나리오 #국민연금 #연금고갈 #2099년 #목표 수익률5.5% #연금개혁 #김성주이사장"
2026-08-14 14:52:50,393,18,2,"""21세기 말까지 기금 소진 걱정 끝"" 김성주 이사장이 밝힌 1400조 국민연금의 미래 시나리오 #국민연금 #연금고갈 #2099년 #목표 수익률5.5% #연금개혁 #김성주이사장"
2026-08-14 17:21:40,393,18,2,"""21세기 말까지 기금 소진 걱정 끝"" 김성주 이사장이 밝힌 1400조 국민연금의 미래 시나리오 #국민연금 #연금고갈 #2099년 #목표 수익률5.5% #연금개혁 #김성주이사장"
2026-08-14 18:30:25,393,18,2,"""21세기 말까지 기금 소진 걱정 끝"" 김성주 이사장이 밝힌 1400조 국민연금의 미래 시나리오 #국민연금 #연금고갈 #2099년 #목표 수익률5.5% #연금개혁 #김성주이사장"
2026-08-14 19:34:14,393,18,2,"""21세기 말까지 기금 소진 걱정 끝"" 김성주 이사장이 밝힌 1400조 국민연금의 미래 시나리오 #국민연금 #연금고갈 #2099년 #목표 수익률5.5% #연금개혁 #김성주이사장"
2026-08-14 20:22:51,393,18,2,"""21세기 말까지 기금 소진 걱정 끝"" 김성주 이사장이 밝힌 1400조 국민연금의 미래 시나리오 #국민연금 #연금고갈 #2099년 #목표 수익률5.5% #연금개혁 #김성주이사장"
2026-08-14 21:02:26,393,18,2,"""21세기 말까지 기금 소진 걱정 끝"" 김성주 이사장이 밝힌 1400조 국민연금의 미래 시나리오 #국민연금 #연금고갈 #2099년 #목표 수익률5.5% #연금개혁 #김성주이사장"
2026-08-14 22:24:43,393,18,2,"""21세기 말까지 기금 소진 걱정 끝"" 김성주 이사장이 밝힌 1400조 국민연금의 미래 시나리오 #국민연금 #연금고갈 #2099년 #목표 수익률5.5% #연금개혁 #김성주이사장"
2026-08-14 23:29:28,393,18,2,"""21세기 말까지 기금 소진 걱정 끝"" 김성주 이사장이 밝힌 1400조 국민연금의 미래 시나리오 #국민연금 #연금고갈 #2099년 #목표 수익률5.5% #연금개혁 #김성주이사장"
2026-08-15 00:22:31,393,18,2,"""21세기 말까지 기금 소진 걱정 끝"" 김성주 이사장이 밝힌 1400조 국민연금의 미래 시나리오 #국민연금 #연금고갈 #2099년 #목표 수익률5.5% #연금개혁 #김성주이사장"
2026-08-15 01:09:41,393,18,2,"""21세기 말까지 기금 소진 걱정 끝"" 김성주 이사장이 밝힌 1400조 국민연금의 미래 시나리오 #국민연금 #연금고갈 #2099년 #목표 수익률5.5% #연금개혁 #김성주이사장"
2026-08-15 02:08:35,393,18,2,"""21세기 말까지 기금 소진 걱정 끝"" 김성주 이사장이 밝힌 1400조 국민연금의 미래 시나리오 #국민연금 #연금고갈 #2099년 #목표 수익률5.5% #연금개혁 #김성주이사장"
2026-08-15 03:03:10,393,18,2,"""21세기 말까지 기금 소진 걱정 끝"" 김성주 이사장이 밝힌 1400조 국민연금의 미래 시나리오 #국민연금 #연금고갈 #2099년 #목표 수익률5.5% #연금개혁 #김성주이사장"
2026-08-15 04:06:12,393,18,2,"""21세기 말까지 기금 소진 걱정 끝"" 김성주 이사장이 밝힌 1400조 국민연금의 미래 시나리오 #국민연금 #연금고갈 #2099년 #목표 수익률5.5% #연금개혁 #김성주이사장"
2026-08-15 04:52:35,393,18,2,"""21세기 말까지 기금 소진 걱정 끝"" 김성주 이사장이 밝힌 1400조 국민연금의 미래 시나리오 #국민연금 #연금고갈 #2099년 #목표 수익률5.5% #연금개혁 #김성주이사장"
2026-08-15 05:18:01,393,18,2,"""21세기 말까지 기금 소진 걱정 끝"" 김성주 이사장이 밝힌 1400조 국민연금의 미래 시나리오 #국민연금 #연금고갈 #2099년 #목표 수익률5.5% #연금개혁 #김성주이사장"
2026-08-15 05:49:04,393,18,2,"""21세기 말까지 기금 소진 걱정 끝"" 김성주 이사장이 밝힌 1400조 국민연금의 미래 시나리오 #국민연금 #연금고갈 #2099년 #목표 수익률5.5% #연금개혁 #김성주이사장"
2026-08-15 06:10:36,393,18,2,"""21세기 말까지 기금 소진 걱정 끝"" 김성주 이사장이 밝힌 1400조 국민연금의 미래 시나리오 #국민연금 #연금고갈 #2099년 #목표 수익률5.5% #연금개혁 #김성주이사장"
2026-08-15 06:38:17,393,18,2,"""21세기 말까지 기금 소진 걱정 끝"" 김성주 이사장이 밝힌 1400조 국민연금의 미래 시나리오 #국민연금 #연금고갈 #2099년 #목표 수익률5.5% #연금개혁 #김성주이사장"
2026-08-15 06:55:46,393,18,2,"""21세기 말까지 기금 소진 걱정 끝"" 김성주 이사장이 밝힌 1400조 국민연금의 미래 시나리오 #국민연금 #연금고갈 #2099년 #목표 수익률5.5% #연금개혁 #김성주이사장"
2026-08-15 07:15:31,393,18,2,"""21세기 말까지 기금 소진 걱정 끝"" 김성주 이사장이 밝힌 1400조 국민연금의 미래 시나리오 #국민연금 #연금고갈 #2099년 #목표 수익률5.5% #연금개혁 #김성주이사장"
2026-08-15 07:42:18,393,18,2,"""21세기 말까지 기금 소진 걱정 끝"" 김성주 이사장이 밝힌 1400조 국민연금의 미래 시나리오 #국민연금 #연금고갈 #2099년 #목표 수익률5.5% #연금개혁 #김성주이사장"
2026-08-15 07:59:31,393,18,2,"""21세기 말까지 기금 소진 걱정 끝"" 김성주 이사장이 밝힌 1400조 국민연금의 미래 시나리오 #국민연금 #연금고갈 #2099년 #목표 수익률5.5% #연금개혁 #김성주이사장"
2026-08-15 08:25:16,393,18,2,"""21세기 말까지 기금 소진 걱정 끝"" 김성주 이사장이 밝힌 1400조 국민연금의 미래 시나리오 #국민연금 #연금고갈 #2099년 #목표 수익률5.5% #연금개혁 #김성주이사장"
2026-08-15 08:44:39,393,18,2,"""21세기 말까지 기금 소진 걱정 끝"" 김성주 이사장이 밝힌 1400조 국민연금의 미래 시나리오 #국민연금 #연금고갈 #2099년 #목표 수익률5.5% #연금개혁 #김성주이사장"
2026-08-15 09:00:28,393,18,2,"""21세기 말까지 기금 소진 걱정 끝"" 김성주 이사장이 밝힌 1400조 국민연금의 미래 시나리오 #국민연금 #연금고갈 #2099년 #목표 수익률5.5% #연금개혁 #김성주이사장"
2026-08-15 10:37:25,393,18,2,"""21세기 말까지 기금 소진 걱정 끝"" 김성주 이사장이 밝힌 1400조 국민연금의 미래 시나리오 #국민연금 #연금고갈 #2099년 #목표 수익률5.5% #연금개혁 #김성주이사장"
2026-08-15 11:37:13,393,18,2,"""21세기 말까지 기금 소진 걱정 끝"" 김성주 이사장이 밝힌 1400조 국민연금의 미래 시나리오 #국민연금 #연금고갈 #2099년 #목표 수익률5.5% #연금개혁 #김성주이사장"
2026-08-15 12:20:52,393,18,2,"""21세기 말까지 기금 소진 걱정 끝"" 김성주 이사장이 밝힌 1400조 국민연금의 미래 시나리오 #국민연금 #연금고갈 #2099년 #목표 수익률5.5% #연금개혁 #김성주이사장"
2026-08-15 12:58:11,393,18,2,"""21세기 말까지 기금 소진 걱정 끝"" 김성주 이사장이 밝힌 1400조 국민연금의 미래 시나리오 #국민연금 #연금고갈 #2099년 #목표 수익률5.5% #연금개혁 #김성주이사장"
2026-08-15 13:30:20,393,18,2,"""21세기 말까지 기금 소진 걱정 끝"" 김성주 이사장이 밝힌 1400조 국민연금의 미래 시나리오 #국민연금 #연금고갈 #2099년 #목표 수익률5.5% #연금개혁 #김성주이사장"
2026-08-15 13:58:28,393,18,2,"""21세기 말까지 기금 소진 걱정 끝"" 김성주 이사장이 밝힌 1400조 국민연금의 미래 시나리오 #국민연금 #연금고갈 #2099년 #목표 수익률5.5% #연금개혁 #김성주이사장"
2026-08-15 14:24:31,393,18,2,"""21세기 말까지 기금 소진 걱정 끝"" 김성주 이사장이 밝힌 1400조 국민연금의 미래 시나리오 #국민연금 #연금고갈 #2099년 #목표 수익률5.5% #연금개혁 #김성주이사장"
2026-08-15 14:47:58,393,18,2,"""21세기 말까지 기금 소진 걱정 끝"" 김성주 이사장이 밝힌 1400조 국민연금의 미래 시나리오 #국민연금 #연금고갈 #2099년 #목표 수익률5.5% #연금개혁 #김성주이사장"
2026-08-15 15:02:42,393,18,2,"""21세기 말까지 기금 소진 걱정 끝"" 김성주 이사장이 밝힌 1400조 국민연금의 미래 시나리오 #국민연금 #연금고갈 #2099년 #목표 수익률5.5% #연금개혁 #김성주이사장"
2026-08-15 15:52:17,393,18,2,"""21세기 말까지 기금 소진 걱정 끝"" 김성주 이사장이 밝힌 1400조 국민연금의 미래 시나리오 #국민연금 #연금고갈 #2099년 #목표 수익률5.5% #연금개혁 #김성주이사장"
2026-08-15 16:18:43,393,18,2,"""21세기 말까지 기금 소진 걱정 끝"" 김성주 이사장이 밝힌 1400조 국민연금의 미래 시나리오 #국민연금 #연금고갈 #2099년 #목표 수익률5.5% #연금개혁 #김성주이사장"
2026-08-15 16:47:14,393,18,2,"""21세기 말까지 기금 소진 걱정 끝"" 김성주 이사장이 밝힌 1400조 국민연금의 미래 시나리오 #국민연금 #연금고갈 #2099년 #목표 수익률5.5% #연금개혁 #김성주이사장"
2026-08-15 17:02:14,393,18,2,"""21세기 말까지 기금 소진 걱정 끝"" 김성주 이사장이 밝힌 1400조 국민연금의 미래 시나리오 #국민연금 #연금고갈 #2099년 #목표 수익률5.5% #연금개혁 #김성주이사장"
2026-08-15 17:38:57,393,18,2,"""21세기 말까지 기금 소진 걱정 끝"" 김성주 이사장이 밝힌 1400조 국민연금의 미래 시나리오 #국민연금 #연금고갈 #2099년 #목표 수익률5.5% #연금개혁 #김성주이사장"
2026-08-15 18:00:17,393,18,2,"""21세기 말까지 기금 소진 걱정 끝"" 김성주 이사장이 밝힌 1400조 국민연금의 미래 시나리오 #국민연금 #연금고갈 #2099년 #목표 수익률5.5% #연금개혁 #김성주이사장"
2026-08-15 18:30:49,393,18,2,"""21세기 말까지 기금 소진 걱정 끝"" 김성주 이사장이 밝힌 1400조 국민연금의 미래 시나리오 #국민연금 #연금고갈 #2099년 #목표 수익률5.5% #연금개혁 #김성주이사장"
2026-08-15 18:51:14,393,18,2,"""21세기 말까지 기금 소진 걱정 끝"" 김성주 이사장이 밝힌 1400조 국민연금의 미래 시나리오 #국민연금 #연금고갈 #2099년 #목표 수익률5.5% #연금개혁 #김성주이사장"
2026-08-15 19:08:12,393,18,2,"""21세기 말까지 기금 소진 걱정 끝"" 김성주 이사장이 밝힌 1400조 국민연금의 미래 시나리오 #국민연금 #연금고갈 #2099년 #목표 수익률5.5% #연금개혁 #김성주이사장"
2026-08-15 19:35:29,393,18,2,"""21세기 말까지 기금 소진 걱정 끝"" 김성주 이사장이 밝힌 1400조 국민연금의 미래 시나리오 #국민연금 #연금고갈 #2099년 #목표 수익률5.5% #연금개혁 #김성주이사장"
2026-08-15 19:53:38,393,18,2,"""21세기 말까지 기금 소진 걱정 끝"" 김성주 이사장이 밝힌 1400조 국민연금의 미래 시나리오 #국민연금 #연금고갈 #2099년 #목표 수익률5.5% #연금개혁 #김성주이사장"
2026-08-15 20:08:42,393,18,2,"""21세기 말까지 기금 소진 걱정 끝"" 김성주 이사장이 밝힌 1400조 국민연금의 미래 시나리오 #국민연금 #연금고갈 #2099년 #목표 수익률5.5% #연금개혁 #김성주이사장"
2026-08-15 20:32:14,393,18,2,"""21세기 말까지 기금 소진 걱정 끝"" 김성주 이사장이 밝힌 1400조 국민연금의 미래 시나리오 #국민연금 #연금고갈 #2099년 #목표 수익률5.5% #연금개혁 #김성주이사장"
2026-08-15 20:48:59,393,18,2,"""21세기 말까지 기금 소진 걱정 끝"" 김성주 이사장이 밝힌 1400조 국민연금의 미래 시나리오 #국민연금 #연금고갈 #2099년 #목표 수익률5.5% #연금개혁 #김성주이사장"
2026-08-15 21:00:22,393,18,2,"""21세기 말까지 기금 소진 걱정 끝"" 김성주 이사장이 밝힌 1400조 국민연금의 미래 시나리오 #국민연금 #연금고갈 #2099년 #목표 수익률5.5% #연금개혁 #김성주이사장"
2026-08-15 21:48:58,393,18,2,"""21세기 말까지 기금 소진 걱정 끝"" 김성주 이사장이 밝힌 1400조 국민연금의 미래 시나리오 #국민연금 #연금고갈 #2099년 #목표 수익률5.5% #연금개혁 #김성주이사장"
2026-08-15 22:19:44,393,18,2,"""21세기 말까지 기금 소진 걱정 끝"" 김성주 이사장이 밝힌 1400조 국민연금의 미래 시나리오 #국민연금 #연금고갈 #2099년 #목표 수익률5.5% #연금개혁 #김성주이사장"
2026-08-15 22:46:43,393,18,2,"""21세기 말까지 기금 소진 걱정 끝"" 김성주 이사장이 밝힌 1400조 국민연금의 미래 시나리오 #국민연금 #연금고갈 #2099년 #목표 수익률5.5% #연금개혁 #김성주이사장"
2026-08-15 23:01:27,393,18,2,"""21세기 말까지 기금 소진 걱정 끝"" 김성주 이사장이 밝힌 1400조 국민연금의 미래 시나리오 #국민연금 #연금고갈 #2099년 #목표 수익률5.5% #연금개혁 #김성주이사장"
2026-08-15 23:31:03,393,18,2,"""21세기 말까지 기금 소진 걱정 끝"" 김성주 이사장이 밝힌 1400조 국민연금의 미래 시나리오 #국민연금 #연금고갈 #2099년 #목표 수익률5.5% #연금개혁 #김성주이사장"
2026-08-15 23:50:41,393,18,2,"""21세기 말까지 기금 소진 걱정 끝"" 김성주 이사장이 밝힌 1400조 국민연금의 미래 시나리오 #국민연금 #연금고갈 #2099년 #목표 수익률5.5% #연금개혁 #김성주이사장"
2026-08-16 00:02:28,393,18,2,"""21세기 말까지 기금 소진 걱정 끝"" 김성주 이사장이 밝힌 1400조 국민연금의 미래 시나리오 #국민연금 #연금고갈 #2099년 #목표 수익률5.5% #연금개혁 #김성주이사장"
2026-08-16 00:29:35,393,18,2,"""21세기 말까지 기금 소진 걱정 끝"" 김성주 이사장이 밝힌 1400조 국민연금의 미래 시나리오 #국민연금 #연금고갈 #2099년 #목표 수익률5.5% #연금개혁 #김성주이사장"
2026-08-16 00:47:35,393,18,2,"""21세기 말까지 기금 소진 걱정 끝"" 김성주 이사장이 밝힌 1400조 국민연금의 미래 시나리오 #국민연금 #연금고갈 #2099년 #목표 수익률5.5% #연금개혁 #김성주이사장"
2026-08-16 01:00:10,393,18,2,"""21세기 말까지 기금 소진 걱정 끝"" 김성주 이사장이 밝힌 1400조 국민연금의 미래 시나리오 #국민연금 #연금고갈 #2099년 #목표 수익률5.5% #연금개혁 #김성주이사장"
2026-08-16 01:30:37,393,18,2,"""21세기 말까지 기금 소진 걱정 끝"" 김성주 이사장이 밝힌 1400조 국민연금의 미래 시나리오 #국민연금 #연금고갈 #2099년 #목표 수익률5.5% #연금개혁 #김성주이사장"
2026-08-16 01:52:04,393,18,2,"""21세기 말까지 기금 소진 걱정 끝"" 김성주 이사장이 밝힌 1400조 국민연금의 미래 시나리오 #국민연금 #연금고갈 #2099년 #목표 수익률5.5% #연금개혁 #김성주이사장"
2026-08-16 02:08:41,393,18,2,"""21세기 말까지 기금 소진 걱정 끝"" 김성주 이사장이 밝힌 1400조 국민연금의 미래 시나리오 #국민연금 #연금고갈 #2099년 #목표 수익률5.5% #연금개혁 #김성주이사장"
2026-08-16 02:32:34,393,18,2,"""21세기 말까지 기금 소진 걱정 끝"" 김성주 이사장이 밝힌 1400조 국민연금의 미래 시나리오 #국민연금 #연금고갈 #2099년 #목표 수익률5.5% #연금개혁 #김성주이사장"
2026-08-16 02:50:30,393,18,2,"""21세기 말까지 기금 소진 걱정 끝"" 김성주 이사장이 밝힌 1400조 국민연금의 미래 시나리오 #국민연금 #연금고갈 #2099년 #목표 수익률5.5% #연금개혁 #김성주이사장"
2026-08-16 03:00:30,393,18,2,"""21세기 말까지 기금 소진 걱정 끝"" 김성주 이사장이 밝힌 1400조 국민연금의 미래 시나리오 #국민연금 #연금고갈 #2099년 #목표 수익률5.5% #연금개혁 #김성주이사장"
2026-08-16 03:38:22,393,18,2,"""21세기 말까지 기금 소진 걱정 끝"" 김성주 이사장이 밝힌 1400조 국민연금의 미래 시나리오 #국민연금 #연금고갈 #2099년 #목표 수익률5.5% #연금개혁 #김성주이사장"
2026-08-16 04:00:39,393,18,2,"""21세기 말까지 기금 소진 걱정 끝"" 김성주 이사장이 밝힌 1400조 국민연금의 미래 시나리오 #국민연금 #연금고갈 #2099년 #목표 수익률5.5% #연금개혁 #김성주이사장"
2026-08-16 04:26:04,393,18,2,"""21세기 말까지 기금 소진 걱정 끝"" 김성주 이사장이 밝힌 1400조 국민연금의 미래 시나리오 #국민연금 #연금고갈 #2099년 #목표 수익률5.5% #연금개혁 #김성주이사장"
2026-08-16 04:43:46,393,18,2,"""21세기 말까지 기금 소진 걱정 끝"" 김성주 이사장이 밝힌 1400조 국민연금의 미래 시나리오 #국민연금 #연금고갈 #2099년 #목표 수익률5.5% #연금개혁 #김성주이사장"
2026-08-16 04:56:38,393,18,2,"""21세기 말까지 기금 소진 걱정 끝"" 김성주 이사장이 밝힌 1400조 국민연금의 미래 시나리오 #국민연금 #연금고갈 #2099년 #목표 수익률5.5% #연금개혁 #김성주이사장"
2026-08-16 05:17:18,393,18,2,"""21세기 말까지 기금 소진 걱정 끝"" 김성주 이사장이 밝힌 1400조 국민연금의 미래 시나리오 #국민연금 #연금고갈 #2099년 #목표 수익률5.5% #연금개혁 #김성주이사장"
2026-08-16 05:42:07,393,18,2,"""21세기 말까지 기금 소진 걱정 끝"" 김성주 이사장이 밝힌 1400조 국민연금의 미래 시나리오 #국민연금 #연금고갈 #2099년 #목표 수익률5.5% #연금개혁 #김성주이사장"
2026-08-16 05:58:30,393,18,2,"""21세기 말까지 기금 소진 걱정 끝"" 김성주 이사장이 밝힌 1400조 국민연금의 미래 시나리오 #국민연금 #연금고갈 #2099년 #목표 수익률5.5% #연금개혁 #김성주이사장"
2026-08-16 06:21:05,393,18,2,"""21세기 말까지 기금 소진 걱정 끝"" 김성주 이사장이 밝힌 1400조 국민연금의 미래 시나리오 #국민연금 #연금고갈 #2099년 #목표 수익률5.5% #연금개혁 #김성주이사장"
2026-08-16 06:40:25,393,18,2,"""21세기 말까지 기금 소진 걱정 끝"" 김성주 이사장이 밝힌 1400조 국민연금의 미래 시나리오 #국민연금 #연금고갈 #2099년 #목표 수익률5.5% #연금개혁 #김성주이사장"
2026-08-16 06:55:09,393,18,2,"""21세기 말까지 기금 소진 걱정 끝"" 김성주 이사장이 밝힌 1400조 국민연금의 미래 시나리오 #국민연금 #연금고갈 #2099년 #목표 수익률5.5% #연금개혁 #김성주이사장"
2026-08-16 07:12:11,393,18,2,"""21세기 말까지 기금 소진 걱정 끝"" 김성주 이사장이 밝힌 1400조 국민연금의 미래 시나리오 #국민연금 #연금고갈 #2099년 #목표 수익률5.5% #연금개혁 #김성주이사장"
2026-08-16 07:36:28,393,18,2,"""21세기 말까지 기금 소진 걱정 끝"" 김성주 이사장이 밝힌 1400조 국민연금의 미래 시나리오 #국민연금 #연금고갈 #2099년 #목표 수익률5.5% #연금개혁 #김성주이사장"
2026-08-16 07:54:10,393,18,2,"""21세기 말까지 기금 소진 걱정 끝"" 김성주 이사장이 밝힌 1400조 국민연금의 미래 시나리오 #국민연금 #연금고갈 #2099년 #목표 수익률5.5% #연금개혁 #김성주이사장"
2026-08-16 08:10:55,393,18,2,"""21세기 말까지 기금 소진 걱정 끝"" 김성주 이사장이 밝힌 1400조 국민연금의 미래 시나리오 #국민연금 #연금고갈 #2099년 #목표 수익률5.5% #연금개혁 #김성주이사장"
2026-08-16 08:33:23,393,18,2,"""21세기 말까지 기금 소진 걱정 끝"" 김성주 이사장이 밝힌 1400조 국민연금의 미래 시나리오 #국민연금 #연금고갈 #2099년 #목표 수익률5.5% #연금개혁 #김성주이사장"
2026-08-16 08:49:54,393,18,2,"""21세기 말까지 기금 소진 걱정 끝"" 김성주 이사장이 밝힌 1400조 국민연금의 미래 시나리오 #국민연금 #연금고갈 #2099년 #목표 수익률5.5% #연금개혁 #김성주이사장"
2026-08-16 09:01:04,393,18,2,"""21세기 말까지 기금 소진 걱정 끝"" 김성주 이사장이 밝힌 1400조 국민연금의 미래 시나리오 #국민연금 #연금고갈 #2099년 #목표 수익률5.5% #연금개혁 #김성주이사장"
2026-08-16 10:50:26,393,18,2,"""21세기 말까지 기금 소진 걱정 끝"" 김성주 이사장이 밝힌 1400조 국민연금의 미래 시나리오 #국민연금 #연금고갈 #2099년 #목표 수익률5.5% #연금개혁 #김성주이사장"
2026-08-16 11:48:29,393,18,2,"""21세기 말까지 기금 소진 걱정 끝"" 김성주 이사장이 밝힌 1400조 국민연금의 미래 시나리오 #국민연금 #연금고갈 #2099년 #목표 수익률5.5% #연금개혁 #김성주이사장"
2026-08-16 12:34:52,393,18,2,"""21세기 말까지 기금 소진 걱정 끝"" 김성주 이사장이 밝힌 1400조 국민연금의 미래 시나리오 #국민연금 #연금고갈 #2099년 #목표 수익률5.5% #연금개혁 #김성주이사장"
2026-08-16 13:17:26,393,18,2,"""21세기 말까지 기금 소진 걱정 끝"" 김성주 이사장이 밝힌 1400조 국민연금의 미래 시나리오 #국민연금 #연금고갈 #2099년 #목표 수익률5.5% #연금개혁 #김성주이사장"
2026-08-16 13:52:19,393,18,2,"""21세기 말까지 기금 소진 걱정 끝"" 김성주 이사장이 밝힌 1400조 국민연금의 미래 시나리오 #국민연금 #연금고갈 #2099년 #목표 수익률5.5% #연금개혁 #김성주이사장"
2026-08-16 14:15:17,393,18,2,"""21세기 말까지 기금 소진 걱정 끝"" 김성주 이사장이 밝힌 1400조 국민연금의 미래 시나리오 #국민연금 #연금고갈 #2099년 #목표 수익률5.5% #연금개혁 #김성주이사장"
2026-08-16 14:44:59,393,18,2,"""21세기 말까지 기금 소진 걱정 끝"" 김성주 이사장이 밝힌 1400조 국민연금의 미래 시나리오 #국민연금 #연금고갈 #2099년 #목표 수익률5.5% #연금개혁 #김성주이사장"
2026-08-16 15:02:47,393,18,2,"""21세기 말까지 기금 소진 걱정 끝"" 김성주 이사장이 밝힌 1400조 국민연금의 미래 시나리오 #국민연금 #연금고갈 #2099년 #목표 수익률5.5% #연금개혁 #김성주이사장"
2026-08-16 15:53:27,393,18,2,"""21세기 말까지 기금 소진 걱정 끝"" 김성주 이사장이 밝힌 1400조 국민연금의 미래 시나리오 #국민연금 #연금고갈 #2099년 #목표 수익률5.5% #연금개혁 #김성주이사장"
2026-08-16 16:20:51,393,18,2,"""21세기 말까지 기금 소진 걱정 끝"" 김성주 이사장이 밝힌 1400조 국민연금의 미래 시나리오 #국민연금 #연금고갈 #2099년 #목표 수익률5.5% #연금개혁 #김성주이사장"
2026-08-16 16:49:31,393,18,2,"""21세기 말까지 기금 소진 걱정 끝"" 김성주 이사장이 밝힌 1400조 국민연금의 미래 시나리오 #국민연금 #연금고갈 #2099년 #목표 수익률5.5% #연금개혁 #김성주이사장"
2026-08-16 17:10:49,393,18,2,"""21세기 말까지 기금 소진 걱정 끝"" 김성주 이사장이 밝힌 1400조 국민연금의 미래 시나리오 #국민연금 #연금고갈 #2099년 #목표 수익률5.5% #연금개혁 #김성주이사장"
2026-08-16 17:45:23,393,18,2,"""21세기 말까지 기금 소진 걱정 끝"" 김성주 이사장이 밝힌 1400조 국민연금의 미래 시나리오 #국민연금 #연금고갈 #2099년 #목표 수익률5.5% #연금개혁 #김성주이사장"
2026-08-16 18:04:39,393,18,2,"""21세기 말까지 기금 소진 걱정 끝"" 김성주 이사장이 밝힌 1400조 국민연금의 미래 시나리오 #국민연금 #연금고갈 #2099년 #목표 수익률5.5% #연금개혁 #김성주이사장"
2026-08-16 18:36:20,393,18,2,"""21세기 말까지 기금 소진 걱정 끝"" 김성주 이사장이 밝힌 1400조 국민연금의 미래 시나리오 #국민연금 #연금고갈 #2099년 #목표 수익률5.5% #연금개혁 #김성주이사장"
2026-08-16 18:55:27,393,18,2,"""21세기 말까지 기금 소진 걱정 끝"" 김성주 이사장이 밝힌 1400조 국민연금의 미래 시나리오 #국민연금 #연금고갈 #2099년 #목표 수익률5.5% #연금개혁 #김성주이사장"
2026-08-16 19:15:51,393,18,2,"""21세기 말까지 기금 소진 걱정 끝"" 김성주 이사장이 밝힌 1400조 국민연금의 미래 시나리오 #국민연금 #연금고갈 #2099년 #목표 수익률5.5% #연금개혁 #김성주이사장"
2026-08-16 19:42:28,393,18,2,"""21세기 말까지 기금 소진 걱정 끝"" 김성주 이사장이 밝힌 1400조 국민연금의 미래 시나리오 #국민연금 #연금고갈 #2099년 #목표 수익률5.5% #연금개혁 #김성주이사장"
2026-08-16 19:59:04,393,18,2,"""21세기 말까지 기금 소진 걱정 끝"" 김성주 이사장이 밝힌 1400조 국민연금의 미래 시나리오 #국민연금 #연금고갈 #2099년 #목표 수익률5.5% #연금개혁 #김성주이사장"
2026-08-16 20:22:12,393,18,2,"""21세기 말까지 기금 소진 걱정 끝"" 김성주 이사장이 밝힌 1400조 국민연금의 미래 시나리오 #국민연금 #연금고갈 #2099년 #목표 수익률5.5% #연금개혁 #김성주이사장"
2026-08-16 20:40:18,393,18,2,"""21세기 말까지 기금 소진 걱정 끝"" 김성주 이사장이 밝힌 1400조 국민연금의 미래 시나리오 #국민연금 #연금고갈 #2099년 #목표 수익률5.5% #연금개혁 #김성주이사장"
2026-08-16 20:55:26,393,18,2,"""21세기 말까지 기금 소진 걱정 끝"" 김성주 이사장이 밝힌 1400조 국민연금의 미래 시나리오 #국민연금 #연금고갈 #2099년 #목표 수익률5.5% #연금개혁 #김성주이사장"
2026-08-16 21:23:00,393,18,2,"""21세기 말까지 기금 소진 걱정 끝"" 김성주 이사장이 밝힌 1400조 국민연금의 미래 시나리오 #국민연금 #연금고갈 #2099년 #목표 수익률5.5% #연금개혁 #김성주이사장"
2026-08-16 22:05:51,393,18,2,"""21세기 말까지 기금 소진 걱정 끝"" 김성주 이사장이 밝힌 1400조 국민연금의 미래 시나리오 #국민연금 #연금고갈 #2099년 #목표 수익률5.5% #연금개혁 #김성주이사장"
2026-08-16 22:39:50,393,18,2,"""21세기 말까지 기금 소진 걱정 끝"" 김성주 이사장이 밝힌 1400조 국민연금의 미래 시나리오 #국민연금 #연금고갈 #2099년 #목표 수익률5.5% #연금개혁 #김성주이사장"
2026-08-16 22:57:53,393,18,2,"""21세기 말까지 기금 소진 걱정 끝"" 김성주 이사장이 밝힌 1400조 국민연금의 미래 시나리오 #국민연금 #연금고갈 #2099년 #목표 수익률5.5% #연금개혁 #김성주이사장"
2026-08-16 23:20:59,393,18,2,"""21세기 말까지 기금 소진 걱정 끝"" 김성주 이사장이 밝힌 1400조 국민연금의 미래 시나리오 #국민연금 #연금고갈 #2099년 #목표 수익률5.5% #연금개혁 #김성주이사장"
2026-08-16 23:43:42,393,18,2,"""21세기 말까지 기금 소진 걱정 끝"" 김성주 이사장이 밝힌 1400조 국민연금의 미래 시나리오 #국민연금 #연금고갈 #2099년 #목표 수익률5.5% #연금개혁 #김성주이사장"
2026-08-16 23:59:37,393,18,2,"""21세기 말까지 기금 소진 걱정 끝"" 김성주 이사장이 밝힌 1400조 국민연금의 미래 시나리오 #국민연금 #연금고갈 #2099년 #목표 수익률5.5% #연금개혁 #김성주이사장"
2026-08-17 00:25:11,393,18,2,"""21세기 말까지 기금 소진 걱정 끝"" 김성주 이사장이 밝힌 1400조 국민연금의 미래 시나리오 #국민연금 #연금고갈 #2099년 #목표 수익률5.5% #연금개혁 #김성주이사장"
2026-08-17 00:43:32,393,18,2,"""21세기 말까지 기금 소진 걱정 끝"" 김성주 이사장이 밝힌 1400조 국민연금의 미래 시나리오 #국민연금 #연금고갈 #2099년 #목표 수익률5.5% #연금개혁 #김성주이사장"
2026-08-17 00:58:01,393,18,2,"""21세기 말까지 기금 소진 걱정 끝"" 김성주 이사장이 밝힌 1400조 국민연금의 미래 시나리오 #국민연금 #연금고갈 #2099년 #목표 수익률5.5% #연금개혁 #김성주이사장"
2026-08-17 01:23:35,393,18,2,"""21세기 말까지 기금 소진 걱정 끝"" 김성주 이사장이 밝힌 1400조 국민연금의 미래 시나리오 #국민연금 #연금고갈 #2099년 #목표 수익률5.5% #연금개혁 #김성주이사장"
2026-08-17 01:46:57,393,18,2,"""21세기 말까지 기금 소진 걱정 끝"" 김성주 이사장이 밝힌 1400조 국민연금의 미래 시나리오 #국민연금 #연금고갈 #2099년 #목표 수익률5.5% #연금개혁 #김성주이사장"
2026-08-17 02:02:56,393,18,2,"""21세기 말까지 기금 소진 걱정 끝"" 김성주 이사장이 밝힌 1400조 국민연금의 미래 시나리오 #국민연금 #연금고갈 #2099년 #목표 수익률5.5% #연금개혁 #김성주이사장"
2026-08-17 02:27:52,393,18,2,"""21세기 말까지 기금 소진 걱정 끝"" 김성주 이사장이 밝힌 1400조 국민연금의 미래 시나리오 #국민연금 #연금고갈 #2099년 #목표 수익률5.5% #연금개혁 #김성주이사장"
2026-08-17 02:44:35,393,18,2,"""21세기 말까지 기금 소진 걱정 끝"" 김성주 이사장이 밝힌 1400조 국민연금의 미래 시나리오 #국민연금 #연금고갈 #2099년 #목표 수익률5.5% #연금개혁 #김성주이사장"
2026-08-17 02:57:06,393,18,2,"""21세기 말까지 기금 소진 걱정 끝"" 김성주 이사장이 밝힌 1400조 국민연금의 미래 시나리오 #국민연금 #연금고갈 #2099년 #목표 수익률5.5% #연금개혁 #김성주이사장"
2026-08-17 03:23:46,393,18,2,"""21세기 말까지 기금 소진 걱정 끝"" 김성주 이사장이 밝힌 1400조 국민연금의 미래 시나리오 #국민연금 #연금고갈 #2099년 #목표 수익률5.5% #연금개혁 #김성주이사장"
2026-08-17 03:51:53,393,18,2,"""21세기 말까지 기금 소진 걱정 끝"" 김성주 이사장이 밝힌 1400조 국민연금의 미래 시나리오 #국민연금 #연금고갈 #2099년 #목표 수익률5.5% #연금개혁 #김성주이사장"
2026-08-17 04:10:28,393,18,2,"""21세기 말까지 기금 소진 걱정 끝"" 김성주 이사장이 밝힌 1400조 국민연금의 미래 시나리오 #국민연금 #연금고갈 #2099년 #목표 수익률5.5% #연금개혁 #김성주이사장"
2026-08-17 04:31:13,393,18,2,"""21세기 말까지 기금 소진 걱정 끝"" 김성주 이사장이 밝힌 1400조 국민연금의 미래 시나리오 #국민연금 #연금고갈 #2099년 #목표 수익률5.5% #연금개혁 #김성주이사장"
2026-08-17 04:47:50,393,18,2,"""21세기 말까지 기금 소진 걱정 끝"" 김성주 이사장이 밝힌 1400조 국민연금의 미래 시나리오 #국민연금 #연금고갈 #2099년 #목표 수익률5.5% #연금개혁 #김성주이사장"
2026-08-17 04:58:49,393,18,2,"""21세기 말까지 기금 소진 걱정 끝"" 김성주 이사장이 밝힌 1400조 국민연금의 미래 시나리오 #국민연금 #연금고갈 #2099년 #목표 수익률5.5% #연금개혁 #김성주이사장"
2026-08-17 05:23:41,393,18,2,"""21세기 말까지 기금 소진 걱정 끝"" 김성주 이사장이 밝힌 1400조 국민연금의 미래 시나리오 #국민연금 #연금고갈 #2099년 #목표 수익률5.5% #연금개혁 #김성주이사장"
2026-08-17 05:43:32,393,18,2,"""21세기 말까지 기금 소진 걱정 끝"" 김성주 이사장이 밝힌 1400조 국민연금의 미래 시나리오 #국민연금 #연금고갈 #2099년 #목표 수익률5.5% #연금개혁 #김성주이사장"
2026-08-17 05:58:43,393,18,2,"""21세기 말까지 기금 소진 걱정 끝"" 김성주 이사장이 밝힌 1400조 국민연금의 미래 시나리오 #국민연금 #연금고갈 #2099년 #목표 수익률5.5% #연금개혁 #김성주이사장"
2026-08-17 06:21:04,393,18,2,"""21세기 말까지 기금 소진 걱정 끝"" 김성주 이사장이 밝힌 1400조 국민연금의 미래 시나리오 #국민연금 #연금고갈 #2099년 #목표 수익률5.5% #연금개혁 #김성주이사장"
2026-08-17 06:38:53,393,18,2,"""21세기 말까지 기금 소진 걱정 끝"" 김성주 이사장이 밝힌 1400조 국민연금의 미래 시나리오 #국민연금 #연금고갈 #2099년 #목표 수익률5.5% #연금개혁 #김성주이사장"
2026-08-17 06:53:46,393,18,2,"""21세기 말까지 기금 소진 걱정 끝"" 김성주 이사장이 밝힌 1400조 국민연금의 미래 시나리오 #국민연금 #연금고갈 #2099년 #목표 수익률5.5% #연금개혁 #김성주이사장"
2026-08-17 07:08:26,393,18,2,"""21세기 말까지 기금 소진 걱정 끝"" 김성주 이사장이 밝힌 1400조 국민연금의 미래 시나리오 #국민연금 #연금고갈 #2099년 #목표 수익률5.5% #연금개혁 #김성주이사장"
2026-08-17 07:34:10,393,18,2,"""21세기 말까지 기금 소진 걱정 끝"" 김성주 이사장이 밝힌 1400조 국민연금의 미래 시나리오 #국민연금 #연금고갈 #2099년 #목표 수익률5.5% #연금개혁 #김성주이사장"
2026-08-17 07:51:47,393,18,2,"""21세기 말까지 기금 소진 걱정 끝"" 김성주 이사장이 밝힌 1400조 국민연금의 미래 시나리오 #국민연금 #연금고갈 #2099년 #목표 수익률5.5% #연금개혁 #김성주이사장"
2026-08-17 08:02:11,393,18,2,"""21세기 말까지 기금 소진 걱정 끝"" 김성주 이사장이 밝힌 1400조 국민연금의 미래 시나리오 #국민연금 #연금고갈 #2099년 #목표 수익률5.5% #연금개혁 #김성주이사장"
2026-08-17 08:28:32,393,18,2,"""21세기 말까지 기금 소진 걱정 끝"" 김성주 이사장이 밝힌 1400조 국민연금의 미래 시나리오 #국민연금 #연금고갈 #2099년 #목표 수익률5.5% #연금개혁 #김성주이사장"
2026-08-17 08:44:36,393,18,2,"""21세기 말까지 기금 소진 걱정 끝"" 김성주 이사장이 밝힌 1400조 국민연금의 미래 시나리오 #국민연금 #연금고갈 #2099년 #목표 수익률5.5% #연금개혁 #김성주이사장"
2026-08-17 08:57:42,393,18,2,"""21세기 말까지 기금 소진 걱정 끝"" 김성주 이사장이 밝힌 1400조 국민연금의 미래 시나리오 #국민연금 #연금고갈 #2099년 #목표 수익률5.5% #연금개혁 #김성주이사장"
2026-08-17 10:09:17,393,18,2,"""21세기 말까지 기금 소진 걱정 끝"" 김성주 이사장이 밝힌 1400조 국민연금의 미래 시나리오 #국민연금 #연금고갈 #2099년 #목표 수익률5.5% #연금개혁 #김성주이사장"
2026-08-17 11:33:26,393,18,2,"""21세기 말까지 기금 소진 걱정 끝"" 김성주 이사장이 밝힌 1400조 국민연금의 미래 시나리오 #국민연금 #연금고갈 #2099년 #목표 수익률5.5% #연금개혁 #김성주이사장"
2026-08-17 12:29:11,393,18,2,"""21세기 말까지 기금 소진 걱정 끝"" 김성주 이사장이 밝힌 1400조 국민연금의 미래 시나리오 #국민연금 #연금고갈 #2099년 #목표 수익률5.5% #연금개혁 #김성주이사장"
2026-08-17 13:12:20,393,18,2,"""21세기 말까지 기금 소진 걱정 끝"" 김성주 이사장이 밝힌 1400조 국민연금의 미래 시나리오 #국민연금 #연금고갈 #2099년 #목표 수익률5.5% #연금개혁 #김성주이사장"
2026-08-17 13:57:29,393,18,2,"""21세기 말까지 기금 소진 걱정 끝"" 김성주 이사장이 밝힌 1400조 국민연금의 미래 시나리오 #국민연금 #연금고갈 #2099년 #목표 수익률5.5% #연금개혁 #김성주이사장"
2026-08-17 14:33:03,393,18,2,"""21세기 말까지 기금 소진 걱정 끝"" 김성주 이사장이 밝힌 1400조 국민연금의 미래 시나리오 #국민연금 #연금고갈 #2099년 #목표 수익률5.5% #연금개혁 #김성주이사장"
2026-08-17 15:03:00,393,18,2,"""21세기 말까지 기금 소진 걱정 끝"" 김성주 이사장이 밝힌 1400조 국민연금의 미래 시나리오 #국민연금 #연금고갈 #2099년 #목표 수익률5.5% #연금개혁 #김성주이사장"
2026-08-17 16:11:02,393,18,2,"""21세기 말까지 기금 소진 걱정 끝"" 김성주 이사장이 밝힌 1400조 국민연금의 미래 시나리오 #국민연금 #연금고갈 #2099년 #목표 수익률5.5% #연금개혁 #김성주이사장"
2026-08-17 16:59:21,393,18,2,"""21세기 말까지 기금 소진 걱정 끝"" 김성주 이사장이 밝힌 1400조 국민연금의 미래 시나리오 #국민연금 #연금고갈 #2099년 #목표 수익률5.5% #연금개혁 #김성주이사장"
2026-08-17 17:46:33,393,18,2,"""21세기 말까지 기금 소진 걱정 끝"" 김성주 이사장이 밝힌 1400조 국민연금의 미래 시나리오 #국민연금 #연금고갈 #2099년 #목표 수익률5.5% #연금개혁 #김성주이사장"
2026-08-17 18:24:50,393,18,2,"""21세기 말까지 기금 소진 걱정 끝"" 김성주 이사장이 밝힌 1400조 국민연금의 미래 시나리오 #국민연금 #연금고갈 #2099년 #목표 수익률5.5% #연금개혁 #김성주이사장"
2026-08-17 19:03:25,393,18,2,"""21세기 말까지 기금 소진 걱정 끝"" 김성주 이사장이 밝힌 1400조 국민연금의 미래 시나리오 #국민연금 #연금고갈 #2099년 #목표 수익률5.5% #연금개혁 #김성주이사장"
2026-08-17 19:41:17,393,18,2,"""21세기 말까지 기금 소진 걱정 끝"" 김성주 이사장이 밝힌 1400조 국민연금의 미래 시나리오 #국민연금 #연금고갈 #2099년 #목표 수익률5.5% #연금개혁 #김성주이사장"
2026-08-17 20:02:07,393,18,2,"""21세기 말까지 기금 소진 걱정 끝"" 김성주 이사장이 밝힌 1400조 국민연금의 미래 시나리오 #국민연금 #연금고갈 #2099년 #목표 수익률5.5% #연금개혁 #김성주이사장"
2026-08-17 20:34:01,393,18,2,"""21세기 말까지 기금 소진 걱정 끝"" 김성주 이사장이 밝힌 1400조 국민연금의 미래 시나리오 #국민연금 #연금고갈 #2099년 #목표 수익률5.5% #연금개혁 #김성주이사장"
2026-08-17 20:53:51,393,18,2,"""21세기 말까지 기금 소진 걱정 끝"" 김성주 이사장이 밝힌 1400조 국민연금의 미래 시나리오 #국민연금 #연금고갈 #2099년 #목표 수익률5.5% #연금개혁 #김성주이사장"
2026-08-17 21:18:07,393,18,2,"""21세기 말까지 기금 소진 걱정 끝"" 김성주 이사장이 밝힌 1400조 국민연금의 미래 시나리오 #국민연금 #연금고갈 #2099년 #목표 수익률5.5% #연금개혁 #김성주이사장"
2026-08-17 22:10:21,393,18,2,"""21세기 말까지 기금 소진 걱정 끝"" 김성주 이사장이 밝힌 1400조 국민연금의 미래 시나리오 #국민연금 #연금고갈 #2099년 #목표 수익률5.5% #연금개혁 #김성주이사장"
2026-08-17 22:51:22,393,18,2,"""21세기 말까지 기금 소진 걱정 끝"" 김성주 이사장이 밝힌 1400조 국민연금의 미래 시나리오 #국민연금 #연금고갈 #2099년 #목표 수익률5.5% #연금개혁 #김성주이사장"
2026-08-17 23:13:41,393,18,2,"""21세기 말까지 기금 소진 걱정 끝"" 김성주 이사장이 밝힌 1400조 국민연금의 미래 시나리오 #국민연금 #연금고갈 #2099년 #목표 수익률5.5% #연금개혁 #김성주이사장"
2026-08-17 23:45:12,393,18,2,"""21세기 말까지 기금 소진 걱정 끝"" 김성주 이사장이 밝힌 1400조 국민연금의 미래 시나리오 #국민연금 #연금고갈 #2099년 #목표 수익률5.5% #연금개혁 #김성주이사장"
2026-08-18 00:03:07,393,18,2,"""21세기 말까지 기금 소진 걱정 끝"" 김성주 이사장이 밝힌 1400조 국민연금의 미래 시나리오 #국민연금 #연금고갈 #2099년 #목표 수익률5.5% #연금개혁 #김성주이사장"
2026-08-18 00:33:30,393,18,2,"""21세기 말까지 기금 소진 걱정 끝"" 김성주 이사장이 밝힌 1400조 국민연금의 미래 시나리오 #국민연금 #연금고갈 #2099년 #목표 수익률5.5% #연금개혁 #김성주이사장"
2026-08-18 00:53:15,393,18,2,"""21세기 말까지 기금 소진 걱정 끝"" 김성주 이사장이 밝힌 1400조 국민연금의 미래 시나리오 #국민연금 #연금고갈 #2099년 #목표 수익률5.5% #연금개혁 #김성주이사장"
2026-08-18 01:11:56,393,18,2,"""21세기 말까지 기금 소진 걱정 끝"" 김성주 이사장이 밝힌 1400조 국민연금의 미래 시나리오 #국민연금 #연금고갈 #2099년 #목표 수익률5.5% #연금개혁 #김성주이사장"
2026-08-18 01:44:51,393,18,2,"""21세기 말까지 기금 소진 걱정 끝"" 김성주 이사장이 밝힌 1400조 국민연금의 미래 시나리오 #국민연금 #연금고갈 #2099년 #목표 수익률5.5% #연금개혁 #김성주이사장"
2026-08-18 02:05:57,393,18,2,"""21세기 말까지 기금 소진 걱정 끝"" 김성주 이사장이 밝힌 1400조 국민연금의 미래 시나리오 #국민연금 #연금고갈 #2099년 #목표 수익률5.5% #연금개혁 #김성주이사장"
2026-08-18 02:39:09,393,18,2,"""21세기 말까지 기금 소진 걱정 끝"" 김성주 이사장이 밝힌 1400조 국민연금의 미래 시나리오 #국민연금 #연금고갈 #2099년 #목표 수익률5.5% #연금개혁 #김성주이사장"
2026-08-18 03:00:25,393,18,2,"""21세기 말까지 기금 소진 걱정 끝"" 김성주 이사장이 밝힌 1400조 국민연금의 미래 시나리오 #국민연금 #연금고갈 #2099년 #목표 수익률5.5% #연금개혁 #김성주이사장"
2026-08-18 03:48:40,393,18,2,"""21세기 말까지 기금 소진 걱정 끝"" 김성주 이사장이 밝힌 1400조 국민연금의 미래 시나리오 #국민연금 #연금고갈 #2099년 #목표 수익률5.5% #연금개혁 #김성주이사장"
2026-08-18 04:17:15,393,18,2,"""21세기 말까지 기금 소진 걱정 끝"" 김성주 이사장이 밝힌 1400조 국민연금의 미래 시나리오 #국민연금 #연금고갈 #2099년 #목표 수익률5.5% #연금개혁 #김성주이사장"
2026-08-18 04:45:06,393,18,2,"""21세기 말까지 기금 소진 걱정 끝"" 김성주 이사장이 밝힌 1400조 국민연금의 미래 시나리오 #국민연금 #연금고갈 #2099년 #목표 수익률5.5% #연금개혁 #김성주이사장"
2026-08-18 05:01:49,393,18,2,"""21세기 말까지 기금 소진 걱정 끝"" 김성주 이사장이 밝힌 1400조 국민연금의 미래 시나리오 #국민연금 #연금고갈 #2099년 #목표 수익률5.5% #연금개혁 #김성주이사장"
2026-08-18 05:35:19,393,18,2,"""21세기 말까지 기금 소진 걱정 끝"" 김성주 이사장이 밝힌 1400조 국민연금의 미래 시나리오 #국민연금 #연금고갈 #2099년 #목표 수익률5.5% #연금개혁 #김성주이사장"
2026-08-18 05:58:06,393,18,2,"""21세기 말까지 기금 소진 걱정 끝"" 김성주 이사장이 밝힌 1400조 국민연금의 미래 시나리오 #국민연금 #연금고갈 #2099년 #목표 수익률5.5% #연금개혁 #김성주이사장"
2026-08-18 06:25:06,393,18,2,"""21세기 말까지 기금 소진 걱정 끝"" 김성주 이사장이 밝힌 1400조 국민연금의 미래 시나리오 #국민연금 #연금고갈 #2099년 #목표 수익률5.5% #연금개혁 #김성주이사장"
2026-08-18 06:47:20,393,18,2,"""21세기 말까지 기금 소진 걱정 끝"" 김성주 이사장이 밝힌 1400조 국민연금의 미래 시나리오 #국민연금 #연금고갈 #2099년 #목표 수익률5.5% #연금개혁 #김성주이사장"
2026-08-18 07:02:25,393,18,2,"""21세기 말까지 기금 소진 걱정 끝"" 김성주 이사장이 밝힌 1400조 국민연금의 미래 시나리오 #국민연금 #연금고갈 #2099년 #목표 수익률5.5% #연금개혁 #김성주이사장"
2026-08-18 07:33:33,393,18,2,"""21세기 말까지 기금 소진 걱정 끝"" 김성주 이사장이 밝힌 1400조 국민연금의 미래 시나리오 #국민연금 #연금고갈 #2099년 #목표 수익률5.5% #연금개혁 #김성주이사장"
2026-08-18 07:54:01,393,18,2,"""21세기 말까지 기금 소진 걱정 끝"" 김성주 이사장이 밝힌 1400조 국민연금의 미래 시나리오 #국민연금 #연금고갈 #2099년 #목표 수익률5.5% #연금개혁 #김성주이사장"
2026-08-18 08:11:59,393,18,2,"""21세기 말까지 기금 소진 걱정 끝"" 김성주 이사장이 밝힌 1400조 국민연금의 미래 시나리오 #국민연금 #연금고갈 #2099년 #목표 수익률5.5% #연금개혁 #김성주이사장"
2026-08-18 08:35:23,393,18,2,"""21세기 말까지 기금 소진 걱정 끝"" 김성주 이사장이 밝힌 1400조 국민연금의 미래 시나리오 #국민연금 #연금고갈 #2099년 #목표 수익률5.5% #연금개혁 #김성주이사장"
2026-08-18 08:53:56,393,18,2,"""21세기 말까지 기금 소진 걱정 끝"" 김성주 이사장이 밝힌 1400조 국민연금의 미래 시나리오 #국민연금 #연금고갈 #2099년 #목표 수익률5.5% #연금개혁 #김성주이사장"
2026-08-18 09:28:08,393,18,2,"""21세기 말까지 기금 소진 걱정 끝"" 김성주 이사장이 밝힌 1400조 국민연금의 미래 시나리오 #국민연금 #연금고갈 #2099년 #목표 수익률5.5% #연금개혁 #김성주이사장"
2026-08-18 10:57:39,393,18,2,"""21세기 말까지 기금 소진 걱정 끝"" 김성주 이사장이 밝힌 1400조 국민연금의 미래 시나리오 #국민연금 #연금고갈 #2099년 #목표 수익률5.5% #연금개혁 #김성주이사장"
2026-08-18 11:53:51,393,18,2,"""21세기 말까지 기금 소진 걱정 끝"" 김성주 이사장이 밝힌 1400조 국민연금의 미래 시나리오 #국민연금 #연금고갈 #2099년 #목표 수익률5.5% #연금개혁 #김성주이사장"
2026-08-18 12:34:19,393,18,2,"""21세기 말까지 기금 소진 걱정 끝"" 김성주 이사장이 밝힌 1400조 국민연금의 미래 시나리오 #국민연금 #연금고갈 #2099년 #목표 수익률5.5% #연금개혁 #김성주이사장"
2026-08-18 13:18:19,393,18,2,"""21세기 말까지 기금 소진 걱정 끝"" 김성주 이사장이 밝힌 1400조 국민연금의 미래 시나리오 #국민연금 #연금고갈 #2099년 #목표 수익률5.5% #연금개혁 #김성주이사장"
2026-08-18 13:55:04,393,18,2,"""21세기 말까지 기금 소진 걱정 끝"" 김성주 이사장이 밝힌 1400조 국민연금의 미래 시나리오 #국민연금 #연금고갈 #2099년 #목표 수익률5.5% #연금개혁 #김성주이사장"
2026-08-18 14:20:34,393,18,2,"""21세기 말까지 기금 소진 걱정 끝"" 김성주 이사장이 밝힌 1400조 국민연금의 미래 시나리오 #국민연금 #연금고갈 #2099년 #목표 수익률5.5% #연금개혁 #김성주이사장"
2026-08-18 14:49:56,393,18,2,"""21세기 말까지 기금 소진 걱정 끝"" 김성주 이사장이 밝힌 1400조 국민연금의 미래 시나리오 #국민연금 #연금고갈 #2099년 #목표 수익률5.5% #연금개혁 #김성주이사장"
2026-08-18 15:17:33,393,18,2,"""21세기 말까지 기금 소진 걱정 끝"" 김성주 이사장이 밝힌 1400조 국민연금의 미래 시나리오 #국민연금 #연금고갈 #2099년 #목표 수익률5.5% #연금개혁 #김성주이사장"
2026-08-18 16:07:57,393,18,2,"""21세기 말까지 기금 소진 걱정 끝"" 김성주 이사장이 밝힌 1400조 국민연금의 미래 시나리오 #국민연금 #연금고갈 #2099년 #목표 수익률5.5% #연금개혁 #김성주이사장"
2026-08-18 16:49:35,393,18,2,"""21세기 말까지 기금 소진 걱정 끝"" 김성주 이사장이 밝힌 1400조 국민연금의 미래 시나리오 #국민연금 #연금고갈 #2099년 #목표 수익률5.5% #연금개혁 #김성주이사장"
2026-08-18 17:17:25,393,18,2,"""21세기 말까지 기금 소진 걱정 끝"" 김성주 이사장이 밝힌 1400조 국민연금의 미래 시나리오 #국민연금 #연금고갈 #2099년 #목표 수익률5.5% #연금개혁 #김성주이사장"
2026-08-18 17:55:58,393,18,2,"""21세기 말까지 기금 소진 걱정 끝"" 김성주 이사장이 밝힌 1400조 국민연금의 미래 시나리오 #국민연금 #연금고갈 #2099년 #목표 수익률5.5% #연금개혁 #김성주이사장"
2026-08-18 18:25:57,393,18,2,"""21세기 말까지 기금 소진 걱정 끝"" 김성주 이사장이 밝힌 1400조 국민연금의 미래 시나리오 #국민연금 #연금고갈 #2099년 #목표 수익률5.5% #연금개혁 #김성주이사장"
2026-08-18 18:56:49,393,18,2,"""21세기 말까지 기금 소진 걱정 끝"" 김성주 이사장이 밝힌 1400조 국민연금의 미래 시나리오 #국민연금 #연금고갈 #2099년 #목표 수익률5.5% #연금개혁 #김성주이사장"
2026-08-18 19:23:29,393,18,2,"""21세기 말까지 기금 소진 걱정 끝"" 김성주 이사장이 밝힌 1400조 국민연금의 미래 시나리오 #국민연금 #연금고갈 #2099년 #목표 수익률5.5% #연금개혁 #김성주이사장"
2026-08-18 19:52:11,393,18,2,"""21세기 말까지 기금 소진 걱정 끝"" 김성주 이사장이 밝힌 1400조 국민연금의 미래 시나리오 #국민연금 #연금고갈 #2099년 #목표 수익률5.5% #연금개혁 #김성주이사장"
2026-08-18 20:12:20,393,18,2,"""21세기 말까지 기금 소진 걱정 끝"" 김성주 이사장이 밝힌 1400조 국민연금의 미래 시나리오 #국민연금 #연금고갈 #2099년 #목표 수익률5.5% #연금개혁 #김성주이사장"
2026-08-18 20:40:18,393,18,2,"""21세기 말까지 기금 소진 걱정 끝"" 김성주 이사장이 밝힌 1400조 국민연금의 미래 시나리오 #국민연금 #연금고갈 #2099년 #목표 수익률5.5% #연금개혁 #김성주이사장"
2026-08-18 20:59:11,393,18,2,"""21세기 말까지 기금 소진 걱정 끝"" 김성주 이사장이 밝힌 1400조 국민연금의 미래 시나리오 #국민연금 #연금고갈 #2099년 #목표 수익률5.5% #연금개혁 #김성주이사장"
2026-08-18 21:50:35,394,18,2,"""21세기 말까지 기금 소진 걱정 끝"" 김성주 이사장이 밝힌 1400조 국민연금의 미래 시나리오 #국민연금 #연금고갈 #2099년 #목표 수익률5.5% #연금개혁 #김성주이사장"
2026-08-18 22:31:57,394,18,2,"""21세기 말까지 기금 소진 걱정 끝"" 김성주 이사장이 밝힌 1400조 국민연금의 미래 시나리오 #국민연금 #연금고갈 #2099년 #목표 수익률5.5% #연금개혁 #김성주이사장"
2026-08-18 23:08:45,394,18,2,"""21세기 말까지 기금 소진 걱정 끝"" 김성주 이사장이 밝힌 1400조 국민연금의 미래 시나리오 #국민연금 #연금고갈 #2099년 #목표 수익률5.5% #연금개혁 #김성주이사장"
2026-08-18 23:49:09,394,18,2,"""21세기 말까지 기금 소진 걱정 끝"" 김성주 이사장이 밝힌 1400조 국민연금의 미래 시나리오 #국민연금 #연금고갈 #2099년 #목표 수익률5.5% #연금개혁 #김성주이사장"
2026-08-19 00:15:45,394,18,2,"""21세기 말까지 기금 소진 걱정 끝"" 김성주 이사장이 밝힌 1400조 국민연금의 미래 시나리오 #국민연금 #연금고갈 #2099년 #목표 수익률5.5% #연금개혁 #김성주이사장"
2026-08-19 00:48:03,394,18,2,"""21세기 말까지 기금 소진 걱정 끝"" 김성주 이사장이 밝힌 1400조 국민연금의 미래 시나리오 #국민연금 #연금고갈 #2099년 #목표 수익률5.5% #연금개혁 #김성주이사장"
2026-08-19 01:12:48,394,18,2,"""21세기 말까지 기금 소진 걱정 끝"" 김성주 이사장이 밝힌 1400조 국민연금의 미래 시나리오 #국민연금 #연금고갈 #2099년 #목표 수익률5.5% #연금개혁 #김성주이사장"
2026-08-19 01:48:07,394,18,2,"""21세기 말까지 기금 소진 걱정 끝"" 김성주 이사장이 밝힌 1400조 국민연금의 미래 시나리오 #국민연금 #연금고갈 #2099년 #목표 수익률5.5% #연금개혁 #김성주이사장"
2026-08-19 02:12:14,394,18,2,"""21세기 말까지 기금 소진 걱정 끝"" 김성주 이사장이 밝힌 1400조 국민연금의 미래 시나리오 #국민연금 #연금고갈 #2099년 #목표 수익률5.5% #연금개혁 #김성주이사장"
2026-08-19 02:42:13,394,18,2,"""21세기 말까지 기금 소진 걱정 끝"" 김성주 이사장이 밝힌 1400조 국민연금의 미래 시나리오 #국민연금 #연금고갈 #2099년 #목표 수익률5.5% #연금개혁 #김성주이사장"
2026-08-19 03:01:18,394,18,2,"""21세기 말까지 기금 소진 걱정 끝"" 김성주 이사장이 밝힌 1400조 국민연금의 미래 시나리오 #국민연금 #연금고갈 #2099년 #목표 수익률5.5% #연금개혁 #김성주이사장"
2026-08-19 03:50:01,394,18,2,"""21세기 말까지 기금 소진 걱정 끝"" 김성주 이사장이 밝힌 1400조 국민연금의 미래 시나리오 #국민연금 #연금고갈 #2099년 #목표 수익률5.5% #연금개혁 #김성주이사장"
2026-08-19 04:17:24,394,18,2,"""21세기 말까지 기금 소진 걱정 끝"" 김성주 이사장이 밝힌 1400조 국민연금의 미래 시나리오 #국민연금 #연금고갈 #2099년 #목표 수익률5.5% #연금개혁 #김성주이사장"
2026-08-19 04:43:34,394,18,2,"""21세기 말까지 기금 소진 걱정 끝"" 김성주 이사장이 밝힌 1400조 국민연금의 미래 시나리오 #국민연금 #연금고갈 #2099년 #목표 수익률5.5% #연금개혁 #김성주이사장"
2026-08-19 04:57:53,394,18,2,"""21세기 말까지 기금 소진 걱정 끝"" 김성주 이사장이 밝힌 1400조 국민연금의 미래 시나리오 #국민연금 #연금고갈 #2099년 #목표 수익률5.5% #연금개혁 #김성주이사장"
2026-08-19 05:22:02,394,18,2,"""21세기 말까지 기금 소진 걱정 끝"" 김성주 이사장이 밝힌 1400조 국민연금의 미래 시나리오 #국민연금 #연금고갈 #2099년 #목표 수익률5.5% #연금개혁 #김성주이사장"
2026-08-19 05:44:20,394,18,2,"""21세기 말까지 기금 소진 걱정 끝"" 김성주 이사장이 밝힌 1400조 국민연금의 미래 시나리오 #국민연금 #연금고갈 #2099년 #목표 수익률5.5% #연금개혁 #김성주이사장"
2026-08-19 06:01:15,394,18,2,"""21세기 말까지 기금 소진 걱정 끝"" 김성주 이사장이 밝힌 1400조 국민연금의 미래 시나리오 #국민연금 #연금고갈 #2099년 #목표 수익률5.5% #연금개혁 #김성주이사장"
2026-08-19 06:31:06,394,18,2,"""21세기 말까지 기금 소진 걱정 끝"" 김성주 이사장이 밝힌 1400조 국민연금의 미래 시나리오 #국민연금 #연금고갈 #2099년 #목표 수익률5.5% #연금개혁 #김성주이사장"
2026-08-19 06:50:12,394,18,2,"""21세기 말까지 기금 소진 걱정 끝"" 김성주 이사장이 밝힌 1400조 국민연금의 미래 시나리오 #국민연금 #연금고갈 #2099년 #목표 수익률5.5% #연금개혁 #김성주이사장"
2026-08-19 07:01:51,394,18,2,"""21세기 말까지 기금 소진 걱정 끝"" 김성주 이사장이 밝힌 1400조 국민연금의 미래 시나리오 #국민연금 #연금고갈 #2099년 #목표 수익률5.5% #연금개혁 #김성주이사장"
2026-08-19 07:32:50,394,18,2,"""21세기 말까지 기금 소진 걱정 끝"" 김성주 이사장이 밝힌 1400조 국민연금의 미래 시나리오 #국민연금 #연금고갈 #2099년 #목표 수익률5.5% #연금개혁 #김성주이사장"
2026-08-19 07:54:33,394,18,2,"""21세기 말까지 기금 소진 걱정 끝"" 김성주 이사장이 밝힌 1400조 국민연금의 미래 시나리오 #국민연금 #연금고갈 #2099년 #목표 수익률5.5% #연금개혁 #김성주이사장"
2026-08-19 08:12:38,394,18,2,"""21세기 말까지 기금 소진 걱정 끝"" 김성주 이사장이 밝힌 1400조 국민연금의 미래 시나리오 #국민연금 #연금고갈 #2099년 #목표 수익률5.5% #연금개혁 #김성주이사장"
2026-08-19 08:40:25,394,18,2,"""21세기 말까지 기금 소진 걱정 끝"" 김성주 이사장이 밝힌 1400조 국민연금의 미래 시나리오 #국민연금 #연금고갈 #2099년 #목표 수익률5.5% #연금개혁 #김성주이사장"
2026-08-19 08:53:22,394,18,2,"""21세기 말까지 기금 소진 걱정 끝"" 김성주 이사장이 밝힌 1400조 국민연금의 미래 시나리오 #국민연금 #연금고갈 #2099년 #목표 수익률5.5% #연금개혁 #김성주이사장"
2026-08-19 09:27:01,394,18,2,"""21세기 말까지 기금 소진 걱정 끝"" 김성주 이사장이 밝힌 1400조 국민연금의 미래 시나리오 #국민연금 #연금고갈 #2099년 #목표 수익률5.5% #연금개혁 #김성주이사장"
2026-08-19 10:59:24,394,18,2,"""21세기 말까지 기금 소진 걱정 끝"" 김성주 이사장이 밝힌 1400조 국민연금의 미래 시나리오 #국민연금 #연금고갈 #2099년 #목표 수익률5.5% #연금개혁 #김성주이사장"
2026-08-19 12:00:16,394,18,2,"""21세기 말까지 기금 소진 걱정 끝"" 김성주 이사장이 밝힌 1400조 국민연금의 미래 시나리오 #국민연금 #연금고갈 #2099년 #목표 수익률5.5% #연금개혁 #김성주이사장"
2026-08-19 12:50:58,394,18,2,"""21세기 말까지 기금 소진 걱정 끝"" 김성주 이사장이 밝힌 1400조 국민연금의 미래 시나리오 #국민연금 #연금고갈 #2099년 #목표 수익률5.5% #연금개혁 #김성주이사장"
2026-08-19 13:22:54,394,18,2,"""21세기 말까지 기금 소진 걱정 끝"" 김성주 이사장이 밝힌 1400조 국민연금의 미래 시나리오 #국민연금 #연금고갈 #2099년 #목표 수익률5.5% #연금개혁 #김성주이사장"
2026-08-19 13:57:52,394,18,2,"""21세기 말까지 기금 소진 걱정 끝"" 김성주 이사장이 밝힌 1400조 국민연금의 미래 시나리오 #국민연금 #연금고갈 #2099년 #목표 수익률5.5% #연금개혁 #김성주이사장"
2026-08-19 14:28:21,394,18,2,"""21세기 말까지 기금 소진 걱정 끝"" 김성주 이사장이 밝힌 1400조 국민연금의 미래 시나리오 #국민연금 #연금고갈 #2099년 #목표 수익률5.5% #연금개혁 #김성주이사장"
2026-08-19 14:56:08,394,18,2,"""21세기 말까지 기금 소진 걱정 끝"" 김성주 이사장이 밝힌 1400조 국민연금의 미래 시나리오 #국민연금 #연금고갈 #2099년 #목표 수익률5.5% #연금개혁 #김성주이사장"
2026-08-19 15:33:58,394,18,2,"""21세기 말까지 기금 소진 걱정 끝"" 김성주 이사장이 밝힌 1400조 국민연금의 미래 시나리오 #국민연금 #연금고갈 #2099년 #목표 수익률5.5% #연금개혁 #김성주이사장"
2026-08-19 16:22:41,394,18,2,"""21세기 말까지 기금 소진 걱정 끝"" 김성주 이사장이 밝힌 1400조 국민연금의 미래 시나리오 #국민연금 #연금고갈 #2099년 #목표 수익률5.5% #연금개혁 #김성주이사장"
2026-08-19 16:58:13,394,18,2,"""21세기 말까지 기금 소진 걱정 끝"" 김성주 이사장이 밝힌 1400조 국민연금의 미래 시나리오 #국민연금 #연금고갈 #2099년 #목표 수익률5.5% #연금개혁 #김성주이사장"
2026-08-19 17:37:05,394,18,2,"""21세기 말까지 기금 소진 걱정 끝"" 김성주 이사장이 밝힌 1400조 국민연금의 미래 시나리오 #국민연금 #연금고갈 #2099년 #목표 수익률5.5% #연금개혁 #김성주이사장"
2026-08-19 18:08:06,394,18,2,"""21세기 말까지 기금 소진 걱정 끝"" 김성주 이사장이 밝힌 1400조 국민연금의 미래 시나리오 #국민연금 #연금고갈 #2099년 #목표 수익률5.5% #연금개혁 #김성주이사장"
2026-08-19 18:45:58,394,18,2,"""21세기 말까지 기금 소진 걱정 끝"" 김성주 이사장이 밝힌 1400조 국민연금의 미래 시나리오 #국민연금 #연금고갈 #2099년 #목표 수익률5.5% #연금개혁 #김성주이사장"
2026-08-19 19:10:58,394,18,2,"""21세기 말까지 기금 소진 걱정 끝"" 김성주 이사장이 밝힌 1400조 국민연금의 미래 시나리오 #국민연금 #연금고갈 #2099년 #목표 수익률5.5% #연금개혁 #김성주이사장"
2026-08-19 19:44:52,394,18,2,"""21세기 말까지 기금 소진 걱정 끝"" 김성주 이사장이 밝힌 1400조 국민연금의 미래 시나리오 #국민연금 #연금고갈 #2099년 #목표 수익률5.5% #연금개혁 #김성주이사장"
2026-08-19 20:03:23,394,18,2,"""21세기 말까지 기금 소진 걱정 끝"" 김성주 이사장이 밝힌 1400조 국민연금의 미래 시나리오 #국민연금 #연금고갈 #2099년 #목표 수익률5.5% #연금개혁 #김성주이사장"
2026-08-19 20:34:10,394,18,2,"""21세기 말까지 기금 소진 걱정 끝"" 김성주 이사장이 밝힌 1400조 국민연금의 미래 시나리오 #국민연금 #연금고갈 #2099년 #목표 수익률5.5% #연금개혁 #김성주이사장"
2026-08-19 20:54:48,394,18,2,"""21세기 말까지 기금 소진 걱정 끝"" 김성주 이사장이 밝힌 1400조 국민연금의 미래 시나리오 #국민연금 #연금고갈 #2099년 #목표 수익률5.5% #연금개혁 #김성주이사장"
2026-08-19 21:24:50,394,18,2,"""21세기 말까지 기금 소진 걱정 끝"" 김성주 이사장이 밝힌 1400조 국민연금의 미래 시나리오 #국민연금 #연금고갈 #2099년 #목표 수익률5.5% #연금개혁 #김성주이사장"
2026-08-19 22:23:31,394,18,2,"""21세기 말까지 기금 소진 걱정 끝"" 김성주 이사장이 밝힌 1400조 국민연금의 미래 시나리오 #국민연금 #연금고갈 #2099년 #목표 수익률5.5% #연금개혁 #김성주이사장"
2026-08-19 23:02:57,394,18,2,"""21세기 말까지 기금 소진 걱정 끝"" 김성주 이사장이 밝힌 1400조 국민연금의 미래 시나리오 #국민연금 #연금고갈 #2099년 #목표 수익률5.5% #연금개혁 #김성주이사장"
2026-08-19 23:44:07,394,18,2,"""21세기 말까지 기금 소진 걱정 끝"" 김성주 이사장이 밝힌 1400조 국민연금의 미래 시나리오 #국민연금 #연금고갈 #2099년 #목표 수익률5.5% #연금개혁 #김성주이사장"
2026-08-20 00:13:20,394,18,2,"""21세기 말까지 기금 소진 걱정 끝"" 김성주 이사장이 밝힌 1400조 국민연금의 미래 시나리오 #국민연금 #연금고갈 #2099년 #목표 수익률5.5% #연금개혁 #김성주이사장"
2026-08-20 00:46:35,394,18,2,"""21세기 말까지 기금 소진 걱정 끝"" 김성주 이사장이 밝힌 1400조 국민연금의 미래 시나리오 #국민연금 #연금고갈 #2099년 #목표 수익률5.5% #연금개혁 #김성주이사장"
2026-08-20 01:11:33,394,18,2,"""21세기 말까지 기금 소진 걱정 끝"" 김성주 이사장이 밝힌 1400조 국민연금의 미래 시나리오 #국민연금 #연금고갈 #2099년 #목표 수익률5.5% #연금개혁 #김성주이사장"
2026-08-20 01:46:03,394,18,2,"""21세기 말까지 기금 소진 걱정 끝"" 김성주 이사장이 밝힌 1400조 국민연금의 미래 시나리오 #국민연금 #연금고갈 #2099년 #목표 수익률5.5% #연금개혁 #김성주이사장"
2026-08-20 02:07:21,394,18,2,"""21세기 말까지 기금 소진 걱정 끝"" 김성주 이사장이 밝힌 1400조 국민연금의 미래 시나리오 #국민연금 #연금고갈 #2099년 #목표 수익률5.5% #연금개혁 #김성주이사장"
2026-08-20 02:36:59,394,18,2,"""21세기 말까지 기금 소진 걱정 끝"" 김성주 이사장이 밝힌 1400조 국민연금의 미래 시나리오 #국민연금 #연금고갈 #2099년 #목표 수익률5.5% #연금개혁 #김성주이사장"
2026-08-20 02:55:51,394,18,2,"""21세기 말까지 기금 소진 걱정 끝"" 김성주 이사장이 밝힌 1400조 국민연금의 미래 시나리오 #국민연금 #연금고갈 #2099년 #목표 수익률5.5% #연금개혁 #김성주이사장"
2026-08-20 03:24:01,394,18,2,"""21세기 말까지 기금 소진 걱정 끝"" 김성주 이사장이 밝힌 1400조 국민연금의 미래 시나리오 #국민연금 #연금고갈 #2099년 #목표 수익률5.5% #연금개혁 #김성주이사장"
2026-08-20 03:59:22,394,18,2,"""21세기 말까지 기금 소진 걱정 끝"" 김성주 이사장이 밝힌 1400조 국민연금의 미래 시나리오 #국민연금 #연금고갈 #2099년 #목표 수익률5.5% #연금개혁 #김성주이사장"
2026-08-20 04:28:16,394,18,2,"""21세기 말까지 기금 소진 걱정 끝"" 김성주 이사장이 밝힌 1400조 국민연금의 미래 시나리오 #국민연금 #연금고갈 #2099년 #목표 수익률5.5% #연금개혁 #김성주이사장"
2026-08-20 04:50:11,394,18,2,"""21세기 말까지 기금 소진 걱정 끝"" 김성주 이사장이 밝힌 1400조 국민연금의 미래 시나리오 #국민연금 #연금고갈 #2099년 #목표 수익률5.5% #연금개혁 #김성주이사장"
2026-08-20 05:09:23,394,18,2,"""21세기 말까지 기금 소진 걱정 끝"" 김성주 이사장이 밝힌 1400조 국민연금의 미래 시나리오 #국민연금 #연금고갈 #2099년 #목표 수익률5.5% #연금개혁 #김성주이사장"
2026-08-20 05:42:54,394,18,2,"""21세기 말까지 기금 소진 걱정 끝"" 김성주 이사장이 밝힌 1400조 국민연금의 미래 시나리오 #국민연금 #연금고갈 #2099년 #목표 수익률5.5% #연금개혁 #김성주이사장"
2026-08-20 06:03:24,394,18,2,"""21세기 말까지 기금 소진 걱정 끝"" 김성주 이사장이 밝힌 1400조 국민연금의 미래 시나리오 #국민연금 #연금고갈 #2099년 #목표 수익률5.5% #연금개혁 #김성주이사장"
2026-08-20 06:34:21,394,18,2,"""21세기 말까지 기금 소진 걱정 끝"" 김성주 이사장이 밝힌 1400조 국민연금의 미래 시나리오 #국민연금 #연금고갈 #2099년 #목표 수익률5.5% #연금개혁 #김성주이사장"
2026-08-20 06:54:59,394,18,2,"""21세기 말까지 기금 소진 걱정 끝"" 김성주 이사장이 밝힌 1400조 국민연금의 미래 시나리오 #국민연금 #연금고갈 #2099년 #목표 수익률5.5% #연금개혁 #김성주이사장"
2026-08-20 07:15:10,394,18,2,"""21세기 말까지 기금 소진 걱정 끝"" 김성주 이사장이 밝힌 1400조 국민연금의 미래 시나리오 #국민연금 #연금고갈 #2099년 #목표 수익률5.5% #연금개혁 #김성주이사장"
2026-08-20 07:43:45,394,18,2,"""21세기 말까지 기금 소진 걱정 끝"" 김성주 이사장이 밝힌 1400조 국민연금의 미래 시나리오 #국민연금 #연금고갈 #2099년 #목표 수익률5.5% #연금개혁 #김성주이사장"
2026-08-20 08:01:43,394,18,2,"""21세기 말까지 기금 소진 걱정 끝"" 김성주 이사장이 밝힌 1400조 국민연금의 미래 시나리오 #국민연금 #연금고갈 #2099년 #목표 수익률5.5% #연금개혁 #김성주이사장"
2026-08-20 08:30:21,394,18,2,"""21세기 말까지 기금 소진 걱정 끝"" 김성주 이사장이 밝힌 1400조 국민연금의 미래 시나리오 #국민연금 #연금고갈 #2099년 #목표 수익률5.5% #연금개혁 #김성주이사장"
2026-08-20 08:49:14,394,18,2,"""21세기 말까지 기금 소진 걱정 끝"" 김성주 이사장이 밝힌 1400조 국민연금의 미래 시나리오 #국민연금 #연금고갈 #2099년 #목표 수익률5.5% #연금개혁 #김성주이사장"
2026-08-20 09:02:12,394,18,2,"""21세기 말까지 기금 소진 걱정 끝"" 김성주 이사장이 밝힌 1400조 국민연금의 미래 시나리오 #국민연금 #연금고갈 #2099년 #목표 수익률5.5% #연금개혁 #김성주이사장"
2026-08-20 10:44:54,394,18,2,"""21세기 말까지 기금 소진 걱정 끝"" 김성주 이사장이 밝힌 1400조 국민연금의 미래 시나리오 #국민연금 #연금고갈 #2099년 #목표 수익률5.5% #연금개혁 #김성주이사장"
2026-08-20 11:43:31,394,18,2,"""21세기 말까지 기금 소진 걱정 끝"" 김성주 이사장이 밝힌 1400조 국민연금의 미래 시나리오 #국민연금 #연금고갈 #2099년 #목표 수익률5.5% #연금개혁 #김성주이사장"
2026-08-20 12:29:53,394,18,2,"""21세기 말까지 기금 소진 걱정 끝"" 김성주 이사장이 밝힌 1400조 국민연금의 미래 시나리오 #국민연금 #연금고갈 #2099년 #목표 수익률5.5% #연금개혁 #김성주이사장"
2026-08-20 13:08:53,394,18,2,"""21세기 말까지 기금 소진 걱정 끝"" 김성주 이사장이 밝힌 1400조 국민연금의 미래 시나리오 #국민연금 #연금고갈 #2099년 #목표 수익률5.5% #연금개혁 #김성주이사장"
2026-08-20 13:50:11,394,18,2,"""21세기 말까지 기금 소진 걱정 끝"" 김성주 이사장이 밝힌 1400조 국민연금의 미래 시나리오 #국민연금 #연금고갈 #2099년 #목표 수익률5.5% #연금개혁 #김성주이사장"
2026-08-20 14:17:51,394,18,2,"""21세기 말까지 기금 소진 걱정 끝"" 김성주 이사장이 밝힌 1400조 국민연금의 미래 시나리오 #국민연금 #연금고갈 #2099년 #목표 수익률5.5% #연금개혁 #김성주이사장"
2026-08-20 14:49:35,394,18,2,"""21세기 말까지 기금 소진 걱정 끝"" 김성주 이사장이 밝힌 1400조 국민연금의 미래 시나리오 #국민연금 #연금고갈 #2099년 #목표 수익률5.5% #연금개혁 #김성주이사장"
2026-08-20 15:19:09,394,18,2,"""21세기 말까지 기금 소진 걱정 끝"" 김성주 이사장이 밝힌 1400조 국민연금의 미래 시나리오 #국민연금 #연금고갈 #2099년 #목표 수익률5.5% #연금개혁 #김성주이사장"
2026-08-20 16:10:54,394,18,2,"""21세기 말까지 기금 소진 걱정 끝"" 김성주 이사장이 밝힌 1400조 국민연금의 미래 시나리오 #국민연금 #연금고갈 #2099년 #목표 수익률5.5% #연금개혁 #김성주이사장"
2026-08-20 16:55:09,394,18,2,"""21세기 말까지 기금 소진 걱정 끝"" 김성주 이사장이 밝힌 1400조 국민연금의 미래 시나리오 #국민연금 #연금고갈 #2099년 #목표 수익률5.5% #연금개혁 #김성주이사장"
2026-08-20 17:27:02,394,18,2,"""21세기 말까지 기금 소진 걱정 끝"" 김성주 이사장이 밝힌 1400조 국민연금의 미래 시나리오 #국민연금 #연금고갈 #2099년 #목표 수익률5.5% #연금개혁 #김성주이사장"
2026-08-20 18:04:31,394,18,2,"""21세기 말까지 기금 소진 걱정 끝"" 김성주 이사장이 밝힌 1400조 국민연금의 미래 시나리오 #국민연금 #연금고갈 #2099년 #목표 수익률5.5% #연금개혁 #김성주이사장"
2026-08-20 18:45:41,394,18,2,"""21세기 말까지 기금 소진 걱정 끝"" 김성주 이사장이 밝힌 1400조 국민연금의 미래 시나리오 #국민연금 #연금고갈 #2099년 #목표 수익률5.5% #연금개혁 #김성주이사장"
2026-08-20 19:12:47,394,18,2,"""21세기 말까지 기금 소진 걱정 끝"" 김성주 이사장이 밝힌 1400조 국민연금의 미래 시나리오 #국민연금 #연금고갈 #2099년 #목표 수익률5.5% #연금개혁 #김성주이사장"
2026-08-20 19:47:07,394,18,2,"""21세기 말까지 기금 소진 걱정 끝"" 김성주 이사장이 밝힌 1400조 국민연금의 미래 시나리오 #국민연금 #연금고갈 #2099년 #목표 수익률5.5% #연금개혁 #김성주이사장"
2026-08-20 20:10:35,394,18,2,"""21세기 말까지 기금 소진 걱정 끝"" 김성주 이사장이 밝힌 1400조 국민연금의 미래 시나리오 #국민연금 #연금고갈 #2099년 #목표 수익률5.5% #연금개혁 #김성주이사장"
2026-08-20 20:39:58,394,18,2,"""21세기 말까지 기금 소진 걱정 끝"" 김성주 이사장이 밝힌 1400조 국민연금의 미래 시나리오 #국민연금 #연금고갈 #2099년 #목표 수익률5.5% #연금개혁 #김성주이사장"
2026-08-20 20:59:29,394,18,2,"""21세기 말까지 기금 소진 걱정 끝"" 김성주 이사장이 밝힌 1400조 국민연금의 미래 시나리오 #국민연금 #연금고갈 #2099년 #목표 수익률5.5% #연금개혁 #김성주이사장"
2026-08-20 21:54:56,394,18,2,"""21세기 말까지 기금 소진 걱정 끝"" 김성주 이사장이 밝힌 1400조 국민연금의 미래 시나리오 #국민연금 #연금고갈 #2099년 #목표 수익률5.5% #연금개혁 #김성주이사장"
2026-08-20 22:38:55,394,18,2,"""21세기 말까지 기금 소진 걱정 끝"" 김성주 이사장이 밝힌 1400조 국민연금의 미래 시나리오 #국민연금 #연금고갈 #2099년 #목표 수익률5.5% #연금개혁 #김성주이사장"
2026-08-20 23:19:11,394,18,2,"""21세기 말까지 기금 소진 걱정 끝"" 김성주 이사장이 밝힌 1400조 국민연금의 미래 시나리오 #국민연금 #연금고갈 #2099년 #목표 수익률5.5% #연금개혁 #김성주이사장"
2026-08-20 23:58:35,394,18,2,"""21세기 말까지 기금 소진 걱정 끝"" 김성주 이사장이 밝힌 1400조 국민연금의 미래 시나리오 #국민연금 #연금고갈 #2099년 #목표 수익률5.5% #연금개혁 #김성주이사장"
2026-08-21 00:34:22,394,18,2,"""21세기 말까지 기금 소진 걱정 끝"" 김성주 이사장이 밝힌 1400조 국민연금의 미래 시나리오 #국민연금 #연금고갈 #2099년 #목표 수익률5.5% #연금개혁 #김성주이사장"
2026-08-21 01:02:22,394,18,2,"""21세기 말까지 기금 소진 걱정 끝"" 김성주 이사장이 밝힌 1400조 국민연금의 미래 시나리오 #국민연금 #연금고갈 #2099년 #목표 수익률5.5% #연금개혁 #김성주이사장"
2026-08-21 01:44:34,394,18,2,"""21세기 말까지 기금 소진 걱정 끝"" 김성주 이사장이 밝힌 1400조 국민연금의 미래 시나리오 #국민연금 #연금고갈 #2099년 #목표 수익률5.5% #연금개혁 #김성주이사장"
2026-08-21 02:12:16,394,18,2,"""21세기 말까지 기금 소진 걱정 끝"" 김성주 이사장이 밝힌 1400조 국민연금의 미래 시나리오 #국민연금 #연금고갈 #2099년 #목표 수익률5.5% #연금개혁 #김성주이사장"
2026-08-21 02:45:08,394,18,2,"""21세기 말까지 기금 소진 걱정 끝"" 김성주 이사장이 밝힌 1400조 국민연금의 미래 시나리오 #국민연금 #연금고갈 #2099년 #목표 수익률5.5% #연금개혁 #김성주이사장"
2026-08-21 03:04:27,394,18,2,"""21세기 말까지 기금 소진 걱정 끝"" 김성주 이사장이 밝힌 1400조 국민연금의 미래 시나리오 #국민연금 #연금고갈 #2099년 #목표 수익률5.5% #연금개혁 #김성주이사장"
2026-08-21 03:54:05,394,18,2,"""21세기 말까지 기금 소진 걱정 끝"" 김성주 이사장이 밝힌 1400조 국민연금의 미래 시나리오 #국민연금 #연금고갈 #2099년 #목표 수익률5.5% #연금개혁 #김성주이사장"
2026-08-21 04:22:49,394,18,2,"""21세기 말까지 기금 소진 걱정 끝"" 김성주 이사장이 밝힌 1400조 국민연금의 미래 시나리오 #국민연금 #연금고갈 #2099년 #목표 수익률5.5% #연금개혁 #김성주이사장"
2026-08-21 04:50:57,394,18,2,"""21세기 말까지 기금 소진 걱정 끝"" 김성주 이사장이 밝힌 1400조 국민연금의 미래 시나리오 #국민연금 #연금고갈 #2099년 #목표 수익률5.5% #연금개혁 #김성주이사장"
2026-08-21 05:13:15,394,18,2,"""21세기 말까지 기금 소진 걱정 끝"" 김성주 이사장이 밝힌 1400조 국민연금의 미래 시나리오 #국민연금 #연금고갈 #2099년 #목표 수익률5.5% #연금개혁 #김성주이사장"
2026-08-21 05:46:19,394,18,2,"""21세기 말까지 기금 소진 걱정 끝"" 김성주 이사장이 밝힌 1400조 국민연금의 미래 시나리오 #국민연금 #연금고갈 #2099년 #목표 수익률5.5% #연금개혁 #김성주이사장"
2026-08-21 06:11:45,394,18,2,"""21세기 말까지 기금 소진 걱정 끝"" 김성주 이사장이 밝힌 1400조 국민연금의 미래 시나리오 #국민연금 #연금고갈 #2099년 #목표 수익률5.5% #연금개혁 #김성주이사장"
2026-08-21 06:42:14,394,18,2,"""21세기 말까지 기금 소진 걱정 끝"" 김성주 이사장이 밝힌 1400조 국민연금의 미래 시나리오 #국민연금 #연금고갈 #2099년 #목표 수익률5.5% #연금개혁 #김성주이사장"
2026-08-21 07:01:26,394,18,2,"""21세기 말까지 기금 소진 걱정 끝"" 김성주 이사장이 밝힌 1400조 국민연금의 미래 시나리오 #국민연금 #연금고갈 #2099년 #목표 수익률5.5% #연금개혁 #김성주이사장"
2026-08-21 07:36:01,394,18,2,"""21세기 말까지 기금 소진 걱정 끝"" 김성주 이사장이 밝힌 1400조 국민연금의 미래 시나리오 #국민연금 #연금고갈 #2099년 #목표 수익률5.5% #연금개혁 #김성주이사장"
2026-08-21 07:59:08,394,18,2,"""21세기 말까지 기금 소진 걱정 끝"" 김성주 이사장이 밝힌 1400조 국민연금의 미래 시나리오 #국민연금 #연금고갈 #2099년 #목표 수익률5.5% #연금개혁 #김성주이사장"
2026-08-21 08:27:32,394,18,2,"""21세기 말까지 기금 소진 걱정 끝"" 김성주 이사장이 밝힌 1400조 국민연금의 미래 시나리오 #국민연금 #연금고갈 #2099년 #목표 수익률5.5% #연금개혁 #김성주이사장"
2026-08-21 08:49:56,394,18,2,"""21세기 말까지 기금 소진 걱정 끝"" 김성주 이사장이 밝힌 1400조 국민연금의 미래 시나리오 #국민연금 #연금고갈 #2099년 #목표 수익률5.5% #연금개혁 #김성주이사장"
2026-08-21 09:25:37,394,18,2,"""21세기 말까지 기금 소진 걱정 끝"" 김성주 이사장이 밝힌 1400조 국민연금의 미래 시나리오 #국민연금 #연금고갈 #2099년 #목표 수익률5.5% #연금개혁 #김성주이사장"
2026-08-21 11:06:25,394,18,2,"""21세기 말까지 기금 소진 걱정 끝"" 김성주 이사장이 밝힌 1400조 국민연금의 미래 시나리오 #국민연금 #연금고갈 #2099년 #목표 수익률5.5% #연금개혁 #김성주이사장"
2026-08-21 12:12:59,394,18,2,"""21세기 말까지 기금 소진 걱정 끝"" 김성주 이사장이 밝힌 1400조 국민연금의 미래 시나리오 #국민연금 #연금고갈 #2099년 #목표 수익률5.5% #연금개혁 #김성주이사장"
2026-08-21 13:00:53,394,18,2,"""21세기 말까지 기금 소진 걱정 끝"" 김성주 이사장이 밝힌 1400조 국민연금의 미래 시나리오 #국민연금 #연금고갈 #2099년 #목표 수익률5.5% #연금개혁 #김성주이사장"
2026-08-21 13:47:08,394,18,2,"""21세기 말까지 기금 소진 걱정 끝"" 김성주 이사장이 밝힌 1400조 국민연금의 미래 시나리오 #국민연금 #연금고갈 #2099년 #목표 수익률5.5% #연금개혁 #김성주이사장"
2026-08-21 14:17:37,394,18,2,"""21세기 말까지 기금 소진 걱정 끝"" 김성주 이사장이 밝힌 1400조 국민연금의 미래 시나리오 #국민연금 #연금고갈 #2099년 #목표 수익률5.5% #연금개혁 #김성주이사장"
2026-08-21 14:51:09,394,18,2,"""21세기 말까지 기금 소진 걱정 끝"" 김성주 이사장이 밝힌 1400조 국민연금의 미래 시나리오 #국민연금 #연금고갈 #2099년 #목표 수익률5.5% #연금개혁 #김성주이사장"
2026-08-21 15:20:17,394,18,2,"""21세기 말까지 기금 소진 걱정 끝"" 김성주 이사장이 밝힌 1400조 국민연금의 미래 시나리오 #국민연금 #연금고갈 #2099년 #목표 수익률5.5% #연금개혁 #김성주이사장"
2026-08-21 16:12:29,394,18,2,"""21세기 말까지 기금 소진 걱정 끝"" 김성주 이사장이 밝힌 1400조 국민연금의 미래 시나리오 #국민연금 #연금고갈 #2099년 #목표 수익률5.5% #연금개혁 #김성주이사장"
2026-08-21 16:56:18,394,18,2,"""21세기 말까지 기금 소진 걱정 끝"" 김성주 이사장이 밝힌 1400조 국민연금의 미래 시나리오 #국민연금 #연금고갈 #2099년 #목표 수익률5.5% #연금개혁 #김성주이사장"
2026-08-21 17:33:52,394,18,2,"""21세기 말까지 기금 소진 걱정 끝"" 김성주 이사장이 밝힌 1400조 국민연금의 미래 시나리오 #국민연금 #연금고갈 #2099년 #목표 수익률5.5% #연금개혁 #김성주이사장"
2026-08-21 18:10:27,394,18,2,"""21세기 말까지 기금 소진 걱정 끝"" 김성주 이사장이 밝힌 1400조 국민연금의 미래 시나리오 #국민연금 #연금고갈 #2099년 #목표 수익률5.5% #연금개혁 #김성주이사장"
2026-08-21 18:50:51,394,18,2,"""21세기 말까지 기금 소진 걱정 끝"" 김성주 이사장이 밝힌 1400조 국민연금의 미래 시나리오 #국민연금 #연금고갈 #2099년 #목표 수익률5.5% #연금개혁 #김성주이사장"
2026-08-21 19:15:18,394,18,2,"""21세기 말까지 기금 소진 걱정 끝"" 김성주 이사장이 밝힌 1400조 국민연금의 미래 시나리오 #국민연금 #연금고갈 #2099년 #목표 수익률5.5% #연금개혁 #김성주이사장"
2026-08-21 19:49:33,394,18,2,"""21세기 말까지 기금 소진 걱정 끝"" 김성주 이사장이 밝힌 1400조 국민연금의 미래 시나리오 #국민연금 #연금고갈 #2099년 #목표 수익률5.5% #연금개혁 #김성주이사장"
2026-08-21 20:12:15,394,18,2,"""21세기 말까지 기금 소진 걱정 끝"" 김성주 이사장이 밝힌 1400조 국민연금의 미래 시나리오 #국민연금 #연금고갈 #2099년 #목표 수익률5.5% #연금개혁 #김성주이사장"
2026-08-21 20:40:42,394,18,2,"""21세기 말까지 기금 소진 걱정 끝"" 김성주 이사장이 밝힌 1400조 국민연금의 미래 시나리오 #국민연금 #연금고갈 #2099년 #목표 수익률5.5% #연금개혁 #김성주이사장"
2026-08-21 21:00:36,394,18,2,"""21세기 말까지 기금 소진 걱정 끝"" 김성주 이사장이 밝힌 1400조 국민연금의 미래 시나리오 #국민연금 #연금고갈 #2099년 #목표 수익률5.5% #연금개혁 #김성주이사장"
2026-08-21 21:59:55,394,18,2,"""21세기 말까지 기금 소진 걱정 끝"" 김성주 이사장이 밝힌 1400조 국민연금의 미래 시나리오 #국민연금 #연금고갈 #2099년 #목표 수익률5.5% #연금개혁 #김성주이사장"
2026-08-21 22:49:41,394,18,2,"""21세기 말까지 기금 소진 걱정 끝"" 김성주 이사장이 밝힌 1400조 국민연금의 미래 시나리오 #국민연금 #연금고갈 #2099년 #목표 수익률5.5% #연금개혁 #김성주이사장"
2026-08-21 23:20:38,394,18,2,"""21세기 말까지 기금 소진 걱정 끝"" 김성주 이사장이 밝힌 1400조 국민연금의 미래 시나리오 #국민연금 #연금고갈 #2099년 #목표 수익률5.5% #연금개혁 #김성주이사장"
2026-08-21 23:57:56,394,18,2,"""21세기 말까지 기금 소진 걱정 끝"" 김성주 이사장이 밝힌 1400조 국민연금의 미래 시나리오 #국민연금 #연금고갈 #2099년 #목표 수익률5.5% #연금개혁 #김성주이사장"
2026-08-22 00:32:01,394,18,2,"""21세기 말까지 기금 소진 걱정 끝"" 김성주 이사장이 밝힌 1400조 국민연금의 미래 시나리오 #국민연금 #연금고갈 #2099년 #목표 수익률5.5% #연금개혁 #김성주이사장"
2026-08-22 01:01:03,394,18,2,"""21세기 말까지 기금 소진 걱정 끝"" 김성주 이사장이 밝힌 1400조 국민연금의 미래 시나리오 #국민연금 #연금고갈 #2099년 #목표 수익률5.5% #연금개혁 #김성주이사장"
2026-08-22 01:42:04,394,18,2,"""21세기 말까지 기금 소진 걱정 끝"" 김성주 이사장이 밝힌 1400조 국민연금의 미래 시나리오 #국민연금 #연금고갈 #2099년 #목표 수익률5.5% #연금개혁 #김성주이사장"
2026-08-22 02:06:00,394,18,2,"""21세기 말까지 기금 소진 걱정 끝"" 김성주 이사장이 밝힌 1400조 국민연금의 미래 시나리오 #국민연금 #연금고갈 #2099년 #목표 수익률5.5% #연금개혁 #김성주이사장"
2026-08-22 02:39:05,394,18,2,"""21세기 말까지 기금 소진 걱정 끝"" 김성주 이사장이 밝힌 1400조 국민연금의 미래 시나리오 #국민연금 #연금고갈 #2099년 #목표 수익률5.5% #연금개혁 #김성주이사장"
2026-08-22 03:01:18,394,18,2,"""21세기 말까지 기금 소진 걱정 끝"" 김성주 이사장이 밝힌 1400조 국민연금의 미래 시나리오 #국민연금 #연금고갈 #2099년 #목표 수익률5.5% #연금개혁 #김성주이사장"
2026-08-22 03:48:09,394,18,2,"""21세기 말까지 기금 소진 걱정 끝"" 김성주 이사장이 밝힌 1400조 국민연금의 미래 시나리오 #국민연금 #연금고갈 #2099년 #목표 수익률5.5% #연금개혁 #김성주이사장"
2026-08-22 04:15:33,394,18,2,"""21세기 말까지 기금 소진 걱정 끝"" 김성주 이사장이 밝힌 1400조 국민연금의 미래 시나리오 #국민연금 #연금고갈 #2099년 #목표 수익률5.5% #연금개혁 #김성주이사장"
2026-08-22 04:39:04,394,18,2,"""21세기 말까지 기금 소진 걱정 끝"" 김성주 이사장이 밝힌 1400조 국민연금의 미래 시나리오 #국민연금 #연금고갈 #2099년 #목표 수익률5.5% #연금개혁 #김성주이사장"
2026-08-22 04:54:47,394,18,2,"""21세기 말까지 기금 소진 걱정 끝"" 김성주 이사장이 밝힌 1400조 국민연금의 미래 시나리오 #국민연금 #연금고갈 #2099년 #목표 수익률5.5% #연금개혁 #김성주이사장"
2026-08-22 05:14:58,394,18,2,"""21세기 말까지 기금 소진 걱정 끝"" 김성주 이사장이 밝힌 1400조 국민연금의 미래 시나리오 #국민연금 #연금고갈 #2099년 #목표 수익률5.5% #연금개혁 #김성주이사장"
2026-08-22 05:42:46,394,18,2,"""21세기 말까지 기금 소진 걱정 끝"" 김성주 이사장이 밝힌 1400조 국민연금의 미래 시나리오 #국민연금 #연금고갈 #2099년 #목표 수익률5.5% #연금개혁 #김성주이사장"
2026-08-22 06:00:12,394,18,2,"""21세기 말까지 기금 소진 걱정 끝"" 김성주 이사장이 밝힌 1400조 국민연금의 미래 시나리오 #국민연금 #연금고갈 #2099년 #목표 수익률5.5% #연금개혁 #김성주이사장"
2026-08-22 06:29:50,394,18,2,"""21세기 말까지 기금 소진 걱정 끝"" 김성주 이사장이 밝힌 1400조 국민연금의 미래 시나리오 #국민연금 #연금고갈 #2099년 #목표 수익률5.5% #연금개혁 #김성주이사장"
2026-08-22 06:51:18,394,18,2,"""21세기 말까지 기금 소진 걱정 끝"" 김성주 이사장이 밝힌 1400조 국민연금의 미래 시나리오 #국민연금 #연금고갈 #2099년 #목표 수익률5.5% #연금개혁 #김성주이사장"
2026-08-22 07:08:46,394,18,2,"""21세기 말까지 기금 소진 걱정 끝"" 김성주 이사장이 밝힌 1400조 국민연금의 미래 시나리오 #국민연금 #연금고갈 #2099년 #목표 수익률5.5% #연금개혁 #김성주이사장"
2026-08-22 07:38:04,394,18,2,"""21세기 말까지 기금 소진 걱정 끝"" 김성주 이사장이 밝힌 1400조 국민연금의 미래 시나리오 #국민연금 #연금고갈 #2099년 #목표 수익률5.5% #연금개혁 #김성주이사장"
2026-08-22 07:57:19,394,18,2,"""21세기 말까지 기금 소진 걱정 끝"" 김성주 이사장이 밝힌 1400조 국민연금의 미래 시나리오 #국민연금 #연금고갈 #2099년 #목표 수익률5.5% #연금개혁 #김성주이사장"
2026-08-22 08:20:28,394,18,2,"""21세기 말까지 기금 소진 걱정 끝"" 김성주 이사장이 밝힌 1400조 국민연금의 미래 시나리오 #국민연금 #연금고갈 #2099년 #목표 수익률5.5% #연금개혁 #김성주이사장"
2026-08-22 08:43:28,394,18,2,"""21세기 말까지 기금 소진 걱정 끝"" 김성주 이사장이 밝힌 1400조 국민연금의 미래 시나리오 #국민연금 #연금고갈 #2099년 #목표 수익률5.5% #연금개혁 #김성주이사장"
2026-08-22 08:59:48,394,18,2,"""21세기 말까지 기금 소진 걱정 끝"" 김성주 이사장이 밝힌 1400조 국민연금의 미래 시나리오 #국민연금 #연금고갈 #2099년 #목표 수익률5.5% #연금개혁 #김성주이사장"
2026-08-22 10:25:33,394,18,2,"""21세기 말까지 기금 소진 걱정 끝"" 김성주 이사장이 밝힌 1400조 국민연금의 미래 시나리오 #국민연금 #연금고갈 #2099년 #목표 수익률5.5% #연금개혁 #김성주이사장"
2026-08-22 11:32:31,394,18,2,"""21세기 말까지 기금 소진 걱정 끝"" 김성주 이사장이 밝힌 1400조 국민연금의 미래 시나리오 #국민연금 #연금고갈 #2099년 #목표 수익률5.5% #연금개혁 #김성주이사장"
2026-08-22 12:22:44,394,18,2,"""21세기 말까지 기금 소진 걱정 끝"" 김성주 이사장이 밝힌 1400조 국민연금의 미래 시나리오 #국민연금 #연금고갈 #2099년 #목표 수익률5.5% #연금개혁 #김성주이사장"
2026-08-22 13:00:35,394,18,2,"""21세기 말까지 기금 소진 걱정 끝"" 김성주 이사장이 밝힌 1400조 국민연금의 미래 시나리오 #국민연금 #연금고갈 #2099년 #목표 수익률5.5% #연금개혁 #김성주이사장"
2026-08-22 13:39:41,394,18,2,"""21세기 말까지 기금 소진 걱정 끝"" 김성주 이사장이 밝힌 1400조 국민연금의 미래 시나리오 #국민연금 #연금고갈 #2099년 #목표 수익률5.5% #연금개혁 #김성주이사장"
2026-08-22 14:03:32,394,18,2,"""21세기 말까지 기금 소진 걱정 끝"" 김성주 이사장이 밝힌 1400조 국민연금의 미래 시나리오 #국민연금 #연금고갈 #2099년 #목표 수익률5.5% #연금개혁 #김성주이사장"
2026-08-22 14:36:01,394,18,2,"""21세기 말까지 기금 소진 걱정 끝"" 김성주 이사장이 밝힌 1400조 국민연금의 미래 시나리오 #국민연금 #연금고갈 #2099년 #목표 수익률5.5% #연금개혁 #김성주이사장"
2026-08-22 14:57:33,394,18,2,"""21세기 말까지 기금 소진 걱정 끝"" 김성주 이사장이 밝힌 1400조 국민연금의 미래 시나리오 #국민연금 #연금고갈 #2099년 #목표 수익률5.5% #연금개혁 #김성주이사장"
2026-08-22 15:36:24,394,18,2,"""21세기 말까지 기금 소진 걱정 끝"" 김성주 이사장이 밝힌 1400조 국민연금의 미래 시나리오 #국민연금 #연금고갈 #2099년 #목표 수익률5.5% #연금개혁 #김성주이사장"
2026-08-22 16:17:01,394,18,2,"""21세기 말까지 기금 소진 걱정 끝"" 김성주 이사장이 밝힌 1400조 국민연금의 미래 시나리오 #국민연금 #연금고갈 #2099년 #목표 수익률5.5% #연금개혁 #김성주이사장"
2026-08-22 16:48:25,394,18,2,"""21세기 말까지 기금 소진 걱정 끝"" 김성주 이사장이 밝힌 1400조 국민연금의 미래 시나리오 #국민연금 #연금고갈 #2099년 #목표 수익률5.5% #연금개혁 #김성주이사장"
2026-08-22 17:10:53,394,18,2,"""21세기 말까지 기금 소진 걱정 끝"" 김성주 이사장이 밝힌 1400조 국민연금의 미래 시나리오 #국민연금 #연금고갈 #2099년 #목표 수익률5.5% #연금개혁 #김성주이사장"
2026-08-22 17:45:55,394,18,2,"""21세기 말까지 기금 소진 걱정 끝"" 김성주 이사장이 밝힌 1400조 국민연금의 미래 시나리오 #국민연금 #연금고갈 #2099년 #목표 수익률5.5% #연금개혁 #김성주이사장"
2026-08-22 18:11:04,394,18,2,"""21세기 말까지 기금 소진 걱정 끝"" 김성주 이사장이 밝힌 1400조 국민연금의 미래 시나리오 #국민연금 #연금고갈 #2099년 #목표 수익률5.5% #연금개혁 #김성주이사장"
2026-08-22 18:40:12,394,18,2,"""21세기 말까지 기금 소진 걱정 끝"" 김성주 이사장이 밝힌 1400조 국민연금의 미래 시나리오 #국민연금 #연금고갈 #2099년 #목표 수익률5.5% #연금개혁 #김성주이사장"
2026-08-22 18:57:41,394,18,2,"""21세기 말까지 기금 소진 걱정 끝"" 김성주 이사장이 밝힌 1400조 국민연금의 미래 시나리오 #국민연금 #연금고갈 #2099년 #목표 수익률5.5% #연금개혁 #김성주이사장"
2026-08-22 19:21:30,394,18,2,"""21세기 말까지 기금 소진 걱정 끝"" 김성주 이사장이 밝힌 1400조 국민연금의 미래 시나리오 #국민연금 #연금고갈 #2099년 #목표 수익률5.5% #연금개혁 #김성주이사장"
2026-08-22 19:44:31,394,18,2,"""21세기 말까지 기금 소진 걱정 끝"" 김성주 이사장이 밝힌 1400조 국민연금의 미래 시나리오 #국민연금 #연금고갈 #2099년 #목표 수익률5.5% #연금개혁 #김성주이사장"
2026-08-22 20:00:19,394,18,2,"""21세기 말까지 기금 소진 걱정 끝"" 김성주 이사장이 밝힌 1400조 국민연금의 미래 시나리오 #국민연금 #연금고갈 #2099년 #목표 수익률5.5% #연금개혁 #김성주이사장"
2026-08-22 20:25:52,394,18,2,"""21세기 말까지 기금 소진 걱정 끝"" 김성주 이사장이 밝힌 1400조 국민연금의 미래 시나리오 #국민연금 #연금고갈 #2099년 #목표 수익률5.5% #연금개혁 #김성주이사장"
2026-08-22 20:43:36,394,18,2,"""21세기 말까지 기금 소진 걱정 끝"" 김성주 이사장이 밝힌 1400조 국민연금의 미래 시나리오 #국민연금 #연금고갈 #2099년 #목표 수익률5.5% #연금개혁 #김성주이사장"
2026-08-22 20:57:52,394,18,2,"""21세기 말까지 기금 소진 걱정 끝"" 김성주 이사장이 밝힌 1400조 국민연금의 미래 시나리오 #국민연금 #연금고갈 #2099년 #목표 수익률5.5% #연금개혁 #김성주이사장"
2026-08-22 21:36:49,394,18,2,"""21세기 말까지 기금 소진 걱정 끝"" 김성주 이사장이 밝힌 1400조 국민연금의 미래 시나리오 #국민연금 #연금고갈 #2099년 #목표 수익률5.5% #연금개혁 #김성주이사장"
2026-08-22 22:16:32,394,18,2,"""21세기 말까지 기금 소진 걱정 끝"" 김성주 이사장이 밝힌 1400조 국민연금의 미래 시나리오 #국민연금 #연금고갈 #2099년 #목표 수익률5.5% #연금개혁 #김성주이사장"
2026-08-22 22:46:10,394,18,2,"""21세기 말까지 기금 소진 걱정 끝"" 김성주 이사장이 밝힌 1400조 국민연금의 미래 시나리오 #국민연금 #연금고갈 #2099년 #목표 수익률5.5% #연금개혁 #김성주이사장"
2026-08-22 23:01:08,394,18,2,"""21세기 말까지 기금 소진 걱정 끝"" 김성주 이사장이 밝힌 1400조 국민연금의 미래 시나리오 #국민연금 #연금고갈 #2099년 #목표 수익률5.5% #연금개혁 #김성주이사장"
2026-08-22 23:29:37,394,18,2,"""21세기 말까지 기금 소진 걱정 끝"" 김성주 이사장이 밝힌 1400조 국민연금의 미래 시나리오 #국민연금 #연금고갈 #2099년 #목표 수익률5.5% #연금개혁 #김성주이사장"
